publishingOffice,reportDatetime,targetArea,headlineText,text
宮古島地方気象台,2021-12-15T16:34:00+09:00,宮古島地方,,　宮古島地方は、高気圧に覆われて晴れています。  　１５日は、高気圧に覆われて晴れる見込みです。  　１６日は、高気圧に覆われて晴れるでしょう。  　沿岸の海域では、波がやや高い見込みです。  ＜天気変化等の留意点＞ 　特にありません。
宮古島地方気象台,2021-12-16T04:39:00+09:00,宮古島地方,,　宮古島地方は、高気圧に覆われて晴れています。  　１６日は、高気圧に覆われて晴れるでしょう。  　１７日は、大陸の高気圧の張り出しに伴う寒気の影響で、次第に曇る見込みです。  　沿岸の海域では、波がやや高いでしょう。  ＜天気変化等の留意点＞ 　特にありません。
宮古島地方気象台,2021-12-16T10:36:00+09:00,宮古島地方,,　宮古島地方は、高気圧に覆われて晴れています。  　１６日は、高気圧に覆われて晴れるでしょう。  　１７日は、大陸の高気圧の張り出しに伴う寒気の影響で曇る見込みです。  　沿岸の海域では、波がやや高いでしょう。  ＜天気変化等の留意点＞ 　宮古島地方では、１７日昼前から北の風が強く吹くでしょう。また、沿岸の海域では１７日朝からうねりを伴い波が高くなり、次第にしける見込みです。
宮古島地方気象台,2021-12-16T16:36:00+09:00,宮古島地方,,　宮古島地方は、高気圧に覆われて晴れています。  　１６日は、高気圧に覆われて晴れるでしょう。  　１７日は、大陸の高気圧の張り出しに伴う寒気の影響で曇る見込みです。所により弱い雨が降るでしょう。  　沿岸の海域では、波がやや高い見込みです。  ＜天気変化等の留意点＞ 　宮古島地方では、１７日朝から北の風が強く吹くでしょう。また、沿岸の海域では１７日朝からうねりを伴い波が高くなり、次第にしける見込みです。
宮古島地方気象台,2021-12-17T04:40:00+09:00,宮古島地方,,　先島諸島は、大陸の高気圧の張り出しに伴う寒気の影響で曇っていますが、宮古島地方は雲のすき間で晴れています。  　１７日は、寒気の影響で曇り、朝は所により雨が降るでしょう。  　１８日は、寒気の影響で曇り、所により弱い雨が降る見込みです。  　沿岸の海域では、うねりを伴い波がやや高いでしょう。  ＜天気変化等の留意点＞ 　宮古島地方では、１７日朝から北の風が急激に強まり、沿岸の海域では、うねりを伴い波が高くなり、次第にしける見込みです。１７日から１８日にかけて、強風やうねりを伴う高波に注意してください。
宮古島地方気象台,2021-12-17T10:35:00+09:00,宮古島地方,,　宮古島地方は、高気圧の張り出しに伴う寒気の影響で曇っています。  　１７日から１８日にかけて、寒気の影響で曇る見込みです。  　沿岸の海域では、うねりを伴い波が高いでしょう。  ＜天気変化等の留意点＞ 　宮古島地方では、北の風が強く吹き、沿岸の海域では、うねりを伴い波が高く、次第にしける見込みです。１８日にかけて、強風やうねりを伴う高波に注意してください。
宮古島地方気象台,2021-12-17T16:37:00+09:00,宮古島地方,,　宮古島地方は、高気圧の張り出しに伴う寒気の影響で曇っており、所々弱い雨が降っています。  　１７日は、寒気の影響で曇りで、所により弱い雨が降るでしょう。  　１８日は、寒気の影響で曇る見込みです。  　沿岸の海域では、うねりを伴いしけるでしょう。  ＜天気変化等の留意点＞ 　宮古島地方では、１８日にかけて北または北東の風が強く吹き、沿岸の海域では、うねりを伴いしける見込みです。強風やうねりを伴う高波に注意してください。
宮古島地方気象台,2021-12-18T04:35:00+09:00,宮古島地方,,　宮古島地方は、高気圧の張り出しに伴う寒気の影響で曇っており、弱い雨の降っている所があります。  　１８日は、寒気の影響で曇りで、所により弱い雨が降るでしょう。  　１９日は、寒気の影響で曇りますが、次第に寒気も緩み晴れる見込みです。  　沿岸の海域では、うねりを伴いしけるでしょう。  ＜天気変化等の留意点＞ 　宮古島地方では、１８日昼前まで北東の風が強く吹き、沿岸の海域では、１９日にかけてうねりを伴いしけや波の高い状態が続く見込みです。強風やうねりを伴う高波に十分注意してください。
宮古島地方気象台,2021-12-18T10:34:00+09:00,宮古島地方,,　宮古島地方は、大陸の高気圧の張り出しに伴う寒気の影響で曇っています。  　１８日は、寒気の影響で曇りで、所により弱い雨が降るでしょう。  　１９日は、午前中は寒気の影響で曇りますが、次第に寒気も緩み午後は晴れる見込みです。  　沿岸の海域では、うねりを伴いしけるでしょう。  ＜天気変化等の留意点＞ 　宮古島地方の沿岸の海域では、うねりを伴いしけており、１９日にかけてしけや波の高い状態が続く見込みです。うねりを伴う高波に注意してください。
宮古島地方気象台,2021-12-18T16:34:00+09:00,宮古島地方,,　宮古島地方は、大陸の高気圧の張り出しに伴う寒気の影響で曇っており、弱い雨の降っている所もあります。  　１８日は、寒気の影響で曇り、所により弱い雨が降るでしょう。  　１９日は、午前中は寒気の影響で曇りますが、次第に寒気も緩み午後は晴れる見込みです。  　沿岸の海域では、うねりを伴いしけるでしょう。  ＜天気変化等の留意点＞ 　宮古島地方の沿岸の海域では、うねりを伴いしけており、１９日夕方にかけてしけや波の高い状態が続く見込みです。うねりを伴う高波に注意してください。
宮古島地方気象台,2021-12-19T04:35:00+09:00,宮古島地方,,　宮古島地方は、大陸の高気圧の張り出しに伴う寒気の影響で曇っています。  　１９日は、はじめ寒気の影響で曇りますが、寒気は次第に緩み晴れる時間帯もあるでしょう。  　２０日は、高気圧に覆われて晴れますが、次第に高気圧のへりにあたり曇る見込みです。  　沿岸の海域では、うねりを伴い波が高いでしょう。  ＜天気変化等の留意点＞ 　宮古島地方の沿岸の海域では、１９日夜遅くにかけて、うねりを伴い波の高い状態が続く見込みです。うねりを伴う高波に注意してください。
宮古島地方気象台,2021-12-19T10:34:00+09:00,宮古島地方,,　宮古島地方は、大陸の高気圧の張り出しに伴う寒気の影響で曇っています。  　１９日は、寒気の影響で曇りますが、寒気は次第に緩み晴れる時間帯もあるでしょう。  　２０日は、高気圧に覆われて晴れますが、次第に高気圧のへりにあたり曇る見込みです。  　沿岸の海域では、うねりを伴い波が高いでしょう。  ＜天気変化等の留意点＞ 　宮古島地方の沿岸の海域では、１９日夜遅くにかけて、うねりを伴い波の高い状態が続く見込みです。うねりを伴う高波に注意してください。
宮古島地方気象台,2021-12-19T16:35:00+09:00,宮古島地方,,　宮古島地方は、高気圧に覆われて晴れています。  　１９日は、高気圧に覆われておおむね晴れるでしょう。  　２０日は、高気圧に覆われて晴れますが、次第に高気圧のへりにあたり曇る見込みです。  　沿岸の海域では、波がやや高いでしょう。  ＜天気変化等の留意点＞ 　特にありません。
宮古島地方気象台,2021-12-20T04:34:00+09:00,宮古島地方,,　宮古島地方は、高気圧に覆われて晴れています。  　２０日は、午前中は高気圧に覆われて晴れますが、午後は高気圧のへりにあたり次第に曇るでしょう。  　２１日は、気圧の谷の影響で曇りや雨の天気となる見込みです。  　沿岸の海域では、波がやや高いでしょう。  ＜天気変化等の留意点＞ 　特にありません。
宮古島地方気象台,2021-12-20T10:34:00+09:00,宮古島地方,,　宮古島地方は、高気圧に覆われて晴れています。  　２０日は、高気圧に覆われて晴れますが、次第に高気圧のへりにあたり曇るでしょう。  　２１日は、気圧の谷の影響で曇りや雨の天気となる見込みです。  　沿岸の海域では、波がやや高いでしょう。  ＜天気変化等の留意点＞ 　特にありません。
宮古島地方気象台,2021-12-20T16:33:00+09:00,宮古島地方,,　宮古島地方は、高気圧に覆われて晴れています。  　２０日は、はじめ高気圧に覆われて晴れますが、次第に高気圧のへりにあたり曇るでしょう。  　２１日は、気圧の谷や前線の影響で曇りや雨の天気となる見込みです。  　沿岸の海域では、波がやや高いでしょう。  ＜天気変化等の留意点＞ 　特にありません。
宮古島地方気象台,2021-12-21T04:40:00+09:00,宮古島地方,,　宮古島地方は、気圧の谷の影響で曇っています。  　２１日は、気圧の谷や前線の影響で、曇りや雨の天気となり、夜遅くは所により雷を伴い、荒れた天気となるでしょう。  　２２日は、前線や低気圧の影響で、所により雷を伴い荒れた天気となる見込みです。  　沿岸の海域では、波がやや高いでしょう。  ＜天気変化等の留意点＞ 　宮古島地方では、２１日夜遅くから南東の風が強く吹き、沿岸の海域では波が高くなる見込みです。また、２１日夜遅くから雷が発生する見込みです。
宮古島地方気象台,2021-12-21T10:40:00+09:00,宮古島地方,,　宮古島地方は、気圧の谷の影響で曇っており、弱い雨の降っている所があります。  　２１日は、気圧の谷や近海で発生する前線の影響で、曇りや雨の天気となり、夜遅くは所により雷を伴い、荒れた天気となるでしょう。  　２２日は、前線や低気圧の影響で、所により雷を伴い荒れた天気となる見込みです。  　沿岸の海域では、波がやや高いでしょう。  ＜天気変化等の留意点＞ 　宮古島地方では、２１日夜遅くから南東の風が強く吹き、沿岸の海域では波が高くなる見込みです。また、２１日夜遅くから雷が発生する見込みです。
宮古島地方気象台,2021-12-21T17:10:00+09:00,宮古島地方,,　宮古島地方は、気圧の谷の影響で弱い雨が降っています。  　２１日は、気圧の谷や近海で発生する前線の影響で、曇りや雨の天気となり、夜遅くは所により雷を伴うでしょう。  　２２日は、前線や低気圧の影響で、午前中は雷を伴い荒れた天気となり、明け方から朝は激しく降る所がある見込みです。  　沿岸の海域では、波がやや高いでしょう。  ＜天気変化等の留意点＞ 　宮古島地方では、２２日明け方から２２日朝にかけて、警報級の大雨となるおそれがあります。 　宮古島地方では、２２日未明から南東の風が強く吹き、沿岸の海域では波が高くなる見込みです。また、２１日夜遅くから雷の発生するおそれがあります。
宮古島地方気象台,2021-12-22T04:38:00+09:00,宮古島地方,,　宮古島地方は、低気圧の影響で雨が降っています。  　２２日は、低気圧の影響ではじめ荒れた天気となり、朝は雷を伴い激しく降る所がある見込みです。  　２３日は、低気圧の影響で曇りますが、次第に晴れるでしょう。  　沿岸の海域では、波が高い見込みです。  ＜天気変化等の留意点＞ 　宮古島地方では、２２日朝にかけて、警報級の大雨となるおそれがあります。宮古島地方の沿岸の海域では、２３日にかけて波が高く、２２日夜のはじめ頃にかけて、南または北東の風が強く吹く見込みです。また、２２日昼前まで落雷や突風に注意してください。
宮古島地方気象台,2021-12-22T10:34:00+09:00,宮古島地方,,　宮古島地方は、低気圧の影響で曇っています。  　２２日は、低気圧の影響で曇るでしょう。  　２３日は、午前中は低気圧の影響で曇りますが、午後は次第に晴れる見込みです。  　沿岸の海域では、波が高いでしょう。  ＜天気変化等の留意点＞ 　宮古島地方の沿岸の海域では、２３日にかけて波が高く、２２日夜のはじめ頃にかけて、北東の風が強く吹く見込みです。強風や高波に注意してください。
宮古島地方気象台,2021-12-22T16:35:00+09:00,宮古島地方,,　宮古島地方は、低気圧の影響で曇っており、弱い雨の降っている所もあります。  　２２日は、低気圧の影響で曇るでしょう。  　２３日は、低気圧の影響で曇りますが、昼前から次第に晴れる見込みです。  　沿岸の海域では、波が高いでしょう。  ＜天気変化等の留意点＞ 　宮古島地方の沿岸の海域では、２３日夜のはじめ頃にかけて波が高く、２２日夜遅くにかけて北のち北東の風が強く吹く見込みです。強風や高波に注意してください。
宮古島地方気象台,2021-12-23T04:36:00+09:00,宮古島地方,,　宮古島地方は、低気圧の影響で曇っており、弱い雨の降っている所があります。  　２３日は、低気圧の影響で曇り、弱い雨の降る所があるでしょう。午後は、晴れる時間帯もある見込みです。  　２４日は、低気圧の影響で曇りますが、晴れる時間帯もある見込みです。  　沿岸の海域は、波が高いでしょう。  ＜天気変化等の留意点＞ 　宮古島地方の沿岸の海域では、２３日夜遅くにかけて波が高くなる見込みです。高波に注意してください。
宮古島地方気象台,2021-12-23T10:35:00+09:00,宮古島地方,,　宮古島地方は、低気圧の影響で曇っており、弱い雨の降っている所があります。  　２３日は、低気圧の影響で曇り、所により弱い雨が降るでしょう。午後は、晴れる時間帯もある見込みです。  　２４日は、低気圧の影響で曇りますが、晴れる時間帯もあるでしょう。  　沿岸の海域は、波が高い見込みです。  ＜天気変化等の留意点＞ 　宮古島地方の沿岸の海域では、２３日夜遅くにかけて波が高い見込みです。高波に注意してください。
宮古島地方気象台,2021-12-23T16:34:00+09:00,宮古島地方,,　宮古島地方は、低気圧の影響で曇っています。  　２３日は、低気圧の影響で曇りますが、晴れる時間帯もあるでしょう。  　２４日は、低気圧の影響で曇りますが、晴れる時間帯もある見込みです。  　沿岸の海域は、波が高いでしょう。  ＜天気変化等の留意点＞ 　宮古島地方の沿岸の海域では、２４日明け方にかけて波が高い見込みです。高波に注意してください。
宮古島地方気象台,2021-12-24T04:40:00+09:00,宮古島地方,,　宮古島地方は、低気圧の影響で雲が広がっていますが、雲のすき間で晴れています。  　２４日は、晴れますが、夜は寒気の影響で曇り、雨の降る所もあるでしょう。  　２５日は、大陸の高気圧の張り出しに伴い北の風が強く吹き、寒気の影響で曇り、雨の降る所もある見込みです。  　沿岸の海域では、波がやや高いでしょう。  ＜天気変化等の留意点＞ 　宮古島地方では、２５日は北の風が強く吹き、沿岸の海域ではうねりを伴いしける見込みです。
宮古島地方気象台,2021-12-24T10:36:00+09:00,宮古島地方,,　先島諸島は低気圧の影響で雲が広がっていますが、宮古島地方は雲のすき間で晴れています。  　２４日は、はじめ晴れますが、夜は寒気の影響で曇り、雨の降る所もあるでしょう。  　２５日は、大陸の高気圧の張り出しに伴い北の風が強く吹き、寒気の影響で曇り、雨の降る所もある見込みです。  　沿岸の海域では、波がやや高いでしょう。  ＜天気変化等の留意点＞ 　宮古島地方では、２５日は北の風が強く吹き、沿岸の海域ではうねりを伴いしける見込みです。
宮古島地方気象台,2021-12-24T16:44:00+09:00,宮古島地方,,　宮古島地方は寒気の影響で曇っており、小雨の降っている所があります。  　２４日は、寒気の影響で曇り、所により雨が降るでしょう。  　２５日は、大陸の高気圧の張り出しに伴い北の風が強く吹き、寒気の影響で曇り、所により雨が降る見込みです。  　沿岸の海域では、波がやや高いでしょう。  ＜天気変化等の留意点＞ 　宮古島地方では、２５日は北の風が強く吹き、沿岸の海域ではうねりを伴いしける見込みです。
宮古島地方気象台,2021-12-25T04:41:00+09:00,宮古島地方,,　宮古島地方は、大陸の高気圧の張り出しに伴う寒気の影響で曇っています。  　２５日は、大陸の高気圧の張り出しに伴い北のち北東の風が強く吹き、寒気の影響で曇り、所により弱い雨が降るでしょう。  　２６日は、大陸の高気圧の張り出しに伴い北東の風が強く吹き、寒気の影響で曇り、所により弱い雨が降る見込みです。  　沿岸の海域では、うねりを伴い波が高いでしょう。  ＜天気変化等の留意点＞ 　宮古島地方では、２５日は北のち北東の風が強く吹き、沿岸の海域ではうねりを伴い波が高く、次第にしける見込みです。強風やうねりを伴う高波に注意してください。
宮古島地方気象台,2021-12-25T10:49:00+09:00,宮古島地方,,　宮古島地方は、大陸の高気圧の張り出しに伴う寒気の影響で曇り、弱い雨の降っている所があります。  　２５日から２６日にかけて、寒気の影響で曇り、所により弱い雨が降るでしょう。  　沿岸の海域では、うねりを伴いしける見込みです。  ＜天気変化等の留意点＞ 　宮古島地方では、２５日から２６日にかけて、北または北東の風が強く吹き、沿岸の海域ではうねりを伴いしける見込みです。強風やうねりを伴う高波に注意してください。
宮古島地方気象台,2021-12-25T16:35:00+09:00,宮古島地方,,　宮古島地方は、大陸の高気圧の張り出しに伴う寒気の影響で曇り、弱い雨の降っている所があります。  　２５日は、寒気の影響で曇り、所により弱い雨が降る見込みです。  　２６日は、寒気の影響で曇り、所により雨が降るでしょう。  　沿岸の海域では、うねりを伴いしける見込みです。  ＜天気変化等の留意点＞ 　宮古島地方では、２５日から２６日にかけて、北東の風が強く吹き、沿岸の海域ではうねりを伴いしける見込みです。強風やうねりを伴う高波に注意してください。
宮古島地方気象台,2021-12-26T04:35:00+09:00,宮古島地方,,　宮古島地方は、大陸の高気圧の張り出しに伴う寒気の影響で曇り、弱い雨の降っている所があります。  　２６日は、大陸の高気圧の張り出しに伴い北東の風が強く吹き、寒気の影響で曇り、所により弱い雨が降るでしょう。  　２７日は、寒気の影響で曇り、所により弱い雨が降る見込みです。  　沿岸の海域では、うねりを伴いしけており、しけや波の高い状態は２７日にかけて続く見込みです。  ＜天気変化等の留意点＞ 　宮古島地方では２６日夜遅くにかけて北東の風が強く吹き、沿岸の海域では２７日にかけてうねりを伴いしける見込みです。強風やうねりを伴う高波に注意してください。
宮古島地方気象台,2021-12-26T10:36:00+09:00,宮古島地方,,　宮古島地方は、大陸の高気圧の張り出しに伴う寒気の影響で曇っており、弱い雨の降っている所があります。  　２６日は、大陸の高気圧の張り出しに伴う寒気の影響で曇り、所により弱い雨が降るでしょう。  　２７日は、寒気の影響で曇り、所により弱い雨が降る見込みです。  　沿岸の海域では、うねりを伴いしけています。  ＜天気変化等の留意点＞ 　宮古島地方では２６日夜遅くにかけて北東の風が強く吹き、沿岸の海域では２７日にかけてうねりを伴いしける見込みです。強風やうねりを伴う高波に十分注意してください。
宮古島地方気象台,2021-12-26T16:36:00+09:00,宮古島地方,,　宮古島地方は、大陸の高気圧の張り出しに伴う寒気の影響で曇っており、弱い雨の降っている所があります。  　２６日は、寒気の影響で曇り、所により弱い雨が降るでしょう。  　２７日は、寒気の影響で曇り、所により弱い雨が降る見込みです。  　沿岸の海域では、うねりを伴いしけています。  ＜天気変化等の留意点＞ 　宮古島地方では２７日明け方にかけて北東の風が強く吹き、沿岸の海域では２７日にかけてうねりを伴いしけや波の高い状態が続く見込みです。強風やうねりを伴う高波に十分注意してください。
宮古島地方気象台,2021-12-27T04:32:00+09:00,宮古島地方,,　宮古島地方は、大陸の高気圧の張り出しに伴う寒気の影響で曇っており、弱い雨の降っている所があります。  　２７日から２８日にかけて、寒気の影響で曇り、所により弱い雨が降るでしょう。  　沿岸の海域では、うねりを伴いしけています。  ＜天気変化等の留意点＞ 　宮古島地方の沿岸の海域では、２８日にかけてうねりを伴いしけや波の高い状態が続く見込みです。うねりを伴う高波に注意してください。
宮古島地方気象台,2021-12-27T10:37:00+09:00,宮古島地方,,　宮古島地方は、大陸の高気圧の張り出しに伴う寒気の影響で曇っており、弱い雨の降っている所があります。  　２７日から２８日にかけて、寒気の影響で曇り、所により弱い雨が降るでしょう。  　沿岸の海域では、うねりを伴いしける見込みです。  ＜天気変化等の留意点＞ 　宮古島地方の沿岸の海域では、２８日にかけてうねりを伴いしけや波の高い状態が続く見込みです。うねりを伴う高波に注意してください。
宮古島地方気象台,2021-12-27T16:36:00+09:00,宮古島地方,,　宮古島地方は、大陸の高気圧の張り出しに伴う寒気の影響で曇っており、弱い雨の降っている所があります。  　２７日は、寒気の影響で曇り、所により弱い雨が降るでしょう。  　２８日は、寒気の影響で曇り、所により朝まで弱い雨が降る見込みです。  　沿岸の海域では、うねりを伴い波が高いでしょう。  ＜天気変化等の留意点＞ 　宮古島地方の沿岸の海域では、２８日昼前にかけてうねりを伴い波の高い状態が続く見込みです。うねりを伴う高波に注意してください。
宮古島地方気象台,2021-12-28T04:35:00+09:00,宮古島地方,,　宮古島地方は、大陸の高気圧の張り出しに伴う寒気の影響で弱い雨が降っています。  　２８日は、寒気の影響で曇り、所により朝まで弱い雨が降るでしょう。晴れる時間帯もある見込みです。  　２９日は、気圧の谷の影響で曇り、夕方は雨が降るでしょう。晴れる時間帯もある見込みです。  　沿岸の海域では、波が高いでしょう。  ＜天気変化等の留意点＞ 　宮古島地方の沿岸の海域では、２８日昼前にかけて波の高い状態が続く見込みです。高波に注意してください。
宮古島地方気象台,2021-12-28T10:34:00+09:00,宮古島地方,,　宮古島地方は、寒気の影響で曇っています。  　２８日は、寒気の影響で曇りますが、晴れる時間帯もある見込みです。  　２９日は、気圧の谷の影響で曇りますが、午前中は晴れる時間帯もあるでしょう。夕方は一時雨が降る見込みです。  　沿岸の海域では、波がやや高いでしょう。  ＜天気変化等の留意点＞ 　特にありません。
宮古島地方気象台,2021-12-28T16:35:00+09:00,宮古島地方,,　宮古島地方は、寒気の影響で曇っており、弱い雨の降っている所もあります。  　２８日は、寒気の影響で曇りますが、晴れる時間帯もある見込みです。  　２９日は、気圧の谷の影響で曇りますが、午前中は晴れる時間帯もあるでしょう。夕方は一時雨が降る見込みです。  　沿岸の海域では、波がやや高いでしょう。  ＜天気変化等の留意点＞ 　特にありません。
宮古島地方気象台,2021-12-29T04:39:00+09:00,宮古島地方,,　宮古島地方は、気圧の谷の影響で曇っていますが、雲のすき間で晴れている所もあります。  　２９日は、気圧の谷の影響で曇り、夕方は一時雨が降るでしょう。午前中は晴れる時間帯もある見込みです。  　３０日は、寒気の影響で曇りますが、晴れる時間帯もあるでしょう。  　沿岸の海域では、波がやや高い見込みです。  ＜天気変化等の留意点＞ 　沿岸の海域では、２９日夜遅くから波が高くなるでしょう。
宮古島地方気象台,2021-12-29T10:34:00+09:00,宮古島地方,,　宮古島地方は、気圧の谷の影響で曇っています。  　２９日は、気圧の谷の影響で曇り、夕方は一時雨が降るでしょう。  　３０日は、寒気の影響で曇りますが、晴れる時間帯もある見込みです。  　沿岸の海域では、波がやや高いでしょう。  ＜天気変化等の留意点＞ 　沿岸の海域では、２９日夜遅くから波が高くなる見込みです。
宮古島地方気象台,2021-12-29T16:35:00+09:00,宮古島地方,,　宮古島地方は、気圧の谷の影響で雨が降っています。  　２９日は、気圧の谷の影響で雨が降りますが、夜遅くは曇るでしょう。  　３０日は、大陸の高気圧の張り出しに伴う寒気の影響で曇りますが、晴れる時間帯もある見込みです。  　沿岸の海域では、波がやや高いでしょう。  ＜天気変化等の留意点＞ 　沿岸の海域では、２９日夜遅くから３０日にかけて波が高くなる見込みです。
宮古島地方気象台,2021-12-30T04:33:00+09:00,宮古島地方,,　宮古島地方は、大陸の高気圧の張り出しに伴う寒気の影響で、曇っています。  　３０日は、寒気の影響で曇るでしょう。  　３１日は、寒気の影響で曇る見込みです。  　沿岸の海域では、波が高いでしょう。  ＜天気変化等の留意点＞ 　沿岸の海域では、３１日にかけて波が高い見込みです。高波に注意してください。
宮古島地方気象台,2021-12-30T10:33:00+09:00,宮古島地方,,　宮古島地方は、大陸の高気圧の張り出しに伴う寒気の影響で曇っています。  　３０日から３１日にかけて、寒気の影響で曇る見込みです。  　沿岸の海域では、波が高いでしょう。  ＜天気変化等の留意点＞ 　沿岸の海域では、３１日にかけて波が高い見込みです。高波に注意してください。
宮古島地方気象台,2021-12-30T16:34:00+09:00,宮古島地方,,　宮古島地方は、大陸の高気圧の張り出しに伴う寒気の影響で曇っています。  　３０日は、寒気の影響で曇るでしょう。 　 　３１日は、寒気の影響で曇る見込みです。  　沿岸の海域では、波が高いでしょう。  ＜天気変化等の留意点＞ 　沿岸の海域では、３１日にかけて波が高い見込みです。高波に注意してください。
宮古島地方気象台,2021-12-31T04:34:00+09:00,宮古島地方,,　宮古島地方は、大陸の高気圧の張り出しに伴う寒気の影響で曇っています。  　３１日から１月１日にかけて、寒気の影響で曇りますが、晴れる時間帯もあるでしょう。  　沿岸の海域では、波が高い見込みです。  ＜天気変化等の留意点＞ 　沿岸の海域では、１月１日明け方にかけて波が高い見込みです。高波に注意してください。
宮古島地方気象台,2021-12-31T10:37:00+09:00,宮古島地方,,　宮古島地方は、大陸の高気圧の張り出しに伴う寒気の影響で曇っています。  　３１日から１月１日にかけて、寒気の影響で曇りますが、晴れる時間帯もあるでしょう。  　沿岸の海域では、波が高い見込みです。  ＜天気変化等の留意点＞ 　沿岸の海域では、１月１日明け方にかけて波が高い見込みです。高波に注意してください。
宮古島地方気象台,2021-12-31T16:35:00+09:00,宮古島地方,,　宮古島地方は、大陸の高気圧の張り出しに伴う寒気の影響で曇っています。  　３１日は、寒気の影響で曇る見込みです。  　１月１日は、寒気の影響で曇りますが、晴れる時間帯もあるでしょう。  　沿岸の海域では、波が高い見込みです。  ＜天気変化等の留意点＞ 　沿岸の海域では、１月１日明け方にかけて波が高い見込みです。高波に注意してください。
