publishingOffice,reportDatetime,targetArea,headlineText,text
長崎地方気象台,2021-12-15T16:37:00+09:00,長崎県,,　長崎県は、高気圧に覆われて晴れている所もありますが、湿った空気の影響により概ね曇りとなっています。  　１５日は、湿った空気の影響により概ね曇りとなり、雨の降る所があるでしょう。 　 　１６日は、低気圧や前線の影響で雨や曇りとなり、雷を伴い激しく降る所があるでしょう。
長崎地方気象台,2021-12-16T04:45:00+09:00,長崎県,,　長崎県は、気圧の谷や湿った空気の影響により曇りや雨となっています。  　１６日は、低気圧や前線の影響により雨や曇りとなり、雷を伴い激しく降る所があるでしょう。 　 　１７日は、寒気の影響により概ね曇りとなりますが、次第に冬型の気圧配置が強まり夕方から雪や雨が降る所があるでしょう。
長崎地方気象台,2021-12-16T10:34:00+09:00,長崎県,,　長崎県は、低気圧や前線の影響により雨となっています。  　１６日は、低気圧や前線の影響により概ね雨で雷を伴い激しく降る所がありますが、次第に曇りとなる所があるでしょう。 　 　１７日は、寒気の影響により概ね曇りとなりますが、次第に冬型の気圧配置が強まり、夕方から雪や雨が降る所があるでしょう。
長崎地方気象台,2021-12-16T16:36:00+09:00,長崎県,,　長崎県は、低気圧や前線の影響により概ね雨となっています。  　１６日は、低気圧や前線の影響により概ね雨となりますが、次第に曇りとなる所があるでしょう。 　 　１７日は、寒気の影響により概ね曇りとなりますが、次第に冬型の気圧配置が強まり、夕方から時々雪か雨となるでしょう。
長崎地方気象台,2021-12-17T04:47:00+09:00,長崎県,,　長崎県は、前線や寒気の影響により、概ね曇りとなっています。  　１７日は、寒気の影響により概ね曇りで、次第に冬型の気圧配置が強まるため夕方から時々雪か雨となるでしょう。 　 　１８日は、高気圧に覆われて晴れる所もありますが、寒気の影響により概ね曇りとなり、夜遅くは雨か雪が降る所があるでしょう。
長崎地方気象台,2021-12-17T10:43:00+09:00,長崎県,,　長崎県は、寒気の影響により、概ね曇りで雨の降っている所があります。  　１７日は、気圧の谷や寒気の影響により概ね曇りで、夕方から時々雪か雨となるでしょう。 　 　１８日は、寒気の影響により概ね曇りで、夜遅くには雨や雪が降る所があるでしょう。
長崎地方気象台,2021-12-17T16:42:00+09:00,長崎県,,　長崎県は、寒気の影響により、概ね曇りで雪や雨が降っている所があります。  　１７日は、気圧の谷や寒気の影響により概ね曇りで、雷を伴い時々雪か雨となるでしょう。 　 　１８日は、寒気の影響により概ね曇りで、朝晩は雪や雨が降る所があるでしょう。
長崎地方気象台,2021-12-18T04:48:00+09:00,長崎県,,　長崎県は、高気圧に覆われて晴れている所もありますが、寒気の影響により概ね曇りとなっています。  　１８日は、高気圧に覆われて晴れる所もありますが、寒気や気圧の谷の影響により概ね曇りで、夕方から雨か雪の降る所があるでしょう。 　 　１９日は、寒気や気圧の谷の影響により概ね曇りで、はじめ雨か雪で雷を伴う所があるしょう。
長崎地方気象台,2021-12-18T10:44:00+09:00,長崎県,,　長崎県は、高気圧に覆われて晴れている所もありますが、寒気の影響により概ね曇りとなっています。  　１８日は、高気圧に覆われて晴れる所もありますが、寒気や気圧の谷の影響により概ね曇りとなり、雨や雪が降る所があるでしょう。 　 　１９日は、寒気や気圧の谷の影響により概ね曇りですが、はじめ雨や雪で雷を伴う所があるでしょう。
長崎地方気象台,2021-12-18T16:46:00+09:00,長崎県,,　長崎県は、高気圧に覆われて晴れている所もありますが、寒気の影響により概ね曇りで、雨が降っている所があります。  　１８日は、高気圧に覆われて晴れる所もありますが、寒気や気圧の谷の影響により概ね曇りとなり、雨や雪が降る所があるでしょう。 　 　１９日は、寒気や気圧の谷の影響により概ね曇りですが、はじめ雨や雪で雷を伴う所があるでしょう。
長崎地方気象台,2021-12-19T04:38:00+09:00,長崎県,,　長崎県は、寒気や気圧の谷の影響により、概ね雨や雪となっています。  　１９日は、寒気や気圧の谷の影響により、はじめ雨や雪が降り雷を伴う所がありますが、次第に曇りや晴れとなるでしょう。  　２０日は、湿った空気の影響により、概ね曇りとなりますが、高気圧に覆われて晴れる所もあるでしょう。
長崎地方気象台,2021-12-19T10:33:00+09:00,長崎県,,　長崎県は、寒気の影響により、概ね曇りで雨が降っている所があります。  　１９日は、寒気の影響により、概ね曇りで昼前まで雨が降る所があるでしょう。  　２０日は、湿った空気の影響により、概ね曇りとなりますが、高気圧に覆われて晴れる所もあるでしょう。
長崎地方気象台,2021-12-19T16:33:00+09:00,長崎県,,　長崎県は、寒気の影響により概ね曇りですが、高気圧に覆われて晴れている所があります。  　１９日は、寒気の影響により概ね曇りとなりますが、高気圧に覆われて晴れる所があるでしょう。  　２０日は、湿った空気の影響により概ね曇りとなりますが、高気圧に覆われて晴れる所があるでしょう。
長崎地方気象台,2021-12-20T04:43:00+09:00,長崎県,,　長崎県は、高気圧に覆われて晴れている所もありますが、寒気の影響により概ね曇りとなっています。  　２０日は、高気圧に覆われて晴れる所もありますが、湿った空気の影響により概ね曇りとなるでしょう。  　２１日は、湿った空気や気圧の谷の影響により曇りとなりますが、次第に高気圧に覆われて晴れるでしょう。
長崎地方気象台,2021-12-20T10:34:00+09:00,長崎県,,　長崎県は、高気圧に覆われて晴れている所もありますが、寒気の影響により概ね曇りとなっています。  　２０日は、高気圧に覆われて晴れる所もありますが、湿った空気の影響により概ね曇りとなるでしょう。  　２１日は、気圧の谷や寒気の影響により概ね曇りとなりますが、次第に高気圧に覆われて晴れるでしょう。
長崎地方気象台,2021-12-20T16:33:00+09:00,長崎県,,　長崎県は、高気圧に覆われて概ね晴れていますが、寒気の影響により曇りとなっている所があります。  　２０日は、寒気の影響により概ね曇りとなりますが、高気圧に覆われて晴れる所もあるでしょう。  　２１日は、気圧の谷や寒気の影響により概ね曇りとなりますが、次第に高気圧に覆われて晴れるでしょう。
長崎地方気象台,2021-12-21T04:46:00+09:00,長崎県,,　長崎県は、気圧の谷や寒気の影響により概ね曇りとなっています。  　２１日は、気圧の谷や寒気の影響により概ね曇りとなりますが、高気圧に覆われて次第に晴れる所があるでしょう。  　２２日は、高気圧に覆われて概ね晴れるでしょう。
長崎地方気象台,2021-12-21T10:34:00+09:00,長崎県,,　長崎県は、高気圧に覆われて晴れている所もありますが、気圧の谷や寒気の影響により概ね曇りとなっています。  　２１日は、高気圧に覆われて晴れる所もありますが、気圧の谷や寒気の影響により概ね曇りとなるでしょう。  　２２日は、高気圧に覆われて概ね晴れるでしょう。
長崎地方気象台,2021-12-21T16:34:00+09:00,長崎県,,　長崎県は、高気圧に覆われて晴れている所もありますが、気圧の谷や寒気の影響により概ね曇りとなっています。  　２１日は、気圧の谷や寒気の影響により概ね曇りですが、夜は高気圧に覆われて晴れるでしょう。  　２２日は、寒気の影響により曇りとなる所もありますが、高気圧に覆われて概ね晴れるでしょう。
長崎地方気象台,2021-12-22T04:34:00+09:00,長崎県,,　長崎県は、高気圧に覆われて晴れています。  　２２日は、高気圧に覆われて晴れるでしょう。  　２３日は、高気圧に覆われて晴れるでしょう。
長崎地方気象台,2021-12-22T10:32:00+09:00,長崎県,,　長崎県は、高気圧に覆われて晴れています。  　２２日は、高気圧に覆われて晴れるでしょう。  　２３日は、高気圧に覆われて晴れるでしょう。
長崎地方気象台,2021-12-22T16:32:00+09:00,長崎県,,　長崎県は、高気圧に覆われて晴れています。  　２２日は、高気圧に覆われて晴れるでしょう。  　２３日は、高気圧に覆われて晴れるでしょう。
長崎地方気象台,2021-12-23T04:37:00+09:00,長崎県,,　長崎県は、高気圧に覆われて晴れています。  　２３日は、高気圧に覆われて晴れるでしょう。  　２４日は、高気圧に覆われて晴れますが、低気圧や湿った空気の影響により次第に曇りとなり、雨の降る所があるでしょう。
長崎地方気象台,2021-12-23T10:32:00+09:00,長崎県,,　長崎県は、高気圧に覆われて晴れています。  　２３日は、高気圧に覆われて晴れるでしょう。  　２４日は、高気圧に覆われて晴れますが、低気圧や湿った空気の影響により次第に曇りとなり、雨の降る所があるでしょう。
長崎地方気象台,2021-12-23T16:34:00+09:00,長崎県,,　長崎県は、高気圧に覆われて晴れています。  　２３日は、高気圧に覆われて晴れるでしょう。  　２４日は、高気圧に覆われて晴れますが、低気圧や湿った空気の影響により次第に曇りとなり、雨の降る所があるでしょう。
長崎地方気象台,2021-12-24T04:42:00+09:00,長崎県,,　長崎県は、高気圧に覆われて概ね晴れています。  　２４日は、高気圧に覆われて概ね晴れますが、気圧の谷や湿った空気の影響により次第に曇りや雨となるでしょう。  　２５日は、高気圧に覆われて概ね晴れますが、寒気の影響により曇りで夜は雪が降る所があるでしょう。
長崎地方気象台,2021-12-24T10:33:00+09:00,長崎県,,　長崎県は、高気圧に覆われて概ね晴れていますが、気圧の谷や湿った空気の影響により曇りとなっている所があります。  　２４日は、高気圧に覆われて概ね晴れますが、気圧の谷や湿った空気の影響により次第に曇りや雨となるでしょう。  　２５日は、高気圧に覆われて概ね晴れますが、寒気の影響により次第に曇りとなり、夜は雪が降る所があるでしょう。
長崎地方気象台,2021-12-24T16:36:00+09:00,長崎県,,　長崎県は、気圧の谷や湿った空気の影響で、雨や曇りとなっています。  　２４日は、気圧の谷や湿った空気の影響により雨や曇りとなるでしょう。  　２５日は、高気圧に覆われて概ね晴れますが、寒気の影響により次第に曇りとなり、夕方から雪が降る所があるでしょう。
長崎地方気象台,2021-12-25T04:52:00+09:00,長崎県,,　長崎県は、気圧の谷の影響で曇りとなっている所もありますが、高気圧に覆われて概ね晴れています。  　２５日は、高気圧に覆われて概ね晴れますが、寒気の影響により次第に曇りとなり、夜は雪が降る所があるでしょう。  　２６日は、強い冬型の気圧配置のため、曇りで断続的に雪が降るでしょう。
長崎地方気象台,2021-12-25T10:43:00+09:00,長崎県,,　長崎県は、寒気の影響で概ね曇りとなっています。  　２５日は、寒気の影響により概ね曇りとなり、夜は雪が降る所があるでしょう。  　２６日は、強い冬型の気圧配置のため、曇りで断続的に雪が降るでしょう。
長崎地方気象台,2021-12-25T16:35:00+09:00,長崎県,,　長崎県は、寒気の影響で概ね曇りとなっています。  　２５日は、寒気の影響により概ね曇りとなり、夜は雪が降る所があるでしょう。  　２６日は、強い冬型の気圧配置のため、概ね曇りで断続的に雪が降るでしょう。
長崎地方気象台,2021-12-26T04:48:00+09:00,長崎県,,　長崎県は、強い冬型の気圧配置となっており、概ね曇りで雪が降っている所があります。  　２６日は、強い冬型の気圧配置により、曇りや雪となるでしょう。  　２７日は、強い冬型の気圧配置により、曇りで昼前まで雪となるでしょう。
長崎地方気象台,2021-12-26T10:37:00+09:00,長崎県,,　長崎県は、強い冬型の気圧配置となっており、曇りや雪となっています。  　２６日は、強い冬型の気圧配置により、曇りや雪となるでしょう。  　２７日は、強い冬型の気圧配置により、曇りで昼前まで雪となるでしょう。
長崎地方気象台,2021-12-26T16:33:00+09:00,長崎県,,　長崎県は、強い冬型の気圧配置となっており、曇りや雪となっています。  　２６日は、強い冬型の気圧配置により、曇りや雪となるでしょう。  　２７日は、強い冬型の気圧配置により、曇りで昼前まで雪となるでしょう。
長崎地方気象台,2021-12-27T04:47:00+09:00,長崎県,,　長崎県は、冬型の気圧配置となっており、概ね曇りで雪が降っている所があります。  　２７日は、冬型の気圧配置が続き、概ね曇りで昼前まで時々雪となるでしょう。  　２８日は、寒気や湿った空気の影響により、概ね曇りで午後は雨が降る所があるでしょう。
長崎地方気象台,2021-12-27T10:32:00+09:00,長崎県,,　長崎県は、冬型の気圧配置となっており、概ね曇りで雪や雨が降っている所があります。  　２７日は、晴れる所もありますが、冬型の気圧配置が続き、概ね曇りで夕方まで雪や雨が降る所があるでしょう。  　２８日は、寒気や湿った空気の影響により、概ね曇りで午後は雨が降る所があるでしょう。
長崎地方気象台,2021-12-27T16:34:00+09:00,長崎県,,　長崎県は、冬型の気圧配置で概ね曇りとなっています。  　２７日は、晴れる所もありますが、冬型の気圧配置が続き、概ね曇りとなるでしょう。  　２８日は、寒気や湿った空気の影響により、概ね曇りで午後は雨が降る所があるでしょう。
長崎地方気象台,2021-12-28T04:43:00+09:00,長崎県,,　長崎県は、寒気の影響により概ね曇りとなっています。  　２８日は、寒気や湿った空気の影響により概ね曇りで、夕方から雨の降る所があるでしょう。  　２９日は、寒気や湿った空気の影響により、曇りや雨となるでしょう。
長崎地方気象台,2021-12-28T10:38:00+09:00,長崎県,,　長崎県は、寒気の影響により概ね曇りとなっています。  　２８日は、寒気や湿った空気の影響により概ね曇りで、雨が降る所があるでしょう。  　２９日は、寒気や湿った空気の影響により、曇りや雨となるでしょう。
長崎地方気象台,2021-12-28T16:39:00+09:00,長崎県,,　長崎県は、寒気の影響により概ね曇りとなっています。  　２８日は、寒気や湿った空気の影響により概ね曇りで、雨が降る所があるでしょう。  　２９日は、気圧の谷や湿った空気の影響により、雨や曇りで雷を伴う所があるでしょう。
長崎地方気象台,2021-12-29T04:38:00+09:00,長崎県,,　長崎県は、気圧の谷や湿った空気の影響で雨や曇りとなっています。  　２９日は、気圧の谷や湿った空気の影響で、曇りや雨で雷を伴う所があるでしょう。  　３０日は、気圧の谷や寒気の影響で、概ね曇りで夜は雨や雪となる所があるでしょう。
長崎地方気象台,2021-12-29T10:34:00+09:00,長崎県,,　長崎県は、気圧の谷や湿った空気の影響により、曇りや雨となっています。  　２９日は、気圧の谷や湿った空気の影響により、曇りや雨で雷を伴う所があるでしょう。  　３０日は、気圧の谷や寒気の影響により、概ね曇りで夜は雨や雪となる所があるでしょう。
長崎地方気象台,2021-12-29T16:33:00+09:00,長崎県,,　長崎県は、気圧の谷や湿った空気の影響により、曇りや雨となっています。  　２９日は、気圧の谷や湿った空気の影響により、はじめ雨や雷雨となりますが次第に曇りとなるでしょう。  　３０日は、気圧の谷や寒気の影響により、概ね曇りで夜は雨や雪となる所があるでしょう。
長崎地方気象台,2021-12-30T04:55:00+09:00,長崎県,,　長崎県は、高気圧に覆われて晴れている所もありますが、気圧の谷や湿った空気の影響により概ね曇りとなっています。  　３０日は、高気圧に覆われて晴れる所もありますが、気圧の谷や寒気の影響により概ね曇りで、夜は雨の降る所があるでしょう。  　３１日は、はじめ概ね曇りで雨や雪となる所がありますが、次第に高気圧に覆われて晴れるでしょう。
長崎地方気象台,2021-12-30T10:34:00+09:00,長崎県,,　長崎県は、高気圧に覆われて晴れている所もありますが、気圧の谷や湿った空気の影響により概ね曇りとなっています。  　３０日は、高気圧に覆われて晴れる所もありますが、気圧の谷や寒気の影響により概ね曇りで、夜は雨の降る所があるでしょう。  　３１日は、冬型の気圧配置となり、概ね曇りで雨や雪となる所がありますが、次第に高気圧に覆われて晴れるでしょう。
長崎地方気象台,2021-12-30T16:33:00+09:00,長崎県,,　長崎県は、高気圧に覆われて晴れている所もありますが、気圧の谷や寒気の影響により概ね曇りとなっています。  　３０日は、高気圧に覆われて晴れる所もありますが、気圧の谷や寒気の影響により概ね曇りで、夜は雨の降る所があるでしょう。  　３１日は、冬型の気圧配置となり、概ね曇りで雨や雪となる所がありますが、次第に高気圧に覆われて晴れるでしょう。
長崎地方気象台,2021-12-31T04:46:00+09:00,長崎県,,　長崎県は、寒気の影響により概ね曇りで、雨や雪が降っている所があります。  　３１日は、寒気の影響により概ね曇りで雨や雪が降る所がありますが、高気圧に覆われて次第に晴れとなるでしょう。  　１月１日は、高気圧に覆われて概ね晴れますが、気圧の谷や湿った空気の影響により朝晩は曇りとなる所があるでしょう。
長崎地方気象台,2021-12-31T10:36:00+09:00,長崎県,,　長崎県は、寒気の影響により概ね曇りで、雨や雪の降っている所があります。  　３１日は、寒気の影響により概ね曇りで、雨や雪の降る所がありますが、次第に高気圧に覆われて晴れるでしょう。  　１月１日は、高気圧に覆われて概ね晴れますが、気圧の谷や湿った空気の影響により曇りとなる所があるでしょう。
長崎地方気象台,2021-12-31T16:35:00+09:00,長崎県,,　長崎県は、高気圧に覆われて概ね晴れていますが、寒気の影響により曇りとなっている所があります。  　３１日は、高気圧に覆われて概ね晴れますが、寒気の影響により曇りとなる所があるでしょう。  　１月１日は、高気圧に覆われて概ね晴れますが、気圧の谷や湿った空気の影響により曇りとなる所があるでしょう。
