publishingOffice,reportDatetime,targetArea,headlineText,text
神戸地方気象台,2021-12-15T16:33:00+09:00,兵庫県,,　兵庫県は、湿った空気の影響でおおむね曇っています。  　１５日の兵庫県は、南部では高気圧に覆われておおむね晴れますが、北部では湿った空気の影響で曇るでしょう。  　１６日の兵庫県は、低気圧や前線の影響でおおむね曇り、夕方からは雨が降る見込みです。
神戸地方気象台,2021-12-16T04:37:00+09:00,兵庫県,,　兵庫県は、高気圧に覆われておおむね晴れています。  　１６日の兵庫県は、低気圧や前線の影響で曇り、夕方から雨が降るでしょう。  　１７日の兵庫県は、低気圧や前線の影響で北部では明け方まで、南部では未明は雨が降る見込みです。その後は、次第に冬型の気圧配置が強まるため、おおむね曇りで北部を中心に夕方から雪が降り、昼過ぎからは雷を伴う所があるでしょう。
神戸地方気象台,2021-12-16T10:38:00+09:00,兵庫県,,　兵庫県は、高気圧に覆われておおむね晴れています。  　１６日の兵庫県は、低気圧や前線の影響で曇り、夕方からは次第に雨が降るでしょう。  　１７日の兵庫県は、低気圧や前線の影響で、北部では明け方まで、南部では未明は雨が降る見込みです。その後は、次第に冬型の気圧配置が強まるため、おおむね曇りで北部を中心に夕方から雪が降り、昼過ぎからは雷を伴う所があるでしょう。
神戸地方気象台,2021-12-16T16:37:00+09:00,兵庫県,,　兵庫県は、東シナ海の低気圧や前線の影響で曇り、北部では雨の降っている所があります。  　１６日の兵庫県は、低気圧や前線の影響で雨が降るでしょう。  　１７日の兵庫県は、低気圧や前線の影響で明け方まで雨が降る見込みです。その後は、次第に冬型の気圧配置が強まるため、北部を中心に雪が降り、昼過ぎから雷を伴う所があるでしょう。
神戸地方気象台,2021-12-17T04:51:00+09:00,兵庫県,,　兵庫県は、低気圧や前線の影響で雨となっています。  　１７日の兵庫県は、低気圧や前線の影響で朝まで雨が降るでしょう。その後は、次第に冬型の気圧配置が強まるためおおむね曇り、北部を中心に夕方から雪や雨が降り、雷を伴う所がある見込みです。  　１８日の兵庫県は、引き続き冬型の気圧配置の影響でおおむね曇り、北部を中心に断続的に雪や雨が降り、雷を伴う所があるでしょう。
神戸地方気象台,2021-12-17T10:34:00+09:00,兵庫県,,　兵庫県は、低気圧や湿った空気の影響で曇り、雨の降っている所があります。  　１７日の兵庫県は、冬型の気圧配置が強まってくるためおおむね曇り、北部では夕方から雪が降り、南部でも雪や雨の降る所があるでしょう。雷を伴う所がある見込みです。  　１８日の兵庫県は、引き続き冬型の気圧配置の影響でおおむね曇り、北部を中心に断続的に雪や雨が降り、雷を伴う所があるでしょう。
神戸地方気象台,2021-12-17T16:32:00+09:00,兵庫県,,　兵庫県は、冬型の気圧配置の影響で曇り、北部を中心に雷を伴って雨や雪が降っています。  　１７日の兵庫県は、強い冬型の気圧配置の影響で曇り、北部を中心に雪や雨が降り、雷を伴う所があるでしょう。  　１８日の兵庫県は、引き続き冬型の気圧配置の影響でおおむね曇り、北部を中心に断続的に雪や雨が降り、雷を伴う所がある見込みです。
神戸地方気象台,2021-12-18T04:36:00+09:00,兵庫県,,　兵庫県は、冬型の気圧配置の影響で曇り、北部を中心に雷を伴って雪が降っています。  　１８日の兵庫県は、引き続き冬型の気圧配置の影響でおおむね曇り、北部を中心に断続的に雪や雨が降り、雷を伴う所がある見込みです。  　１９日の兵庫県は、寒気や湿った空気の影響でおおむね曇り、北部を中心に昼過ぎまで断続的に雪や雨が降り、夕方まで雷を伴う所があるでしょう。
神戸地方気象台,2021-12-18T10:43:00+09:00,兵庫県,,　兵庫県は、冬型の気圧配置の影響で曇り、北部を中心に雪が降っています。  　１８日の兵庫県は、引き続き冬型の気圧配置の影響でおおむね曇り、北部を中心に断続的に雪や雨が降り、雷を伴う所がある見込みです。  　１９日の兵庫県は、寒気や湿った空気の影響でおおむね曇り、北部を中心に昼過ぎまで断続的に雪や雨が降り、夕方まで雷を伴う所があるでしょう。
神戸地方気象台,2021-12-18T16:34:00+09:00,兵庫県,,　兵庫県は、冬型の気圧配置の影響で曇り、北部を中心に雪が降っています。  　１８日の兵庫県は、引き続き冬型の気圧配置の影響で北部では雪や雨が降り、雷を伴う所がある見込みです。南部ではおおむね曇り、雪の降る所があるでしょう。  　１９日の兵庫県は、寒気や湿った空気の影響でおおむね曇り、北部を中心に昼過ぎまで断続的に雪や雨が降り、夕方まで雷を伴う所がある見込みです。
神戸地方気象台,2021-12-19T04:32:00+09:00,兵庫県,,　兵庫県は、寒気や湿った空気の影響で北部を中心におおむね曇り、雪や雨の降っている所があります。  　１９日の兵庫県は、寒気や湿った空気の影響でおおむね曇り、北部では昼過ぎまで断続的に雪や雨が降り、夕方にかけて雷を伴う所がある見込みです。南部でも昼過ぎまで雨や雪の降る所があるでしょう。  　２０日の兵庫県は、高気圧に覆われて南部ではおおむね晴れますが、北部では湿った空気の影響で曇り、明け方まで雪や雨の降る所がある見込みです。
神戸地方気象台,2021-12-19T10:33:00+09:00,兵庫県,,　兵庫県は、晴れている所もありますが、寒気や湿った空気の影響で北部を中心におおむね曇り、雨や雪の降っている所があります。  　１９日の兵庫県は、寒気や湿った空気の影響で南部ではおおむね曇り、北部では断続的に雨や雪が降るでしょう。南部でも昼過ぎまで雨や雪の降る所がある見込みです。夕方にかけて雷を伴う所があるでしょう。  　２０日の兵庫県は、高気圧に覆われて南部ではおおむね晴れますが、北部では湿った空気の影響で曇り、明け方まで雪や雨の降る所がある見込みです。
神戸地方気象台,2021-12-19T16:32:00+09:00,兵庫県,,　兵庫県は、寒気や湿った空気の影響でおおむね曇り、北部では雨や雪の降っている所があります。  　１９日の兵庫県は、寒気や湿った空気の影響で、北部では夜のはじめ頃にかけて雨や雪が降り、雷を伴う所があるでしょう。南部ではおおむね曇り、雨や雪の降る所がある見込みです。  　２０日の兵庫県は、高気圧に覆われて南部ではおおむね晴れますが、北部では湿った空気の影響で曇り、明け方まで雪や雨の降る所があるでしょう。
神戸地方気象台,2021-12-20T04:37:00+09:00,兵庫県,,　兵庫県は、寒気や湿った空気の影響でおおむね曇り、北部では雪や雨の降っている所があります。  　２０日の兵庫県は、北部では寒気や湿った空気の影響で曇り、朝まで雪や雨の降る所があるでしょう。南部では高気圧に覆われて、おおむね晴れる見込みです。  　２１日の兵庫県は、北部では湿った空気の影響で、おおむね曇るでしょう。南部では高気圧に覆われて、おおむね晴れる見込みです。
神戸地方気象台,2021-12-20T10:34:00+09:00,兵庫県,,　兵庫県は、寒気や湿った空気の影響でおおむね曇っています。  　２０日の兵庫県は、北部では寒気や湿った空気の影響で曇り、夕方まで雨や雪の降る所があるでしょう。南部では高気圧に覆われて、おおむね晴れる見込みです。  　２１日の兵庫県は、北部では湿った空気の影響で、おおむね曇るでしょう。南部では高気圧に覆われて、おおむね晴れる見込みです。
神戸地方気象台,2021-12-20T16:32:00+09:00,兵庫県,,　兵庫県は、北部では寒気や湿った空気の影響でおおむね曇り、南部では高気圧に覆われておおむね晴れています。  　２０日の兵庫県は、寒気や湿った空気の影響でおおむね曇る見込みです。  　２１日の兵庫県は、北部では湿った空気の影響で、おおむね曇るでしょう。南部では高気圧に覆われて、おおむね晴れる見込みです。
神戸地方気象台,2021-12-21T04:33:00+09:00,兵庫県,,　兵庫県は、湿った空気の影響でおおむね曇っています。  　２１日の兵庫県は、北部では湿った空気の影響でおおむね曇るでしょう。南部では高気圧に覆われておおむね晴れる見込みです。  　２２日の兵庫県は、北部では寒気や湿った空気の影響で曇り、昼前から夕方にかけて雨が降るでしょう。南部でもおおむね曇り、雨の降る所がある見込みです。
神戸地方気象台,2021-12-21T10:34:00+09:00,兵庫県,,　兵庫県は、高気圧に覆われておおむね晴れています。  　２１日の兵庫県は、北部では湿った空気の影響でおおむね曇るでしょう。南部では高気圧に覆われて、おおむね晴れる見込みです。  　２２日の兵庫県は、北部では寒気や湿った空気の影響で曇り、昼前から夕方にかけて雨が降るでしょう。南部でもおおむね曇り、昼前から夕方にかけて雨の降る所がある見込みです。
神戸地方気象台,2021-12-21T16:33:00+09:00,兵庫県,,　兵庫県は、北部では気圧の谷や湿った空気の影響でおおむね曇り、南部では高気圧に覆われておおむね晴れています。  　２１日の兵庫県は、北部では気圧の谷や湿った空気の影響でおおむね曇るでしょう。南部では高気圧に覆われて、おおむね晴れる見込みです。  　２２日の兵庫県は、北部では寒気や湿った空気の影響で曇り、朝から夕方にかけて雨が降るでしょう。南部でもおおむね曇り、朝から夕方にかけて雨の降る所がある見込みです。
神戸地方気象台,2021-12-22T04:49:00+09:00,兵庫県,,　兵庫県は、北部では寒気や湿った空気の影響で曇り、雨の降っている所があります。南部では高気圧に覆われておおむね晴れています。  　２２日の兵庫県は、北部では寒気や湿った空気の影響で曇り、朝から昼過ぎにかけて雨が降るでしょう。南部でもおおむね曇り、雨の降る所がある見込みです。  　２３日の兵庫県は、気圧の谷や湿った空気の影響で、北部ではおおむね曇るでしょう。南部では高気圧に覆われておおむね晴れる見込みです。
神戸地方気象台,2021-12-22T10:32:00+09:00,兵庫県,,　兵庫県は、寒気や湿った空気の影響でおおむね曇り、北部では雨が降っています。  　２２日の兵庫県は、北部では寒気や湿った空気の影響で曇り、昼過ぎにかけて雨が降るでしょう。南部でもおおむね曇り、雨の降る所がある見込みです。  　２３日の兵庫県は、北部では気圧の谷や湿った空気の影響でおおむね曇るでしょう。南部では高気圧に覆われて、おおむね晴れる見込みです。
神戸地方気象台,2021-12-22T16:32:00+09:00,兵庫県,,　兵庫県は、寒気や湿った空気の影響でおおむね曇り、北部を中心に雨が降っています。  　２２日の兵庫県は、寒気や湿った空気の影響で北部では曇り、夜のはじめ頃にかけて雨が降るでしょう。南部でもおおむね曇り、雨の降る所がある見込みです。  　２３日の兵庫県は、北部では気圧の谷や湿った空気の影響でおおむね曇るでしょう。南部では高気圧に覆われて、おおむね晴れる見込みです。
神戸地方気象台,2021-12-23T06:37:00+09:00,兵庫県,,　兵庫県は、北部では寒気や湿った空気の影響でおおむね曇っていますが、南部では高気圧に覆われておおむね晴れています。  　２３日の兵庫県は、北部では寒気や湿った空気の影響でおおむね曇りますが、南部では高気圧に覆われて晴れるでしょう。  　２４日の兵庫県は、北部では気圧の谷や湿った空気の影響でおおむね曇り、夜遅くは雨の降る所がある見込みです。南部では高気圧に覆われて晴れますが、夕方からは気圧の谷や湿った空気の影響で曇るでしょう。
神戸地方気象台,2021-12-23T10:32:00+09:00,兵庫県,,　兵庫県は、寒気や湿った空気の影響でおおむね曇っています。  　２３日の兵庫県は、寒気や湿った空気の影響でおおむね曇るでしょう。  　２４日の兵庫県は、北部では気圧の谷や湿った空気の影響でおおむね曇り、夜遅くは雨の降る所がある見込みです。南部では高気圧に覆われて晴れますが、夕方からは気圧の谷や湿った空気の影響で曇るでしょう。
神戸地方気象台,2021-12-23T16:35:00+09:00,兵庫県,,　兵庫県は、高気圧に覆われておおむね晴れています。  　２３日の兵庫県は、北部では寒気や湿った空気の影響で曇りますが、南部では高気圧に覆われて晴れるでしょう。  　２４日の兵庫県は、北部では気圧の谷や湿った空気の影響でおおむね曇り、夜遅くは雨の降る所がある見込みです。南部では高気圧に覆われて晴れますが、夕方からは気圧の谷や湿った空気の影響で曇るでしょう。
神戸地方気象台,2021-12-24T04:48:00+09:00,兵庫県,,　兵庫県は、北部では寒気や湿った空気の影響で曇り、南部では高気圧に覆われておおむね晴れています。  　２４日の兵庫県は、北部では寒気や湿った空気の影響でおおむね曇るでしょう。南部では高気圧に覆われておおむね晴れますが、気圧の谷や湿った空気の影響で昼前から曇り、夜遅は雨の降る所がある見込みです。  　２５日の兵庫県は、強い冬型の気圧配置となるため曇り、北部を中心に断続的に雨や雪が降る見込みです。雷を伴う所があるでしょう。
神戸地方気象台,2021-12-24T10:32:00+09:00,兵庫県,,　兵庫県は、高気圧に覆われておおむね晴れています。  　２４日の兵庫県は、高気圧に覆われてはじめ晴れますが、気圧の谷や湿った空気の影響で昼過ぎから次第に曇り、南部では夜遅くは雨の降る所があるでしょう。  　２５日の兵庫県は、強い冬型の気圧配置となるため、北部では断続的に雨や雪が降る見込みです。南部では曇り、雨や雪の降る所があるでしょう。朝から雷を伴う所がある見込みです。
神戸地方気象台,2021-12-24T16:33:00+09:00,兵庫県,,　兵庫県は、気圧の谷や湿った空気の影響で曇り、雨の降っている所があります。  　２４日の兵庫県は、気圧の谷や湿った空気の影響で曇り、南部を中心に夜は雨が降るでしょう。  　２５日の兵庫県は、次第に強い冬型の気圧配置となるため、北部では雨が降り夜は雪となる見込みです。南部では曇り、雨や雪の降る所があるでしょう。明け方から雷を伴う所がある見込みです。
神戸地方気象台,2021-12-25T04:46:00+09:00,兵庫県,,　兵庫県は、気圧の谷や湿った空気の影響で曇り、雨の降っている所があります。  　２５日の兵庫県は、次第に強い冬型の気圧配置となるため曇り、北部では雨が降り、夜には雪が降るでしょう。南部でも雨や雪の降る所がある見込みです。雷を伴う所があるでしょう。 　 　２６日の兵庫県は、強い冬型の気圧配置の影響で曇り、北部では雪が降るでしょう。南部でも断続的に雪が降る見込みです。雷を伴う所があるでしょう。
神戸地方気象台,2021-12-25T10:38:00+09:00,兵庫県,,　兵庫県は、冬型の気圧配置の影響でおおむね曇り、北部では雨となっています。  　２５日の兵庫県は、次第に強い冬型の気圧配置となるため、北部では雨が降り夜には雪が降るでしょう。南部でははじめ晴れますが、夕方から雲が広がり、雨や雪の降る所がある見込みです。雷を伴う所があるでしょう。 　 　２６日の兵庫県は、強い冬型の気圧配置の影響で曇り、断続的に雪が降る見込みです。雷を伴う所があるでしょう。
神戸地方気象台,2021-12-25T16:34:00+09:00,兵庫県,,　兵庫県は、冬型の気圧配置の影響で、南部では曇り、北部では雨となっています。  　２５日の兵庫県は、次第に強い冬型の気圧配置となるため、北部では雪や雨が降るでしょう。南部でも雪の降る所がある見込みです。雷を伴う所があるでしょう。 　 　２６日の兵庫県は、強い冬型の気圧配置の影響で曇り、北部を中心に断続的に雪が降る見込みです。雷を伴う所があるでしょう。
神戸地方気象台,2021-12-26T04:34:00+09:00,兵庫県,,　兵庫県は、強い冬型の気圧配置の影響で、北部を中心に雪や雨が降っています。  　２６日の兵庫県は、強い冬型の気圧配置の影響で、断続的に雪が降り、雷を伴う所があるでしょう。  　２７日の兵庫県は、強い冬型の気圧配置が続き、北部では雪が降る見込みです。南部では曇り、雪の降る所があるでしょう。雷を伴う所がある見込みです。
神戸地方気象台,2021-12-26T10:33:00+09:00,兵庫県,,　兵庫県は、強い冬型の気圧配置の影響で、北部を中心に雪が降っています。  　２６日の兵庫県は、強い冬型の気圧配置の影響で、断続的に雪が降り、雷を伴う所があるでしょう。  　２７日の兵庫県は、強い冬型の気圧配置が続き、北部では雪が降る見込みです。南部では曇り、雪の降る所があるでしょう。雷を伴う所がある見込みです。
神戸地方気象台,2021-12-26T16:33:00+09:00,兵庫県,,　兵庫県は、強い冬型の気圧配置の影響で、北部を中心に雪が降っています。  　２６日の兵庫県は、強い冬型の気圧配置の影響で、断続的に雪が降る見込みです。雷を伴う所があるでしょう。  　２７日の兵庫県は、強い冬型の気圧配置が続き、北部では雪が降る見込みです。南部では曇り、雪の降る所があるでしょう。雷を伴う所がある見込みです。
神戸地方気象台,2021-12-27T04:37:00+09:00,兵庫県,,　兵庫県は、強い冬型の気圧配置となっています。北部を中心に雪が降り、積雪の多くなっている所があります。  　２７日の兵庫県は、強い冬型の気圧配置が続くため、北部を中心に雪が降るでしょう。雷を伴う所がある見込みです。  　２８日の兵庫県は、冬型の気圧配置が続くため、昼前まで北部を中心に雪や雨が降り、雷を伴う所があるでしょう。
神戸地方気象台,2021-12-27T10:35:00+09:00,兵庫県,,　兵庫県は、強い冬型の気圧配置となっています。北部を中心に雪が降り、積雪の多くなっている所があります。  　２７日の兵庫県は、強い冬型の気圧配置が続くため、北部を中心に雪が降るでしょう。雷を伴う所がある見込みです。  　２８日の兵庫県は、冬型の気圧配置が続くためおおむね曇り、昼前まで北部を中心に雪や雨が降るでしょう。雷を伴う所がある見込みです。
神戸地方気象台,2021-12-27T16:33:00+09:00,兵庫県,,　兵庫県は、強い冬型の気圧配置の影響でおおむね曇り、北部を中心に雪が降っています。  　２７日の兵庫県は、強い冬型の気圧配置が続くため曇り、北部を中心に雪が降るでしょう。雷を伴う所がある見込みです。  　２８日の兵庫県は、冬型の気圧配置が続くためおおむね曇り、昼前まで北部を中心に雪や雨が降るでしょう。雷を伴う所がある見込みです。
神戸地方気象台,2021-12-28T04:32:00+09:00,兵庫県,,　兵庫県は、冬型の気圧配置の影響でおおむね曇り、北部を中心に雪や雨が降っています。  　２８日の兵庫県は、冬型の気圧配置が続くためおおむね曇り、北部では昼前まで雪や雨が降るでしょう。南部でも昼過ぎまで雨や雪の降る所がある見込みです。  　２９日の兵庫県は、気圧の谷や湿った空気の影響で曇り、北部では朝から昼過ぎにかけて雨が降るでしょう。南部でも朝から雨の降る所がある見込みです。雷を伴う所があるでしょう。
神戸地方気象台,2021-12-28T10:36:00+09:00,兵庫県,,　兵庫県は、冬型の気圧配置の影響でおおむね曇り、北部を中心に雪や雨が降っています。  　２８日の兵庫県は、冬型の気圧配置が続くためおおむね曇り、北部を中心に昼過ぎにかけて雪や雨が降るでしょう。  　２９日の兵庫県は、気圧の谷や湿った空気の影響で曇り、北部では朝から昼過ぎにかけて雨が降る見込みです。南部でも朝から雨の降る所があるでしょう。雷を伴う所がある見込みです。
神戸地方気象台,2021-12-28T16:37:00+09:00,兵庫県,,　兵庫県は、寒気の影響でおおむね曇り、北部を中心に雪や雨が降っています。  　２８日の兵庫県は、寒気の影響でおおむね曇り、北部では夕方は雪や雨の降る所があるでしょう。  　２９日の兵庫県は、気圧の谷や湿った空気の影響でおおむね曇り、北部では夜は雨が降り、朝は雪の降る所がある見込みです。南部でも朝から雨の降る所があるでしょう。雷を伴う所がある見込みです。
神戸地方気象台,2021-12-29T04:34:00+09:00,兵庫県,,　兵庫県は、気圧の谷や寒気の影響でおおむね曇っています。  　２９日の兵庫県は、気圧の谷や湿った空気の影響で曇り、北部では夜遅くは雨が降るでしょう。南部では朝から雨の降る所がある見込みです。雷を伴う所があるでしょう。  　３０日の兵庫県は、冬型の気圧配置となるため北部では雷を伴って断続的に雪や雨が降る見込みです。南部でもおおむね曇り、雨や雪の降る所があるでしょう。雷を伴う所がある見込みです。
神戸地方気象台,2021-12-29T10:33:00+09:00,兵庫県,,　兵庫県は、気圧の谷や寒気の影響でおおむね曇っています。  　２９日の兵庫県は、気圧の谷や湿った空気の影響で曇り、北部では夜遅くは雨が降るでしょう。南部では夕方から雨の降る所がある見込みです。雷を伴う所があるでしょう。  　３０日の兵庫県は、冬型の気圧配置となるため北部では雷を伴って断続的に雪や雨が降る見込みです。南部でもおおむね曇り、雨や雪の降る所があるでしょう。雷を伴う所がある見込みです。
神戸地方気象台,2021-12-29T16:33:00+09:00,兵庫県,,　兵庫県は、気圧の谷や湿った空気の影響で曇っています。  　２９日の兵庫県は、気圧の谷や湿った空気の影響で曇り、南部では雨の降る所があるでしょう。北部でも夜は雪や雨が降る見込みです。雷を伴う所があるでしょう。  　３０日の兵庫県は、冬型の気圧配置となるため北部では雷を伴って断続的に雪や雨が降る見込みです。南部でもおおむね曇り、雨や雪の降る所があるでしょう。雷を伴う所がある見込みです。
神戸地方気象台,2021-12-30T04:45:00+09:00,兵庫県,,　兵庫県は、気圧の谷や湿った空気の影響で曇り、雨や雪の降っている所があります。  　３０日の兵庫県は、冬型の気圧配置となるため北部では夕方から雷を伴って雪が降る見込みです。南部でもおおむね曇り、雪や雨の降る所があるでしょう。雷を伴う所がある見込みです。  　３１日の兵庫県は、冬型の気圧配置となるため北部を中心に雪が降るでしょう。雷を伴う所がある見込みです。
神戸地方気象台,2021-12-30T10:40:00+09:00,兵庫県,,　兵庫県は、南部では高気圧に覆われておおむね晴れていますが、北部では気圧の谷や湿った空気の影響でおおむね曇り、雨や雪の降っている所があります。  　３０日の兵庫県は、冬型の気圧配置となるため北部では雪や雨が降り、南部でもおおむね曇りで雪や雨の降る所があるでしょう。雷を伴う所がある見込みです。  　３１日の兵庫県は、冬型の気圧配置が続くため、北部を中心に雪が降り、雷を伴う所があるでしょう。
神戸地方気象台,2021-12-30T16:36:00+09:00,兵庫県,,　兵庫県は、冬型の気圧配置で、南部ではおおむね晴れていますが、北部では曇り、雷を伴って雨や雪の降っている所があります。  　３０日の兵庫県は、冬型の気圧配置となるため北部では雪が降るでしょう。南部ではおおむね曇り、夜は雪の降る所がある見込みです。雷を伴う所があるでしょう。  　３１日の兵庫県は、冬型の気圧配置が続くため北部を中心に雪が降る見込みです。雷を伴う所があるでしょう。
神戸地方気象台,2021-12-31T04:41:00+09:00,兵庫県,,　兵庫県は、冬型の気圧配置の影響でおおむね曇り、北部を中心に雷を伴い雪が降っています。  　３１日の兵庫県は、冬型の気圧配置の影響で北部では雪が降るでしょう。南部では曇り、断続的に雪が降る見込みです。雷を伴う所があるでしょう。  　１月１日の兵庫県は、冬型の気圧配置の影響で北部では昼過ぎにかけて雪が降る見込みです。南部ではおおむね曇り、昼前まで雪の降る所があるでしょう。雷を伴う所がある見込みです。
神戸地方気象台,2021-12-31T10:35:00+09:00,兵庫県,,　兵庫県は、冬型の気圧配置の影響でおおむね曇り、北部を中心に雪が降っています。  　３１日の兵庫県は、冬型の気圧配置の影響で北部では雪が降るでしょう。南部では曇り、断続的に雪が降る見込みです。雷を伴う所があるでしょう。  　１月１日の兵庫県は、冬型の気圧配置の影響で北部では昼過ぎにかけて雪が降る見込みです。南部ではおおむね曇り、昼前まで雪の降る所があるでしょう。明け方まで雷を伴う所がある見込みです。
神戸地方気象台,2021-12-31T16:36:00+09:00,兵庫県,,　兵庫県は、冬型の気圧配置の影響で曇り、北部を中心に雪が降っています。  　３１日の兵庫県は、冬型の気圧配置の影響で北部では雪が降るでしょう。南部では曇り、断続的に雪が降る見込みです。雷を伴う所があるでしょう。  　１月１日の兵庫県は、冬型の気圧配置の影響で北部では昼過ぎにかけて雪が降る見込みです。南部ではおおむね曇り、昼前まで雪の降る所があるでしょう。
