publishingOffice,reportDatetime,targetArea,headlineText,text
南大東島地方気象台,2021-12-15T16:34:00+09:00,大東島地方,,　大東島地方は、高気圧に覆われて晴れています。  　１５日は、高気圧に覆われて晴れるでしょう。  　１６日は、高気圧に覆われて晴れる見込みです。  　沿岸の海域では、波がやや高いでしょう。  ＜天気変化等の留意点＞ 　特にありません。
南大東島地方気象台,2021-12-16T04:33:00+09:00,大東島地方,,　大東島地方は、高気圧に覆われて晴れています。  　１６日は、高気圧に覆われて晴れるでしょう。  　１７日は、寒気の影響で次第に曇が広がる見込みです。  　沿岸の海域では、波がやや高いでしょう。  ＜天気変化等の留意点＞ 　特にありません。
南大東島地方気象台,2021-12-16T10:35:00+09:00,大東島地方,,　大東島地方は、高気圧に覆われて晴れています。  　１６日は、高気圧に覆われて晴れるでしょう。  　１７日は、寒気の影響で次第に曇が広がる見込みです。  　沿岸の海域では、波がやや高いでしょう。  ＜天気変化等の留意点＞ 　特にありません。
南大東島地方気象台,2021-12-16T16:37:00+09:00,大東島地方,,　大東島地方は、高気圧に覆われて晴れています。  　１６日は、高気圧に覆われてはじめ晴れますが、夜遅くからは寒気の影響を受けて曇る見込みです。  　１７日は、前線や寒気の影響で曇るでしょう。  　沿岸の海域は、波がやや高いでしょう。１７日は、次第にうねりを伴い波の高さが３メートルと高くなる見込みです。  ＜天気変化等の留意点＞ 　沿岸の海域では、１７日夜からうねりを伴い波の高さが３メートルと高まる見込みです。
南大東島地方気象台,2021-12-17T04:44:00+09:00,大東島地方,,　大東島地方は、前線の影響で雨が降っています。  　１７日は、前線や大陸の高気圧の張り出しに伴う寒気の影響で曇りや雨の天気となる見込みです。  　１８日は、寒気の影響で曇るでしょう。  　沿岸の海域は、うねりを伴い波がやや高いでしょう。１７日夜は、うねりを伴い波の高さが３メートルと高くなる見込みです。  ＜天気変化等の留意点＞ 　沿岸の海域では、１７日夜からうねりを伴い波の高さが３メートルと高まる見込みです。
南大東島地方気象台,2021-12-17T13:28:00+09:00,大東島地方,,　大東島地方は、前線や寒気の影響で曇っています。  　１７日は、寒気の影響で曇り、所により雨が降る見込みです。  　１８日は、寒気の影響で曇るでしょう。  　沿岸の海域は、うねりを伴い波がやや高いでしょう。１７日夕方から、うねりを伴い波の高さが３メートルと高くなる見込みです。  ＜天気変化等の留意点＞ 　大東島地方では、１７日夜のはじめ頃から北の風が強く吹き、沿岸の海域では、１７日夕方からうねりを伴い波が高く、次第にしける見込みです。１８日にかけて、強風やうねりを伴う高波に注意してください。
南大東島地方気象台,2021-12-17T16:40:00+09:00,大東島地方,,　大東島地方は、大陸の高気圧の張り出しに伴う寒気の影響で曇っています。  　１７日は、寒気の影響で曇る見込みです。  　１８日は、寒気の影響で曇るでしょう。  　沿岸の海域は、うねりを伴い波が高い見込みです。  ＜天気変化等の留意点＞ 　大東島地方では、１７日夜のはじめ頃から北の風が強く吹き、沿岸の海域では、うねりを伴い波が高く、次第にしける見込みです。１８日にかけて、強風やうねりを伴う高波に注意してください。
南大東島地方気象台,2021-12-18T06:36:00+09:00,大東島地方,,　大東島地方は、大陸の高気圧の張り出しに伴う寒気の影響で曇っており、弱い雨の降っている所があります。  　１８日は、寒気の影響で曇る見込みです。  　１９日は、はじめ寒気の影響で曇りますが、次第に寒気は緩み晴れる時間帯もあるでしょう。  　沿岸の海域は、うねりを伴いしけています。  ＜天気変化等の留意点＞ 　大東島地方の沿岸の海域では、１９日にかけてしけや波の高い状態が続く見込みです。うねりを伴う高波に注意してください。
南大東島地方気象台,2021-12-18T10:35:00+09:00,大東島地方,,　大東島地方は、大陸の高気圧の張り出しに伴う寒気の影響で曇っています。  　１８日は、寒気の影響で曇る見込みです。  　１９日は、はじめ寒気の影響で曇りますが、次第に寒気は緩み晴れる時間帯もあるでしょう。  　沿岸の海域は、うねりを伴いしけています。  ＜天気変化等の留意点＞ 　大東島地方の沿岸の海域では、１９日未明にかけてしけや波の高い状態が続く見込みです。うねりを伴う高波に注意してください。
南大東島地方気象台,2021-12-18T16:34:00+09:00,大東島地方,,　大東島地方は、大陸の高気圧の張り出しに伴う寒気の影響で曇っています。  　１８日は、寒気の影響で曇る見込みです。  　１９日は、はじめ寒気の影響で曇りますが、次第に寒気は緩み晴れる時間帯もあるでしょう。  　沿岸の海域は、うねりを伴いしけています。  ＜天気変化等の留意点＞ 　大東島地方の沿岸の海域では、１９日未明にかけてしけや波の高い状態が続く見込みです。うねりを伴う高波に注意してください。
南大東島地方気象台,2021-12-19T04:31:00+09:00,大東島地方,,　大東島地方は、大陸の高気圧の張り出しに伴う寒気の影響で曇っています。  　１９日は、はじめ寒気の影響で曇りますが、次第に寒気は緩み晴れる時間帯もあるでしょう。  　２０日は、高気圧に覆われておおむね晴れる見込みです。  　沿岸の海域は、うねりを伴い波が高いでしょう。  ＜天気変化等の留意点＞ 特にありません。
南大東島地方気象台,2021-12-19T10:33:00+09:00,大東島地方,,　大東島地方は、高気圧に覆われて晴れています。  　１９日は、高気圧に覆われておおむね晴れるでしょう  　２０日は、高気圧に覆われておおむね晴れる見込みです。  　沿岸の海域は、波がやや高いでしょう。  ＜天気変化等の留意点＞ 　特にありません。
南大東島地方気象台,2021-12-19T16:34:00+09:00,大東島地方,,　大東島地方は、高気圧に覆われて晴れています。  　１９日は、高気圧に覆われて晴れるでしょう。  　２０日は、高気圧に覆われておおむね晴れる見込みです。  　沿岸の海域は、波がやや高いでしょう。  ＜天気変化等の留意点＞ 　特にありません。
南大東島地方気象台,2021-12-20T04:33:00+09:00,大東島地方,,　大東島地方は、高気圧に覆われて晴れています。  　２０日は、高気圧に覆われておおむね晴れる見込みです。  　２１日は、気圧の谷の影響で曇りますが、晴れる時間帯もあるでしょう。  　沿岸の海域は、波がやや高いでしょう。  ＜天気変化等の留意点＞ 　特にありません。
南大東島地方気象台,2021-12-20T10:34:00+09:00,大東島地方,,　大東島地方は、高気圧に覆われて晴れています。  　２０日は、高気圧に覆われて晴れるでしょう。  　２１日は、気圧の谷の影響で曇りますが、晴れる時間帯もある見込みです。  　沿岸の海域は、波がやや高いでしょう。  ＜天気変化等の留意点＞ 　特にありません。
南大東島地方気象台,2021-12-20T16:34:00+09:00,大東島地方,,　大東島地方は、高気圧に覆われて晴れています。  　２０日は、高気圧に覆われて晴れるでしょう。  　２１日は、気圧の谷の影響で曇りますが、晴れる時間帯もある見込みです。  　沿岸の海域は、多少波があるでしょう。  ＜天気変化等の留意点＞ 　特にありません。
南大東島地方気象台,2021-12-21T04:36:00+09:00,大東島地方,,　大東島地方は、曇っています。  　２１日は、気圧の谷や前線の影響で曇るでしょう。 　 　２２日は、前線や低気圧の影響で曇る見込みです。  　沿岸の海域は、多少波があるでしょう。  ＜天気変化等の留意点＞ 　特にありません。
南大東島地方気象台,2021-12-21T10:35:00+09:00,大東島地方,,　大東島地方は、気圧の谷の影響で曇っています。  　２１日は、気圧の谷や前線の影響で曇るでしょう。 　 　２２日は、前線や低気圧の影響で曇る見込みです。  　沿岸の海域では、多少波があるでしょう。  ＜天気変化等の留意点＞ 　特にありません。
南大東島地方気象台,2021-12-21T16:35:00+09:00,大東島地方,,　大東島地方は、気圧の谷の影響で曇っています。  　２１日は、気圧の谷や前線の影響で曇るでしょう。 　 　２２日は、前線や低気圧の影響で曇り、一時雨が降る見込みです。  　沿岸の海域では、多少波があるでしょう。  ＜天気変化等の留意点＞ 　特にありません。
南大東島地方気象台,2021-12-22T04:52:00+09:00,大東島地方,,　大東島地方は、低気圧の影響で曇りで弱い雨が降っています。  　２２日から２３日にかけて、低気圧の影響で曇りや雨の天気となる見込みです。  　沿岸の海域では、多少波があるでしょう。  ＜天気変化等の留意点＞ 　特にありません。
南大東島地方気象台,2021-12-22T10:34:00+09:00,大東島地方,,　大東島地方は、低気圧の影響で曇りで弱い雨が降っています。  　２２日は、低気圧の影響で曇りや雨の天気となるでしょう。  　２３日は、低気圧の影響で曇りや雨の天気となる見込みです。  　沿岸の海域では、多少波があるでしょう。  ＜天気変化等の留意点＞ 　特にありません。
南大東島地方気象台,2021-12-22T16:35:00+09:00,大東島地方,,　大東島地方は、低気圧の影響で雨が降っています。  　２２日は、低気圧の影響で雨となるでしょう。  　２３日は、低気圧の影響で曇りや雨の天気となる見込みです。  　沿岸の海域では、多少波があるでしょう。  ＜天気変化等の留意点＞ 　特にありません。
南大東島地方気象台,2021-12-23T04:34:00+09:00,大東島地方,,　大東島地方は、低気圧の影響で雨が降っています。  　２３日は、低気圧の影響で曇りや雨の天気となるでしょう。  　２４日は、低気圧の影響で曇りや雨の天気となる見込みです。  　沿岸の海域では、多少波があるでしょう。  ＜天気変化等の留意点＞ 　特にありません。
南大東島地方気象台,2021-12-23T10:37:00+09:00,大東島地方,,　大東島地方は、低気圧の影響で雨が降っています。  　２３日は、低気圧の影響で雨が降るでしょう。  　２４日は、低気圧の影響で曇りや雨の天気となる見込みです。  　沿岸の海域では、波がやや高いでしょう。  ＜天気変化等の留意点＞ 　特にありません。
南大東島地方気象台,2021-12-23T16:38:00+09:00,大東島地方,,　大東島地方は、低気圧の影響で雨が降っています。  　２３日は、低気圧の影響で雨が降るでしょう。  　２４日は、低気圧の影響で曇りや雨の天気となり、雷を伴う所がある見込みです。  　沿岸の海域では、波がやや高いでしょう。  ＜天気変化等の留意点＞ 　大東島地方では、２４日明け方から２４日夕方にかけて、発達した積乱雲の下での落雷や突風、急な強い雨に注意してください。
南大東島地方気象台,2021-12-24T04:31:00+09:00,大東島地方,,　大東島地方は、低気圧の影響で雨が降っています。  　２４日は、低気圧の影響で曇りや雨の天気となり、雷を伴う所があるでしょう。  　２５日は、大陸の高気圧の張出しに伴う寒気の影響で曇る見込みです。  　沿岸の海域では、波がやや高いでしょう。  ＜天気変化等の留意点＞ 　大東島地方では、２４日夕方まで、発達した積乱雲の下での落雷や突風、急な強い雨に注意してください。
南大東島地方気象台,2021-12-24T10:36:00+09:00,大東島地方,,　大東島地方は、低気圧の影響で曇っています。  　２４日は、低気圧の影響で曇りや雨の天気となり、雷を伴う所があるでしょう。  　２５日は、大陸の高気圧の張出しに伴う寒気の影響で曇る見込みです。  　沿岸の海域では、波が高いでしょう。  ＜天気変化等の留意点＞ 　大東島地方では、２４日夕方まで、発達した積乱雲の下での落雷や突風、急な強い雨に注意してください。また、沿岸の海域では、２５日夕方から波の高さが３メートルと高まる見込みです。
南大東島地方気象台,2021-12-24T16:35:00+09:00,大東島地方,,　大東島地方は、低気圧の影響で雨が降っています。  　２４日は、低気圧の影響で曇りや雨の天気となるでしょう。  　２５日は、大陸の高気圧の張出しに伴う寒気の影響で曇る見込みです。  　沿岸の海域では、波が高いでしょう。  ＜天気変化等の留意点＞ 　大東島地方の沿岸の海域では、２５日昼過ぎから波の高さが３メートルと高まる見込みです。
南大東島地方気象台,2021-12-25T04:31:00+09:00,大東島地方,,　大東島地方は、大陸の高気圧の張出しに伴う寒気の影響で曇っています。  　２５日は、大陸の高気圧の張出しに伴う寒気の影響で曇るでしょう。  　２６日は、大陸の高気圧の張出しに伴う寒気の影響で曇る見込みです。  　沿岸の海域では、うねりを伴いしけるでしょう。  ＜天気変化等の留意点＞ 　大東島地方の沿岸の海域では、２５日昼前からうねりを伴いしける見込みです。
南大東島地方気象台,2021-12-25T10:34:00+09:00,大東島地方,,　大東島地方は、大陸の高気圧の張り出しに伴う寒気の影響で曇っています。  　２５日は、大陸の高気圧の張り出しに伴う寒気の影響で曇るでしょう。  　２６日は、大陸の高気圧の張り出しに伴う寒気の影響で曇る見込みです。  　沿岸の海域では、うねりを伴い波が高く、次第にしけるでしょう。  ＜天気変化等の留意点＞ 　大東島地方の沿岸の海域では、２６日にかけてうねりを伴いしける見込みです。
南大東島地方気象台,2021-12-25T16:34:00+09:00,大東島地方,,　大東島地方は、大陸の高気圧の張り出しに伴う寒気の影響で曇っています。  　２５日は、大陸の高気圧の張り出しに伴う寒気の影響で曇るでしょう。  　２６日は、大陸の高気圧の張り出しに伴う寒気の影響で曇る見込みです。  　沿岸の海域では、うねりを伴い波が高く、次第にしけるでしょう。  ＜天気変化等の留意点＞ 　大東島地方の沿岸の海域では、２６日にかけてうねりを伴いしける見込みです。
南大東島地方気象台,2021-12-26T04:34:00+09:00,大東島地方,,　大東島地方は、大陸の高気圧の張り出しに伴う寒気の影響で曇っています。  　２６日は、寒気の影響で曇るでしょう。  　２７日は、寒気の影響で曇り、所により弱い雨が降る見込みです。  　沿岸の海域では、うねりを伴いしけており、しけや波の高い状態は２７日にかけて続く見込みです。  ＜天気変化等の留意点＞ 　大東島地方の沿岸の海域では、２７日にかけてうねりを伴った高波に注意してください。
南大東島地方気象台,2021-12-26T10:37:00+09:00,大東島地方,,　大東島地方は、大陸の高気圧の張り出しに伴う寒気の影響で曇っています。  　２６日は、寒気の影響で曇るでしょう。  　２７日は、寒気の影響で曇り、所により弱い雨が降る見込みです。  　沿岸の海域では、うねりを伴いしけており、しけや波の高い状態は２７日にかけて続く見込みです。  ＜天気変化等の留意点＞ 　大東島地方の沿岸の海域ではうねりを伴いしけており、２７日にかけて高波に注意してください。
南大東島地方気象台,2021-12-26T16:44:00+09:00,大東島地方,,　大東島地方は、大陸の高気圧の張り出しに伴う寒気の影響で曇っています。  　２６日は、寒気の影響で曇り、所により弱い雨が降る見込みです。  　２７日は、寒気の影響で曇り、所により弱い雨が降るでしょう。  　沿岸の海域では、うねりを伴いしけており、しけや波の高い状態は２７日にかけて続く見込みです。  ＜天気変化等の留意点＞ 　大東島地方の沿岸の海域ではうねりを伴いしけており、２７日にかけて高波に注意してください。
南大東島地方気象台,2021-12-27T04:49:00+09:00,大東島地方,,　大東島地方は、寒気の影響で曇っています。  　２７日は、寒気の影響で曇り、所により弱い雨が降る見込みです。  　２８日は、寒気の影響で曇るでしょう。  　沿岸の海域では、うねりを伴いしけており、しけや波の高い状態は２８日にかけて続く見込みです。  ＜天気変化等の留意点＞ 　大東島地方の沿岸の海域ではうねりを伴いしけており、２７日夜まで高波に注意してください。
南大東島地方気象台,2021-12-27T10:36:00+09:00,大東島地方,,　大東島地方は、寒気の影響で曇っています。  　２７日は、寒気の影響で曇り、所により弱い雨が降る見込みです。  　２８日は、寒気の影響で曇るでしょう。  　沿岸の海域では、３メートルと波が高く、波の高い状態は２８日にかけて続く見込みです。  ＜天気変化等の留意点＞ 　大東島地方の沿岸の海域では、２８日未明まで高波に注意してください。
南大東島地方気象台,2021-12-27T16:35:00+09:00,大東島地方,,　大東島地方は、寒気の影響で曇っています。  　２７日は、寒気の影響で曇る見込みです。  　２８日は、寒気の影響で曇り、所により弱い雨が降るでしょう。  　沿岸の海域では、３メートルと波が高く、波の高い状態は２８日にかけて続く見込みです。  ＜天気変化等の留意点＞ 　大東島地方の沿岸の海域では、２８日昼前まで高波に注意してください。
南大東島地方気象台,2021-12-28T08:15:00+09:00,大東島地方,,大東島地方は、寒気の影響で曇っています。  　２８日は、寒気の影響で曇り、夜は晴れるでしょう。  　２９日は、はじめ晴れますが、気圧の谷の影響で次第に曇る見込みです。  　沿岸の海域では、波が高いでしょう。  ＜天気変化等の留意点＞ 　特にありません。
南大東島地方気象台,2021-12-28T10:34:00+09:00,大東島地方,,　大東島地方は、寒気の影響で曇っています。  　２８日は、寒気の影響で曇りますが、夜は晴れるでしょう。  　２９日は、はじめ晴れますが、気圧の谷の影響で次第に曇る見込みです。  　沿岸の海域では、波が高いでしょう。  ＜天気変化等の留意点＞ 　特にありません。
南大東島地方気象台,2021-12-28T16:36:00+09:00,大東島地方,,　大東島地方は、寒気の影響で曇っています。  　２８日は、寒気の影響で曇りますが、夜は次第に晴れるでしょう。  　２９日は、はじめ晴れますが、気圧の谷の影響で次第に曇る見込みです。夜遅くは雨の降る所があるでしょう。  　沿岸の海域では、波がやや高い見込みです。  ＜天気変化等の留意点＞ 　特にありません。
南大東島地方気象台,2021-12-29T04:37:00+09:00,大東島地方,,　大東島地方は、気圧の谷の影響で曇っています。  　２９日から３０日は、気圧の谷の影響で曇り、一時雨が降るでしょう。  　沿岸の海域では、波がやや高い見込みです。  ＜天気変化等の留意点＞ 　特にありません。
南大東島地方気象台,2021-12-29T10:36:00+09:00,大東島地方,,　大東島地方は、高気圧に覆われて晴れています。  　２９日は、はじめ高気圧に覆われて晴れますが、気圧の谷の影響で次第に曇り、夜遅くは雨が降るでしょう。  　３０日は、気圧の谷の影響で曇り、一時雨が降る見込みです。  　沿岸の海域では、多少波があるでしょう。  ＜天気変化等の留意点＞ 　特にありません。
南大東島地方気象台,2021-12-29T16:34:00+09:00,大東島地方,,　大東島地方は、気圧の谷の影響で曇っていますが、晴れている所もあります。  　２９日は、気圧の谷の影響で曇り、夜遅くは雨が降るでしょう。  　３０日は、寒気の影響で曇り、一時雨が降る見込みです。  　沿岸の海域では、多少波があるでしょう。  ＜天気変化等の留意点＞ 　特にありません。
南大東島地方気象台,2021-12-30T04:34:00+09:00,大東島地方,,　大東島地方は、大陸の高気圧の張り出しに伴う寒気の影響で曇っています。  　３０日は、寒気の影響で曇りますが、晴れる時間帯もあるでしょう。  　３１日は、寒気の影響で曇りますが、晴れる時間帯もある見込みです。  　沿岸の海域では、波がやや高いでしょう。  ＜天気変化等の留意点＞ 　特にありません。
南大東島地方気象台,2021-12-30T10:35:00+09:00,大東島地方,,　大東島地方は、大陸の高気圧の張り出しに伴う寒気の影響で雲が広がっていますが、雲のすき間で晴れています。  　３０日は、はじめ雲のすき間で晴れますが、次第に寒気の影響で曇るでしょう。  　３１日は、寒気の影響で曇りますが、晴れる時間帯もある見込みです。  　沿岸の海域では、波がやや高いでしょう。  ＜天気変化等の留意点＞ 　大東島地方の沿岸の海域では、３１日昼過ぎから波の高さが３メートルと高まる見込みです。
南大東島地方気象台,2021-12-30T16:35:00+09:00,大東島地方,,　大東島地方は、大陸の高気圧の張り出しに伴う寒気の影響で雲が広がっていますが、雲のすき間で晴れている所もあります。  　３０日は、寒気の影響で曇るでしょう。  　３１日は、寒気の影響で曇りますが、晴れる時間帯もある見込みです。  　沿岸の海域では、波が高いでしょう。  ＜天気変化等の留意点＞ 　特にありません。
南大東島地方気象台,2021-12-31T04:34:00+09:00,大東島地方,,　大東島地方は、大陸の高気圧の張り出しに伴う寒気の影響で雲が広がっていますが、雲のすき間で晴れています。  　３１日から１月１日にかけて、寒気の影響で曇りますが、晴れる時間帯もある見込みです。  　沿岸の海域では、波が高いでしょう。  ＜天気変化等の留意点＞ 　大東島地方の沿岸の海域では、波の高さが３メートルと高い状態が３１日夜遅くまで続く見込みです。海上や海岸付近では、高波に注意して下さい。
南大東島地方気象台,2021-12-31T10:39:00+09:00,大東島地方,,　大東島地方は、大陸の高気圧の張り出しに伴う寒気の影響で雲が広がっていますが、雲のすき間で晴れています。  　３１日は、はじめ晴れますが、寒気の影響で次第に曇るでしょう。  　１月１日は、寒気の影響で曇りますが、晴れる時間帯もある見込みです。  　沿岸の海域では、波が高いでしょう。  ＜天気変化等の留意点＞ 　大東島地方の沿岸の海域では、波の高さが３メートルと高い状態が１月１日にかけて続く見込みです。海上や海岸付近では、高波に注意して下さい。
南大東島地方気象台,2021-12-31T16:35:00+09:00,大東島地方,,　大東島地方は、高気圧に覆われて晴れています。  　３１日は、高気圧に覆われておおむね晴れるでしょう。  　１月１日は、高気圧に覆われておおむね晴れる見込みです。  　沿岸の海域では、波が高いでしょう。  ＜天気変化等の留意点＞ 　大東島地方の沿岸の海域では、波の高さが３メートルと高い状態が１月１日朝まで続く見込みです。海上や海岸付近では、高波に注意して下さい。
