publishingOffice,reportDatetime,targetArea,headlineText,text
青森地方気象台,2021-12-15T16:48:00+09:00,青森県,,北日本は気圧の谷となっています。一方、高気圧が西日本にあって、東へ移動しています。  青森県は、曇りや雨となっています。  １５日夜は、気圧の谷や湿った空気の影響により、曇りで、雨や雪の降る所があるでしょう。  １６日は、気圧の谷や湿った空気の影響により、曇りで、昼前から雨や雷雨の所が多くなる見込みです。  ＜天気変化等の留意点＞ １６日は、三八では、落雷や突風に注意してください。
青森地方気象台,2021-12-16T06:55:00+09:00,青森県,,低気圧が日本海西部にあって東へ進んでいます。一方、高気圧が四国の南にあって、東へ移動しています。  青森県は、曇りで雨や雪の降っている所があります。  １６日は、低気圧や気圧の谷の影響により、曇りや雨で、雷を伴う所があるでしょう。  １７日は、低気圧や気圧の谷の影響により、雨や曇りで、次第に冬型の気圧配置となるため雪に変わり、ふぶく所がある見込みです。また、雷を伴う所があるでしょう。  ＜天気変化等の留意点＞ １６日は、三八では、落雷や突風に注意してください。
青森地方気象台,2021-12-16T10:42:00+09:00,青森県,,低気圧が日本海にあって、東へ進んでいます。  青森県は、雨で山沿いでは雪の降っている所があります。  １６日は、低気圧や気圧の谷の影響により、雨や曇りで、雷を伴う所があるでしょう。  １７日は、冬型の気圧配置となるため、雨で雷を伴う所がありますが、次第に雪に変わり、ふぶく所がある見込みです。  ＜天気変化等の留意点＞ １６日は、三八では、落雷や突風に注意してください。
青森地方気象台,2021-12-16T16:41:00+09:00,青森県,,低気圧が日本海にあって、東へ進んでいます。  青森県は、曇りで雨の降っている所があります。  １６日夜は、低気圧の影響により、曇りで、雨や雷雨の所があるでしょう。  １７日は、低気圧が通過し強い冬型の気圧配置となるため、雨で雷を伴う所がありますが、次第に雪に変わり、ふぶく所がある見込みです。  ＜天気変化等の留意点＞ １７日は、三八では、ふぶきによる交通障害、強風、落雷や突風に注意してください。
青森地方気象台,2021-12-17T04:55:00+09:00,青森県,,低気圧が日本海にあって、東北東へ進んでいます。  青森県は、曇りで雨の降っている所があります。  １７日は、低気圧が北日本を通過し、強い冬型の気圧配置となるため、雨や雷雨となり、午後は次第に雪に変わり、ふぶく所があるでしょう。  １８日は、強い冬型の気圧配置が続くため、雪の降る所が多く、ふぶく所がある見込みです。  ＜天気変化等の留意点＞ １７日は、三八では、ふぶきによる交通障害、強風、落雷や突風に注意してください。
青森地方気象台,2021-12-17T10:42:00+09:00,青森県,,低気圧が北日本を通過中です。また、別の低気圧が房総半島付近にあって東北東へ進んでいます。  青森県は、曇りで雨や雪の降っている所があります。  １７日は、低気圧が北日本を通過し、強い冬型の気圧配置となるため、雨や雷雨となり、午後は次第に雪に変わり、ふぶく所があるでしょう。  １８日は、強い冬型の気圧配置が続くため、雪の降る所が多く、ふぶく所がある見込みです。  ＜天気変化等の留意点＞ １７日は、三八では、ふぶきによる交通障害、強風、落雷や突風に注意してください。
青森地方気象台,2021-12-17T16:52:00+09:00,青森県,,低気圧が関東の東にあって東北東へ進んでいます。また、別の低気圧が釧路沖にあって東へ進んでいます。  青森県は、雪や雨の降っている所が多くなっています。  １７日夜は、強い冬型の気圧配置となるため、雪の降る所が多く、雷を伴う所があるでしょう。  １８日は、強い冬型の気圧配置が続くため、雪の降る所が多く、昼前まで雷を伴う所がある見込みです。  なお、１８日にかけて荒れた天気となり、ふぶく所があるでしょう。  ＜天気変化等の留意点＞ １８日は、三八では、ふぶきによる交通障害、強風、落雷や突風に注意してください。
青森地方気象台,2021-12-18T04:54:00+09:00,青森県,,日本付近は強い冬型の気圧配置となっています。  青森県は、雪となっています。  １８日は、強い冬型の気圧配置が続くため、雪でふぶき、昼前まで雷を伴う所があるでしょう。  １９日は、寒気や低気圧の影響により、曇りで、朝晩を中心に雪の降る所がある見込みです。  ＜天気変化等の留意点＞ １８日は、三八では、大雪やふぶきによる交通障害、強風、電線等への着雪、落雷や突風に注意してください。
青森地方気象台,2021-12-18T10:38:00+09:00,青森県,,日本付近は強い冬型の気圧配置となっています。  青森県は、雪の降っている所が多くなっています。  １８日は、強い冬型の気圧配置が続くため、雪でふぶく所があるでしょう。  １９日は、寒気や低気圧の影響により、曇りで、朝晩を中心に雪の降る所が多い見込みです。  ＜天気変化等の留意点＞ １８日は、三八では、ふぶきによる交通障害、強風に注意してください。
青森地方気象台,2021-12-18T16:36:00+09:00,青森県,,日本付近は冬型の気圧配置となっています。  青森県は、雪の降っている所が多くなっています。  １８日夜は、冬型の気圧配置が続くため、雪や曇りで、ふぶく所があるでしょう。  １９日は、寒気や低気圧の影響により、津軽と下北では曇りで、朝晩を中心に雪の降る所がある見込みです。三八上北では曇りや晴れで、雪の降る所があるでしょう。  ＜天気変化等の留意点＞ １９日は、特にありません。
青森地方気象台,2021-12-19T04:58:00+09:00,青森県,,北日本は冬型の気圧配置となっています。また、低気圧が日本海にあって南東へ進んでいます。  青森県は、雪や曇りとなっています。  １９日は、寒気や低気圧の影響により、朝晩を中心に雪の降る所が多いでしょう。また、夕方まで雷を伴う所がある見込みです。  ２０日は、気圧の谷や湿った空気の影響により、曇りで、朝晩を中心に雪や雨の降る所が多いでしょう。  ＜天気変化等の留意点＞ １９日は、三八では、落雷や突風に注意してください。
青森地方気象台,2021-12-19T10:37:00+09:00,青森県,,北日本は冬型の気圧配置となっています。また、低気圧が日本海にあって南東へ進んでいます。  青森県は、雪や曇りとなっています。  １９日は、寒気や低気圧の影響により、雪の降る所が多いでしょう。夕方まで雷を伴う所がある見込みです。  ２０日は、気圧の谷や湿った空気の影響により、曇りで、朝晩を中心に雪や雨の降る所が多いでしょう。  ＜天気変化等の留意点＞ １９日は、三八では、落雷や突風に注意してください。
青森地方気象台,2021-12-19T16:40:00+09:00,青森県,,北日本は冬型の気圧配置となっています。また、低気圧が三陸沖にあって東南東へ進んでいます。  青森県は、雪や曇りとなっています。  １９日夜は、冬型の気圧配置のため、雪の降る所が多く、雷を伴う所があるでしょう。  ２０日は、気圧の谷や湿った空気の影響により、曇りで、朝晩は雪や雨の降る所が多く、雷を伴う所がある見込みです。  ＜天気変化等の留意点＞ ２０日は、三八では、落雷や突風に注意してください。
青森地方気象台,2021-12-20T04:44:00+09:00,青森県,,北日本は冬型の気圧配置となっています。  青森県は、雪や曇りとなっています。  ２０日は、冬型の気圧配置や気圧の谷の影響により、雪や曇りで、雷を伴う所があるでしょう。  ２１日は、寒冷前線が東北地方を通過し、冬型の気圧配置となるでしょう。雨や雪でふぶく所がある見込みです。また、昼前まで雷を伴う所があるでしょう。  ＜天気変化等の留意点＞ ２０日は、三八では、落雷や突風に注意してください。
青森地方気象台,2021-12-20T10:41:00+09:00,青森県,,北日本は冬型の気圧配置となっています。  青森県は、雪や曇りとなっています。  ２０日は、気圧の谷や湿った空気の影響により、曇りで、雪や雨が降り、雷を伴う所があるでしょう。  ２１日は、寒冷前線が東北地方を通過するため、曇りで、雨や雪が降り、雷を伴いふぶく所がある見込みです。  ＜天気変化等の留意点＞ ２０日は、三八では、落雷や突風に注意してください。
青森地方気象台,2021-12-20T16:45:00+09:00,青森県,,日本海は気圧の谷となっています。  青森県は、曇りで雪の降っている所があります。  ２０日夜は、気圧の谷や湿った空気の影響により、曇りや雪で、雷を伴う所があるでしょう。  ２１日は、寒冷前線が東北地方を通過するため、雨や雪で、昼前まで雷を伴う所がある見込みです。  ＜天気変化等の留意点＞ ２１日は、落雷や竜巻などの激しい突風、ひょうに注意してください。
青森地方気象台,2021-12-21T04:55:00+09:00,青森県,,低気圧が日本海北部にあって、東北東へ進んでいます。一方、高気圧が東シナ海にあって、東日本に張り出しています。  青森県は、雪や雨の所が多くなっています。  ２１日は、寒冷前線が東北地方を通過するため、曇りで雨や雪の降る所が多く、昼前まで雷を伴う所があるでしょう。  ２２日は、冬型の気圧配置となるため、津軽と下北では、雪の降る所が多い見込みです。三八上北では、曇りで雪の降る所があるでしょう。  ＜天気変化等の留意点＞ ２１日は、三八では、落雷や竜巻などの激しい突風、ひょうに注意してください。
青森地方気象台,2021-12-21T10:32:00+09:00,青森県,,低気圧が北海道付近にあって、東北東へ進んでいます。  青森県は、曇りで雨や雪の降っている所があります。  ２１日は、寒冷前線が東北地方を通過するため、曇りで、雨や雪の降る所や雷を伴う所があるでしょう。  ２２日は、冬型の気圧配置となるため、雪や曇りで、ふぶく所がある見込みです。  ＜天気変化等の留意点＞ ２１日は、三八では、落雷や突風に注意してください。
青森地方気象台,2021-12-21T16:35:00+09:00,青森県,,寒冷前線が東北地方を通過しています。  青森県は、曇りや晴れで雨や雪の降っている所があります。  ２１日夜は、冬型の気圧配置となるため、曇りで、雪の降る所があるでしょう。  ２２日は、冬型の気圧配置となるため、雪や曇りで、ふぶく所がある見込みです。  ＜天気変化等の留意点＞ ２２日は、三八では、ふぶきによる交通障害に注意してください。
青森地方気象台,2021-12-22T04:44:00+09:00,青森県,,北日本は、冬型の気圧配置となっています。  青森県は、曇りで、雪の降っている所があります。  ２２日は、冬型の気圧配置のため、雪や曇りで、ふぶく所や雷を伴う所があるでしょう。  ２３日は、冬型の気圧配置が続くため、雪や曇りの見込みです。  ＜天気変化等の留意点＞ ２２日は、三八では、ふぶきによる交通障害、落雷や突風に注意してください。
青森地方気象台,2021-12-22T10:38:00+09:00,青森県,,北日本は、冬型の気圧配置となっています。  青森県は、雪となっています。  ２２日は、冬型の気圧配置となるため、雪や曇りで、ふぶく所があるでしょう。  ２３日は、冬型の気圧配置が続くため、雪や曇りの見込みです。  ＜天気変化等の留意点＞ ２２日は、三八では、ふぶきによる交通障害に注意してください。
青森地方気象台,2021-12-22T16:37:00+09:00,青森県,,北日本は、冬型の気圧配置となっています。  青森県は、雪や曇りとなっています。  ２２日夜は、冬型の気圧配置が続くため、雪や曇りでしょう。  ２３日は、冬型の気圧配置が続くため、雪や曇りの見込みです。  ＜天気変化等の留意点＞ ２３日は、特にありません。
青森地方気象台,2021-12-23T04:41:00+09:00,青森県,,北日本は、冬型の気圧配置となっています。  青森県は、雪や曇りとなっています。  ２３日は、冬型の気圧配置が続くため、雪や曇りでしょう。  ２４日は、冬型の気圧配置が続くため、雪や曇りの見込みです。  ＜天気変化等の留意点＞ ２３日は、特にありません。
青森地方気象台,2021-12-23T10:34:00+09:00,青森県,,北日本は、冬型の気圧配置となっています。  青森県は、曇りや雪となっています。  ２３日は、冬型の気圧配置が続くため、雪や曇りでしょう。  ２４日は、冬型の気圧配置が続くため、雪や曇りの見込みです。  ＜天気変化等の留意点＞ ２３日は、特にありません。
青森地方気象台,2021-12-23T16:36:00+09:00,青森県,,北日本は、冬型の気圧配置となっています。  青森県は、曇りで雪の降っている所があります。  ２３日夜は、冬型の気圧配置が続くため、雪や曇りでしょう。  ２４日は、冬型の気圧配置が続くため、雪や曇りの見込みです。  ＜天気変化等の留意点＞ ２４日は、特にありません。
青森地方気象台,2021-12-24T04:55:00+09:00,青森県,,北日本は、冬型の気圧配置となっています。  青森県は、曇りや晴れで、雪の降っている所があります。  ２４日は、気圧の谷や寒気の影響により、雪や曇りでしょう。  ２５日は、冬型の気圧配置となるため、雪や曇りで、ふぶく所がある見込みです。  ＜天気変化等の留意点＞ ２４日は、特にありません。
青森地方気象台,2021-12-24T10:33:00+09:00,青森県,,北日本は、冬型の気圧配置となっています。また、低気圧が関東の東にあって東北東へ進んでいます。  青森県は、雪や曇りとなっています。  ２４日は、気圧の谷や寒気の影響により、雪や曇りでしょう。  ２５日は、冬型の気圧配置となるため、雪や曇りで、ふぶく所がある見込みです。  ＜天気変化等の留意点＞ ２４日は、特にありません。
青森地方気象台,2021-12-24T16:40:00+09:00,青森県,,日本海は気圧の谷となっています。また、低気圧が関東の東にあって東北東へ進んでいます。  青森県は、曇りや雪で強く降っている所があります。  ２４日夜は、気圧の谷や寒気の影響により、雪や曇りでしょう。  ２５日は、冬型の気圧配置となるため、雪や曇りで、ふぶく所がある見込みです。  ＜天気変化等の留意点＞ ２５日は、三八では、落雷や突風、ふぶきによる交通障害に注意してください。
青森地方気象台,2021-12-25T04:55:00+09:00,青森県,,北日本は冬型の気圧配置となっています。  青森県は、曇りや雪となっています。  ２５日は、冬型の気圧配置が続くため、雪や曇りで、昼前から雷を伴う所があるでしょう。  ２６日は、低気圧や寒気の影響により、雪や曇りで、ふぶく所や雷を伴う所がある見込みです。  ＜天気変化等の留意点＞ ２５日は、三八では、大雪による交通障害、電線や樹木への着雪、落雷や突風に注意してください。
青森地方気象台,2021-12-25T10:49:00+09:00,青森県,,北日本は、冬型の気圧配置となっています。また、低気圧が日本の東にあって、北東へ進んでいます。  青森県は、雪や曇りとなっています。  ２５日は、冬型の気圧配置が続くため、雪でふぶき雷を伴う所があるでしょう。  ２６日は、低気圧や寒気の影響により、雪でふぶき雷を伴う所がある見込みです。  なお、２６日は津軽と三八上北では荒れた天気となる見込みです。  ＜天気変化等の留意点＞ ２５日は、三八では、落雷や突風、低温に注意してください。
青森地方気象台,2021-12-25T16:47:00+09:00,青森県,,日本付近は、冬型の気圧配置となっています。  青森県は、雪や曇りとなっています。  ２５日夜は、冬型の気圧配置が続くため、雪でふぶき雷を伴う所があるでしょう。  ２６日は、低気圧や寒気の影響により、雪でふぶき雷を伴う所がある見込みです。  なお、２６日は津軽と三八上北では荒れた天気となる見込みです。  ＜天気変化等の留意点＞ ２６日は、三八では、ふぶきや吹きだまりによる交通障害、落雷や突風、低温に注意してください。
青森地方気象台,2021-12-26T04:59:00+09:00,青森県,,日本付近は、強い冬型の気圧配置となっています。また、低気圧が北海道の西にあって南へ進んでいます。  青森県は、雪や曇りとなっています。  ２６日は、低気圧や寒気の影響により、雪や曇りで、雷を伴う所があるでしょう。また、ふぶく所がある見込みです。  ２７日は、強い冬型の気圧配置のため、雪や曇りで、雷を伴う所があるでしょう。  ＜天気変化等の留意点＞ ２６日は、三八では、ふぶきや吹きだまりによる交通障害、落雷や竜巻などの激しい突風、低温に注意してください。
青森地方気象台,2021-12-26T10:34:00+09:00,青森県,,日本付近は、強い冬型の気圧配置となっています。また、低気圧が渡島半島付近にあって南へ進んでいます。  青森県は、雪や曇りとなっています。  ２６日は、低気圧や寒気の影響により、雪や曇りで、雷を伴う所があるでしょう。また、ふぶく所がある見込みです。  ２７日は、強い冬型の気圧配置のため、雪や曇りで、雷を伴う所があるでしょう。また、ふぶく所がある見込みです。  ＜天気変化等の留意点＞ ２６日は、三八では、ふぶきや吹きだまりによる交通障害、落雷や竜巻などの激しい突風、低温に注意してください。
青森地方気象台,2021-12-26T16:46:00+09:00,青森県,,日本付近は、強い冬型の気圧配置となっています。また、気圧の谷が東北地方を通過しています。  青森県は、曇りや雪となっています。  ２６日夜は、強い冬型の気圧配置のため、雪や曇りで、雷を伴う所があるでしょう。また、ふぶく所がある見込みです。  ２７日は、強い冬型の気圧配置のため、雪や曇りで、雷を伴う所があるでしょう。また、ふぶく所がある見込みです。  ＜天気変化等の留意点＞ ２７日は、三八では、落雷や突風、低温に注意してください。
青森地方気象台,2021-12-27T04:42:00+09:00,青森県,,日本付近は、強い冬型の気圧配置となっています。  青森県は、雪や曇りとなっています。  ２７日は、強い冬型の気圧配置が続くため、雪や曇りで、雷を伴う所があるでしょう。また、ふぶく所がある見込みです。  ２８日は、冬型の気圧配置のため、雪や曇りで、雷を伴う所があるでしょう。また、ふぶく所がある見込みです。  ＜天気変化等の留意点＞ ２７日は、三八では、落雷や突風、低温に注意してください。
青森地方気象台,2021-12-27T10:42:00+09:00,青森県,,日本付近は、強い冬型の気圧配置となっています。  青森県は、雪で強く降っている所があります。  ２７日は、強い冬型の気圧配置が続くため、雪や曇りで、雷を伴う所があるでしょう。また、ふぶく所がある見込みです。  ２８日は、冬型の気圧配置が続くため、雪や曇りで、雷を伴う所があるでしょう。また、ふぶく所がある見込みです。  ＜天気変化等の留意点＞ ２７日は、三八では、大雪による交通障害、落雷や突風、低温に注意してください。
青森地方気象台,2021-12-27T16:38:00+09:00,青森県,,日本付近は、強い冬型の気圧配置となっています。  青森県は、雪や曇りとなっています。  ２７日夜は、強い冬型の気圧配置が続くため、雪でふぶく所があるでしょう。雷を伴う所がある見込みです。  ２８日は、冬型の気圧配置が続くため、雪や曇りでふぶく所があるでしょう。昼前まで雷を伴う所がある見込みです。  ＜天気変化等の留意点＞ ２８日は、三八では、大雪による交通障害、落雷や突風、低温に注意してください。
青森地方気象台,2021-12-28T04:53:00+09:00,青森県,,日本付近は、強い冬型の気圧配置となっています。  青森県は、雪となっています。  ２８日は、冬型の気圧配置が続くため、雪や曇りで、昼前まで雷を伴う所があるでしょう。  ２９日は、気圧の谷や寒気の影響により、曇りや晴れですが、昼前から雪や雨の降る所が多くなり、雷を伴う所がある見込みです。  ＜天気変化等の留意点＞ ２８日は、三八では、大雪による交通障害、落雷や突風、低温に注意してください。
青森地方気象台,2021-12-28T10:36:00+09:00,青森県,,日本付近は、冬型の気圧配置となっています。  青森県は、雪や曇りとなっています。  ２８日は、冬型の気圧配置が続くため、雪や曇りでしょう。  ２９日は、気圧の谷や寒気の影響により、曇りで、昼前から雪や雨の降る所が多くなり、雷を伴う所がある見込みです。  ＜天気変化等の留意点＞ ２８日は、三八では、大雪による交通障害に注意してください。
青森地方気象台,2021-12-28T16:33:00+09:00,青森県,,北日本は、冬型の気圧配置となっています。  青森県は、雪や曇りとなっています。  ２８日夜は、冬型の気圧配置が続くため、雪や曇りでしょう。  ２９日は、気圧の谷や寒気の影響により、雪や雨の降る所が多く、昼前からは雷を伴う所がある見込みです。  ＜天気変化等の留意点＞ ２９日は、三八では、落雷や突風に注意してください。
青森地方気象台,2021-12-29T04:51:00+09:00,青森県,,本州付近は、高気圧に緩やかに覆われています。一方、低気圧が日本海にあって北東へ進んでいます。  青森県は、曇りや晴れで、雪の降っている所があります。  ２９日は、低気圧が日本海を北東へ進むため、曇りで、昼前から雪や雨の降る所が多くなるでしょう。雷を伴う所もある見込みです。  ３０日は、低気圧からのびる寒冷前線が東北地方を通過するため、雪や曇りで、雷を伴う所がある見込みです。  ＜天気変化等の留意点＞ ２９日は、三八では、落雷や突風に注意してください。
青森地方気象台,2021-12-29T10:48:00+09:00,青森県,,本州付近は、高気圧に緩やかに覆われています。一方、低気圧が日本海にあって東北東へ進んでいます。  青森県は、曇りや晴れで雪や雨の降っている所があります。  ２９日は、低気圧や湿った空気の影響により、曇りで雪や雨が降り、雷を伴う所があるでしょう。  ３０日は、低気圧からのびる寒冷前線が東北地方を通過するため、雪や曇りで、雷を伴う所がある見込みです。  ＜天気変化等の留意点＞ ２９日は、三八では、落雷や突風に注意してください。
青森地方気象台,2021-12-29T16:56:00+09:00,青森県,,低気圧が日本海にあって東北東へ進んでいます。一方、高気圧が日本の東にあって、東へ移動しています。  青森県は、曇りで雪や雨の降っている所があります。  ２９日夜は、低気圧や湿った空気の影響により、雨や雪の降る所が多く、雷を伴う所があるでしょう。  ３０日は、低気圧からのびる寒冷前線が東北地方を通過するため、雪や曇りで、昼前まで雷を伴う所がある見込みです。  ＜天気変化等の留意点＞ ３０日は、三八では、落雷や突風に注意してください。
青森地方気象台,2021-12-30T08:06:00+09:00,青森県,,発達中の低気圧が宗谷海峡付近にあって、低気圧からのびる寒冷前線が東北地方を通過しています。  青森県は、曇りで、雪や雨の降っている所があります。  ３０日は、寒冷前線が東北地方を通過し、次第に冬型の気圧配置となるため、雪や曇りでしょう。  ３１日は、冬型の気圧配置が強まるため、雪や曇りでふぶく所がある見込みです。  ＜天気変化等の留意点＞ ３０日は、特にありません。
青森地方気象台,2021-12-30T10:34:00+09:00,青森県,,発達中の低気圧がオホーツク海にあって、低気圧からのびる寒冷前線が東北地方を通過しています。  青森県は、曇りで雪の降っている所があります。  ３０日は、寒冷前線が東北地方を通過し、次第に冬型の気圧配置となるため、雪や曇りでしょう。  ３１日は、冬型の気圧配置が強まるため、雪や曇りで、ふぶく所がある見込みです。  ＜天気変化等の留意点＞ ３０日は、特にありません。
青森地方気象台,2021-12-30T16:42:00+09:00,青森県,,発達中の低気圧が日本の東にあって、北東へ進んでいます。  青森県は、曇りや雪で強く降っている所があります。  ３０日夜は、冬型の気圧配置となるため、雪や曇りで、雷を伴う所があるでしょう。  ３１日は、冬型の気圧配置が強まるため、雪や曇りで、雷を伴う所がある見込みです。また、ふぶく所があるでしょう。  ＜天気変化等の留意点＞ ３１日は、三八では、落雷や突風、低温に注意してください。
青森地方気象台,2021-12-31T04:54:00+09:00,青森県,,日本付近は、強い冬型の気圧配置となっています。  青森県は、雪の降っている所が多くなっています。  ３１日は、強い冬型の気圧配置のため、雪や曇りで、雷を伴う所があるでしょう。  １月１日は、強い冬型の気圧配置が続くため、雪や曇りで、雷を伴う所がある見込みです。  ＜天気変化等の留意点＞ ３１日は、三八では、落雷や突風、低温に注意してください。
青森地方気象台,2021-12-31T10:32:00+09:00,青森県,,日本付近は、強い冬型の気圧配置となっています。  青森県は、雪や曇りとなっています。  ３１日は、強い冬型の気圧配置のため、雪で、ふぶく所や雷を伴う所があるでしょう。  １月１日は、強い冬型の気圧配置が続くため、雪や曇りで、ふぶく所がある見込みです。夕方まで雷を伴う所があるでしょう。  ＜天気変化等の留意点＞ ３１日は、三八では、落雷や突風、低温に注意してください。
青森地方気象台,2021-12-31T16:38:00+09:00,青森県,,日本付近は、強い冬型の気圧配置となっています。  青森県は、雪や曇りとなっています。  ３１日夜は、強い冬型の気圧配置のため、雪で、ふぶく所や雷を伴う所があるでしょう。  １月１日は、強い冬型の気圧配置が続くため、雪や曇りで、ふぶく所がある見込みです。夕方まで雷を伴う所があるでしょう。  ＜天気変化等の留意点＞ １月１日は、三八では、落雷や突風、低温に注意してください。
