publishingOffice,reportDatetime,targetArea,headlineText,text
銚子地方気象台,2021-12-15T16:35:00+09:00,千葉県,,　九州に中心を持つ高気圧が、東へ移動しています。  　千葉県は、晴れています。  　１５日は、高気圧に覆われるため、晴れるでしょう。  　１６日は、高気圧が日本の東へ移動し、夜には前線が東海道沖にのびてくる見込みです。このため、晴れで夕方から曇りとなる見込みです。  　千葉県の太平洋沿岸の海上では、１５日から１６日にかけて、波がやや高いでしょう。
銚子地方気象台,2021-12-16T04:42:00+09:00,千葉県,,　高気圧が四国の南にあって東へ移動しています。  　千葉県は、晴れとなっています。  　１６日は、高気圧が日本の東へ移動し、夜には前線が東海道沖にのびてくるため、晴れで昼過ぎから曇りとなるでしょう。  　１７日は、前線上の低気圧が、東海道沖から日本の東へ進み、次第に冬型の気圧配置となるため、雨で昼過ぎから曇り、昼前まで雷を伴う所がある見込みです。  　千葉県の太平洋沿岸の海上では、１６日は、波がやや高いでしょう。１７日は、しけとなる見込みです。船舶は高波に注意してください。
銚子地方気象台,2021-12-16T10:33:00+09:00,千葉県,,　高気圧が日本の南にあって東へ移動しています。一方、前線を伴った低気圧が東シナ海にあって東に進んでいます。  　千葉県は、おおむね晴れています。  　１６日は、高気圧が日本の東へ移動し、夜には前線が東海道沖にのびてくるため、晴れで昼過ぎから曇りとなるでしょう。  　１７日は、前線上の低気圧が、東海道沖から日本の東へ進み、次第に冬型の気圧配置となるため、雨で昼前まで雷を伴う所がありますが、昼過ぎから曇りとなる見込みです。  　千葉県の太平洋沿岸の海上では、１６日は、波がやや高いでしょう。１７日は、しけとなる見込みです。船舶は高波に注意してください。
銚子地方気象台,2021-12-16T16:34:00+09:00,千葉県,,　高気圧が日本の南にあって東へ移動しています。一方、前線を伴った低気圧が東シナ海にあって東に進んでいます。  　千葉県は、おおむね曇りとなっています。  　１６日は、高気圧が日本の東へ移動し、夜には前線が東海道沖にのびてくるため、曇りとなるでしょう。  　１７日は、前線上の低気圧が、東海道沖から日本の東へ進み、次第に冬型の気圧配置となるため、雨で明け方から昼前は雷を伴う所がありますが、昼過ぎから曇りとなる見込みです。  　千葉県の太平洋沿岸の海上では、１６日は、波がやや高いでしょう。１７日は、しけとなる見込みです。船舶は高波に注意してください。  ＜天気変化等の留意点＞ 　１７日は、雷雨になる所がある見込みです。急な強い雨、落雷、竜巻などの激しい突風、降ひょうに注意してください。強風やしけとなる所がある見込みです。飛散物、海岸での作業に注意してください。
銚子地方気象台,2021-12-17T04:47:00+09:00,千葉県,,　前線を伴った低気圧が、紀伊半島付近を東北東へ進んでいます。  　千葉県は、雨となっています。  　１７日は、低気圧が東海道沖から日本の東へ進み、次第に冬型の気圧配置となるでしょう。このため、雨昼過ぎから曇りで、昼前まで雷を伴う所があるでしょう。  　１８日は、冬型の気圧配置が強まる見込みです。このため、晴れるでしょう。  　千葉県の太平洋沿岸の海上では、１７日から１８日にかけて、しけとなるでしょう。船舶は高波に注意してください。  ＜天気変化等の留意点＞ 　１７日は、雷雨になる所がある見込みです。急な強い雨、落雷、竜巻などの激しい突風、降ひょうに注意してください。強風やしけとなる所がある見込みです。飛散物、海岸での作業に注意してください。
銚子地方気象台,2021-12-17T11:20:00+09:00,千葉県,,　前線を伴った低気圧が、伊豆諸島付近を東北東へ進んでいます。  　千葉県は、おおむね曇りとなっています。  　１７日は、低気圧が日本の東へ進み、次第に冬型の気圧配置となるでしょう。このため曇りで、昼前は雨の降る所がある見込みです。  　１８日は、冬型の気圧配置が強まるでしょう。このため、おおむね晴れる見込みです。  　千葉県の太平洋沿岸の海上では、１７日から１８日にかけて、しけとなるでしょう。船舶は高波に注意してください。  ＜天気変化等の留意点＞ 　１７日は、強風やしけとなる所がある見込みです。飛散物、海岸での作業に注意してください。
銚子地方気象台,2021-12-17T16:43:00+09:00,千葉県,,　前線を伴った低気圧が、日本の東を発達しながら東北東へ進み、本州付近は冬型の気圧配置となってきています。  　千葉県は、おおむね曇りで、雨の降っている所があります。  　１７日は、冬型の気圧配置が次第に強まりますが、気圧の谷や寒気の影響を受けるため、曇りで雨や雷雨となる所がある見込みです。  　１８日は、強い冬型の気圧配置となるため、おおむね晴れるでしょう。  　千葉県の太平洋沿岸の海上では、１７日から１８日にかけて、しけとなるでしょう。船舶は高波に注意してください。  ＜天気変化等の留意点＞ 　１８日は、強風やしけとなる所がある見込みです。飛散物、海岸での作業に注意してください。
銚子地方気象台,2021-12-18T04:34:00+09:00,千葉県,,　日本付近は、強い冬型の気圧配置となっています。  　千葉県は、晴れや曇りとなっています。  　１８日は、午前中を中心に強い冬型の気圧配置となりますが、気圧の谷の影響により、晴れで朝晩は雲の広がる所があるでしょう。  　１９日は、冬型の気圧配置が続くため、おおむね晴れとなる見込みです。  　千葉県の太平洋沿岸の海上では、１８日は、うねりを伴いしけとなるでしょう。１９日は、波が高い見込みです。船舶は高波に注意してください。  ＜天気変化等の留意点＞ 　１８日は、強風やうねりを伴いしけとなる所がある見込みです。飛散物、海岸での作業に注意してください。
銚子地方気象台,2021-12-18T10:35:00+09:00,千葉県,,　日本付近は、強い冬型の気圧配置となっています。  　千葉県は、晴れています。  　１８日は、冬型の気圧配置が続くため、晴れるでしょう。  　１９日は、冬型の気圧配置が続くため、晴れる見込みです。  　千葉県の太平洋沿岸の海上では、１８日は、うねりを伴い波が高いでしょう。１９日は、波が高い見込みです。船舶は高波に注意してください。  ＜天気変化等の留意点＞ 　１８日は、強風やうねりを伴い波が高くなる所がある見込みです。飛散物、海岸での作業に注意してください。
銚子地方気象台,2021-12-18T16:35:00+09:00,千葉県,,　日本付近は、冬型の気圧配置となっています。  　千葉県は、晴れています。  　１８日は、冬型の気圧配置が続くため、おおむね晴れで、夜遅くは曇りとなる所があるでしょう。  　１９日は、冬型の気圧配置が続くため、おおむね晴れる見込みです。  　千葉県の太平洋沿岸の海上では、１８日は、うねりを伴い波がやや高いでしょう。１９日は、波が高い見込みです。船舶は高波に注意してください。  ＜天気変化等の留意点＞ 　１９日は、強風や波が高くなる所がある見込みです。飛散物、海岸での作業に注意してください。
銚子地方気象台,2021-12-19T04:48:00+09:00,千葉県,,　日本付近は、冬型の気圧配置となっています。また、日本海には低気圧があって東南東へ進んでいます。  　千葉県は、おおむね晴れています。  　１９日は、冬型の気圧配置が続くため、晴れるでしょう。  　２０日は、冬型の気圧配置が緩み、高気圧に覆われるため、晴れる見込みです。  　千葉県の太平洋沿岸の海上では、１９日から２０日にかけて、波が高いでしょう。船舶は高波に注意してください。  ＜天気変化等の留意点＞ 　１９日は、強風や波が高くなる所がある見込みです。飛散物、海岸での作業に注意してください。
銚子地方気象台,2021-12-19T10:33:00+09:00,千葉県,,　日本付近は、冬型の気圧配置となっています。また、低気圧が日本海にあって東南東へ進んでいます。  　千葉県は、晴れています。  　１９日は、冬型の気圧配置が続くため、晴れるでしょう。  　２０日は、冬型の気圧配置が緩み、高気圧に覆われるため、晴れる見込みです。  　千葉県の太平洋沿岸の海上では、１９日から２０日にかけて、波が高いでしょう。船舶は高波に注意してください。  ＜天気変化等の留意点＞ 　１９日は、強風や波が高くなる所がある見込みです。飛散物、海岸での作業に注意してください。
銚子地方気象台,2021-12-19T16:33:00+09:00,千葉県,,　日本付近は、冬型の気圧配置となっています。また、低気圧が三陸沖にあって東南東へ進んでいます。  　千葉県は、晴れています。  　１９日は、冬型の気圧配置が続くため、晴れるでしょう。  　２０日は、冬型の気圧配置が緩み、高気圧に覆われますが、湿った空気の影響を受けるため、晴れ昼過ぎから時々曇りの見込みです。  　千葉県の太平洋沿岸の海上では、１９日から２０日にかけて、波が高いでしょう。船舶は高波に注意してください。  ＜天気変化等の留意点＞ 　２０日は、強風や波が高くなる所がある見込みです。飛散物、海岸での作業に注意してください。
銚子地方気象台,2021-12-20T04:34:00+09:00,千葉県,,　日本付近は、冬型の気圧配置となっています。  　千葉県は、晴れています。  　２０日は、冬型の気圧配置が緩み、高気圧に覆われますが、気圧の谷や湿った空気の影響を受けるため、晴れで昼過ぎから時々曇りとなるでしょう。  　２１日は、高気圧に覆われるため、おおむね晴れる見込みです。  　千葉県の太平洋沿岸の海上では、２０日は、波がやや高いでしょう。２１日は、波が高い見込みです。船舶は高波に注意してください。
銚子地方気象台,2021-12-20T10:36:00+09:00,千葉県,,　本州付近は、弱い冬型の気圧配置となっています。  　千葉県は、晴れています。  　２０日は、高気圧に覆われますが、気圧の谷や湿った空気の影響を受けるため、晴れ時々曇りとなるでしょう。  　２１日は、高気圧に覆われるため、おおむね晴れる見込みです。  　千葉県の太平洋沿岸の海上では、２０日は、波がやや高いでしょう。２１日は、波が高い見込みです。船舶は高波に注意してください。
銚子地方気象台,2021-12-20T16:35:00+09:00,千葉県,,　東シナ海に中心を持つ高気圧が、西日本から東日本に張り出しています。一方、伊豆諸島付近は気圧の谷となっています。  　千葉県は、晴れや曇りとなっています。  　２０日は、高気圧に覆われますが、気圧の谷や湿った空気の影響により、曇りとなるでしょう。  　２１日は、高気圧に覆われるため、おおむね晴れる見込みです。  　千葉県の太平洋沿岸の海上では、２０日は、波がやや高いでしょう。２１日は、波が高い見込みです。船舶は高波に注意してください。  ＜天気変化等の留意点＞ 　２１日は、強風や波が高くなる所がある見込みです。飛散物、海岸での作業に注意してください。
銚子地方気象台,2021-12-21T04:35:00+09:00,千葉県,,　高気圧が東シナ海にあって西日本から東日本へ張り出しています。一方、低気圧が日本海北部にあって東北東へ進んでいます。  　千葉県は、晴れとなっています。  　２１日は、高気圧に覆われるため、晴れるでしょう。  　２２日は、北日本中心に冬型の気圧配置が強まり、気圧の谷や寒気の影響を受けるため、晴れ昼過ぎから時々曇りの見込みです。  　千葉県の太平洋沿岸の海上では、２１日から２２日にかけて、波が高いでしょう。船舶は高波に注意してください。  ＜天気変化等の留意点＞ 　２１日は、強風や波が高くなる所がある見込みです。飛散物、海岸での作業に注意してください。
銚子地方気象台,2021-12-21T10:33:00+09:00,千葉県,,　高気圧が西日本から東日本へ張り出しています。一方、低気圧が北海道付近にあって東北東へ進んでいます。  　千葉県は、晴れています。  　２１日は、高気圧に覆われるため、晴れるでしょう。  　２２日は、北日本中心に冬型の気圧配置が強まりますが、気圧の谷や寒気の影響を受けるため、晴れ昼過ぎから時々曇りの見込みです。  　千葉県の太平洋沿岸の海上では、２１日から２２日にかけて、波が高いでしょう。船舶は高波に注意してください。  ＜天気変化等の留意点＞ 　２１日は、強風や波が高くなる所がある見込みです。飛散物、海岸での作業に注意してください。
銚子地方気象台,2021-12-21T16:34:00+09:00,千葉県,,　高気圧が西日本から東日本へ張り出しています。一方、日本海は気圧の谷となっています。  　千葉県は、晴れています。  　２１日は、高気圧に覆われるため、晴れるでしょう。  　２２日は、北日本中心に冬型の気圧配置が強まりますが、気圧の谷や寒気の影響を受けるため、晴れ昼過ぎから時々曇りの見込みです。  　千葉県の太平洋沿岸の海上では、２１日から２２日にかけて、波が高いでしょう。船舶は高波に注意してください。  ＜天気変化等の留意点＞ 　２２日は、強風や波が高くなる所がある見込みです。飛散物、海岸での作業に注意してください。
銚子地方気象台,2021-12-22T04:43:00+09:00,千葉県,,　本州付近は、冬型の気圧配置となっています。  　千葉県は、晴れています。  　２２日は、冬型の気圧配置となりますが、気圧の谷や寒気の影響を受けるため、晴れで昼過ぎから時々曇りとなるでしょう。  　２３日は、冬型の気圧配置は次第に緩み、気圧の谷や湿った空気の影響により、曇りで朝から昼過ぎは晴れる見込みです。  　千葉県の太平洋沿岸の海上では、２２日から２３日にかけて、波がやや高いでしょう。  ＜天気変化等の留意点＞ 　２２日は、強風や波がやや高くなる所がある見込みです。飛散物、海岸での作業に注意してください。
銚子地方気象台,2021-12-22T10:37:00+09:00,千葉県,,　北日本から東日本は、冬型の気圧配置となっています。また、伊豆諸島付近は気圧の谷となっています。  　千葉県は、晴れています。  　２２日は、冬型の気圧配置となりますが、気圧の谷や寒気の影響を受けるため、晴れ時々曇りとなるでしょう。  　２３日は、冬型の気圧配置は次第に緩み、気圧の谷や湿った空気の影響を受けるため、晴れや曇りとなる見込みです。  　千葉県の太平洋沿岸の海上では、２２日から２３日にかけて、波がやや高いでしょう。  ＜天気変化等の留意点＞ 　２２日は、強風や波がやや高くなる所がある見込みです。飛散物、海岸での作業に注意してください。
銚子地方気象台,2021-12-22T16:37:00+09:00,千葉県,,　北日本から東日本は、冬型の気圧配置となっています。また、伊豆諸島付近は気圧の谷となっています。  　千葉県は、晴れや曇りとなっています。  　２２日は、冬型の気圧配置となりますが、気圧の谷や寒気の影響を受けるため、晴れ夜曇りとなるでしょう。  　２３日は、冬型の気圧配置は次第に緩み、気圧の谷や湿った空気の影響を受けるため、晴れ時々曇りとなる見込みです。  　千葉県の太平洋沿岸の海上では、２２日から２３日にかけて、波がやや高いでしょう。  ＜天気変化等の留意点＞ 　２３日は、強風や波がやや高くなる所がある見込みです。飛散物、海岸での作業に注意してください。
銚子地方気象台,2021-12-23T04:35:00+09:00,千葉県,,　日本付近は大陸の高気圧に緩やかに覆われています。一方、伊豆諸島付近は気圧の谷となっています。  　千葉県は、晴れや曇りとなっています。  　２３日は、高気圧に緩やかに覆われますが、気圧の谷や湿った空気の影響を受けるため、晴れ時々曇りとなるでしょう。  　２４日は、高気圧に緩やかに覆われますが、気圧の谷や日本の南海上を北東に進む低気圧の影響を受ける見込みです。このため、晴れ朝晩曇りで、夜は雨の降る所があるでしょう。  　千葉県の太平洋沿岸の海上では、２３日から２４日にかけて、波がやや高いでしょう。  ＜天気変化等の留意点＞ 　２３日は、強風や波がやや高くなる所がある見込みです。飛散物、海岸での作業に注意してください。
銚子地方気象台,2021-12-23T10:37:00+09:00,千葉県,,　西日本から東日本は、大陸の高気圧に緩やかに覆われています。一方、伊豆諸島付近は気圧の谷となっています。  　千葉県は、晴れています。  　２３日は、高気圧に緩やかに覆われますが、気圧の谷や湿った空気の影響を受けるため、晴れで夕方から曇りとなるでしょう。  　２４日は、高気圧に緩やかに覆われますが、気圧の谷や日本の南海上を北東に進む低気圧の影響を受けるため、晴れで朝晩曇りとなり、夜は雨の降る所があるでしょう。  　千葉県の太平洋沿岸の海上では、２３日から２４日にかけて、波がやや高いでしょう。
銚子地方気象台,2021-12-23T16:34:00+09:00,千葉県,,　西日本から東日本は、大陸の高気圧に緩やかに覆われています。一方、伊豆諸島付近は気圧の谷となっています。  　千葉県は、晴れや曇りとなっています。  　２３日は、高気圧に緩やかに覆われますが、気圧の谷や湿った空気の影響を受けるため、おおむね曇りとなるでしょう。  　２４日は、高気圧に緩やかに覆われますが、気圧の谷や日本の南海上を北東に進む低気圧の影響を受けるため、晴れ時々曇りで、夜遅くは雨の降る所があるでしょう。  　千葉県の太平洋沿岸の海上では、２３日から２４日にかけて、波がやや高いでしょう。
銚子地方気象台,2021-12-24T04:50:00+09:00,千葉県,,　西日本から東日本は、大陸の高気圧に緩やかに覆われています。一方、関東地方沿岸は気圧の谷となっています。  　千葉県は、晴れや曇りとなっています。  　２４日は、高気圧に緩やかに覆われますが、日本の南海上を東北東に進む低気圧や湿った空気の影響を受ける見込みです。このため、晴れ時々曇りで、夜遅くは雨の降る所があるでしょう。  　２５日は、はじめ低気圧や湿った空気の影響を受けますが、次第に冬型の気圧配置が強まる見込みです。このため、曇り後晴れで、明け方まで雨が降るでしょう。  　千葉県の太平洋沿岸の海上では、２４日は、波がやや高いでしょう。２５日は、波が高い見込みです。船舶は高波に注意してください。
銚子地方気象台,2021-12-24T10:37:00+09:00,千葉県,,　西日本から東日本は、大陸の高気圧に緩やかに覆われています。一方、関東の東には低気圧があって東北東へ進んでいます。  　千葉県は、おおむね晴れとなっています。  　２４日は、高気圧に緩やかに覆われますが、日本の南を東北東へ進む低気圧や、湿った空気の影響を受けるため、晴れ夜曇りで、夜遅くは雨の降る所があるでしょう。  　２５日は、低気圧が日本の南を東北東へ進み、次第に冬型の気圧配置が強まるため、曇り後晴れで、明け方まで雨となる見込みです。  　千葉県の太平洋沿岸の海上では、２４日は、波がやや高いでしょう。２５日は、波が高い見込みです。船舶は高波に注意してください。
銚子地方気象台,2021-12-24T16:33:00+09:00,千葉県,,　西日本から東日本は、大陸の高気圧に緩やかに覆われています。  　千葉県は、晴れとなっています。  　２４日は、高気圧に緩やかに覆われますが、日本の南を東北東へ進む低気圧や、湿った空気の影響を受けるため、晴れ後曇りで、夜遅く雨となるでしょう。  　２５日は、低気圧が日本の南を東北東へ進み、次第に冬型の気圧配置が強まるため、曇り後晴れで、明け方まで雨となる見込みです。  　千葉県の太平洋沿岸の海上では、２４日は、波がやや高いでしょう。２５日は、波が高い見込みです。船舶は高波に注意してください。  ＜天気変化等の留意点＞ 　２５日は、強風や波が高くなる所がある見込みです。飛散物、海岸での作業に注意してください。
銚子地方気象台,2021-12-25T04:46:00+09:00,千葉県,,　日本の南に低気圧があって、東北東へ進んでいます。  　千葉県は、雨となっています。  　２５日は、低気圧が日本の東へ進み、次第に冬型の気圧配置が強まるため、雨で昼前から曇りとなるでしょう。  　２６日は、冬型の気圧配置が続きますが、伊豆諸島付近は気圧の谷となるため、曇り時々晴れとなる見込みです。  　千葉県の太平洋沿岸の海上では、２５日から２６日にかけて、波が高いでしょう。船舶は高波に注意してください。  ＜天気変化等の留意点＞ 　２５日は、強風や波が高くなる所がある見込みです。飛散物、海岸での作業に注意してください。
銚子地方気象台,2021-12-25T10:38:00+09:00,千葉県,,　日本の東に低気圧があって、東北東へ進んでいます。  　千葉県は、曇りや晴れとなっています。  　２５日は、次第に冬型の気圧配置が強まり、寒気の影響を受けるため、曇り時々晴れで、夕方から夜のはじめ頃は雨や雪の降る所があるでしょう。  　２６日は、冬型の気圧配置が続き、伊豆諸島付近は気圧の谷となるため、曇り時々晴れとなる見込みです。  　千葉県の太平洋沿岸の海上では、２５日から２６日にかけて、波が高いでしょう。船舶は高波に注意してください。  ＜天気変化等の留意点＞ 　２５日は、強風や波が高くなる所がある見込みです。飛散物、海岸での作業に注意してください。
銚子地方気象台,2021-12-25T16:34:00+09:00,千葉県,,　日本付近は、冬型の気圧配置となっています。また、関東地方の沿岸部は気圧の谷となっています。  　千葉県は、曇りで雨の降っている所があります。  　２５日は、冬型の気圧配置が強まり、寒気の影響を受けるため、曇りで、夜のはじめ頃まで雨や雪の降る所があるでしょう。  　２６日は、冬型の気圧配置が続きますが、伊豆諸島付近は気圧の谷となるため、晴れや曇りとなる見込みです。  　千葉県の太平洋沿岸の海上では、２５日から２６日にかけて、波が高いでしょう。船舶は高波に注意してください。  ＜天気変化等の留意点＞ 　２６日は、強風や波が高くなる所がある見込みです。飛散物、海岸での作業に注意してください。
銚子地方気象台,2021-12-26T04:36:00+09:00,千葉県,,　日本付近は、強い冬型の気圧配置となっています。また、関東地方の沿岸部は気圧の谷となっています。  　千葉県は、おおむね曇りで、雪や雨の降っている所があります。  　２６日は、強い冬型の気圧配置が続き、伊豆諸島付近は気圧の谷となるため、曇り時々晴れとなるでしょう。  　２７日は、強い冬型の気圧配置が続くため、晴れ時々曇りとなる見込みです。  　千葉県の太平洋沿岸の海上では、２６日から２７日にかけて、波が高いでしょう。船舶は高波に注意してください。  ＜天気変化等の留意点＞ 　２６日は、強風や波が高くなる所がある見込みです。飛散物、海岸での作業に注意してください。
銚子地方気象台,2021-12-26T10:33:00+09:00,千葉県,,　日本付近は、強い冬型の気圧配置となっています。また、関東地方の沿岸部は気圧の谷となっています。  　千葉県は、晴れや曇りとなっています。  　２６日は、強い冬型の気圧配置が続き、伊豆諸島付近は気圧の谷となるため、曇り時々晴れとなるでしょう。  　２７日は、強い冬型の気圧配置が続くため、晴れ時々曇りとなる見込みです。  　千葉県の太平洋沿岸の海上では、２６日から２７日にかけて、波が高いでしょう。船舶は高波に注意してください。  ＜天気変化等の留意点＞ 　２６日は、強風や波が高くなる所がある見込みです。飛散物、海岸での作業に注意してください。
銚子地方気象台,2021-12-26T16:33:00+09:00,千葉県,,　日本付近は、強い冬型の気圧配置となっています。また、関東地方の沿岸部は気圧の谷となっています。  　 　千葉県は、晴れや曇りとなっています。  　２６日は、強い冬型の気圧配置が続き、関東地方の沿岸部は気圧の谷となるため、おおむね曇りとなるでしょう。  　２７日は、強い冬型の気圧配置が続くため、晴れ時々曇りとなる見込みです。  　千葉県の太平洋沿岸の海上では、２６日から２７日にかけて、波が高いでしょう。船舶は高波に注意してください。  ＜天気変化等の留意点＞ 　２７日は、強風や波が高くなる所がある見込みです。飛散物、海岸での作業に注意してください。
銚子地方気象台,2021-12-27T04:44:00+09:00,千葉県,,　日本付近は、強い冬型の気圧配置となっています。  　千葉県は、おおむね晴れています。  　２７日は、強い冬型の気圧配置が続くため、晴れ時々曇りとなるでしょう。  　２８日は、強い冬型の気圧配置が次第に緩むため、晴れ時々曇りとなる見込みです。  　千葉県の太平洋沿岸の海上では、２７日から２８日にかけて、波が高いでしょう。船舶は高波に注意してください。  ＜天気変化等の留意点＞ 　２７日は、強風や波が高くなる所がある見込みです。飛散物、海岸での作業に注意してください。
銚子地方気象台,2021-12-27T10:39:00+09:00,千葉県,,　日本付近は、強い冬型の気圧配置となっています。  　千葉県は、おおむね晴れています。  　２７日は、強い冬型の気圧配置が続くため、おおむね晴れるでしょう。  　２８日は、強い冬型の気圧配置が次第に緩むため、晴れ時々曇りとなる見込みです。  　千葉県の太平洋沿岸の海上では、２７日から２８日にかけて、波が高いでしょう。船舶は高波に注意してください。  ＜天気変化等の留意点＞ 　２７日は、強風や波が高くなる所がある見込みです。飛散物、海岸での作業に注意してください。
銚子地方気象台,2021-12-27T16:40:00+09:00,千葉県,,　日本付近は、強い冬型の気圧配置となっています。  　千葉県は、おおむね晴れています。  　２７日は、強い冬型の気圧配置が続くため、晴れ時々曇りとなるでしょう。  　２８日は、強い冬型の気圧配置は西から次第に緩むため、晴れ朝晩曇りとなる見込みです。  　千葉県の太平洋沿岸の海上では、２７日から２８日にかけて、波が高いでしょう。船舶は高波に注意してください。  ＜天気変化等の留意点＞ 　２８日は、強風や波が高くなる所がある見込みです。飛散物、海岸での作業に注意してください。
銚子地方気象台,2021-12-28T04:35:00+09:00,千葉県,,　日本付近は冬型の気圧配置となっています。  　千葉県は、おおむね晴れています。  　２８日は、冬型の気圧配置となりますが、湿った空気の影響により、晴れで夜は曇りとなるでしょう。  　２９日は、緩やかに高気圧に覆われますが、湿った空気の影響を受けるため、曇りで昼前から夕方は晴れとなる見込みです。  　千葉県の太平洋沿岸の海上では、２８日は、波が高いでしょう。船舶は高波に注意してください。２９日は、波がやや高い見込みです。  ＜天気変化等の留意点＞ 　２８日は、強風や波が高くなる所がある見込みです。飛散物、海岸での作業に注意してください。
銚子地方気象台,2021-12-28T10:40:00+09:00,千葉県,,　日本付近は北日本中心の冬型の気圧配置となっています。  　千葉県は、晴れています。  　２８日は、冬型の気圧配置は次第に緩みますが、気圧の谷の影響を受けるため、晴れ夜曇りとなるでしょう。  　２９日は、緩やかに高気圧に覆われますが、気圧の谷の影響を受けるため、曇りで昼前から夕方は晴れる見込みです。  　千葉県の太平洋沿岸の海上では、２８日から２９日にかけて、波がやや高いでしょう。
銚子地方気象台,2021-12-28T16:36:00+09:00,千葉県,,　北日本中心の冬型の気圧配置となっています。  　千葉県は、晴れています。  　２８日は、冬型の気圧配置は次第に緩みますが、気圧の谷の影響を受けるため、晴れ夜遅く曇りとなるでしょう。  　２９日は、緩やかに高気圧に覆われますが、気圧の谷の影響を受けるため、曇りで昼前からおおむね晴れる見込みです。  　千葉県の太平洋沿岸の海上では、２８日から２９日にかけて、波がやや高いでしょう。
銚子地方気象台,2021-12-29T04:47:00+09:00,千葉県,,　西日本から東日本は日本の南に中心を持つ高気圧に覆われています。一方、関東沿岸は気圧の谷となっています。  　千葉県は、おおむね曇りとなっています。  　２９日は、高気圧に覆われますが、気圧の谷や湿った空気の影響を受けるため、曇り時々晴れで、夜は雨や雷雨となる所があるでしょう。  　３０日は、はじめ気圧の谷や湿った空気の影響を受けますが、次第に冬型の気圧配置となる見込みです。このため、曇り昼前から時々晴れで、明け方まで雨や雷雨となる所があるでしょう。  　千葉県の太平洋沿岸の海上では、２９日は、波がやや高いでしょう。３０日は、波が高い見込みです。船舶は高波に注意してください。  ＜天気変化等の留意点＞ 　２９日は、雷雨になる所がある見込みです。急な強い雨、落雷、突風、降ひょうに注意してください。
銚子地方気象台,2021-12-29T10:35:00+09:00,千葉県,,　高気圧が日本の南にあって東へ移動しています。一方、低気圧が日本海にあって東北東へ進んでいます。また、関東の沿岸は気圧の谷となっています。  　千葉県は、晴れや曇りとなっています。  　２９日は、高気圧に覆われますが、気圧の谷や湿った空気の影響を受けるため、晴れ夜曇りで、雨や雷雨となる所があるでしょう。  　３０日は、はじめ気圧の谷や湿った空気の影響を受けますが、次第に冬型の気圧配置となるため、曇り昼前から時々晴れで、明け方まで雨や雷雨となる所があるでしょう。  　千葉県の太平洋沿岸の海上では、２９日は、波がやや高いでしょう。３０日は、波が高い見込みです。船舶は高波に注意してください。  ＜天気変化等の留意点＞ 　２９日は、雷雨になる所がある見込みです。急な強い雨、落雷、突風、降ひょうに注意してください。
銚子地方気象台,2021-12-29T16:33:00+09:00,千葉県,,　高気圧が日本の東にあって東へ移動しています。一方、低気圧が日本海にあって東北東へ進んでいます。また、伊豆諸島付近は気圧の谷となっています。　  　千葉県は、晴れや曇りとなっています。  　２９日は、高気圧に覆われますが、気圧の谷や湿った空気の影響を受けるため、晴れ夜曇りで、雨や雷雨となる所があるでしょう。  　３０日は、はじめ気圧の谷や湿った空気の影響を受けますが、次第に冬型の気圧配置となるため、晴れ朝晩曇りで、明け方まで雨や雷雨となる所がある見込みです。  　千葉県の太平洋沿岸の海上では、２９日は、波がやや高いでしょう。３０日は、波が高い見込みです。船舶は高波に注意してください。  ＜天気変化等の留意点＞ 　３０日は、雷雨になる所がある見込みです。急な強い雨、落雷、突風、降ひょうに注意してください。強風や波が高くなる所がある見込みです。飛散物、海岸での作業に注意してください。
銚子地方気象台,2021-12-30T04:48:00+09:00,千葉県,,　サハリン付近の低気圧からのびる寒冷前線が、北日本を通過しています。また、伊豆諸島付近を前線が通過しています。　  　千葉県は、晴れています。  　３０日は、次第に冬型の気圧配置となりますが、気圧の谷の影響を受けるため、晴れで夜は曇りとなるでしょう。  　３１日は、強い冬型の気圧配置となりますが、気圧の谷の影響を受けるため、曇り時々晴れとなる見込みです。  　千葉県の太平洋沿岸の海上では、３０日から３１日にかけて、うねりを伴い波が高いでしょう。船舶は高波に注意してください。  ＜天気変化等の留意点＞ 　３０日は、強風やうねりを伴い波が高くなる所がある見込みです。飛散物、海岸での作業に注意してください。
銚子地方気象台,2021-12-30T10:38:00+09:00,千葉県,,　オホーツク海付近の低気圧からのびる寒冷前線が、北日本を通過しています。また、伊豆諸島付近は気圧の谷となっています。　  　千葉県は、晴れています。  　３０日は、はじめ前線や湿った空気の影響を受けますが、次第に冬型の気圧配置となるため、晴れ時々曇りとなるでしょう。  　３１日は、強い冬型の気圧配置となりますが、気圧の谷の影響を受けるため、曇り時々晴れとなる見込みです。  　千葉県の太平洋沿岸の海上では、３０日から３１日にかけて、うねりを伴い波が高いでしょう。船舶は高波に注意してください。  ＜天気変化等の留意点＞ 　３０日は、強風やうねりを伴い波が高くなる所がある見込みです。飛散物、海岸での作業に注意してください。
銚子地方気象台,2021-12-30T16:39:00+09:00,千葉県,,　日本付近は、冬型の気圧配置となっています。  　千葉県は、晴れや曇りで雨の降っている所があります。  　３０日は、冬型の気圧配置が次第に強まりますが、気圧の谷の影響を受けるため、晴れ時々曇りで雨や雪の降る所があるでしょう。また雷を伴う所がある見込みです。  　３１日は、強い冬型の気圧配置となりますが、気圧の谷の影響を受けるため、曇り時々晴れで昼前まで雪や雨の降る所があるでしょう。また雷を伴う所ある見込みです。  　千葉県の太平洋沿岸の海上では、３０日は、波が高いでしょう。３１日は、しけとなる見込みです。船舶は高波に注意してください。  ＜天気変化等の留意点＞ 　３１日は、強風やしけとなる所がある見込みです。飛散物、海岸での作業に注意してください。
銚子地方気象台,2021-12-31T04:41:00+09:00,千葉県,,　日本付近は、冬型の気圧配置となっています。  　千葉県は、晴れや曇りで、雨や雪の降っている所があります。  　３１日は、強い冬型の気圧配置となり、気圧の谷や、寒気の影響を受けるため、晴れ時々曇りで、昼前まで雪や雨の降る所があるでしょう。また雷を伴う所がある見込みです。  　１月１日は、冬型の気圧配置は次第に緩み、東シナ海に中心を持つ高気圧が西日本から東日本へ張り出すため、晴れとなる見込みです。  　千葉県の太平洋沿岸の海上では、３１日は、しけとなるでしょう。１月１日は、波が高い見込みです。船舶は高波に注意してください。  ＜天気変化等の留意点＞ 　３１日は、雷雨になる所がある見込みです。急な強い雨、落雷、突風、降ひょうに注意してください。強風やしけとなる所がある見込みです。飛散物、海岸での作業に注意してください。
銚子地方気象台,2021-12-31T10:33:00+09:00,千葉県,,　日本付近は、冬型の気圧配置となっています。  　千葉県は、晴れや曇りで、雪や雨の降っている所があります。  　３１日は、強い冬型の気圧配置となり、気圧の谷や寒気の影響を受けるため、晴れ時々曇りで、夕方まで雷を伴い雪や雨の降る所があるでしょう。  　１月１日は、冬型の気圧配置は次第に緩み、東シナ海に中心を持つ高気圧が西日本から東日本へ張り出すため、晴れとなる見込みです。  　千葉県の太平洋沿岸の海上では、３１日から１月１日にかけて、波が高いでしょう。船舶は高波に注意してください。  ＜天気変化等の留意点＞ 　３１日は、雷雨になる所がある見込みです。急な強い雨、落雷、突風、降ひょうに注意してください。強風や波が高くなる所がある見込みです。飛散物、海岸での作業に注意してください。
銚子地方気象台,2021-12-31T16:33:00+09:00,千葉県,,　日本付近は、冬型の気圧配置となっています。  　千葉県は、曇りや晴れで、雪や雨の降っている所があります。  　３１日は、強い冬型の気圧配置となり、気圧の谷や寒気の影響を受けるため、曇りや晴れで、夜のはじめ頃まで雪や雨の降る所があるでしょう。  　１月１日は、冬型の気圧配置は次第に緩み、東シナ海に中心を持つ高気圧が西日本から東日本へ張り出すため、晴れとなる見込みです。  　千葉県の太平洋沿岸の海上では、３１日から１月１日にかけて、波が高いでしょう。船舶は高波に注意してください。  ＜天気変化等の留意点＞ 　１月１日は、強風や波が高くなる所がある見込みです。飛散物、海岸での作業に注意してください。
