publishingOffice,reportDatetime,targetArea,headlineText,text
宇都宮地方気象台,2021-12-15T16:32:00+09:00,栃木県,,　九州に中心を持つ高気圧が、東へ移動しています。  　栃木県は、晴れまたは曇りとなっています。  　１５日は、高気圧に覆われるため、晴れで、気圧の谷の影響を受ける北部では夜のはじめ頃曇りとなるでしょう。  　１６日は、高気圧が日本の東へ移動し、夜には前線が東海道沖にのびてくるため、晴れで昼前から次第に曇りとなる見込みです。
宇都宮地方気象台,2021-12-16T04:34:00+09:00,栃木県,,　高気圧が四国の南にあって東へ移動しています。  　栃木県は、おおむね晴れています。  　１６日は、高気圧が日本の東へ移動し、夜には前線が東海道沖にのびてくるため、晴れで昼過ぎから曇りでしょう。  　１７日は、前線上の低気圧が、東海道沖から日本の東へ進み、次第に冬型の気圧配置となるため、南部では曇りのち晴れで朝には一時雨、北部では曇りで朝には一時雨となり、夜には北部の山地で雪の降る所がある見込みです。
宇都宮地方気象台,2021-12-16T10:36:00+09:00,栃木県,,　高気圧が日本の南にあって東へ移動しています。一方、前線を伴った低気圧が東シナ海にあって東に進んでいます。  　栃木県は、おおむね晴れています。  　１６日は、高気圧が日本の東へ移動し、夜には前線が東海道沖にのびてくるため、晴れ時々曇りとなるでしょう。  　１７日は、前線上の低気圧が、東海道沖から日本の東へ進み、次第に冬型の気圧配置となるため、南部では曇りのち晴れで朝には一時雨、北部では曇りで朝には一時雨となり、夜には北部の山地で雪の降る所がある見込みです。
宇都宮地方気象台,2021-12-16T16:34:00+09:00,栃木県,,　高気圧が日本の南にあって東へ移動しています。一方、前線を伴った低気圧が東シナ海にあって東に進んでいます。  　栃木県は、曇りとなっています。  　１６日は、高気圧が日本の東へ移動し、夜には前線が東海道沖にのびてくるため、曇りとなるでしょう。  　１７日は、前線上の低気圧が、東海道沖から日本の東へ進み、次第に冬型の気圧配置となるため、曇りのち晴れで朝は一時雨、夜には北部の山地で雪の降る所がある見込みです。
宇都宮地方気象台,2021-12-17T04:59:00+09:00,栃木県,,　前線を伴った低気圧が、紀伊半島付近を東北東へ進んでいます。  　栃木県は、曇りで雨の降っている所があります。  　１７日は、低気圧が東海道沖から日本の東へ進み、次第に冬型の気圧配置となるため、曇りのち晴れで朝は一時雨、夜には北部の山地で雪の降る所がある見込みです。  　１８日は、冬型の気圧配置が強まる見込みです。このため、南部では晴れ時々曇り、北部では曇り昼過ぎから時々晴れで、山地では昼過ぎまで雪が降るでしょう。
宇都宮地方気象台,2021-12-17T10:44:00+09:00,栃木県,,　前線を伴った低気圧が伊豆諸島付近を東北東へ進んでいます。  　栃木県は、おおむね曇りとなっています。  　１７日は、低気圧が日本の東へ進み、次第に冬型の気圧配置となるため、曇りで夕方から晴れとなり、はじめ雨の降る所があるでしょう。北部は寒気の影響を受けるため、夜は山地を中心に雪の降る所がある見込みです。  　１８日は、冬型の気圧配置が強まるため、南部は晴れ時々曇り、北部は曇りで昼過ぎから時々晴れとなり、山地を中心に昼過ぎまで雪の降る所があるでしょう。
宇都宮地方気象台,2021-12-17T16:44:00+09:00,栃木県,,　前線を伴った低気圧が日本の東を発達しながら東北東へ進み、本州付近は冬型の気圧配置となってきています。  　栃木県は、晴れまたは曇りとなっています。  　１７日は、冬型の気圧配置が次第に強まるため、南部は曇りで夜は晴れ、北部は曇りで夜は山地を中心に雪の降る所があるでしょう。  　１８日は、強い冬型の気圧配置となるため、南部は晴れ時々曇り、北部は曇りで昼過ぎから時々晴れとなり、山地を中心に昼過ぎまで雪の降る所がある見込みです。
宇都宮地方気象台,2021-12-18T04:42:00+09:00,栃木県,,　日本付近は、強い冬型の気圧配置となっています。  　栃木県は、晴れまたは曇りで、北部では雪の降っている所があります。  　１８日は、午前中を中心に強い冬型の気圧配置となるため、南部では晴れで昼過ぎまで時々曇り、北部では曇りで昼過ぎから時々晴れとなり、夕方まで雪の降る所があるでしょう。  　１９日は、気圧の谷の影響を受けるため、南部では晴れで昼過ぎから時々曇り、北部では曇りで昼前まで時々晴れとなり、昼過ぎから雪の降る所がある見込みです。
宇都宮地方気象台,2021-12-18T10:45:00+09:00,栃木県,,　日本付近は、強い冬型の気圧配置となっています。  　栃木県は、晴れまたは曇りで、北部では雪となっています。  　１８日は、冬型の気圧配置が続くため、南部では晴れ時々曇り、北部では雪で昼過ぎから曇りとなるでしょう。  　１９日は、冬型の気圧配置が続くため、南部では晴れで昼過ぎから時々曇り、北部では曇りで昼前まで時々晴れとなり、昼過ぎから雪の降る所がある見込みです。
宇都宮地方気象台,2021-12-18T16:41:00+09:00,栃木県,,　日本付近は、冬型の気圧配置となっています。  　栃木県は、晴れまたは曇りで、北部では雪の降っている所があります。  　１８日は、冬型の気圧配置が続くため、南部は晴れ、北部では曇り時々晴れで夜のはじめ頃まで雪の降る所があるしょう。  　１９日は、冬型の気圧配置が続くため、南部では晴れで昼過ぎから時々曇り、北部では曇りで昼前まで時々晴れとなり、昼過ぎから雪の降る所がある見込みです。
宇都宮地方気象台,2021-12-19T04:45:00+09:00,栃木県,,　日本付近は、冬型の気圧配置となっています。また、日本海には低気圧があって東南東へ進んでいます。  　栃木県は、晴れています。  　１９日は、冬型の気圧配置が続き、低気圧が北日本を通過するため、南部は晴れ時々曇り、北部は曇り時々晴れとなり、午後は山地を中心に雪の降る所があるでしょう。  　２０日は、冬型の気圧配置が緩み、次第に高気圧に覆われますが、寒気の影響を受けるため、南部は晴れで昼前まで時々曇り、北部は曇りで夕方から晴れとなり、山地では朝まで雪の降る所がある見込みです。
宇都宮地方気象台,2021-12-19T10:32:00+09:00,栃木県,,　日本付近は、冬型の気圧配置となっています。また、低気圧が日本海にあって東南東へ進んでいます。  　栃木県は、晴れています。  　１９日は、冬型の気圧配置が続き、低気圧が北日本を通過するため、南部は晴れ昼過ぎから夕方曇り、北部は晴れ昼過ぎから曇りとなり、午後は山地を中心に雪の降る所があるでしょう。  　２０日は、冬型の気圧配置が緩み、次第に高気圧に覆われますが、寒気の影響を受けるため、南部は晴れで昼前まで時々曇り、北部は曇りで夕方から晴れとなり、山地では朝まで雪の降る所がある見込みです。
宇都宮地方気象台,2021-12-19T16:33:00+09:00,栃木県,,　日本付近は、冬型の気圧配置となっています。また、低気圧が三陸沖にあって東南東へ進んでいます。  　栃木県は、晴れまたは曇りで、北部では雪の降っている所があります。  　１９日は、冬型の気圧配置が続き、寒気の影響を受けるため、南部は晴れ時々曇り、北部は曇りで、山地を中心に雪の降る所があるでしょう。  　２０日は、冬型の気圧配置が緩み、高気圧に覆われますが、寒気の影響を受けるため、南部は晴れ時々曇り、北部は曇りで夕方から晴れとなり、山地では朝まで雪の降る所がある見込みです。
宇都宮地方気象台,2021-12-20T04:44:00+09:00,栃木県,,　日本付近は、冬型の気圧配置となっています。  　栃木県は、晴れまたは曇りで、北部では雪の降っている所があります。  　２０日は、冬型の気圧配置が緩み、高気圧に覆われますが、寒気や気圧の谷の影響を受けるため、南部は晴れ時々曇り、北部は曇りで夕方から晴れとなり、山地では朝まで雪の降る所があるでしょう。  　２１日は、高気圧に覆われますが、気圧の谷や湿った空気の影響を受けるため、南部は晴れ昼前まで時々曇り、北部は晴れ時々曇りとなる見込みです。
宇都宮地方気象台,2021-12-20T10:39:00+09:00,栃木県,,　本州付近は、弱い冬型の気圧配置となっています。  　栃木県は、晴れや曇りとなっています。  　２０日は、高気圧に覆われ、南部では晴れますが、湿った空気や寒気の影響を受けるため、北部では曇り時々晴れとなるでしょう。  　２１日は、高気圧に覆われますが、気圧の谷や湿った空気の影響により、南部では晴れ昼前まで時々曇り、北部では晴れ時々曇りとなる見込みです。
宇都宮地方気象台,2021-12-20T16:35:00+09:00,栃木県,,　東シナ海に中心を持つ高気圧が、西日本から東日本に張り出しています。  　栃木県は、おおむね晴れています。  　２０日は、高気圧に覆われるため、晴れるでしょう。  　２１日は、高気圧に覆われるため、南部では晴れますが、気圧の谷や湿った空気の影響により、北部では晴れで夕方から曇りとなる見込みです。
宇都宮地方気象台,2021-12-21T04:32:00+09:00,栃木県,,　高気圧が東シナ海にあって西日本から東日本へ張り出しています。一方、低気圧が日本海北部にあって東北東へ進んでいます。  　栃木県は、おおむね晴れています。  　２１日は、高気圧に覆われるため、晴れますが、気圧の谷や寒気の影響を受けるため、北部では夜に曇りとなるでしょう。  　２２日は、北日本中心に冬型の気圧配置が強まり、気圧の谷や寒気の影響を受けるため、晴れで朝晩は曇りとなる見込みです。
宇都宮地方気象台,2021-12-21T10:39:00+09:00,栃木県,,　高気圧が西日本から東日本へ張り出しています。一方、低気圧が北海道付近にあって東北東へ進んでいます。  　栃木県は、おおむね晴れています。  　２１日は、高気圧に覆われて、南部は晴れますが、北部は気圧の谷や寒気の影響を受けるため、晴れで夜は曇りとなるでしょう。  　２２日は、北日本を中心に冬型の気圧配置が強まり、気圧の谷や寒気の影響を受けるため、晴れで朝晩は曇りとなる見込みです。
宇都宮地方気象台,2021-12-21T16:39:00+09:00,栃木県,,　高気圧が西日本から東日本へ張り出しています。一方、日本海は気圧の谷となっています。  　栃木県は、晴れまたは曇りとなっています。  　２１日は、高気圧に覆われて、南部は晴れますが、北部は気圧の谷や寒気の影響を受けるため、曇りとなるでしょう。  　２２日は、北日本を中心に冬型の気圧配置が強まり、気圧の谷や寒気の影響を受けるため、南部は晴れで明け方まで曇り、北部は晴れで朝晩は曇りとなる見込みです。
宇都宮地方気象台,2021-12-22T04:46:00+09:00,栃木県,,　本州付近は、冬型の気圧配置となっています。  　栃木県は、晴れや曇りで、雪や雨の降っている所があります。  　２２日は、冬型の気圧配置となり寒気の影響を受けるため、南部ではおおむね晴れ、北部では晴れ朝晩曇りで、朝まで雪や雨の降る所があるでしょう。  　２３日は、冬型の気圧配置は次第に緩み、気圧の谷や湿った空気の影響により、晴れ時々曇りとなる見込みです。
宇都宮地方気象台,2021-12-22T10:39:00+09:00,栃木県,,　本州付近は、冬型の気圧配置となっています。  　栃木県は、おおむね晴れています。  　２２日は、冬型の気圧配置となるため、南部は晴れますが、北部は寒気の影響を受けるため、晴れ時々曇りとなるでしょう。  　２３日は、冬型の気圧配置は次第に緩みますが、寒気や湿った空気の影響を受けるため、晴れ時々曇りとなる見込みです。
宇都宮地方気象台,2021-12-22T16:38:00+09:00,栃木県,,　北日本から東日本は、冬型の気圧配置となっています。  　栃木県は、おおむね晴れています。  　２２日は、冬型の気圧配置が続くため、南部は晴れますが、北部は寒気の影響を受けるため、晴れで夜遅くは曇りとなるでしょう。  　２３日は、冬型の気圧配置は次第に緩みますが、寒気や湿った空気の影響を受けるため、南部は晴れで夜は曇り、北部は曇り時々晴れとなる見込みです。
宇都宮地方気象台,2021-12-23T04:35:00+09:00,栃木県,,　日本付近は大陸の高気圧に緩やかに覆われています。一方、伊豆諸島付近は気圧の谷となっています。  　栃木県は、おおむね晴れています。  　２３日は、高気圧に緩やかに覆われて晴れますが、気圧の谷や湿った空気の影響を受けるため、南部では夜は曇り、北部では朝晩は曇りとなるでしょう。  　２４日は、高気圧に緩やかに覆われますが、気圧の谷や日本の南海上を北東に進む低気圧の影響を受けるため、晴れで朝晩は曇りとなる見込みです。
宇都宮地方気象台,2021-12-23T10:36:00+09:00,栃木県,,　西日本から東日本は、大陸の高気圧に緩やかに覆われています。一方、伊豆諸島付近は気圧の谷となっています。  　栃木県は、おおむね晴れています。  　２３日は、高気圧に緩やかに覆われて晴れますが、気圧の谷や湿った空気の影響を受けるため、夜は曇りとなるでしょう。  　２４日は、高気圧に緩やかに覆われますが、気圧の谷や日本の南海上を北東に進む低気圧の影響を受けるため、晴れで朝晩は曇りとなる見込みです。
宇都宮地方気象台,2021-12-23T16:36:00+09:00,栃木県,,　西日本から東日本は、大陸の高気圧に緩やかに覆われています。一方、伊豆諸島付近は気圧の谷となっています。  　栃木県は、おおむね晴れています。  　２３日は、高気圧に緩やかに覆われますが、気圧の谷や湿った空気の影響を受けるため、晴れで夜は曇りとなるでしょう。  　２４日は、高気圧に緩やかに覆われますが、気圧の谷や日本の南海上を北東に進む低気圧の影響を受けるため、晴れで夕方から曇りとなる見込みです。
宇都宮地方気象台,2021-12-24T04:38:00+09:00,栃木県,,　西日本から東日本は、大陸の高気圧に緩やかに覆われています。  　栃木県は、おおむね晴れています。  　２４日は、高気圧に緩やかに覆われますが、日本の南海上を東北東へ進む低気圧や湿った空気の影響を受けるため、晴れで昼過ぎから時々曇りとなるでしょう。  　２５日は、はじめ低気圧や湿った空気の影響を受けますが、次第に冬型の気圧配置が強まるため、曇りで昼前から時々晴れとなる見込みです。
宇都宮地方気象台,2021-12-24T10:34:00+09:00,栃木県,,　西日本から東日本は、大陸の高気圧に緩やかに覆われています。一方、関東の東には低気圧があって東北東へ進んでいます。  　栃木県は、晴れまたは曇りとなっています。  　２４日は、高気圧に緩やかに覆われますが、日本の南を東北東へ進む低気圧や、湿った空気の影響を受けるため、晴れ時々曇りとなるでしょう。  　２５日は、低気圧が日本の南を東北東へ進み、次第に冬型の気圧配置が強まるため、曇りで昼前から時々晴れとなる見込みです。
宇都宮地方気象台,2021-12-24T16:32:00+09:00,栃木県,,　西日本から東日本は、大陸の高気圧に緩やかに覆われています。  　栃木県は、おおむね晴れています。  　２４日は、高気圧に緩やかに覆われますが、日本の南を東北東へ進む低気圧や、湿った空気の影響を受けるため、晴れで夜遅くには曇りとなるでしょう。  　２５日は、低気圧が日本の南を東北東へ進み、次第に冬型の気圧配置が強まるため、南部では曇りのち晴れで未明に雨か雪となり、北部では曇りで昼過ぎから時々晴れで未明に雪か雨の降る所がある見込みです。
宇都宮地方気象台,2021-12-25T04:57:00+09:00,栃木県,,　日本の南に低気圧があって、東北東へ進んでいます。  　栃木県は、曇りで雨や雪の降っている所があります。  　２５日は、低気圧が日本の東へ進み、次第に冬型の気圧配置が強まるため、曇りで夕方から晴れるでしょう。南部では明け方は、雨か雪の降る所がある見込みです  　２６日は、冬型の気圧配置が続くため、南部では晴れ時々曇り、北部では曇り時々晴れで山地では雪となる見込みです。
宇都宮地方気象台,2021-12-25T10:38:00+09:00,栃木県,,　日本の東に低気圧があって、東北東へ進んでいます。  　栃木県は、おおむね晴れています。  　２５日は、次第に冬型の気圧配置が強まり、寒気の影響を受ける見込みです。このため、晴れ時々曇りでしょう。  　２６日は、冬型の気圧配置が続く見込みです。このため、南部では晴れ時々曇り、北部では曇り時々晴れで山地では雪となるでしょう。
宇都宮地方気象台,2021-12-25T16:33:00+09:00,栃木県,,　日本付近は、冬型の気圧配置となっています。また、関東地方の沿岸部は気圧の谷となっています。  　栃木県は、おおむね晴れています。  　２５日は、冬型の気圧配置が強まり、気圧の谷や寒気の影響を受ける見込みです。このため、晴れ時々曇りでしょう。  　２６日は、冬型の気圧配置が続き、伊豆諸島付近は気圧の谷となる見込みです。このため、南部では晴れ時々曇り、北部では曇り時々晴れで山地では雪となるでしょう。
宇都宮地方気象台,2021-12-26T04:45:00+09:00,栃木県,,　日本付近は、強い冬型の気圧配置となっています。  　栃木県は、晴れや曇りで、山地では雪の降っている所があります。  　２６日は、強い冬型の気圧配置が続き、伊豆諸島付近は気圧の谷となる見込みです。このため、南部では晴れ時々曇り、北部では曇り時々晴れで山地では雪となるでしょう。  　２７日は、強い冬型の気圧配置が続くでしょう。このため、南部では晴れ時々曇り、北部では曇りで雪の降る所がある見込みです。
宇都宮地方気象台,2021-12-26T10:58:00+09:00,栃木県,,　日本付近は、強い冬型の気圧配置となっています。また、関東地方の沿岸部は気圧の谷となっています。  　栃木県は、晴れや曇りで、北部では雪の降っている所があります。  　２６日は、強い冬型の気圧配置が続き、伊豆諸島付近は気圧の谷となる見込みです。このため、南部では晴れ時々曇り、北部では曇りで雪の降る所があるでしょう。  　２７日は、強い冬型の気圧配置が続くでしょう。このため、南部では晴れ時々曇り、北部では曇りで雪の降る所がある見込みです。
宇都宮地方気象台,2021-12-26T16:46:00+09:00,栃木県,,　日本付近は、強い冬型の気圧配置となっています。また、関東地方の沿岸部は気圧の谷となっています。  　栃木県は、晴れや曇りで、北部では雪の降っている所があります。  　２６日は、強い冬型の気圧配置が続き、関東地方の沿岸部は気圧の谷となる見込みです。このため、南部では晴れ時々曇り、北部では曇りで雪の降る所があるでしょう。  　２７日は、強い冬型の気圧配置が続くでしょう。このため、南部では曇り時々晴れ、北部では曇りで雪の降る所がある見込みです。
宇都宮地方気象台,2021-12-27T04:44:00+09:00,栃木県,,　日本付近は、強い冬型の気圧配置となっています。  　栃木県は、晴れや曇りで、北部ではおおむね雪となっています。  　２７日は、強い冬型の気圧配置が続くため、南部では曇り時々晴れ、北部では曇り昼前一時雪となるでしょう。  　２８日は、強い冬型の気圧配置が次第に緩むため、南部では晴れ時々曇り、北部では曇り時々晴れで明け方まで雪の降る所があるでしょう。
宇都宮地方気象台,2021-12-27T10:42:00+09:00,栃木県,,　日本付近は強い冬型の気圧配置となっています。  　栃木県は、晴れまたは曇りで、北部では雪の降っている所があります。  　２７日は、強い冬型の気圧配置が続くため、南部は晴れで夜は曇り、北部は曇りで山地を中心に雪の降る所があるでしょう。  　２８日は、強い冬型の気圧配置が次第に緩むため、南部は晴れ時々曇り、北部は曇りで昼前から時々晴れとなり、昼前まで山地を中心に雪の降る所がある見込みです。
宇都宮地方気象台,2021-12-27T16:39:00+09:00,栃木県,,　日本付近は強い冬型の気圧配置となっています。  　栃木県は、晴れまたは曇りで、北部では雪の降っている所があります。  　２７日は、強い冬型の気圧配置が続くため、南部は晴れで夜は曇り、北部は曇りで山地を中心に雪の降る所があるでしょう。  　２８日は、強い冬型の気圧配置は西から次第に緩むため、南部は晴れ時々曇り、北部は曇りで未明は雪となる見込みです。
宇都宮地方気象台,2021-12-28T04:43:00+09:00,栃木県,,　日本付近は冬型の気圧配置となっています。  　栃木県は、晴れや曇りで、北部を中心に雪となっています。  　２８日は、冬型の気圧配置となりますが、午後は次第に緩むため、南部では晴れで朝晩は曇り、北部では曇りのち晴れで明け方まで雪となるでしょう。  　２９日は、緩やかに高気圧に覆われますが、湿った空気の影響を受けるため、晴れで朝晩は曇りとなるでしょう。
宇都宮地方気象台,2021-12-28T10:40:00+09:00,栃木県,,　日本付近は北日本中心の冬型の気圧配置となっています。  　栃木県は、晴れや曇りとなっています。  　２８日は、冬型の気圧配置が次第に緩むため、南部ではおおむね晴れ、北部では晴れ時々曇りとなるでしょう。  　２９日は、緩やかに高気圧に覆われますが、湿った空気の影響を受けるため、晴れで朝晩は曇りとなるでしょう。
宇都宮地方気象台,2021-12-28T16:44:00+09:00,栃木県,,　北日本中心の冬型の気圧配置となっています。  　栃木県は、晴れや曇りとなっています。  　２８日は、冬型の気圧配置は次第に緩むため、南部では晴れますが、寒気の影響で北部では曇り夜晴れとなるでしょう。  　２９日は、緩やかに高気圧に覆われますが、気圧の谷の影響を受けるため、晴れ時々曇りとなる見込みです。
宇都宮地方気象台,2021-12-29T04:38:00+09:00,栃木県,,　西日本から東日本は日本の南に中心を持つ高気圧に覆われています。  　栃木県は、晴れまたは曇りとなっています。  　２９日は、高気圧に覆われますが、気圧の谷や湿った空気の影響を受けるため、晴れ時々曇りとなるでしょう。  　３０日は、はじめ気圧の谷や湿った空気の影響を受けますが、次第に冬型の気圧配置となるため、南部は晴れで昼過ぎから時々曇り、北部は曇りで昼前まで時々晴れとなり、午後は山地を中心に雪の降る所がある見込みです。
宇都宮地方気象台,2021-12-29T10:33:00+09:00,栃木県,,　高気圧が日本の南にあって東へ移動しています。一方、低気圧が日本海にあって東北東へ進んでいます。また、関東の沿岸は気圧の谷となっています。　  　栃木県は、晴れまたは曇りとなっています。  　２９日は、高気圧に覆われますが、気圧の谷や湿った空気の影響を受けるため、晴れ時々曇りとなるでしょう。  　３０日は、はじめ気圧の谷や湿った空気の影響を受けますが、次第に冬型の気圧配置となるため、南部は晴れで昼過ぎから時々曇り、北部は曇りで昼前まで時々晴れとなり、昼前からは山地を中心に雪の降る所がある見込みです。
宇都宮地方気象台,2021-12-29T16:34:00+09:00,栃木県,,　高気圧が日本の東にあって東へ移動しています。一方、低気圧が日本海にあって東北東へ進んでいます。また、伊豆諸島付近は気圧の谷となっています。  　栃木県は、おおむね晴れとなっています。  　２９日は、高気圧に覆われますが、気圧の谷や湿った空気の影響を受けるため、晴れ時々曇りとなるでしょう。  　３０日は、次第に冬型の気圧配置となるため、南部は晴れで昼過ぎから時々曇り、北部は曇りで昼前まで時々晴れとなり、昼前からは山地を中心に雪の降る所がある見込みです。
宇都宮地方気象台,2021-12-30T04:47:00+09:00,栃木県,,　サハリン付近の低気圧からのびる寒冷前線が、北日本を通過しています。また、伊豆諸島付近を前線が通過しています。　  　栃木県は、おおむね晴れています。  　３０日は、はじめ前線や湿った空気の影響を受けますが、次第に冬型の気圧配置となるため、南部では晴れで昼過ぎから曇り、北部では晴れで昼前から曇りとなり、山地では昼過ぎから雪となるでしょう。  　３１日は、強い冬型の気圧配置となるため、南部では晴れ時々曇り、北部では曇り夜遅く雪となる見込みです。
宇都宮地方気象台,2021-12-30T10:36:00+09:00,栃木県,,　オホーツク海付近の低気圧からのびる寒冷前線が、北日本を通過しています。また、伊豆諸島付近は気圧の谷となっています。　  　栃木県は、晴れまたは曇りとなっています。  　３０日は、はじめ前線や湿った空気の影響を受けますが、次第に冬型の気圧配置となるため、南部では晴れ時々曇り、北部では晴れで昼過ぎから曇りとなり、山地では雪となるでしょう。  　３１日は、強い冬型の気圧配置となるため、南部では晴れ時々曇り、北部では曇り夜遅く雪となる見込みです。
宇都宮地方気象台,2021-12-30T16:32:00+09:00,栃木県,,　日本付近は、冬型の気圧配置となっています。　  　栃木県は、晴れまたは曇りで、雪の降っている所があります。  　３０日は、冬型の気圧配置が次第に強まるため、南部では晴れ時々曇り、北部では曇りで山地では雪となるでしょう。  　３１日は、強い冬型の気圧配置となるため、南部では曇り昼前から晴れで、朝まで雪の降る所があるでしょう。北部では曇りで朝晩は雪となる見込みです。
宇都宮地方気象台,2021-12-31T04:34:00+09:00,栃木県,,　日本付近は、冬型の気圧配置となっています。  　栃木県は、曇りまたは晴れで、雪の降っている所があります。  　３１日は、強い冬型の気圧配置となり、気圧の谷や、寒気の影響を受けるため、南部では曇り時々晴れで朝まで雪の降る所があるでしょう。北部では曇りで朝晩は雪となるでしょう。  　１月１日は、冬型の気圧配置は次第に緩み、東シナ海に中心を持つ高気圧が西日本から東日本へ張り出すため、南部では晴れで昼前まで時々曇り、北部では曇りで昼過ぎから時々晴れますが、北部の山地では昼過ぎまで雪の降る所がある見込みです。
宇都宮地方気象台,2021-12-31T10:41:00+09:00,栃木県,,　日本付近は、冬型の気圧配置となっています。  　栃木県は、晴れまたは曇りとなっています。  　３１日は、強い冬型の気圧配置となり、気圧の谷や寒気の影響を受けるため、南部では晴れ時々曇りとなるでしょう。曇り時々晴れで夜遅くは雪となる見込みです。  　１月１日は、冬型の気圧配置は次第に緩み、東シナ海に中心を持つ高気圧が西日本から東日本へ張り出すため、南部では晴れで昼前まで時々曇り、北部では曇りで昼過ぎから時々晴れますが、北部の山地では昼過ぎまで雪の降る所があるでしょう。
宇都宮地方気象台,2021-12-31T16:39:00+09:00,栃木県,,　日本付近は、冬型の気圧配置となっています。  　栃木県は、晴れまたは曇りで、北部を中心に雪の降っている所があります。  　３１日は、強い冬型の気圧配置となり、気圧の谷や寒気の影響を受けるため、南部では晴れ時々曇りとなるでしょう。北部では曇りで夜は雪となる見込みです。  　１月１日は、冬型の気圧配置は次第に緩み、東シナ海に中心を持つ高気圧が西日本から東日本へ張り出すため、南部では晴れで昼過ぎまで時々曇りでしょう。北部では曇りで昼過ぎから時々晴れますが、昼過ぎまで雪の降る所がある見込みです。
