publishingOffice,reportDatetime,targetArea,headlineText,text
甲府地方気象台,2022-07-01T04:37:00+09:00,山梨県,,　太平洋高気圧が西日本から東日本を覆っています。  　山梨県は、晴れています。  　１日は、高気圧に覆われますが、湿った空気の影響を受ける見込みです。このため、晴れ時々曇りで、午後は雨や雷雨となり、夕方から夜のはじめ頃にかけて激しく降る所があるでしょう。山梨県では、７月１日は熱中症の危険性が極めて高い気象状況になることが予測されます。外出はなるべく避け、室内をエアコン等で涼しい環境にして過ごしてください。  　２日は、高気圧に覆われますが、上空の寒気や湿った空気の影響を受ける見込みです。このため、晴れ時々曇りで、午後は雨や雷雨となり、昼過ぎから夜のはじめ頃にかけて激しく降る所があるでしょう。
甲府地方気象台,2022-07-01T10:34:00+09:00,山梨県,,　太平洋高気圧が西日本から東日本を覆っています。  　山梨県は、晴れとなっています。  　１日は、高気圧に覆われて晴れますが、上空の寒気や湿った空気の影響を受けるため、夕方から曇りとなり、雷を伴って激しい雨の降る所があるでしょう。山梨県では、１日は熱中症の危険性が極めて高い気象状況になることが予測されます。外出はなるべく避け、室内をエアコン等で涼しい環境にして過ごしてください。  　２日は、高気圧に覆われますが、上空の寒気や湿った空気の影響を受ける見込みです。このため、晴れ時々曇りとなりますが、午後は雨や雷雨となり激しく降る所があるでしょう。
甲府地方気象台,2022-07-01T16:33:00+09:00,山梨県,,　太平洋高気圧が西日本から東日本を覆っています。  　山梨県は、おおむね曇りで、雷を伴って激しい雨の降っている所があります。  　１日は、上空の寒気や湿った空気の影響を受けるため、曇りで、雷を伴って激しい雨の降る所があるでしょう。  　２日は、高気圧に覆われますが、上空の寒気や湿った空気の影響を受ける見込みです。このため、晴れ時々曇りとなり、午後は雷を伴って激しい雨の降る所があるでしょう。山梨県では、２日は熱中症の危険性が極めて高い気象状況になることが予測されます。外出はなるべく避け、室内をエアコン等で涼しい環境にして過ごしてください。
甲府地方気象台,2022-07-02T04:37:00+09:00,山梨県,,　太平洋高気圧が西日本から東日本を覆っています。  　山梨県は、晴れや曇りとなっています。  　２日は、高気圧に覆われますが、上空の寒気や湿った空気の影響を受ける見込みです。このため、晴れ時々曇りで、午後は雨や雷雨となり、激しく降る所があるでしょう。山梨県では、２日は熱中症の危険性が極めて高い気象状況になることが予測されます。外出はなるべく避け、室内をエアコン等で涼しい環境にして過ごしてください。  　３日は、高気圧の張り出しが次第に弱まり、上空の寒気や湿った空気の影響を受ける見込みです。このため、曇り昼前まで時々晴れで、午後は雨や雷雨となり、激しく降る所があるでしょう。
甲府地方気象台,2022-07-02T10:36:00+09:00,山梨県,,　太平洋高気圧が西日本から東日本を覆っています。  　山梨県は、晴れや曇りで、雨の降っている所があります。  　２日は、高気圧に覆われますが、上空の寒気や湿った空気の影響を受ける見込みです。このため、晴れ夕方から曇りで、昼前から雨や雷雨となり、激しく降る所があるでしょう。山梨県では、２日は熱中症の危険性が極めて高い気象状況になることが予測されます。外出はなるべく避け、室内をエアコン等で涼しい環境にして過ごしてください。  　３日は、高気圧の張り出しが次第に弱まり、上空の寒気や湿った空気の影響を受ける見込みです。このため、曇り昼前まで時々晴れで、午後は雨や雷雨となり、激しく降る所があるでしょう。
甲府地方気象台,2022-07-02T16:35:00+09:00,山梨県,,　太平洋高気圧が西日本から東日本を覆っています。  　山梨県は、曇りで、雨や雷雨となっている所があります。  　２日は、高気圧に覆われますが、上空の寒気や湿った空気の影響を受ける見込みです。このため、曇りで、雨や雷雨となり激しく降る所があるでしょう。  　３日は、高気圧の張り出しが次第に弱まり、上空の寒気や湿った空気の影響を受ける見込みです。このため、曇り昼前まで時々晴れで、午後は雨や雷雨となり、激しく降る所があるでしょう。
甲府地方気象台,2022-07-03T04:33:00+09:00,山梨県,,　太平洋高気圧が西日本から東日本を覆っています。  　山梨県は、曇りで雨の降っている所があります。  　３日は、高気圧の張り出しが次第に弱まり、上空の寒気や湿った空気の影響を受ける見込みです。このため、曇りで、午後は雨や雷雨となり激しく降る所があるでしょう。  　４日は、湿った空気の影響を受けるため、曇り時々雨となるでしょう。
甲府地方気象台,2022-07-03T10:36:00+09:00,山梨県,,　太平洋高気圧が西日本から東日本を覆っています。  　山梨県は、曇りで雨の降っている所があります。  　３日は、高気圧の張り出しが次第に弱まり、上空の寒気や湿った空気の影響を受ける見込みです。このため、曇り時々雨で、昼過ぎから雷を伴い激しく降る所があるでしょう。  　４日は、上空の寒気や湿った空気の影響を受けるため、曇り時々雨となる見込みです。
甲府地方気象台,2022-07-03T16:36:00+09:00,山梨県,,　太平洋高気圧が西日本から東日本をゆるやかに覆っています。  　山梨県は、おおむね曇りとなっています。  　３日は、高気圧の張り出しが次第に弱まり、上空の寒気や湿った空気の影響を受ける見込みです。このため、曇り夜遅く雨で、雷を伴う所があるでしょう。  　４日は、上空の寒気や湿った空気の影響を受ける見込みです。このため、雨で昼前から曇りとなるでしょう。
甲府地方気象台,2022-07-04T04:37:00+09:00,山梨県,,　東日本には、太平洋高気圧の縁を回る暖かく湿った空気が流れ込んでいます。  　山梨県は、曇りで、雨の降っている所があります。  　４日は、上空の寒気や湿った空気の影響を受ける見込みです。このため、曇りで朝を中心に雨となり、昼前にかけて雷を伴う所があるでしょう。  　５日は、湿った空気の影響を受ける見込みです。このため、曇り時々雨となるでしょう。
甲府地方気象台,2022-07-04T10:41:00+09:00,山梨県,,　東日本は太平洋高気圧に緩やかに覆われていますが、高気圧の縁を回って暖かく湿った空気が流れ込んでいます。  　山梨県は、おおむね雨となっています。  　４日は、上空の寒気や湿った空気の影響を受ける見込みです。このため、雨で雷を伴う所があるでしょう。夕方からは曇りとなりますが、雨や雷雨となる所がある見込みです。  　５日は、湿った空気の影響を受ける見込みです。このため、曇り時々雨となるでしょう。
甲府地方気象台,2022-07-04T16:45:00+09:00,山梨県,,　東日本は太平洋高気圧に緩やかに覆われていますが、高気圧の縁を回って暖かく湿った空気が流れ込んでいます。  　山梨県は、曇りや雨となっています。  　４日は、上空の寒気や湿った空気の影響を受ける見込みです。このため、曇りで、雨や雷雨となる所があるでしょう。  　５日は、湿った空気の影響を受ける見込みです。このため、曇り時々雨で、昼過ぎからは雷を伴う所があるでしょう。
甲府地方気象台,2022-07-05T04:48:00+09:00,山梨県,,　東日本には、太平洋高気圧の縁を回る暖かく湿った空気が流れ込んでいます。また、台風第４号が九州の西を北北東へ進んでいます。  　山梨県は、曇りで、雨の降っている所があります。  　５日は、上空の寒気や湿った空気の影響を受ける見込みです。このため、雨で、昼過ぎから雷を伴う所があるでしょう。  　６日は、台風第４号から変わる低気圧の影響を受ける見込みです。このため、中・西部は雨で昼前から時々曇り、東部・富士五湖は雨となり、ともに朝まで雷を伴い激しく降る所があるでしょう。
甲府地方気象台,2022-07-05T10:36:00+09:00,山梨県,,　東日本には、太平洋高気圧の縁を回る暖かく湿った空気が流れ込んでいます。また、台風第４号から変わった温帯低気圧が九州北部地方を東北東へ進んでいます。  　山梨県は、雨や曇りとなっています。  　５日は、上空の寒気や湿った空気の影響を受ける見込みです。このため、雨で、夜は雷を伴い激しく降る所があるでしょう。  　６日は、台風第４号から変わった低気圧の影響を受ける見込みです。このため、中・西部では雨で昼前から時々曇り、東部・富士五湖では雨で、ともに朝まで雷を伴い激しく降る所があるでしょう。
甲府地方気象台,2022-07-05T16:40:00+09:00,山梨県,,　東日本には、太平洋高気圧の縁を回る暖かく湿った空気が流れ込んでいます。また、台風第４号から変わった温帯低気圧が西日本を東へ進んでいます。  　山梨県は、おおむね雨となっています。  　５日は、上空の寒気や湿った空気の影響を受ける見込みです。このため、雨で、夜は雷を伴い激しく降る所があるでしょう。  　６日は、台風第４号から変わった低気圧の影響を受ける見込みです。このため、中・西部では雨で昼過ぎから曇り、東部・富士五湖では雨で夜曇りとなり、ともに朝まで雷を伴い激しく降る所があるでしょう。
甲府地方気象台,2022-07-06T04:42:00+09:00,山梨県,,　低気圧が東海道沖を東へ進んでいます。また、東日本には、高気圧の縁を回る湿った空気が流れ込んでいます。  　山梨県は、おおむね曇りとなっています。  　６日は、低気圧や湿った空気の影響を受ける見込みです。このため、曇りで、昼過ぎから雨や雷雨となる所があるでしょう。  　７日は、低気圧や湿った空気の影響を受ける見込みです。このため、中・西部では曇りで昼前から時々晴れ、東部・富士五湖では曇りとなり、ともに昼過ぎから夜のはじめ頃にかけて雨や雷雨となる所があるでしょう。
甲府地方気象台,2022-07-06T10:32:00+09:00,山梨県,,　低気圧が伊豆諸島の東を東へ進んでいます。  　山梨県は、曇りや晴れとなっています。  　６日は、低気圧や湿った空気の影響を受ける見込みです。このため、中・西部では曇り時々晴れ、東部・富士五湖では曇りとなり、ともに午後は雨や雷雨となる所があるでしょう。  　７日は、低気圧や湿った空気の影響を受ける見込みです。このため、中・西部では曇り昼前から時々晴れ、東部・富士五湖では曇りとなり、ともに午後は雨や雷雨となる所があるでしょう。
甲府地方気象台,2022-07-06T16:32:00+09:00,山梨県,,　低気圧が伊豆諸島の東を東へ進んでいます。  　山梨県は、曇りや晴れで、雨の降っている所があります。  　６日は、低気圧や湿った空気の影響を受ける見込みです。このため、中・西部では晴れ夜曇り、東部・富士五湖では曇りとなり、ともに雨や雷雨となる所があるでしょう。  　７日は、低気圧や湿った空気の影響を受ける見込みです。このため、中・西部では曇り昼前から時々晴れ、東部・富士五湖では曇りとなり、ともに昼前から雨や雷雨となる所があるでしょう。
甲府地方気象台,2022-07-07T04:39:00+09:00,山梨県,,　日本の東には低気圧があって、ゆっくり東へ進んでいます。  　山梨県は、曇りや晴れで、雨の降っている所があります。  　７日は、高気圧に緩やかに覆われますが、湿った空気や上空の寒気の影響を受けるため、曇り時々晴れで、雨や雷雨となる所があるでしょう。  　８日は、高気圧に緩やかに覆われますが、湿った空気や上空の寒気の影響を受けるため、曇り時々晴れで、午後は雨の降る所がある見込みです。
甲府地方気象台,2022-07-07T10:35:00+09:00,山梨県,,　日本の東には低気圧があって、ゆっくり東へ進んでいます。  　山梨県は、晴れや曇りとなっています。  　７日は、高気圧に緩やかに覆われますが、低気圧からの湿った空気や上空の寒気の影響を受けるため、中・西部では晴れで夕方から曇り、東部・富士五湖では曇り時々晴れとなり、いずれも午後は雨や雷雨となり激しく降る所があるでしょう。  　８日は、高気圧に緩やかに覆われますが、低気圧からの湿った空気や上空の寒気の影響を受けるため、曇り時々晴れで、午後は雨の降る所がある見込みです。
甲府地方気象台,2022-07-07T16:37:00+09:00,山梨県,,　日本の東には低気圧があって、ゆっくり東北東へ進んでいます。  　山梨県は、晴れや曇りで、雨の降っている所があります。  　７日は、高気圧に緩やかに覆われますが、低気圧からの湿った空気や上空の寒気の影響を受けるため、晴れで夜は曇りとなり、雨や雷雨となって激しく降る所があるでしょう。  　８日は、高気圧に緩やかに覆われますが、低気圧からの湿った空気や上空の寒気の影響を受けるため、中・西部では曇りで朝から昼過ぎは晴れ、東部・富士五湖では曇りで昼前から時々晴れとなり、いずれも午後は雨や雷雨となって激しく降る所がある見込みです。
甲府地方気象台,2022-07-08T04:33:00+09:00,山梨県,,　日本の東には低気圧があって、西へ進んでいます。一方、日本の東には高気圧があって、北日本から日本海に張り出しています。  　山梨県は、おおむね曇りとなっています。  　８日は、高気圧に覆われますが、低気圧周辺の湿った空気や上空の寒気の影響を受ける見込みです。このため、曇り時々晴れで、午後は雨や雷雨となり激しく降る所があるでしょう。  　９日は、高気圧に覆われますが、低気圧周辺の湿った空気や上空の寒気の影響を受ける見込みです。このため、曇りで朝から昼過ぎは晴れとなりますが、午後は雨や雷雨となる所があるでしょう。
甲府地方気象台,2022-07-08T10:36:00+09:00,山梨県,,　関東の東には低気圧があって、西へ進んでいます。一方、日本の東には高気圧があって、北日本から日本海に張り出しています。  　山梨県は、晴れや曇りとなっています。  　８日は、高気圧に覆われますが、低気圧周辺の湿った空気や上空の寒気の影響を受ける見込みです。このため、中・西部は晴れで夕方から曇り、東部・富士五湖は曇り時々晴れとなり、ともに午後は雨や雷雨となり激しく降る所があるでしょう。  　９日は、高気圧に覆われますが、低気圧周辺の湿った空気や上空の寒気の影響を受ける見込みです。このため、曇りで朝から昼過ぎは晴れとなりますが、午後は雨や雷雨となる所があるでしょう。
甲府地方気象台,2022-07-08T16:38:00+09:00,山梨県,,　関東の東には低気圧があって、西へ進んでいます。一方、千島の東には高気圧があって、北日本から日本海に張り出しています。  　山梨県は、晴れや曇りとなっています。  　８日は、高気圧に覆われますが、低気圧周辺の湿った空気や上空の寒気の影響を受ける見込みです。このため、はじめ晴れる所がありますが、おおむね曇りで、雨や雷雨となり激しく降る所があるでしょう。  　９日は、高気圧に覆われますが、低気圧周辺の湿った空気や上空の寒気の影響を受ける見込みです。このため、曇りで昼過ぎまで時々晴れとなりますが、午後は雨や雷雨となり激しく降る所があるでしょう。
甲府地方気象台,2022-07-09T04:39:00+09:00,山梨県,,　関東の東には低気圧があって、北へ進んでいます。一方、千島の東には高気圧があって、北日本から日本海に張り出しています。  　山梨県は、曇りで、雨の降っている所があります。  　９日は、高気圧にゆるやかに覆われますが、低気圧周辺の湿った空気や上空の寒気の影響を受ける見込みです。このため、曇りで昼過ぎまで時々晴れとなり、午後は雨や雷雨となって、激しく降る所があるでしょう。  　１０日は、日本の東を北上する低気圧が北海道付近に進み、太平洋高気圧にゆるやかに覆われますが、高気圧の縁を回って流れ込む湿った空気や上空の寒気の影響を受ける見込みです。このため、曇りで昼前から時々晴れとなり、午後は雨や雷雨となって、激しく降る所があるでしょう。
甲府地方気象台,2022-07-09T10:40:00+09:00,山梨県,,　関東の東には低気圧があって、北へ進んでいます。一方、千島の東には高気圧があって、北日本に張り出しています。  　山梨県は、曇りや晴れとなっています。  　９日は、高気圧に緩やかに覆われますが、低気圧周辺の湿った空気や上空の寒気の影響を受ける見込みです。このため、曇り時々晴れで、午後は雨や雷雨となって、激しく降る所があるでしょう。  　１０日は、太平洋高気圧に緩やかに覆われますが、高気圧の縁を回って流れ込む湿った空気や上空の寒気の影響を受ける見込みです。このため、曇りで昼前から時々晴れとなり、午後は雨や雷雨となって、激しく降る所があるでしょう。
甲府地方気象台,2022-07-09T16:43:00+09:00,山梨県,,　関東の東には低気圧があって、北へ進んでいます。一方、千島の東には高気圧があって、北日本に張り出しています。  　山梨県は、曇りで、山地では雨の降っている所があります。  　９日は、高気圧に緩やかに覆われますが、低気圧周辺の湿った空気や上空の寒気の影響を受ける見込みです。このため、曇りで、雷を伴って激しい雨の降る所があるでしょう。  　１０日は、太平洋高気圧に緩やかに覆われますが、高気圧の縁を回って流れ込む湿った空気や上空の寒気の影響を受ける見込みです。このため、曇り時々雨となり、昼前から夕方にかけて雷を伴って激しく降る所があるでしょう。
甲府地方気象台,2022-07-10T04:48:00+09:00,山梨県,,　山陰沖と四国の南には低気圧があって、それぞれ東と東南東へ進んでいます。  　山梨県は、曇りで、雨の降っている所があります。  　１０日は、高気圧に緩やかに覆われますが、湿った空気や上空の寒気の影響を受ける見込みです。このため、曇りで雨や雷雨となる所があり、昼過ぎから夕方は激しく降る所があるでしょう。  　１１日は、高気圧に緩やかに覆われますが、湿った空気や上空の気圧の谷の影響を受ける見込みです。このため、曇りで昼過ぎまで時々晴れとなり、午後は雷を伴った激しい雨の降る所があるでしょう。
甲府地方気象台,2022-07-10T10:36:00+09:00,山梨県,,　若狭湾沖と紀伊半島の南には低気圧があって、それぞれ東と東南東へ進んでいます。  　山梨県は、曇りや晴れとなっています。  　１０日は、高気圧に緩やかに覆われますが、湿った空気や上空の寒気の影響を受ける見込みです。このため、曇り時々晴れで、局地的に雨や雷雨となり、昼過ぎから夕方にかけて激しく降る所があるでしょう。  　１１日は、高気圧に緩やかに覆われますが、湿った空気や上空の気圧の谷の影響を受ける見込みです。このため、曇り昼過ぎまで時々晴れで、午後は局地的に雨や雷雨となり、夕方から夜のはじめ頃にかけて激しく降る所があるでしょう。
甲府地方気象台,2022-07-10T16:36:00+09:00,山梨県,,　紀伊半島の南には低気圧があって、ほとんど停滞しています。  　山梨県は、晴れや曇りで、雨の降っている所があります。  　１０日は、高気圧に緩やかに覆われますが、湿った空気や上空の寒気の影響を受ける見込みです。このため、晴れ夜曇りで、雨や雷雨となる所があるでしょう。  　１１日は、高気圧に緩やかに覆われますが、湿った空気や日中の気温上昇の影響を受ける見込みです。このため、曇り時々晴れで、午後は局地的に雨や雷雨となり、夕方から夜のはじめ頃にかけて激しく降る所があるでしょう。
甲府地方気象台,2022-07-11T04:49:00+09:00,山梨県,,　日本の東には低気圧があって、ゆっくり東へ進んでいます。一方、日本のはるか東には高気圧があってほとんど停滞しています。  　山梨県は、曇りや晴れとなっています。  　１１日は、高気圧に緩やかに覆われますが、湿った空気や日中の気温上昇の影響を受ける見込みです。このため、中・西部では晴れ時々曇り、東部・富士五湖では曇り時々晴れで、ともに午後は局地的に雨や雷雨となり、夕方から夜のはじめ頃にかけて激しく降る所があるでしょう。  　１２日は、低気圧や上空の寒気の影響を受ける見込みです。このため、曇り時々雨で、雷を伴う所があるでしょう。
甲府地方気象台,2022-07-11T10:35:00+09:00,山梨県,,　東日本は高気圧に緩やかに覆われています。  　山梨県は、晴れや曇りとなっています。  　１１日は、高気圧に緩やかに覆われますが、湿った空気や日中の気温上昇の影響を受ける見込みです。このため、中・西部では晴れ夕方から曇り、東部・富士五湖では、晴れ時々曇りとなり、ともに夕方から夜のはじめ頃にかけて、雷を伴った激しい雨の降る所があるでしょう。  　１２日は、上空の寒気や湿った空気の影響を受ける見込みです。このため、曇り時々雨で、雷を伴う所があるでしょう。
甲府地方気象台,2022-07-11T16:32:00+09:00,山梨県,,　東日本は高気圧に緩やかに覆われています。  　山梨県は、曇りや晴れで、雨の降っている所があります。  　１１日は、高気圧に緩やかに覆われますが、湿った空気や日中の気温上昇の影響を受ける見込みです。このため、はじめ晴れる所もありますが、おおむね曇りで夜のはじめ頃まで雷を伴った激しい雨の降る所があるでしょう。  　１２日は、上空の寒気や湿った空気の影響を受ける見込みです。このため、曇りで昼過ぎから雨となり、雷を伴う所があるでしょう。
甲府地方気象台,2022-07-12T04:40:00+09:00,山梨県,,　低気圧が日本海を東へ進んでいます。  　山梨県は、曇りで、雨の降っている所があります。  　１２日は、上空の寒気や湿った空気の影響を受ける見込みです。このため、曇り時々雨で、雷を伴う所があるでしょう。  　１３日は、高気圧に緩やかに覆われますが、上空の寒気や湿った空気の影響を受ける見込みです。このため、中・西部では曇りで昼前から昼過ぎは晴れとなり、東部・富士五湖では曇りで、ともに雨や雷雨となる所があるでしょう。
甲府地方気象台,2022-07-12T10:36:00+09:00,山梨県,,　低気圧が日本海を東へ進んでいます。  　山梨県は、曇りで、雨の降っている所があります。  　１２日は、上空の寒気や、低気圧に向かって流れ込む湿った空気の影響を受ける見込みです。このため、曇り時々雨で、雷を伴う所があるでしょう。  　１３日は、上空の寒気や湿った空気の影響を受ける見込みです。このため、中・西部では曇りで昼前から昼過ぎは晴れとなり、東部・富士五湖では曇りで、ともに雨や雷雨となる所があるでしょう。
甲府地方気象台,2022-07-12T16:35:00+09:00,山梨県,,　低気圧が日本海を東北東へ進んでいます。  　山梨県は、曇りや雨となっています。  　１２日は、上空の寒気や、低気圧に向かって流れ込む湿った空気の影響を受ける見込みです。このため、曇りで夜のはじめ頃は雨となり、夜のはじめ頃まで雷を伴い激しく降る所があるでしょう。  　１３日は、上空の寒気や湿った空気の影響を受ける見込みです。このため、中・西部では曇りで昼前から昼過ぎは晴れとなり、雨や雷雨となる所があるでしょう。東部・富士五湖では曇りで昼過ぎから時々雨となり、雷を伴う所があるでしょう。
甲府地方気象台,2022-07-13T04:34:00+09:00,山梨県,,　低気圧が能登半島付近と東海道沖にあって東へ進んでいます。  　山梨県は、曇りや雨となっています。  　１３日は、上空の寒気や低気圧周辺の湿った空気の影響を受ける見込みです。このため、中・西部では曇りで昼前は晴れとなり、雨や雷雨となる所があるでしょう。東部・富士五湖では曇り時々雨となり、雷を伴う所がある見込みです。  　１４日は、日本海を東へ進む低気圧や、湿った空気の影響を受けるため、曇りで夕方から雨となるでしょう。
甲府地方気象台,2022-07-13T10:35:00+09:00,山梨県,,　低気圧が能登半島付近と東海道沖にあって東へ進んでいます。  　山梨県は、曇りや晴れとなっています。  　１３日は、上空の寒気や低気圧周辺の湿った空気の影響を受ける見込みです。このため、中・西部は晴れで夕方から曇り、東部・富士五湖はおおむね曇りとなり、ともに雨や雷雨となる所があるでしょう。  　１４日は、日本海を東へ進む低気圧や、湿った空気の影響を受けるため、曇りで夕方から雨となる見込みです。
甲府地方気象台,2022-07-13T17:02:00+09:00,山梨県,,　低気圧が伊豆諸島付近にあってゆっくり東へ進んでいます。  　山梨県は、曇りで、雨の降っている所があります。  　１３日は、上空の寒気や湿った空気の影響を受ける見込みです。このため、曇りで雨や雷雨となる所があり、中・西部では夜のはじめ頃まで激しく降る所があるでしょう。  　１４日は、日本海を北東へ進む低気圧や、湿った空気の影響を受ける見込みです。このため、曇りで夜は雨となるでしょう。
甲府地方気象台,2022-07-14T04:42:00+09:00,山梨県,,　低気圧が伊豆諸島付近をゆっくり東へ進んでいます。また、朝鮮半島付近に別の低気圧があって、東に進んでいます。  　山梨県は、曇りで雨の降っている所があります。  　１４日は、上空の寒気や湿った空気の影響を受ける見込みです。このため、曇りで夜は雨となるでしょう。  　１５日は、低気圧が日本海へ進み、低気圧に向かって暖かく湿った空気が流れ込む見込みです。このため、曇りで明け方まで雨となり、午後は雨や雷雨となる所があるでしょう。
甲府地方気象台,2022-07-14T10:34:00+09:00,山梨県,,　伊豆諸島付近は気圧の谷となっています。また、朝鮮半島付近には低気圧があって、東に進んでいます。  　山梨県は、曇りや雨となっています。  　１４日は、湿った空気の影響を受けるため、曇り時々雨となるでしょう。  　１５日は、低気圧が日本海へ進み、低気圧に向かって暖かく湿った空気が流れ込む見込みです。このため、曇りで明け方まで雨となり、午後は雨や雷雨となる所があるでしょう。
甲府地方気象台,2022-07-14T16:34:00+09:00,山梨県,,　伊豆諸島付近は気圧の谷となっています。また、日本海西部には低気圧があって、東に進んでいます。  　山梨県は、曇りで雨の降っている所があります。  　１４日は、湿った空気の影響を受けるため、曇りで夜は雨となるでしょう。  　１５日は、低気圧や前線の影響を受けるため、曇り時々雨で、午後は雷を伴い激しく降る所がある見込みです。
甲府地方気象台,2022-07-15T04:42:00+09:00,山梨県,,　伊豆諸島付近は気圧の谷となっています。また、黄海から西日本の日本海沿岸を通って北陸付近に前線がのびています。  　山梨県は、曇りで雨の降っている所があります。  　１５日は、前線に流れ込む暖かく湿った空気や上空の寒気の影響を受ける見込みです。このため、曇り時々雨で、午後は雷を伴い激しく降る所があるでしょう。  　１６日は、前線に流れ込む暖かく湿った空気や上空の寒気の影響を受ける見込みです。このため、曇りで夕方から雨となり、雷を伴い激しく降る所があるでしょう。
甲府地方気象台,2022-07-15T10:38:00+09:00,山梨県,,　前線が華北から東シナ海を通って東日本にのびています。  　山梨県は、曇りで雨の降っている所があります。  　１５日は、前線に向かう暖かく湿った空気や上空の寒気の影響を受ける見込みです。このため、中・西部では曇りで雨や雷雨となる所があり、夕方からは激しく降る所があるでしょう。東部・富士五湖では曇り時々雨で、夕方からは雷を伴い激しく降る所がある見込みです。  　１６日は、前線に向かう暖かく湿った空気や上空の寒気の影響を受けるでしょう。このため、曇りで夕方から雨となり、雷を伴い激しく降る所がある見込みです。
甲府地方気象台,2022-07-15T16:41:00+09:00,山梨県,,　前線が華北から西日本を通って東日本にのびています。  　山梨県は、曇りで雨の降っている所があります。  　１５日は、前線に向かう暖かく湿った空気や上空の寒気の影響を受ける見込みです。このため、曇りで雨や雷雨となり、激しく降る所があるでしょう。  　１６日は、前線に向かう暖かく湿った空気や上空の寒気の影響を受ける見込みです。このため、曇りで昼前から雨となり、夕方から雷を伴い激しく降る所があるでしょう。
甲府地方気象台,2022-07-16T04:33:00+09:00,山梨県,,　前線が華中から西日本を通って東日本にのびています。  　山梨県は、曇りで、雨の降っている所があります。  　１６日は、前線に向かう暖かく湿った空気や上空の寒気の影響を受ける見込みです。このため、曇りで昼前から雨となり、夕方から雷を伴い激しく降る所があるでしょう。  　１７日は、湿った空気や上空の寒気の影響を受ける見込みです。このため、曇りで未明は雨となり、雷を伴う所があるでしょう。
甲府地方気象台,2022-07-16T10:40:00+09:00,山梨県,,　前線が華中から西日本を通って北日本にのびています。  　山梨県は、曇りで、雨の降っている所があります。  　１６日は、前線に向かう暖かく湿った空気や上空の寒気の影響を受ける見込みです。このため、曇りで昼過ぎから雨となり、夕方から雷を伴い激しく降る所があるでしょう。  　１７日は、湿った空気や上空の寒気の影響を受ける見込みです。このため、曇りで未明は雨となり、雷を伴う所があるでしょう。
甲府地方気象台,2022-07-16T16:44:00+09:00,山梨県,,　前線が西日本から北日本に停滞し、前線上の低気圧が四国付近にあって東へ進んでいます。  　山梨県は、雨となっています。  　１６日は、前線に向かう暖かく湿った空気や上空の寒気の影響を受ける見込みです。このため、雨で、雷を伴い激しく降る所があるでしょう。  　１７日は、前線に向かう暖かく湿った空気や上空の寒気の影響を受ける見込みです。このため、曇りで朝夕は雨となり、昼過ぎからは雷を伴い激しく降る所があるでしょう。
甲府地方気象台,2022-07-17T04:36:00+09:00,山梨県,,　前線が西日本から北日本に停滞し、前線上の低気圧が紀伊半島付近を東北東へ進んでいます。また、能登沖には、別の低気圧があって東北東へ進んでいます。  　山梨県は、曇りや雨となっています。  　１７日は、前線に向かう暖かく湿った空気や上空の寒気の影響を受ける見込みです。このため、曇りで明け方まで雨となり、午後は雨や雷雨となり激しく降る所があるでしょう。  　１８日は、高気圧に緩やかに覆われますが、湿った空気の影響を受ける見込みです。このため、曇り時々晴れで、夕方から夜のはじめ頃にかけて雨の降る所があるでしょう。
甲府地方気象台,2022-07-17T10:44:00+09:00,山梨県,,　前線が、東シナ海から関東地方の沿岸を通って東北地方にのびて停滞しています。また、佐渡沖には、低気圧があって東北東へ進んでいます。  　山梨県は、曇りや晴れで、雨の降っている所があります。  　１７日は、前線に向かう暖かく湿った空気や上空の寒気の影響を受ける見込みです。このため、曇り時々晴れで、午後は雨や雷雨となり激しく降る所があるでしょう。  　１８日は、高気圧に緩やかに覆われますが、湿った空気の影響を受ける見込みです。このため、曇り時々晴れで、夕方から夜のはじめ頃にかけて雨の降る所があるでしょう。
甲府地方気象台,2022-07-17T16:40:00+09:00,山梨県,,　前線が、華中から東日本を通って北日本の太平洋側にのびています。  　山梨県は、晴れや曇りとなっています。  　１７日は、前線に向かう暖かく湿った空気や上空の寒気の影響を受ける見込みです。このため、晴れ夜曇りで、雨や雷雨となり激しく降る所があるでしょう。  　１８日は、高気圧に緩やかに覆われますが、湿った空気の影響を受ける見込みです。このため、曇りで昼過ぎまで時々晴れとなり、夕方から雨の降る所があるでしょう。
甲府地方気象台,2022-07-18T04:34:00+09:00,山梨県,,　前線が、北海道付近から房総半島付近にのびています。  　山梨県は、おおむね曇りとなっています。  　１８日は、高気圧に緩やかに覆われますが、湿った空気の影響を受ける見込みです。このため、曇りで昼過ぎまで時々晴れとなり、雨の降る所があるでしょう。  　１９日は、前線上の低気圧が日本海を東へ進み、前線や低気圧に向かう暖かく湿った空気の影響を受ける見込みです。このため、曇りで雨の降る所があるでしょう。
甲府地方気象台,2022-07-18T10:36:00+09:00,山梨県,,　前線を伴った低気圧が黄海にあって、東へ進んでいます。  　山梨県は、晴れまたは曇りとなっています。  　１８日は、高気圧に緩やかに覆われますが、湿った空気の影響を受ける見込みです。このため、曇り時々晴れで、夕方から雨の降る所があるでしょう。  　１９日は、前線上の低気圧が日本海を東へ進み、前線や低気圧に向かう暖かく湿った空気の影響を受ける見込みです。このため、曇りで雨の降る所があるでしょう。
甲府地方気象台,2022-07-18T16:37:00+09:00,山梨県,,　前線を伴った低気圧が黄海付近にあって、東へ進んでいます。  　山梨県は、おおむね曇りとなっています。  　１８日は、湿った空気の影響を受ける見込みです。このため、曇りで、夜は雨の降る所があるでしょう。  　１９日は、前線上の低気圧が日本海を東へ進み、前線や低気圧に向かう暖かく湿った空気の影響を受ける見込みです。このため、曇りで、雨の降る所があるでしょう。
甲府地方気象台,2022-07-19T04:38:00+09:00,山梨県,,　日本海西部に前線を伴った低気圧があって、東へ進んでいます。  　山梨県は、曇りで、雨の降っている所があります。  　１９日は、前線を伴った低気圧が日本海を北東に進み、前線や低気圧に向かう暖かく湿った空気の影響を受ける見込みです。このため、曇り時々雨となるでしょう。  　２０日は、高気圧に緩やかに覆われますが、気圧の谷や湿った空気の影響を受ける見込みです。このため、中・西部では晴れ時々曇りとなり、東部・富士五湖では曇りで朝から昼過ぎは晴れるでしょう。
甲府地方気象台,2022-07-19T10:37:00+09:00,山梨県,,　日本海に前線を伴った低気圧があって、東北東へ進んでいます。  　山梨県は、雨や曇りとなっています。  　１９日は、前線を伴った低気圧が日本海を北東に進み、前線や低気圧に向かう暖かく湿った空気の影響を受ける見込みです。このため、雨で夜は曇りとなるでしょう。  　２０日は、高気圧に緩やかに覆われますが、気圧の谷や湿った空気の影響を受ける見込みです。このため、中・西部では晴れ時々曇りとなり、東部・富士五湖では曇りで朝から昼過ぎは晴れるでしょう。
甲府地方気象台,2022-07-19T16:38:00+09:00,山梨県,,　日本海には前線を伴った低気圧があって、東北東へ進んでいます。  　山梨県は、雨や曇りとなっています。  　１９日は、前線を伴った低気圧が日本海を東北東に進み、前線や低気圧に向かう暖かく湿った空気の影響を受ける見込みです。このため、曇りで雨の降る所があるでしょう。  　２０日は、高気圧に緩やかに覆われますが、気圧の谷や湿った空気の影響を受ける見込みです。このため、中・西部では晴れ時々曇りとなり、東部・富士五湖では曇りで朝から昼過ぎは晴れるでしょう。
甲府地方気象台,2022-07-20T04:47:00+09:00,山梨県,,　前線を伴った低気圧が東北地方にあって、東北東へ進んでいます。  　山梨県は、曇りや晴れとなっています。  　２０日は、前線や湿った空気の影響を受ける見込みです。このため、曇りで、朝から昼過ぎにかけて晴れるでしょう。  　２１日は、気圧の谷や湿った空気の影響を受ける見込みです。このため、曇り昼前まで時々晴れで、夕方から雨の降る所があるでしょう。
甲府地方気象台,2022-07-20T10:35:00+09:00,山梨県,,　前線を伴った低気圧が日本の東にあって、東へ進んでいます。一方、朝鮮半島付近には高気圧があって、東へ移動しています。  　山梨県は、薄曇りとなっています。  　２０日は、高気圧に覆われますが、湿った空気の影響を受けるため、晴れ時々曇りとなるでしょう。  　２１日は、気圧の谷や湿った空気の影響を受けるため、曇りで昼前まで時々晴れとなり、夕方から雨の降る所がある見込みです。
甲府地方気象台,2022-07-20T16:36:00+09:00,山梨県,,　朝鮮半島付近には高気圧があって、東へ移動しています。  　山梨県は、晴れや曇りとなっています。  　２０日は、高気圧に覆われますが、湿った空気の影響を受けるため、晴れで夜は次第に曇りとなり、夜のはじめ頃まで雨の降る所があるでしょう。  　２１日は、気圧の谷や湿った空気の影響を受ける見込みです。このため、中・西部では曇り時々晴れ、東部・富士五湖では曇りで、ともに夕方から雨の降る所があるでしょう。
甲府地方気象台,2022-07-21T04:44:00+09:00,山梨県,,　高気圧が日本海にあって、東へ移動しています。一方、前線を伴った低気圧が黄海にあって、東へ進んでいます。  　山梨県は、曇りとなっています。  　２１日は、高気圧が日本の東に移動し、気圧の谷や湿った空気の影響を受ける見込みです。このため、曇りで昼前は晴れますが、夕方から雨の降る所があるでしょう。  　２２日は、低気圧や前線の影響により、曇りで、朝から昼前は雨となる見込みです。
甲府地方気象台,2022-07-21T10:35:00+09:00,山梨県,,　前線を伴った低気圧が黄海付近にあって、東へ進んでいます。  　山梨県は、晴れや曇りとなっています。  　２１日は、気圧の谷や湿った空気の影響を受ける見込みです。このため、晴れで昼過ぎから曇りとなり、夕方から雨の降る所があるでしょう。  　２２日は、低気圧や前線の影響により、曇りで、朝から昼前は雨となる見込みです。
甲府地方気象台,2022-07-21T16:33:00+09:00,山梨県,,　前線を伴った低気圧が日本海を東へ進んでいます。  　山梨県は、曇りで、弱い雨の降っている所があります。  　２１日は、気圧の谷や湿った空気の影響を受ける見込みです。このため、曇り時々雨となるでしょう。  　２２日は、低気圧や前線の影響により、曇りのち晴れで、明け方から朝は雨となる見込みです。
甲府地方気象台,2022-07-22T07:18:00+09:00,山梨県,,　前線を伴った低気圧が日本海を東北東へ進んでいます。  　山梨県は、雨や曇りで、雷を伴っている所があります。  　２２日は、低気圧や前線の影響により、雨で昼前まで雷を伴う所がありますが、昼前から次第に曇りとなり、午後はおおむね晴れるでしょう。  　２３日は、高気圧に緩やかに覆われますが、気圧の谷や湿った空気の影響を受ける見込みです。このため、曇り時々晴れで、昼過ぎから雨の降る所があるでしょう。
甲府地方気象台,2022-07-22T10:35:00+09:00,山梨県,,　前線を伴った低気圧が日本海を東北東へ進んでいます。  　山梨県は、晴れや曇りとなっています。  　２２日は、おおむね晴れますが、低気圧や前線の影響により、時々曇りとなるでしょう。  　２３日は、高気圧に緩やかに覆われますが、気圧の谷や湿った空気の影響を受ける見込みです。このため、曇り時々晴れで、昼過ぎから雨の降る所があるでしょう。
甲府地方気象台,2022-07-22T16:35:00+09:00,山梨県,,　前線を伴った低気圧が日本海を東へ進んでいます。  　山梨県は、晴れや曇りとなっています。  　２２日は、おおむね晴れますが、湿った空気の影響で時々曇りとなるでしょう。  　２３日は、高気圧に緩やかに覆われますが、気圧の谷や湿った空気の影響を受ける見込みです。このため、晴れ時々曇りで、夕方から夜のはじめ頃にかけて雨や雷雨となり、激しく降る所があるでしょう。
甲府地方気象台,2022-07-23T04:50:00+09:00,山梨県,,　日本海と三陸沖に低気圧があって東北東へ進んでおり、三陸沖の低気圧から寒冷前線が関東地方へのびています。  　山梨県は、晴れや曇りとなっています。  　２３日は、高気圧に緩やかに覆われますが、気圧の谷や湿った空気の影響を受けるでしょう。このため、晴れ時々曇りで、夕方から夜のはじめ頃にかけては雨や雷雨となり、激しく降る所もある見込みです。  　２４日は、高気圧に緩やかに覆われますが、湿った空気の影響を受けるでしょう。このため、曇りで昼前から夕方は晴れとなる見込みです。
甲府地方気象台,2022-07-23T10:37:00+09:00,山梨県,,　日本海と三陸沖に低気圧があって東北東へ進んでおり、三陸沖の低気圧から寒冷前線が関東地方へのびています。  　山梨県では、晴れています。  　２３日は、高気圧に緩やかに覆われますが、気圧の谷や湿った空気の影響を受ける見込みです。このため、晴れ時々曇りで、午後は局地的に雨や雷雨となり、夕方から夜のはじめ頃にかけては、激しく降る所があるでしょう。  　２４日は、高気圧に緩やかに覆われますが、湿った空気の影響を受けるでしょう。このため、曇りで昼前から夕方は晴れとなる見込みです。
甲府地方気象台,2022-07-23T16:40:00+09:00,山梨県,,　関東甲信地方は、高気圧に緩やかに覆われています。  　山梨県では、曇りや晴れで、激しい雨の降っている所があります。  　２３日は、高気圧に緩やかに覆われますが、上空の寒気や湿った空気の影響を受ける見込みです。このため、晴れる所もありますが、次第に曇りで局地的に雨や雷雨となり、夜のはじめ頃にかけては、激しく降る所があるでしょう。  　２４日は、高気圧に緩やかに覆われますが、湿った空気の影響を受ける見込みです。このため、曇りで昼前から時々晴れとなるでしょう。
甲府地方気象台,2022-07-24T04:36:00+09:00,山梨県,,　関東甲信地方は、高気圧に緩やかに覆われています。  　山梨県は、曇りや晴れとなっています。  　２４日は、高気圧に緩やかに覆われますが、湿った空気の影響を受ける見込みです。このため、曇り時々晴れとなるでしょう。  　２５日は、高気圧に緩やかに覆われますが、湿った空気の影響を受ける見込みです。このため、晴れ時々曇りとなるでしょう。
甲府地方気象台,2022-07-24T10:37:00+09:00,山梨県,,　関東甲信地方は、高気圧に緩やかに覆われています。  　山梨県は、晴れや曇りとなっています。  　２４日は、高気圧に緩やかに覆われますが、湿った空気の影響を受ける見込みです。このため、晴れ時々曇りとなるでしょう。  　２５日は、高気圧に緩やかに覆われますが、湿った空気の影響を受ける見込みです。このため、晴れ時々曇りとなるでしょう。
甲府地方気象台,2022-07-24T16:36:00+09:00,山梨県,,　関東甲信地方は、高気圧に緩やかに覆われています。  　山梨県は、おおむね晴れています。  　２４日は、高気圧に緩やかに覆われますが、湿った空気の影響を受ける見込みです。このため、晴れで夜遅く曇りとなるでしょう。  　２５日は、高気圧に緩やかに覆われますが、湿った空気の影響を受ける見込みです。このため、晴れで朝晩曇りとなるでしょう。
甲府地方気象台,2022-07-25T04:38:00+09:00,山梨県,,　関東甲信地方は、高気圧に緩やかに覆われています。  　山梨県は、晴れや曇りとなっています。  　２５日は、高気圧に緩やかに覆われますが、湿った空気の影響を受ける見込みです。このため、晴れで夜は曇りとなるでしょう。  　２６日は、気圧の谷や湿った空気の影響を受ける見込みです。このため、曇りで、朝からは雨となる所があり、午後からは雷も伴う所があるでしょう。
甲府地方気象台,2022-07-25T10:37:00+09:00,山梨県,,　関東甲信地方は、高気圧に緩やかに覆われています。  　山梨県は、おおむね晴れています。  　２５日は、高気圧に緩やかに覆われますが、湿った空気の影響を受けるため、晴れで夜は曇りとなるでしょう。  　２６日は、気圧の谷や湿った空気の影響を受けるため、曇りで、朝から雨や雷雨となる所がある見込みです。
甲府地方気象台,2022-07-25T16:37:00+09:00,山梨県,,　関東甲信地方は、高気圧に緩やかに覆われています。  　山梨県は、晴れや曇りとなっています。  　２５日は、高気圧に緩やかに覆われますが、湿った空気の影響を受けるため、晴れで夜遅くは曇りとなり、雨の降る所があるでしょう。  　２６日は、気圧の谷や湿った空気の影響を受けるため、曇りで、朝夕は雨となり、夕方から夜のはじめ頃にかけては雷を伴い激しく降る所がある見込みです。
甲府地方気象台,2022-07-26T04:41:00+09:00,山梨県,,　関東甲信地方は、高気圧に緩やかに覆われています。一方、東日本の南岸には湿った空気が流れ込んでいます。  　山梨県は、雨や曇りで、雷を伴い非常に激しい雨の降っている所があります。  　２６日は、気圧の谷や湿った空気の影響を受ける見込みです。このため、曇り時々雨で夕方まで雷を伴い激しく降る所があり、峡南地域では明け方まで非常に激しい雨の降る所があるでしょう。  　２７日は、高気圧に覆われますが、湿った空気の影響を受ける見込みです。このため、曇りで昼前から時々晴れとなり、昼過ぎから夜のはじめ頃にかけて雨や雷雨となる所があるでしょう。
甲府地方気象台,2022-07-26T10:33:00+09:00,山梨県,,　関東甲信地方は、高気圧に緩やかに覆われています。一方、前線が千島の東の低気圧から東北南部にのびており、東日本の南岸には湿った空気が流れ込んでいます。  　山梨県は、雨や曇りで、雷を伴って激しい雨の降っている所があります。  　２６日は、気圧の谷や湿った空気の影響を受ける見込みです。このため、中・西部では曇り時々雨、東部・富士五湖では雨時々曇りとなり、ともに夕方まで雷を伴って激しく降る所があるでしょう。  　２７日は、高気圧に覆われますが、引き続き湿った空気の影響を受ける見込みです。このため、曇りで昼前から時々晴れとなり、昼過ぎから夜のはじめ頃にかけて雨や雷雨となる所があるでしょう。
甲府地方気象台,2022-07-26T16:34:00+09:00,山梨県,,　関東甲信地方は、高気圧に緩やかに覆われています。一方、前線が千島の東の低気圧から東北地方にのびており、東日本には湿った空気が流れ込んでいます。  　山梨県は、雨や曇りとなっています。  　２６日は、湿った空気の影響を受けるため、雨で夜は曇りとなり、雷を伴う所があるでしょう。  　２７日は、高気圧に覆われますが、引き続き湿った空気の影響を受ける見込みです。このため、曇りで昼前から時々晴れとなり、昼過ぎから夜のはじめ頃にかけて雷を伴った激しい雨の降る所があるでしょう。
甲府地方気象台,2022-07-27T04:39:00+09:00,山梨県,,　前線が東北地方から日本の東にのびており、前線に向かう暖かく湿った空気が関東甲信地方に流れ込んでいます。また、太平洋高気圧が日本の南に張り出しています。  　山梨県は、曇りで、雨の降っている所があります。  　２７日は、高気圧に緩やかに覆われますが、湿った空気の影響を受けるため、曇り時々晴れで、昼過ぎから夜のはじめ頃にかけて雷を伴い激しい雨の降る所があるでしょう。  　２８日は、引き続き高気圧に緩やかに覆われますが、湿った空気の影響を受けるため、曇り朝から昼前は晴れで、昼過ぎから夜のはじめ頃にかけて雷を伴い激しい雨の降る所がある見込みです。
甲府地方気象台,2022-07-27T10:37:00+09:00,山梨県,,　前線が東北地方から日本の東にのびており、前線に向かう暖かく湿った空気が関東甲信地方に流れ込んでいます。また、太平洋高気圧が日本の南に張り出しています。  　山梨県は、曇りで、雨の降っている所があります。  　２７日は、高気圧に緩やかに覆われますが、湿った空気の影響を受けるため、曇りで、昼過ぎから夜のはじめ頃にかけて雷を伴い激しい雨の降る所があるでしょう。  　２８日は、引き続き高気圧に緩やかに覆われますが、湿った空気の影響を受けるため、曇りで朝から昼前は晴れとなり、昼過ぎから夜のはじめ頃にかけて雷を伴い激しい雨の降る所がある見込みです。
甲府地方気象台,2022-07-27T16:42:00+09:00,山梨県,,　前線が東北地方から日本のはるか東にのびており、前線に向かう暖かく湿った空気が関東甲信地方に流れ込んでいます。また、太平洋高気圧が日本の南に張り出しています。  　山梨県は、おおむね曇りとなっています。  　２７日は、高気圧に緩やかに覆われますが、湿った空気の影響を受けるため、曇りで、雨や雷雨となる所があるでしょう。  　２８日は、引き続き高気圧に緩やかに覆われますが、湿った空気の影響を受けるため、曇りで、昼過ぎから夜のはじめ頃にかけて雷を伴い激しい雨の降る所がある見込みです。
甲府地方気象台,2022-07-28T04:34:00+09:00,山梨県,,　前線が北陸地方から日本のはるか東にのびており、前線に向かって暖かく湿った空気が流れ込んでいます。また、太平洋高気圧が日本の南に張り出しています。  　山梨県は、おおむね曇りとなっています。  　２８日は、高気圧に緩やかに覆われますが、前線や湿った空気の影響を受ける見込みです。このため、曇りで、昼過ぎから夜のはじめ頃にかけて雷を伴った激しい雨の降る所があるでしょう。  　２９日は、引き続き高気圧に緩やかに覆われますが、湿った空気の影響を受ける見込みです。このため、曇りで昼過ぎまで時々晴れとなり、午後は雨や雷雨となる所があるでしょう。
甲府地方気象台,2022-07-28T10:46:00+09:00,山梨県,,　太平洋高気圧が日本の南に張り出しています。また、前線が北陸地方から日本の東にのびており、前線に向かって暖かく湿った空気が流れ込んでいます。  　山梨県は、晴れや曇りとなっています。  　２８日は、高気圧に緩やかに覆われますが、前線や湿った空気の影響を受ける見込みです。このため、曇り時々晴れで、午後は雷を伴った激しい雨の降る所があるでしょう。  　２９日は、引き続き高気圧に緩やかに覆われますが、湿った空気の影響を受ける見込みです。このため、曇りで昼過ぎまで時々晴れとなり、午後は雷を伴った激しい雨の降る所があるでしょう。
甲府地方気象台,2022-07-28T18:50:00+09:00,山梨県,,　関東甲信地方では、太平洋高気圧の縁を回る暖かく湿った空気が流れ込んでいます。  　山梨県は、曇りや雨で、雷を伴い非常に激しく降っている所があります。  　２８日は、高気圧に緩やかに覆われますが、湿った空気の影響を受ける見込みです。このため、曇りで、夜のはじめ頃にかけて雷を伴った非常に激しい雨の降る所があるでしょう。  　２９日は、引き続き高気圧に緩やかに覆われますが、湿った空気の影響を受ける見込みです。このため、晴れ時々曇りとなり、午後は雷を伴った激しい雨の降る所があるでしょう。
甲府地方気象台,2022-07-29T04:34:00+09:00,山梨県,,　関東甲信地方には、太平洋高気圧の縁を回る暖かく湿った空気が流れ込んでいます。  　山梨県は、晴れや曇りとなっています。  　２９日は、高気圧に緩やかに覆われますが、湿った空気の影響を受ける見込みです。このため、晴れ時々曇りで、夕方から夜のはじめ頃にかけて、雨や雷雨となって激しく降る所があるでしょう。  　３０日は、引き続き高気圧に緩やかに覆われますが、湿った空気の影響を受ける見込みです。このため、晴れ時々曇りで、夕方から夜のはじめ頃にかけて、雨や雷雨となって激しく降る所があるでしょう。
甲府地方気象台,2022-07-29T10:37:00+09:00,山梨県,,　関東甲信地方には、太平洋高気圧の縁を回る暖かく湿った空気が流れ込んでいます。  　山梨県は、おおむね晴れています。  　２９日は、高気圧に緩やかに覆われますが、湿った空気の影響を受ける見込みです。このため、晴れ時々曇りで、午後は雷を伴った激しい雨の降る所があるでしょう。  　３０日は、引き続き高気圧に緩やかに覆われますが、湿った空気の影響を受ける見込みです。このため、晴れ時々曇りで、午後は雷を伴った激しい雨の降る所があるでしょう。
甲府地方気象台,2022-07-29T16:39:00+09:00,山梨県,,　関東甲信地方には、太平洋高気圧の縁を回る暖かく湿った空気が流れ込んでいます。  　山梨県は、晴れや曇りで、雨の降っている所があります。  　２９日は、高気圧に緩やかに覆われますが、湿った空気の影響を受ける見込みです。このため、晴れ時々曇りで、夜のはじめ頃まで雷を伴った激しい雨の降る所があるでしょう。  　３０日は、引き続き高気圧に緩やかに覆われますが、湿った空気の影響を受ける見込みです。このため、晴れ時々曇りで、午後は雷を伴った激しい雨の降る所があるでしょう。山梨県では、３０日は熱中症の危険性が極めて高い気象状況になることが予測されます。外出はなるべく避け、室内をエアコン等で涼しい環境にして過ごしてください。
甲府地方気象台,2022-07-30T04:34:00+09:00,山梨県,,　関東甲信地方には、太平洋高気圧の縁を回る暖かく湿った空気が流れ込んでいます。  　山梨県は、曇りや晴れとなっています。  　３０日は、高気圧に緩やかに覆われますが、湿った空気の影響を受ける見込みです。このため、晴れ時々曇りで、午後は雷を伴った激しい雨の降る所があるでしょう。山梨県では、３０日は熱中症の危険性が極めて高い気象状況になることが予測されます。外出はなるべく避け、室内をエアコン等で涼しい環境にして過ごしてください。  　３１日は、引き続き高気圧に緩やかに覆われますが、湿った空気の影響を受ける見込みです。このため、曇り時々晴れで、午後は雷を伴った激しい雨の降る所があるでしょう。
甲府地方気象台,2022-07-30T10:36:00+09:00,山梨県,,　関東甲信地方は、太平洋高気圧に緩やかに覆われています。  　山梨県は、おおむね晴れています。  　３０日は、高気圧に緩やかに覆われますが、湿った空気の影響を受ける見込みです。このため、晴れ夕方から曇りで、午後は雷を伴った激しい雨の降る所があるでしょう。山梨県では、３０日は熱中症の危険性が極めて高い気象状況になることが予測されます。外出はなるべく避け、室内をエアコン等で涼しい環境にして過ごしてください。  　３１日は、引き続き高気圧に緩やかに覆われますが、湿った空気の影響を受ける見込みです。このため、曇り時々晴れで、午後は雷を伴った激しい雨の降る所があるでしょう。
甲府地方気象台,2022-07-30T16:37:00+09:00,山梨県,,　関東甲信地方は、太平洋高気圧に緩やかに覆われています。  　山梨県は、晴れや曇りで、雷を伴い激しい雨の降っている所があります。  　３０日は、高気圧に緩やかに覆われますが、湿った空気の影響を受ける見込みです。このため、晴れ時々曇りで、雷を伴い激しい雨の降る所があるでしょう。  　３１日は、引き続き高気圧に緩やかに覆われますが、湿った空気の影響を受ける見込みです。このため、晴れ時々曇りで、午後は雷を伴い激しい雨の降る所があるでしょう。山梨県では、３１日は熱中症の危険性が極めて高い気象状況になることが予測されます。外出はなるべく避け、室内をエアコン等で涼しい環境にして過ごしてください。
甲府地方気象台,2022-07-31T04:45:00+09:00,山梨県,,　関東甲信地方は、太平洋高気圧に緩やかに覆われています。  　山梨県は、曇りや晴れとなっています。  　３１日は、高気圧に緩やかに覆われますが、湿った空気の影響を受ける見込みです。このため、晴れ時々曇りで、午後は雷を伴い激しい雨の降る所があるでしょう。山梨県では、３１日は熱中症の危険性が極めて高い気象状況になることが予測されます。外出はなるべく避け、室内をエアコン等で涼しい環境にして過ごしてください。  　８月１日は、高気圧に覆われますが、湿った空気や気圧の谷の影響を受ける見込みです。このため、晴れ時々曇りで、午後は雷を伴い激しい雨の降る所があるでしょう。
甲府地方気象台,2022-07-31T10:40:00+09:00,山梨県,,　関東甲信地方は、太平洋高気圧に緩やかに覆われています。  　山梨県は、おおむね晴れています。  　３１日は、高気圧に緩やかに覆われますが、湿った空気の影響を受ける見込みです。このため、晴れで夕方から曇りとなり、午後は雷を伴い激しい雨の降る所があるでしょう。山梨県では、３１日は熱中症の危険性が極めて高い気象状況になることが予測されます。外出はなるべく避け、室内をエアコン等で涼しい環境にして過ごしてください。  　８月１日は、高気圧に覆われますが、湿った空気や気圧の谷の影響を受ける見込みです。このため、晴れ時々曇りで、午後は雷を伴い激しい雨の降る所があるでしょう。
甲府地方気象台,2022-07-31T16:39:00+09:00,山梨県,,　関東甲信地方は、太平洋高気圧に緩やかに覆われていますが、南から暖かく湿った空気が流れ込んで大気の状態が非常に不安定となっています。  　山梨県は、おおむね曇りで、雨や雷雨となっている所があります。  　３１日は、高気圧に緩やかに覆われますが、湿った空気の影響を受ける見込みです。このため、晴れ時々曇りとなり、雷を伴い激しい雨の降る所があるでしょう。  　８月１日は、高気圧に緩やかに覆われますが、湿った空気の影響を受ける見込みです。このため、晴れ時々曇りで、午後は雷を伴い激しい雨の降る所があるでしょう。山梨県では、８月１日は熱中症の危険性が極めて高い気象状況になることが予測されます。外出はなるべく避け、室内をエアコン等で涼しい環境にして過ごしてください。
