publishingOffice,reportDatetime,targetArea,headlineText,text
松江地方気象台,2022-05-01T04:31:00+09:00,島根県,,　島根県は、気圧の谷や湿った空気の影響で曇っています。  　１日は、午前中は気圧の谷や湿った空気の影響で曇り、雨の降る所があるでしょう。午後は高気圧に覆われて晴れる見込みです。  　２日は、高気圧に覆われて概ね晴れますが、隠岐では気圧の谷や湿った空気の影響で、明け方から昼前にかけて雷雨となる所があるでしょう。
松江地方気象台,2022-05-01T10:33:00+09:00,島根県,,　島根県は、気圧の谷や湿った空気の影響で曇り、雨の降っている所があります。  　１日は、気圧の谷や湿った空気の影響で曇り、昼前にかけて雨の降る所がありますが、次第に高気圧に覆われて晴れる見込みです。  　２日は、高気圧に覆われて概ね晴れますが、気圧の谷や湿った空気の影響で、隠岐では明け方から昼前にかけて雷雨となる所があるでしょう。
松江地方気象台,2022-05-01T16:33:00+09:00,島根県,,　島根県は、高気圧に覆われて概ね晴れています。  　１日夜は、高気圧に覆われて晴れるでしょう。  　２日は、高気圧に覆われて概ね晴れますが、気圧の谷や湿った空気の影響で、明け方から夕方にかけて雷雨となる所がある見込みです。
松江地方気象台,2022-05-02T04:33:00+09:00,島根県,,　島根県は、高気圧に覆われて概ね晴れています。  　２日は、高気圧に覆われて概ね晴れますが、気圧の谷や湿った空気の影響で、夕方にかけて雷雨となる所がある見込みです。  　３日は、高気圧に覆われて晴れるでしょう。
松江地方気象台,2022-05-02T10:33:00+09:00,島根県,,　島根県は、高気圧に覆われて概ね晴れていますが、湿った空気や寒気の影響で雨の降っている所があります。  　２日は、高気圧に覆われて概ね晴れますが、湿った空気や寒気の影響で、夕方にかけて雷雨となる所がある見込みです。  　３日は、高気圧に覆われて晴れるでしょう。
松江地方気象台,2022-05-02T16:31:00+09:00,島根県,,　島根県は、高気圧に覆われて概ね晴れていますが、湿った空気や寒気の影響で雨の降っている所があります。  　２日夜は、湿った空気や寒気の影響で概ね曇り、西部では雷雨となる所がある見込みです。  　３日は、高気圧に覆われて晴れますが、西部では湿った空気や寒気の影響で明け方まで雷雨となる所があるでしょう。
松江地方気象台,2022-05-03T04:33:00+09:00,島根県,,　島根県は、高気圧に覆われて概ね晴れています。  　３日は、高気圧に覆われて晴れる見込みです。  　４日は、引き続き高気圧に覆われて晴れるでしょう。
松江地方気象台,2022-05-03T10:31:00+09:00,島根県,,　島根県は、高気圧に覆われて晴れています。  　３日は、高気圧に覆われて晴れる見込みです。  　４日は、引き続き高気圧に覆われて晴れるでしょう。
松江地方気象台,2022-05-03T16:31:00+09:00,島根県,,　島根県は、高気圧に覆われて晴れています。  　３日夜は、高気圧に覆われて晴れる見込みです。  　４日は、引き続き高気圧に覆われて晴れるでしょう。
松江地方気象台,2022-05-04T04:33:00+09:00,島根県,,　島根県は、高気圧に覆われて晴れています。  　４日は、高気圧に覆われて晴れるでしょう。  　５日は、引き続き高気圧に覆われて晴れる見込みです。
松江地方気象台,2022-05-04T10:31:00+09:00,島根県,,　島根県は、高気圧に覆われて晴れています。  　４日は、高気圧に覆われて晴れるでしょう。  　５日は、引き続き高気圧に覆われて晴れる見込みです。
松江地方気象台,2022-05-04T16:31:00+09:00,島根県,,　島根県は、高気圧に覆われて晴れています。  　４日夜は、高気圧に覆われて晴れるでしょう。  　５日は、引き続き高気圧に覆われて晴れる見込みです。
松江地方気象台,2022-05-05T04:31:00+09:00,島根県,,　島根県は、高気圧に覆われて晴れています。  　５日は、高気圧に覆われて晴れるでしょう。  　６日は、引き続き高気圧に覆われて晴れる見込みです。
松江地方気象台,2022-05-05T10:33:00+09:00,島根県,,　島根県は、高気圧に覆われて晴れています。  　５日は、高気圧に覆われて晴れるでしょう。  　６日は、引き続き高気圧に覆われて晴れる見込みです。
松江地方気象台,2022-05-05T16:35:00+09:00,島根県,,　島根県は、高気圧に覆われて晴れています。  　５日夜は、高気圧に覆われて晴れるでしょう。  　６日は、引き続き高気圧に覆われて晴れる見込みです。
松江地方気象台,2022-05-06T04:32:00+09:00,島根県,,　島根県は、高気圧に覆われて概ね晴れています。  　６日は、高気圧に覆われて概ね晴れるでしょう。  　７日は、高気圧に覆われて概ね晴れますが、湿った空気の影響で夜のはじめ頃は雨の降る所がある見込みです。
松江地方気象台,2022-05-06T10:34:00+09:00,島根県,,　島根県は、高気圧に覆われて晴れています。  　６日は、高気圧に覆われて概ね晴れるでしょう。  　７日は、高気圧に覆われて概ね晴れますが、湿った空気の影響で昼前から雨の降る所がある見込みです。
松江地方気象台,2022-05-06T16:33:00+09:00,島根県,,　島根県は、湿った空気の影響で西部を中心に概ね曇っています。  　６日夜は、西部では湿った空気の影響で概ね曇りますが、東部と隠岐では高気圧に覆われて概ね晴れるでしょう。  　７日は、高気圧に覆われて概ね晴れますが、湿った空気の影響で夜遅くに雨の降る所がある見込みです。
松江地方気象台,2022-05-07T04:34:00+09:00,島根県,,　島根県は、湿った空気の影響で概ね曇り、雨の降っている所があります。  　７日は、湿った空気の影響で概ね曇る見込みです。夜に雨の降る所があるでしょう。  　８日は、高気圧に覆われて概ね晴れる見込みです。
松江地方気象台,2022-05-07T10:32:00+09:00,島根県,,　島根県は、高気圧に覆われて概ね晴れています。  　７日は、高気圧に覆われて晴れますが、夜は気圧の谷や湿った空気の影響で曇り、雨の降る所があるでしょう。  　８日は、高気圧に覆われて概ね晴れる見込みです。
松江地方気象台,2022-05-07T16:32:00+09:00,島根県,,　島根県は、高気圧に覆われて概ね晴れています。  　７日夜は、気圧の谷や湿った空気の影響で曇るでしょう。  　８日は、高気圧に覆われて概ね晴れる見込みです。
松江地方気象台,2022-05-08T04:33:00+09:00,島根県,,　島根県は、湿った空気や寒気の影響で概ね曇っています。  　８日は、高気圧に覆われて概ね晴れるでしょう。  　９日は、気圧の谷や湿った空気の影響で曇りますが、高気圧に覆われて昼前から晴れる見込みです。
松江地方気象台,2022-05-08T10:31:00+09:00,島根県,,　島根県は、高気圧に覆われて晴れています。  　８日は、高気圧に覆われて晴れるでしょう。  　９日は、気圧の谷や湿った空気の影響で曇りますが、高気圧に覆われて昼前から晴れる見込みです。
松江地方気象台,2022-05-08T16:31:00+09:00,島根県,,　島根県は、高気圧に覆われて晴れています。  　８日夜は、高気圧に覆われて晴れますが、湿った空気の影響で夜遅くには曇るでしょう。  　９日は、気圧の谷や湿った空気の影響で曇りますが、高気圧に覆われて昼前から晴れる見込みです。
松江地方気象台,2022-05-09T04:33:00+09:00,島根県,,　島根県は、気圧の谷や湿った空気の影響で曇り、雨の降っている所があります。  　９日は、気圧の谷や湿った空気の影響で曇りますが、昼前からは高気圧に覆われて次第に晴れるでしょう。  　１０日は、高気圧に覆われて晴れますが、気圧の谷や湿った空気の影響で夕方から次第に曇り、夜遅くには雨の降る所がある見込みです。
松江地方気象台,2022-05-09T10:32:00+09:00,島根県,,　島根県は、気圧の谷や湿った空気の影響で曇っています。  　９日は、気圧の谷や湿った空気の影響で曇りますが、高気圧に覆われて昼過ぎから次第に晴れるでしょう。  　１０日は、高気圧に覆われて晴れますが、気圧の谷や湿った空気の影響で夕方から次第に曇り、夜遅くには雨の降る所がある見込みです。
松江地方気象台,2022-05-09T16:32:00+09:00,島根県,,　島根県は、気圧の谷や湿った空気の影響で概ね曇っています。  　９日夜は、高気圧に覆われて晴れる見込みです。  　１０日は、引き続き高気圧に覆われて概ね晴れるでしょう。
松江地方気象台,2022-05-10T04:33:00+09:00,島根県,,　島根県は、高気圧に覆われて概ね晴れています。  　１０日は、高気圧に覆われて晴れますが、気圧の谷や湿った空気の影響で夕方から曇るでしょう。  　１１日は、気圧の谷や湿った空気の影響で曇り、朝を中心に雨が降る見込みです。
松江地方気象台,2022-05-10T10:33:00+09:00,島根県,,　島根県は、高気圧に覆われて概ね晴れています。  　１０日は、高気圧に覆われて概ね晴れるでしょう。  　１１日は、気圧の谷や湿った空気の影響で曇り、朝を中心に雨が降る見込みです。
松江地方気象台,2022-05-10T16:33:00+09:00,島根県,,　島根県は、気圧の谷や湿った空気の影響で曇っています。  　１０日夜は、気圧の谷や湿った空気の影響で曇るでしょう。  　１１日は、気圧の谷や湿った空気の影響で曇り、午前中を中心に雨が降る 見込みです。
松江地方気象台,2022-05-11T04:35:00+09:00,島根県,,　島根県は、気圧の谷や湿った空気の影響で雨が降っています。  　１１日は、気圧の谷や湿った空気の影響で曇り、午前中を中心に雨が降るでしょう。  　１２日は、気圧の谷や湿った空気の影響で曇り、断続的に雨が降る見込みです。
松江地方気象台,2022-05-11T10:34:00+09:00,島根県,,　島根県は、気圧の谷や湿った空気の影響で曇り、雨の降っている所があります。  　１１日は、気圧の谷や湿った空気の影響で曇り、雨の降る所があるでしょう。  　１２日は、気圧の谷や湿った空気の影響で曇り、断続的に雨が降る見込みです。
松江地方気象台,2022-05-11T16:32:00+09:00,島根県,,　島根県は、高気圧に覆われて概ね晴れています。  　１１日夜は、気圧の谷や湿った空気の影響で曇るでしょう。  　１２日は、低気圧や前線の影響で曇り、断続的に雨が降る見込みです。
松江地方気象台,2022-05-12T04:33:00+09:00,島根県,,　島根県は、気圧の谷や湿った空気の影響で曇り、雨の降っている所があります。  　１２日は、低気圧や前線の影響で曇り、朝から次第に雨が降る見込みです。  　１３日は、低気圧や前線の影響で曇り、昼過ぎから雨が降るでしょう。
松江地方気象台,2022-05-12T10:36:00+09:00,島根県,,　島根県は、気圧の谷や湿った空気の影響で雨が降っています。  　１２日は、低気圧や前線の影響で曇り、雨が降るでしょう。  　１３日は、低気圧や前線の影響で曇り、東部と西部を中心に昼過ぎから雨が降る見込みです。
松江地方気象台,2022-05-12T16:32:00+09:00,島根県,,　島根県は、低気圧や前線の影響で東部と隠岐を中心に雨が降っています。  　１２日夜は、低気圧や前線の影響で曇り、雨の降る所があるでしょう。  　１３日は、低気圧や前線の影響で曇り、昼過ぎから夕方にかけて雨が降る見込みです。
松江地方気象台,2022-05-13T04:34:00+09:00,島根県,,　島根県は、低気圧や前線の影響で曇っています。  　１３日は、低気圧や前線の影響で曇り、昼前から雨が降る見込みです。  　１４日は、はじめは気圧の谷や寒気の影響で曇り、明け方まで雨が降るでしょう。その後は高気圧に覆われ晴れる見込みです。
松江地方気象台,2022-05-13T10:31:00+09:00,島根県,,　島根県は、低気圧や前線の影響で曇り、東部と西部では雨が降っています。  　１３日は、低気圧や前線の影響で雨が降る見込みです。  　１４日は、気圧の谷や寒気の影響で曇り、明け方まで雨が降りますが、その後は高気圧に覆われて次第に晴れるでしょう。
松江地方気象台,2022-05-13T16:31:00+09:00,島根県,,　島根県は、低気圧や前線の影響で雨が降っています。  　１３日夜は、低気圧や前線の影響で曇り、雨の降る所がある見込みです。  　１４日は、気圧の谷や寒気の影響で曇り、東部と西部を中心に明け方まで雨が降りますが、その後は高気圧に覆われて次第に晴れるでしょう。
松江地方気象台,2022-05-14T04:32:00+09:00,島根県,,　島根県は、気圧の谷や寒気の影響で雨が降っています。  　１４日は、気圧の谷や寒気の影響で曇り、明け方まで雨が降りますが、昼前からは高気圧に覆われて次第に晴れるでしょう。  　１５日は、高気圧に覆われて概ね晴れる見込みです。
松江地方気象台,2022-05-14T10:31:00+09:00,島根県,,　島根県は、気圧の谷や寒気の影響で概ね曇っています。  　１４日は、はじめ気圧の谷や寒気の影響で曇りますが、その後は高気圧に覆われて晴れるでしょう。  　１５日は、高気圧に覆われて概ね晴れる見込みです。
松江地方気象台,2022-05-14T16:32:00+09:00,島根県,,　島根県は、高気圧に覆われて晴れています。  　１４日夜は、高気圧に覆われて晴れるでしょう。  　１５日は、引き続き高気圧に覆われて概ね晴れる見込みです。
松江地方気象台,2022-05-15T04:31:00+09:00,島根県,,　島根県は、気圧の谷や湿った空気の影響で曇っています。  　１５日は、気圧の谷や湿った空気の影響で曇りますが、昼過ぎからは高気圧に覆われるため概ね晴れるでしょう。  　１６日は、気圧の谷や湿った空気の影響で曇りますが、昼過ぎからは高気圧に覆われるため晴れる見込みです。
松江地方気象台,2022-05-15T10:33:00+09:00,島根県,,　島根県は、気圧の谷や湿った空気の影響で概ね曇っています。  　１５日は、気圧の谷や湿った空気の影響で概ね曇るでしょう。隠岐では、昼過ぎまで雨の降る所がある見込みです。  　１６日は、気圧の谷や湿った空気の影響で曇りますが、高気圧に覆われるため昼過ぎから次第に晴れるでしょう。
松江地方気象台,2022-05-15T16:33:00+09:00,島根県,,　島根県は、気圧の谷や湿った空気の影響で概ね曇っています。  　１５日夜は、気圧の谷や湿った空気の影響で概ね曇る見込みです。  　１６日は、気圧の谷や湿った空気の影響で曇りますが、高気圧に覆われるため昼前から概ね晴れるでしょう。
松江地方気象台,2022-05-16T04:32:00+09:00,島根県,,　島根県は、気圧の谷や湿った空気の影響で曇っています。  　１６日は、気圧の谷や湿った空気の影響で概ね曇る見込みです。  　１７日は、気圧の谷や湿った空気の影響ではじめ曇りますが、高気圧に覆われて次第に晴れるでしょう。
松江地方気象台,2022-05-16T10:33:00+09:00,島根県,,　島根県は、気圧の谷や湿った空気の影響で概ね曇っています。  　１６日は、気圧の谷や湿った空気の影響で東部・西部を中心に概ね曇る見込みです。  　１７日は、気圧の谷や湿った空気の影響ではじめ曇りますが、高気圧に覆われて次第に晴れるでしょう。
松江地方気象台,2022-05-16T16:33:00+09:00,島根県,,　島根県は、高気圧に覆われて概ね晴れています。  　１６日夜は、高気圧に覆われて晴れる見込みです。  　１７日は、引き続き高気圧に覆われるため、晴れるでしょう。
松江地方気象台,2022-05-17T04:34:00+09:00,島根県,,　島根県は、気圧の谷の影響で概ね曇っています。  　１７日は、高気圧に覆われるため、概ね晴れるでしょう。  　１８日は、引き続き高気圧に覆われるため、晴れる見込みです。
松江地方気象台,2022-05-17T10:33:00+09:00,島根県,,　島根県は、高気圧に覆われて晴れています。  　１７日は、高気圧に覆われるため、晴れるでしょう。  　１８日は、引き続き高気圧に覆われるため、晴れる見込みです。
松江地方気象台,2022-05-17T16:32:00+09:00,島根県,,　島根県は、高気圧に覆われて晴れています。  　１７日夜は、高気圧に覆われて晴れるでしょう。  　１８日は、引き続き高気圧に覆われるため、晴れる見込みです。
松江地方気象台,2022-05-18T04:33:00+09:00,島根県,,　島根県は、高気圧に覆われて晴れています。  　１８日は、高気圧に覆われて晴れるでしょう。  　１９日は、高気圧に覆われるため、昼過ぎにかけて晴れますが、夕方からは気圧の谷の影響で曇る見込みです。
松江地方気象台,2022-05-18T10:31:00+09:00,島根県,,　島根県は、高気圧に覆われて晴れています。  　１８日は、高気圧に覆われて晴れるでしょう。  　１９日は、高気圧に覆われて晴れますが、夕方からは気圧の谷の影響で曇る見込みです。
松江地方気象台,2022-05-18T16:31:00+09:00,島根県,,　島根県は、高気圧に覆われて晴れています。  　１８日夜は、高気圧に覆われて晴れるでしょう。  　１９日は、高気圧に覆われて晴れますが、昼過ぎからは気圧の谷の影響で曇る見込みです。
松江地方気象台,2022-05-19T04:35:00+09:00,島根県,,　島根県は、高気圧に覆われて晴れています。  　１９日は、高気圧に覆われて晴れますが、昼過ぎからは気圧の谷や湿った空気の影響で曇る見込みです。  　２０日は、気圧の谷や湿った空気の影響で概ね曇るでしょう。
松江地方気象台,2022-05-19T10:32:00+09:00,島根県,,　島根県は、高気圧に覆われて晴れています。  　１９日は、高気圧に覆われて晴れますが、気圧の谷や湿った空気の影響で昼過ぎから曇る見込みです。  　２０日は、気圧の谷や湿った空気の影響で概ね曇るでしょう。
松江地方気象台,2022-05-19T16:32:00+09:00,島根県,,　島根県は、気圧の谷や湿った空気の影響で概ね曇っています。  　１９日夜は、気圧の谷や湿った空気の影響で曇る見込みです。  　２０日は、気圧の谷や湿った空気の影響で概ね曇るでしょう。
松江地方気象台,2022-05-20T04:32:00+09:00,島根県,,　島根県は、気圧の谷や湿った空気の影響で曇っています。  　２０日は、気圧の谷や湿った空気の影響で概ね曇る見込みです。  　２１日は、気圧の谷や湿った空気の影響で概ね曇るでしょう。
松江地方気象台,2022-05-20T10:32:00+09:00,島根県,,　島根県は、気圧の谷や湿った空気の影響で曇っています。  　２０日は、気圧の谷や湿った空気の影響で、東部・西部を中心に曇る見込みです。  　２１日は、気圧の谷や湿った空気の影響で概ね曇るでしょう。
松江地方気象台,2022-05-20T16:33:00+09:00,島根県,,　島根県は、気圧の谷や湿った空気の影響で曇っています。  　２０日夜は、気圧の谷や湿った空気の影響で曇る見込みです。  　２１日は、気圧の谷や湿った空気の影響で概ね曇るでしょう。
松江地方気象台,2022-05-21T04:33:00+09:00,島根県,,　島根県は、気圧の谷や湿った空気の影響で曇っています。  　２１日は、気圧の谷や湿った空気の影響で概ね曇り、西部では雨の降る所がある見込みです。  　２２日は、高気圧に覆われて晴れるでしょう。
松江地方気象台,2022-05-21T10:33:00+09:00,島根県,,　島根県は、気圧の谷や湿った空気の影響で東部を中心に概ね曇っています。  　２１日は、気圧の谷や湿った空気の影響で概ね曇り、西部では昼過ぎから夕方にかけて雨や雷雨となる所がある見込みです。  　２２日は、高気圧に覆われて晴れるでしょう。
松江地方気象台,2022-05-21T18:40:00+09:00,島根県,,　島根県は、高気圧に覆われて晴れています。  　２１日夜は、高気圧に覆われて晴れる見込みです。  　２２日は、引き続き高気圧に覆われて晴れるでしょう。
松江地方気象台,2022-05-22T04:33:00+09:00,島根県,,　島根県は、高気圧に覆われて晴れています。  　２２日は、高気圧に覆われて晴れるでしょう。  　２３日は、引き続き高気圧に覆われて概ね晴れる見込みです。
松江地方気象台,2022-05-22T10:33:00+09:00,島根県,,　島根県は、高気圧に覆われて晴れています。  　２２日は、高気圧に覆われて概ね晴れますが、午後は上空の寒気や日射の影響で雷を伴う所があるでしょう。  　２３日は、高気圧に覆われて概ね晴れる見込みです。
松江地方気象台,2022-05-22T16:32:00+09:00,島根県,,　島根県は、高気圧に覆われて晴れています。  　２２日夜は、高気圧に覆われて概ね晴れますが、上空の寒気の影響で雷を伴う所があるでしょう。  　２３日は、引き続き、高気圧に覆われて概ね晴れますが、午後は日射や湿った空気の影響で雷を伴う所がある見込みです。
松江地方気象台,2022-05-23T04:34:00+09:00,島根県,,　島根県は、高気圧に覆われて概ね晴れています。  　２３日は、高気圧に覆われて概ね晴れますが、午後は日射や湿った空気の影響で雷を伴う所があるでしょう。  　２４日は、引き続き高気圧に覆われて概ね晴れますが、午後は上空の寒気や日射の影響で雷を伴う所がある見込みです。
松江地方気象台,2022-05-23T10:33:00+09:00,島根県,,　島根県は、高気圧に覆われて晴れています。  　２３日は、高気圧に覆われて概ね晴れますが、午後は日射や湿った空気の影響で雷を伴う所があるでしょう。  　２４日は、引き続き高気圧に覆われて概ね晴れますが、午後は上空の寒気や日射の影響で雷を伴う所がある見込みです。
松江地方気象台,2022-05-23T16:33:00+09:00,島根県,,　島根県は、高気圧に覆われて概ね晴れています。  　２３日夜は、高気圧に覆われて晴れるでしょう。  　２４日は、引き続き高気圧に覆われて概ね晴れる見込みです。
松江地方気象台,2022-05-24T04:34:00+09:00,島根県,,　島根県は、高気圧に覆われて晴れています。  　２４日は、高気圧に覆われて晴れるでしょう。  　２５日は、引き続き高気圧に覆われて、概ね晴れる見込みです。
松江地方気象台,2022-05-24T10:32:00+09:00,島根県,,　島根県は、高気圧に覆われて晴れています。  　２４日は、高気圧に覆われて晴れるでしょう。  　２５日は、引き続き高気圧に覆われて概ね晴れる見込みです。
松江地方気象台,2022-05-24T16:32:00+09:00,島根県,,　島根県は、高気圧に覆われて晴れています。  　２４日夜は、高気圧に覆われて晴れるでしょう。  　２５日は、高気圧に覆われて概ね晴れますが、上空の寒気や強い日射の影響で午後は雨や雷雨となる所がある見込みです。
松江地方気象台,2022-05-25T04:35:00+09:00,島根県,,　島根県は、高気圧に覆われて概ね晴れています。  　２５日は、高気圧に覆われて概ね晴れますが、上空の寒気や湿った空気の影響で午後は雨や雷雨となる所があるでしょう。  　２６日は、湿った空気の影響で曇り、昼前から雨となり雷を伴う所がある見込みです。
松江地方気象台,2022-05-25T10:33:00+09:00,島根県,,　島根県は、高気圧に覆われて概ね晴れています。  　２５日は、高気圧に覆われて概ね晴れますが、上空の寒気や湿った空気の影響で午後は雨や雷雨となる所があるでしょう。  　２６日は、湿った空気の影響で曇り、昼前から雨となり雷を伴う所がある見込みです。
松江地方気象台,2022-05-25T18:34:00+09:00,島根県,,　島根県は、高気圧に覆われて晴れています。  　２５日夜は、高気圧に覆われて晴れるでしょう。  　２６日は、湿った空気の影響で曇り、昼前から雨や雷雨となる見込みです。
松江地方気象台,2022-05-26T04:32:00+09:00,島根県,,　島根県は、湿った空気の影響で曇り、雨の降っている所があります。  　２６日は、湿った空気の影響で曇り、朝から次第に雨が降るでしょう。雷を伴う所がある見込みです。  　２７日は、湿った空気の影響で、はじめ東部では雨が降るでしょう。その後は高気圧に覆われて晴れる見込みです。
松江地方気象台,2022-05-26T10:32:00+09:00,島根県,,　島根県は、湿った空気の影響で曇り、雨の降っている所があります。  　２６日は、湿った空気の影響で雨が降るでしょう。雷を伴う所がある見込みです。  　２７日は、湿った空気の影響ではじめ雨の降る所がありますが、その後は高気圧に覆われて晴れるでしょう。
松江地方気象台,2022-05-26T16:34:00+09:00,島根県,,　島根県は、湿った空気の影響で雨が降っています。  　２６日夜は、湿った空気の影響で雨が降り、雷を伴う所がある見込みです。  　２７日は、湿った空気の影響で明け方まで曇りますが、その後は高気圧に覆われて晴れるでしょう。
松江地方気象台,2022-05-27T04:34:00+09:00,島根県,,　島根県は、湿った空気の影響で概ね曇り、雨の降っている所があります。  　２７日は、高気圧に覆われて晴れるでしょう。  　２８日は、引き続き高気圧に覆われて晴れる見込みです。
松江地方気象台,2022-05-27T10:32:00+09:00,島根県,,　島根県は、高気圧に覆われて晴れています。  　２７日は、高気圧に覆われて晴れるでしょう。  　２８日は、引き続き高気圧に覆われて晴れる見込みです。
松江地方気象台,2022-05-27T16:31:00+09:00,島根県,,　島根県は、高気圧に覆われて晴れています。  　２７日夜は、高気圧に覆われて晴れるでしょう。  　２８日は、引き続き高気圧に覆われて晴れる見込みです。
松江地方気象台,2022-05-28T04:32:00+09:00,島根県,,　島根県は、高気圧に覆われて概ね晴れています。  　２８日は、高気圧に覆われて晴れる見込みです。  　２９日は、引き続き高気圧に覆われて晴れるでしょう。
松江地方気象台,2022-05-28T10:32:00+09:00,島根県,,　島根県は、高気圧に覆われて晴れています。  　２８日は、高気圧に覆われて晴れる見込みです。  　２９日は、引き続き高気圧に覆われて晴れるでしょう。
松江地方気象台,2022-05-28T16:31:00+09:00,島根県,,　島根県は、高気圧に覆われて概ね晴れています。  　２８日夜は、高気圧に覆われて晴れる見込みです。  　２９日は、引き続き高気圧に覆われて晴れるでしょう。
松江地方気象台,2022-05-29T04:32:00+09:00,島根県,,　島根県は、高気圧に覆われて晴れています。  　２９日は、高気圧に覆われて晴れるでしょう。  　３０日は、高気圧に覆われて午前中は概ね晴れますが、午後は前線や湿った空気の影響で曇り、夜は雨が降る見込みです。
松江地方気象台,2022-05-29T10:32:00+09:00,島根県,,　島根県は、高気圧に覆われて晴れています。  　２９日は、高気圧に覆われて晴れるでしょう。  　３０日は、高気圧に覆われて午前中は概ね晴れますが、午後は前線や湿った空気の影響で曇り、夜は雨が降る見込みです。
松江地方気象台,2022-05-29T16:32:00+09:00,島根県,,　島根県は、高気圧に覆われて晴れています。  　２９日夜は、高気圧に覆われて晴れるでしょう。  　３０日は、前線や湿った空気の影響で概ね曇り、昼過ぎから雨が降る見込みです。
松江地方気象台,2022-05-30T04:34:00+09:00,島根県,,　島根県は、前線や湿った空気の影響で概ね曇り、雨の降っている所があります。  　３０日は、前線や湿った空気の影響で曇り、次第に雨が降るでしょう。  　３１日は、前線や湿った空気の影響で曇り、隠岐では未明は雨が降る見込みです。昼過ぎからは高気圧に覆われて晴れるでしょう。
松江地方気象台,2022-05-30T10:32:00+09:00,島根県,,　島根県は、前線や湿った空気の影響で曇り、雨の降っている所があります。  　３０日は、前線や湿った空気の影響で雨が降るでしょう。  　３１日は、前線や湿った空気の影響で曇り、隠岐では未明まで雨が降る見込みです。昼過ぎからは高気圧に覆われて晴れるでしょう。
松江地方気象台,2022-05-30T16:32:00+09:00,島根県,,　島根県は、低気圧や前線の影響で曇り、雨の降っている所があります。  　３０日夜は、低気圧や前線の影響で雨が降るでしょう。  　３１日は、低気圧や前線の影響で曇り、東部では未明は雨が降る見込みです。昼前から高気圧に覆われて晴れるでしょう。
松江地方気象台,2022-05-31T04:33:00+09:00,島根県,,　島根県は、気圧の谷や湿った空気の影響で曇り、雨の降っている所があります。  　３１日は、気圧の谷や湿った空気の影響で曇り、朝まで雨の降る所がありますが、高気圧に覆われて昼前から次第に晴れる見込みです。  　６月１日は、高気圧に覆われて概ね晴れるでしょう。
松江地方気象台,2022-05-31T10:33:00+09:00,島根県,,　島根県は、気圧の谷や湿った空気の影響で概ね曇り、雨の降っている所があります。  　３１日は、はじめは気圧の谷や湿った空気の影響で概ね曇りますが、昼過ぎからは高気圧に覆われて晴れる見込みです。  　６月１日は、高気圧に覆われて概ね晴れるでしょう。
松江地方気象台,2022-05-31T16:32:00+09:00,島根県,,　島根県は、高気圧に覆われて晴れています。  　３１日夜は、高気圧に覆われて晴れる見込みです。  　６月１日は、引き続き高気圧に覆われて概ね晴れるでしょう。
