publishingOffice,reportDatetime,targetArea,headlineText,text
銚子地方気象台,2022-03-01T04:40:00+09:00,千葉県,,　本州付近は、日本の南に中心を持つ高気圧に覆われています。一方、華中から東シナ海には前線がのびています。また、日本海には前線を伴った低気圧があって、東へ進んでいます。  　千葉県は、晴れや曇りとなっています。  　１日は、高気圧が日本のはるか東へ移動し、前線が西日本から東日本の沿岸を東へ進み、夜には前線上に低気圧が発生するため、晴れ後曇りで、夕方から雨となるでしょう。  　２日は、本州付近は西から高気圧に覆われますが、寒気や気圧の谷の影響により、曇り時々晴れで夜遅くは雨となる見込みです。  　千葉県の太平洋沿岸の海上では、１日は、波が高いでしょう。船舶は高波に注意してください。２日は、波がやや高い見込みです。  ＜天気変化等の留意点＞ 　１日は、強風や波が高くなる所がある見込みです。飛散物、海岸での作業に注意してください。
銚子地方気象台,2022-03-01T10:34:00+09:00,千葉県,,　東日本は、日本のはるか東に中心を持つ高気圧に覆われています。一方、東シナ海と日本海にはそれぞれ前線を伴った低気圧があって、東へ進んでいます。  　千葉県は、曇りや晴れとなっています。  　１日は、高気圧が日本のはるか東を東へ移動し、低気圧が西日本から東日本の沿岸を東へ進むため、曇りで夕方から雨となるでしょう。  　２日は、本州付近は西から高気圧に覆われますが、寒気や気圧の谷の影響により、曇り時々晴れで、夜遅くは雨となる見込みです。  　千葉県の太平洋沿岸の海上では、１日は、波が高いでしょう。船舶は高波に注意してください。２日は、波がやや高い見込みです。  ＜天気変化等の留意点＞ 　１日は、強風や波が高くなる所がある見込みです。飛散物、海岸での作業に注意してください。
銚子地方気象台,2022-03-01T16:33:00+09:00,千葉県,,　西日本付近と日本海にはそれぞれ前線を伴った低気圧があって、東へ進んでいます。  　千葉県は、曇りで雨の降っている所があります。  　１日は、低気圧が東日本の沿岸を東へ進むため、曇り時々雨となるでしょう。  　２日は、本州付近は西から高気圧に覆われますが、寒気や気圧の谷の影響により、曇り時々晴れで、夜遅くは雨となり雷を伴う所がある見込みです。  　千葉県の太平洋沿岸の海上では、１日は、波が高いでしょう。船舶は高波に注意してください。２日は、波がやや高い見込みです。  ＜天気変化等の留意点＞ 　２日は、雷雨になる所がある見込みです。急な強い雨、落雷、突風、降ひょうに注意してください。
銚子地方気象台,2022-03-02T04:48:00+09:00,千葉県,,　大陸に中心を持つ高気圧が、西日本から東日本へ張り出しています。一方、関東地方沿岸は気圧の谷となっています。  　千葉県は、曇りや晴れとなっています。  　２日は、高気圧に覆われますが、寒気や気圧の谷の影響により、曇り時々晴れ夜遅く雨で雷を伴う所があるでしょう。  　３日は、高気圧に覆われますが、寒気や気圧の谷の影響により、曇り後晴れ未明雨で、明け方まで雷を伴う所がある見込みです。  　千葉県の太平洋沿岸の海上では、２日は、波がやや高いでしょう。３日は、波が高い見込みです。船舶は高波に注意してください。  ＜天気変化等の留意点＞ 　２日は、雷雨になる所がある見込みです。急な強い雨、落雷、突風、降ひょうに注意してください。
銚子地方気象台,2022-03-02T10:43:00+09:00,千葉県,,　本州付近は高気圧に覆われています。一方、関東地方沿岸は気圧の谷となっています。  　千葉県は、おおむね晴れています。  　２日は、高気圧に覆われますが、気圧の谷や湿った空気の影響で、晴れ後曇り夜遅く雨で雷を伴う所があるでしょう。  　３日は、高気圧に覆われますが、気圧の谷や寒気の影響により、曇り後晴れ未明雨で、明け方まで雷を伴う所がある見込みです。  　千葉県の太平洋沿岸の海上では、２日は、波がやや高いでしょう。３日は、波が高い見込みです。船舶は高波に注意してください。  ＜天気変化等の留意点＞ 　２日は、雷雨になる所がある見込みです。急な強い雨、落雷、突風、降ひょうに注意してください。
銚子地方気象台,2022-03-02T16:38:00+09:00,千葉県,,　本州付近は高気圧に覆われています。一方、関東地方沿岸は気圧の谷となっています。  　千葉県は、曇りや晴れで、弱い雨の降っている所があります。  　２日は、気圧の谷や湿った空気の影響で、曇り夜雨で、雷を伴う所がある見込みです。  　３日は、高気圧に覆われますが、気圧の谷や寒気の影響により、曇り後晴れ未明雨で、明け方まで雷を伴う所があるでしょう。  　千葉県の太平洋沿岸の海上では、２日は、波がやや高いでしょう。３日は、波が高い見込みです。船舶は高波に注意してください。  ＜天気変化等の留意点＞ 　３日は、雷雨になる所がある見込みです。急な強い雨、落雷、突風、降ひょうに注意してください。強風や波が高くなる所がある見込みです。飛散物、海岸での作業に注意してください。
銚子地方気象台,2022-03-03T04:37:00+09:00,千葉県,,　関東の東に低気圧があって、東へ進んでいます。また、日本海にも低気圧があって、東へ進んでいます。一方、東シナ海に高気圧があって、東へ移動しています。  　千葉県は、曇りや晴れとなっています。  　３日は、高気圧に覆われますが、気圧の谷や寒気の影響により、曇り時々晴れとなるでしょう。  　４日は、高気圧に覆われますが、気圧の谷や湿った空気の影響により、曇りで朝から昼過ぎは晴れとなる見込みです。  　千葉県の太平洋沿岸の海上では、３日は、波が高いでしょう。船舶は高波に注意してください。４日は、波がやや高い見込みです。  ＜天気変化等の留意点＞ 　３日は、強風や波が高くなる所がある見込みです。飛散物、海岸での作業に注意してください。
銚子地方気象台,2022-03-03T10:35:00+09:00,千葉県,,　関東の東に低気圧があって、東へ進んでいます。また、日本海北部にも低気圧があって、東へ進んでいます。一方、東シナ海に高気圧があって、東へ移動しています。  　千葉県は、おおむね晴れています。  　３日は、高気圧に覆われますが、気圧の谷や寒気の影響により、晴れ時々曇りとなるでしょう。  　４日は、高気圧に覆われますが、気圧の谷の影響を受けるため、曇りで朝から昼過ぎは晴れる見込みです。  　千葉県の太平洋沿岸の海上では、３日は、波が高いでしょう。船舶は高波に注意してください。４日は、波がやや高い見込みです。  ＜天気変化等の留意点＞ 　３日は、強風や波が高くなる所がある見込みです。飛散物、海岸での作業に注意してください。
銚子地方気象台,2022-03-03T16:34:00+09:00,千葉県,,　関東の東に低気圧があって、東へ進んでいます。また、北海道の南にも低気圧があって、東へ進んでいます。一方、東シナ海に高気圧があって、東へ移動しています。  　千葉県は、おおむね晴れています。  　３日は、高気圧に覆われますが、気圧の谷や寒気の影響により、晴れ時々曇りとなるでしょう。  　４日は、高気圧に覆われますが、気圧の谷の影響を受けるため、曇りで朝から昼過ぎは晴れる見込みです。  　千葉県の太平洋沿岸の海上では、３日から４日にかけて、波が高いでしょう。船舶は高波に注意してください。  ＜天気変化等の留意点＞ 　４日は、強風や波が高くなる所がある見込みです。飛散物、海岸での作業に注意してください。
銚子地方気象台,2022-03-04T08:15:00+09:00,千葉県,,　本州付近は高気圧に覆われています。また、関東地方沿岸は気圧の谷となっています。  　千葉県は、おおむね曇りとなっています。  　４日は、高気圧に覆われますが、関東地方沿岸の気圧の谷や湿った空気の影響を受けるため、曇りで昼前から昼過ぎは晴れとなる見込みです。  　５日は、日本海の低気圧からのびる寒冷前線が通過し、寒気の影響を受けるでしょう。このため、曇り時々晴れとなる見込みです。  　千葉県の太平洋沿岸の海上では、４日は、波がやや高いでしょう。５日は、波が高い見込みです。船舶は高波に注意してください。
銚子地方気象台,2022-03-04T10:34:00+09:00,千葉県,,　本州付近は高気圧に覆われています。また、関東地方沿岸は気圧の谷となっています。  　千葉県は、曇りや晴れとなっています。  　４日は、高気圧に覆われますが、関東地方沿岸の気圧の谷や湿った空気の影響を受けるため、曇り時々晴れとなるでしょう。  　５日は、日本海の低気圧からのびる寒冷前線が通過し、寒気の影響を受けるため、曇り時々晴れとなる見込みです。  　千葉県の太平洋沿岸の海上では、４日は、波がやや高いでしょう。５日は、波が高い見込みです。船舶は高波に注意してください。
銚子地方気象台,2022-03-04T16:34:00+09:00,千葉県,,　本州付近は高気圧に覆われています。また、関東地方沿岸は気圧の谷となっています。  　千葉県は、晴れや曇りとなっています。  　４日は、高気圧に覆われますが、気圧の谷や湿った空気の影響を受けるため、曇りで、夜遅く雨や雷雨となる所があるでしょう。  　５日は、高気圧に緩やかに覆われますが、日本海の低気圧からのびる寒冷前線が通過し、寒気の影響を受けるため、晴れ朝晩曇りで、未明雨や雷雨となる所がある見込みです。  　千葉県の太平洋沿岸の海上では、４日は、波がやや高いでしょう。５日は、波が高い見込みです。船舶は高波に注意してください。  ＜天気変化等の留意点＞ 　５日は、雷雨になる所がある見込みです。急な強い雨、落雷、突風、降ひょうに注意してください。強風や波が高くなる所がある見込みです。飛散物、海岸での作業に注意してください。
銚子地方気象台,2022-03-05T04:38:00+09:00,千葉県,,　東日本は高気圧に緩やかに覆われていますが、関東の東は気圧の谷となっています。また、日本海には前線を伴った低気圧があって東北東に進んでいます。  　千葉県は、おおむね曇りとなっています。  　５日は、高気圧に緩やかに覆われますが、気圧の谷や寒冷前線の影響を受けるため、晴れ朝晩曇りとなるでしょう。  　６日は、冬型の気圧配置となりますが、気圧の谷や寒気の影響を受けるため、晴れ時々曇りとなる見込みです。  　千葉県の太平洋沿岸の海上では、５日から６日にかけて、波が高いでしょう。船舶は高波に注意してください。  ＜天気変化等の留意点＞ 　５日は、強風や波が高くなる所がある見込みです。飛散物、海岸での作業に注意してください。
銚子地方気象台,2022-03-05T10:36:00+09:00,千葉県,,　東日本は高気圧に緩やかに覆われています。一方、日本海には前線を伴った低気圧があって北東へ進んでいます。  　千葉県は、おおむね晴れています。  　５日は、高気圧に緩やかに覆われますが、日本海の低気圧からのびる寒冷前線が通過し、その後冬型の気圧配置となる見込みです。このため、晴れで夜は曇りとなるでしょう。  　６日は、冬型の気圧配置となりますが、気圧の谷や寒気の影響を受けるため、晴れ時々曇りとなる見込みです。  　千葉県の太平洋沿岸の海上では、５日から６日にかけて、波が高いでしょう。船舶は高波に注意してください。  ＜天気変化等の留意点＞ 　５日は、強風や波が高くなる所がある見込みです。飛散物、海岸での作業に注意してください。
銚子地方気象台,2022-03-05T16:37:00+09:00,千葉県,,　日本海の低気圧からのびる寒冷前線が、北日本から西日本を通過しています。  　千葉県は、晴れています。  　５日は、寒冷前線が通過し、その後冬型の気圧配置となる見込みです。このため、晴れで夜は曇りとなるでしょう。  　６日は、冬型の気圧配置となりますが、気圧の谷や寒気の影響を受けるため、晴れで昼前から時々曇りとなる見込みです。  　千葉県の太平洋沿岸の海上では、５日から６日にかけて、波が高いでしょう。船舶は高波に注意してください。  ＜天気変化等の留意点＞ 　６日は、強風や波が高くなる所がある見込みです。飛散物、海岸での作業に注意してください。
銚子地方気象台,2022-03-06T04:42:00+09:00,千葉県,,　北海道の東の低気圧からのびる寒冷前線が伊豆諸島付近を通過し、日本付近は冬型の気圧配置が強まってきています。  　千葉県は、晴れや曇りとなっています。  　６日は、冬型の気圧配置が続き、関東地方沿岸は気圧の谷の影響を受けるため、晴れ時々曇りとなるでしょう。  　７日は、大陸の高気圧が西日本から東日本へ張り出し、冬型の気圧配置は次第に緩むでしょう。また、伊豆諸島付近は気圧の谷となるため、晴れ昼過ぎから時々曇りとなる見込みです。  　千葉県の太平洋沿岸の海上では、６日から７日にかけて、波が高いでしょう。船舶は高波に注意してください。  ＜天気変化等の留意点＞ 　６日は、強風や波が高くなる所がある見込みです。飛散物、海岸での作業に注意してください。
銚子地方気象台,2022-03-06T10:33:00+09:00,千葉県,,　日本付近は冬型の気圧配置となっています。また、関東地方沿岸は気圧の谷となっています。  　千葉県は、おおむね晴れています。  　６日は、冬型の気圧配置が続きますが、関東地方沿岸は気圧の谷の影響を受けるため、晴れ時々曇りとなるでしょう。  　７日は、大陸の高気圧が西日本から東日本へ張り出し、冬型の気圧配置は次第に緩むでしょう。また、伊豆諸島付近は気圧の谷となるため、晴れ昼過ぎから時々曇りとなる見込みです。  　千葉県の太平洋沿岸の海上では、６日から７日にかけて、波が高いでしょう。船舶は高波に注意してください。  ＜天気変化等の留意点＞ 　６日は、強風や波が高くなる所がある見込みです。飛散物、海岸での作業に注意してください。
銚子地方気象台,2022-03-06T16:33:00+09:00,千葉県,,　日本付近は冬型の気圧配置となっています。  　千葉県は、曇りや晴れとなっています。  　６日は、冬型の気圧配置が続きますが、関東地方沿岸は気圧の谷の影響を受けるため、晴れ時々曇りとなるでしょう。  　７日は、大陸の高気圧が西日本から東日本へ張り出し、冬型の気圧配置は次第に緩むでしょう。また、伊豆諸島付近は気圧の谷となるため、晴れ昼過ぎから時々曇りとなる見込みです。  　千葉県の太平洋沿岸の海上では、６日から７日にかけて、波が高いでしょう。船舶は高波に注意してください。  ＜天気変化等の留意点＞ 　７日は、強風や波が高くなる所がある見込みです。飛散物、海岸での作業に注意してください。
銚子地方気象台,2022-03-07T04:43:00+09:00,千葉県,,　日本付近は、冬型の気圧配置となっています。  　千葉県は、晴れています。  　７日は、大陸の高気圧が西日本から東日本へ張り出し、冬型の気圧配置は次第に緩みますが、気圧の谷の影響を受けるため、晴れで昼過ぎから時々曇りとなる見込みです。  　８日は、高気圧に覆われますが、気圧の谷の影響を受けるため、曇りで朝から昼前は雨となる見込みです。  　千葉県の太平洋沿岸の海上では、７日は、波がやや高いでしょう。８日は、うねりを伴い波がやや高い見込みです。
銚子地方気象台,2022-03-07T10:40:00+09:00,千葉県,,　日本付近は、北日本中心の冬型の気圧配置となっています。また、伊豆諸島付近は気圧の谷となっています。  　千葉県は、おおむね晴れています。  　７日は、冬型の気圧配置は次第に緩み、高気圧に覆われますが、気圧の谷の影響を受けるため、晴れ時々曇りとなるでしょう。  　８日は、高気圧に覆われますが、気圧の谷や湿った空気の影響を受けるため、曇りで朝から昼前は雨となる見込みです。  　千葉県の太平洋沿岸の海上では、７日は、波がやや高いでしょう。８日は、うねりを伴い波がやや高い見込みです。
銚子地方気象台,2022-03-07T16:41:00+09:00,千葉県,,　西日本から東日本は、高気圧に覆われています。また、伊豆諸島付近は気圧の谷となっています。  　千葉県は、おおむね晴れています。  　７日は、高気圧に覆われますが、気圧の谷や湿った空気の影響を受けるため、晴れ夜曇りとなるでしょう。  　８日は、高気圧に覆われますが、気圧の谷や湿った空気の影響を受けるため、曇り時々雨で、夕方まで雷を伴う所がある見込みです。  　千葉県の太平洋沿岸の海上では、７日から８日にかけて、うねりを伴い波がやや高いでしょう。  ＜天気変化等の留意点＞ 　８日は、雷雨になる所がある見込みです。急な強い雨、落雷、突風、降ひょうに注意してください。
銚子地方気象台,2022-03-08T04:37:00+09:00,千葉県,,　西日本から東日本は、日本海に中心を持つ高気圧に覆われています。また、伊豆諸島付近は気圧の谷となっています。  　千葉県は、曇りや雨となっています。  　８日は、気圧の谷や湿った空気の影響を受けるため、雨時々曇りで、夕方まで雷を伴う所があるでしょう。  　９日は、高気圧に覆われますが、気圧の谷や湿った空気の影響を受けるため、晴れ時々曇りとなる見込みです。  　千葉県の太平洋沿岸の海上では、８日から９日にかけて、うねりを伴い波が高いでしょう。船舶は高波に注意してください。  ＜天気変化等の留意点＞ 　８日は、雷雨になる所がある見込みです。急な強い雨、落雷、突風、降ひょうに注意してください。うねりを伴い波が高くなる所がある見込みです。海岸での作業に注意してください。
銚子地方気象台,2022-03-08T10:40:00+09:00,千葉県,,　西日本から東日本は、日本海に中心を持つ高気圧に覆われています。一方、関東地方の沿岸は気圧の谷となっています。  　千葉県は、曇りや雨となっています。  　８日は、気圧の谷や湿った空気の影響を受けるため、曇り時々雨で、夕方まで雷を伴う所があるでしょう。  　９日は、高気圧に覆われますが、気圧の谷や湿った空気の影響を受けるため、晴れ時々曇りとなる見込みです。  　千葉県の太平洋沿岸の海上では、８日から９日にかけて、うねりを伴い波が高いでしょう。船舶は高波に注意してください。  ＜天気変化等の留意点＞ 　８日は、雷雨になる所がある見込みです。急な強い雨、落雷、突風、降ひょうに注意してください。うねりを伴い波が高くなる所がある見込みです。海岸での作業に注意してください。
銚子地方気象台,2022-03-08T16:34:00+09:00,千葉県,,　西日本から東日本は、日本海に中心を持つ高気圧に覆われています。一方、伊豆諸島付近には低気圧があって東へ進んでいます。  　千葉県は、曇りで雨の降っている所があります。  　８日は、気圧の谷や湿った空気の影響を受けるため、曇りとなるでしょう。  　９日は、高気圧に覆われますが、気圧の谷や湿った空気の影響を受けるため、晴れ朝晩曇りとなる見込みです。  　千葉県の太平洋沿岸の海上では、８日から９日にかけて、うねりを伴い波が高いでしょう。船舶は高波に注意してください。  ＜天気変化等の留意点＞ 　９日は、うねりを伴い波が高くなる所がある見込みです。海岸での作業に注意してください。
銚子地方気象台,2022-03-09T04:36:00+09:00,千葉県,,　本州付近は高気圧に覆われています。一方、伊豆諸島付近は気圧の谷となっています。  　千葉県は、晴れや曇りとなっています。  　９日は、高気圧に覆われますが、気圧の谷や湿った空気の影響を受けるため、晴れ時々曇りとなるでしょう。  　１０日は、高気圧に覆われますが、気圧の谷や湿った空気の影響を受けるため、晴れ時々曇りとなる見込みです。  　千葉県の太平洋沿岸の海上では、９日は、うねりを伴い波が高いでしょう。船舶は高波に注意してください。１０日は、うねりを伴い波がやや高い見込みです。  ＜天気変化等の留意点＞ 　９日は、うねりを伴い波が高くなる所がある見込みです。海岸での作業に注意してください。
銚子地方気象台,2022-03-09T10:35:00+09:00,千葉県,,　本州付近は高気圧に覆われています。一方、伊豆諸島付近は気圧の谷となっています。  　千葉県は、晴れとなっています。  　９日は、高気圧に覆われますが、気圧の谷や湿った空気の影響を受けるため、晴れ時々曇りとなるでしょう。  　１０日は、高気圧に覆われますが、気圧の谷や湿った空気の影響を受けるため、晴れ時々曇りとなる見込みです。  　千葉県の太平洋沿岸の海上では、９日から１０日にかけて、うねりを伴い波がやや高いでしょう。
銚子地方気象台,2022-03-09T16:33:00+09:00,千葉県,,　本州付近は高気圧に覆われています。一方、伊豆諸島付近は気圧の谷となっています。  　千葉県は、晴れや曇りとなっています。  　９日は、高気圧に覆われますが、気圧の谷や湿った空気の影響を受けるため、晴れ時々曇りとなるでしょう。  　１０日は、高気圧に覆われますが、気圧の谷や湿った空気の影響を受けるため、晴れ昼過ぎから時々曇りとなる見込みです。  　千葉県の太平洋沿岸の海上では、９日から１０日にかけて、うねりを伴い波がやや高いでしょう。
銚子地方気象台,2022-03-10T04:36:00+09:00,千葉県,,　日本付近は、高気圧に覆われています。一方、東海道沖は気圧の谷となっています。  　千葉県は、晴れています。  　１０日は、高気圧に覆われますが、気圧の谷の影響により、晴れ時々曇りとなるでしょう。  　１１日は、引き続き高気圧に覆われますが、気圧の谷の影響により、晴れ朝晩曇りとなる見込みです。  　千葉県の太平洋沿岸の海上では、１０日から１１日にかけて、うねりを伴い波がやや高いでしょう。
銚子地方気象台,2022-03-10T10:35:00+09:00,千葉県,,　日本付近は、高気圧に覆われています。一方、東海道沖は気圧の谷となっています。  　千葉県は、おおむね晴れています。  　１０日は、高気圧に覆われますが、気圧の谷や湿った空気の影響により、晴れ時々曇りとなるでしょう。  　１１日は、引き続き高気圧に覆われますが、気圧の谷や湿った空気の影響により、晴れで朝晩は曇りとなる見込みです。  　千葉県の太平洋沿岸の海上では、１０日から１１日にかけて、うねりを伴い波がやや高いでしょう。
銚子地方気象台,2022-03-10T16:36:00+09:00,千葉県,,　日本付近は、高気圧に覆われています。一方、東海道沖は気圧の谷となっています。  　千葉県は、晴れや曇りとなっています。  　１０日は、高気圧に覆われますが、気圧の谷や湿った空気の影響により、晴れで夜遅くは曇りとなるでしょう。  　１１日は、引き続き高気圧に覆われますが、気圧の谷や湿った空気の影響により、晴れで朝晩は曇りとなる見込みです。  　千葉県の太平洋沿岸の海上では、１０日から１１日にかけて、うねりを伴い波がやや高いでしょう。
銚子地方気象台,2022-03-11T04:34:00+09:00,千葉県,,　日本付近は、高気圧に覆われています。一方、伊豆諸島付近は気圧の谷となっています。  　千葉県は、晴れや曇りとなっています。  　１１日は、高気圧に覆われますが、気圧の谷や湿った空気の影響により、晴れ朝晩曇りとなるでしょう。  　１２日は、引き続き高気圧に覆われますが、気圧の谷や湿った空気の影響を受けるため、晴れ朝晩曇りとなる見込みです。  　千葉県の太平洋沿岸の海上では、１１日から１２日にかけて、うねりを伴い波がやや高いでしょう。
銚子地方気象台,2022-03-11T10:34:00+09:00,千葉県,,　日本付近は、高気圧に覆われています。一方、伊豆諸島付近は気圧の谷となっています。  　千葉県は、晴れています。  　１１日は、高気圧に覆われますが、気圧の谷や湿った空気の影響により、晴れ夜曇りとなるでしょう。  　１２日は、引き続き高気圧に覆われますが、気圧の谷や湿った空気の影響を受けるため、晴れ朝晩曇りとなる見込みです。  　千葉県の太平洋沿岸の海上では、１１日から１２日にかけて、うねりを伴い波がやや高いでしょう。
銚子地方気象台,2022-03-11T16:35:00+09:00,千葉県,,　日本付近は、高気圧に覆われています。  　千葉県は、おおむね晴れています。  　１１日は、高気圧に覆われますが、湿った空気の影響により、晴れ夜曇りとなるでしょう。  　１２日は、引き続き高気圧に覆われますが、気圧の谷や湿った空気の影響を受けるため、晴れ朝晩曇りとなる見込みです。  　千葉県の太平洋沿岸の海上では、１１日から１２日にかけて、うねりを伴い波がやや高いでしょう。
銚子地方気象台,2022-03-12T04:41:00+09:00,千葉県,,　本州付近は、高気圧に覆われています。  　千葉県は、晴れています。  　１２日は、高気圧に覆われるため、おおむね晴れるでしょう。  　１３日は、高気圧に覆われますが、気圧の谷や湿った空気の影響により、晴れ時々曇りとなる見込みです。  　千葉県の太平洋沿岸の海上では、１２日から１３日にかけて、うねりを伴い波がやや高いでしょう。
銚子地方気象台,2022-03-12T10:36:00+09:00,千葉県,,　本州付近は、高気圧に覆われています。  　千葉県は、晴れています。  　１２日は、高気圧に覆われるため、おおむね晴れるでしょう。  　１３日は、高気圧に覆われますが、前線を伴った低気圧が日本海を東へ進み、湿った空気の影響を受けるため、晴れ時々曇りとなる見込みです。  　千葉県の太平洋沿岸の海上では、１２日から１３日にかけて、うねりを伴い波がやや高いでしょう。
銚子地方気象台,2022-03-12T16:35:00+09:00,千葉県,,　本州付近は、高気圧に覆われています。  　千葉県は、晴れています。  　１２日は、高気圧に覆われるため、晴れるでしょう。  　１３日は、高気圧に覆われますが、前線を伴った低気圧が日本海を東へ進み、気圧の谷や湿った空気の影響を受けるため、曇りで昼前から夕方は晴れとなる見込みです。  　千葉県の太平洋沿岸の海上では、１２日から１３日にかけて、うねりを伴い波がやや高いでしょう。
銚子地方気象台,2022-03-13T04:35:00+09:00,千葉県,,　本州付近は、高気圧に覆われています。一方、朝鮮半島付近から日本海にかけて前線がのびています。  　千葉県は、おおむね曇りとなっています。  　１３日は、高気圧に覆われますが、前線を伴った低気圧が日本海を東へ進み、気圧の谷や湿った空気の影響を受けるため、曇り時々晴れとなるでしょう。  　１４日は、低気圧が三陸沖から東へ進み、前線や湿った空気の影響を受けるため、曇り明け方一時雨で、朝まで雷を伴う所がある見込みです。  　千葉県の太平洋沿岸の海上では、１３日は、うねりを伴い波がやや高いでしょう。１４日は、波が高い見込みです。船舶は高波に注意してください。
銚子地方気象台,2022-03-13T10:38:00+09:00,千葉県,,　本州付近は、高気圧に覆われています。一方、日本海中部には前線を伴う低気圧があって東へ進んでいます。  　千葉県は、晴れや曇りとなっています。  　１３日は、高気圧に覆われますが、前線を伴った低気圧が日本海を東へ進み、気圧の谷や湿った空気の影響を受けるため、曇り時々晴れとなるでしょう。  　１４日は、低気圧が三陸沖を東へ進み、前線や湿った空気の影響を受けるため、曇り明け方一時雨で、朝まで雷を伴う所がある見込みです。  　千葉県の太平洋沿岸の海上では、１３日は、うねりを伴い波がやや高いでしょう。１４日は、波が高い見込みです。船舶は高波に注意してください。
銚子地方気象台,2022-03-13T16:42:00+09:00,千葉県,,　本州付近は、高気圧に覆われています。一方、日本海中部には前線を伴う低気圧があって東へ進んでいます。  　千葉県は、おおむね曇りとなっています。  　１３日は、前線を伴った低気圧が日本海を東へ進み、気圧の谷や湿った空気の影響を受けるため、曇り時々晴れとなるでしょう。  　１４日は、低気圧が三陸沖を東へ進み、前線や湿った空気の影響を受けるため、曇り明け方から朝雨で、昼前まで雷を伴う所がある見込みです。  　千葉県の太平洋沿岸の海上では、１３日から１４日にかけて、波が高いでしょう。船舶は高波に注意してください。  ＜天気変化等の留意点＞ 　１４日は、雷雨になる所がある見込みです。急な強い雨、落雷、竜巻などの激しい突風、降ひょうに注意してください。強風や波が高くなる所がある見込みです。飛散物、海岸での作業に注意してください。
銚子地方気象台,2022-03-14T04:48:00+09:00,千葉県,,　前線を伴った低気圧が日本海を東に進んでいます。  　千葉県は、曇りとなっています。  　１４日は、低気圧が日本の東へ進み、前線や湿った空気の影響を受けるでしょう。このため、曇り朝一時雨で、昼前まで雷を伴う所がある見込みです。  　１５日は、午前中前線が通過し、次第に高気圧に覆われるでしょう。このため、曇り後晴れで朝から昼前は雨となり、明け方から昼前は雷を伴う所がある見込みです。  　千葉県の太平洋沿岸の海上では、１４日から１５日にかけて、波が高いでしょう。船舶は高波に注意してください。  ＜天気変化等の留意点＞ 　１４日は、雷雨になる所がある見込みです。急な強い雨、落雷、竜巻などの激しい突風、降ひょうに注意してください。強風や波が高くなる所がある見込みです。飛散物、海岸での作業に注意してください。
銚子地方気象台,2022-03-14T10:34:00+09:00,千葉県,,　前線を伴った低気圧が三陸沖を東北東へ進んでいます。  　千葉県は、晴れとなっています。  　１４日は、高気圧に緩やかに覆われますが、前線や湿った空気の影響を受けるため、晴れ夜曇りとなるでしょう。  　１５日は、午前中前線が通過し、次第に高気圧に覆われるため、曇り後晴れで朝から昼前は雨となり、明け方から昼前は雷を伴う所がある見込みです。  　千葉県の太平洋沿岸の海上では、１４日から１５日にかけて、波が高いでしょう。船舶は高波に注意してください。  ＜天気変化等の留意点＞ 　１４日は、強風や波が高くなる所がある見込みです。飛散物、海岸での作業に注意してください。
銚子地方気象台,2022-03-14T20:13:00+09:00,千葉県,,　西日本から東日本は高気圧に緩やかに覆われています。  　千葉県は、おおむね曇りとなっています。  　１４日は、気圧の谷や湿った空気の影響を受けるため、曇りとなるでしょう。  　１５日は、午前中前線が通過し、次第に高気圧に覆われるため、曇り後晴れで朝から昼前は雨となり、明け方から昼前は雷を伴う所がある見込みです。  　千葉県の太平洋沿岸の海上では、１４日は、波がやや高いでしょう。１５日は、波が高い見込みです。船舶は高波に注意してください。  ＜天気変化等の留意点＞ 　１５日は、雷雨になる所がある見込みです。急な強い雨、落雷、竜巻などの激しい突風、降ひょうに注意してください。強風や波が高くなる所がある見込みです。飛散物、海岸での作業に注意してください。
銚子地方気象台,2022-03-15T04:48:00+09:00,千葉県,,　低気圧が日本海にあって東北東へ進んでおり、前線が本州付近を通過しています。  　千葉県は、おおむね曇りとなっています。  　１５日は、前線が通過し、その後は次第に高気圧に覆われるため、曇り後晴れで朝から昼前は雨となり、昼前まで雷を伴う所があるでしょう。  　１６日は、高気圧に覆われますが、気圧の谷の影響を受けるため、晴れで昼過ぎまで時々曇りとなる見込みです。  　千葉県の太平洋沿岸の海上では、１５日は、波が高いでしょう。船舶は高波に注意してください。１６日は、うねりを伴い波がやや高い見込みです。  ＜天気変化等の留意点＞ 　１５日は、雷雨になる所がある見込みです。急な強い雨、落雷、竜巻などの激しい突風、降ひょうに注意してください。強風や波が高くなる所がある見込みです。飛散物、海岸での作業に注意してください。
銚子地方気象台,2022-03-15T10:45:00+09:00,千葉県,,　低気圧が日本海にあって北東へ進んでいます。また、関東の東には前線を伴った低気圧があって北東へ進んでいます。  　千葉県は、曇りとなっています。  　１５日は、次第に高気圧に覆われますが、はじめ前線の影響を受けるため、曇りで夕方から晴れるでしょう。  　１６日は、高気圧に覆われますが、気圧の谷や湿った空気の影響を受けるため、晴れで昼過ぎまで時々曇りとなるでしょう。  　千葉県の太平洋沿岸の海上では、１５日は、波が高いでしょう。船舶は高波に注意してください。１６日は、うねりを伴い波がやや高い見込みです。  ＜天気変化等の留意点＞ 　１５日は、強風や波が高くなる所がある見込みです。飛散物、海岸での作業に注意してください。
銚子地方気象台,2022-03-15T16:33:00+09:00,千葉県,,　三陸沖には前線を伴った低気圧があって北東へ進んでいます。一方、東シナ海には高気圧があって東へ移動しています。  　千葉県は、晴れています。  　１５日は、高気圧に覆われるため、晴れるでしょう。  　１６日は、高気圧に覆われますが、気圧の谷や湿った空気の影響を受けるため、晴れで昼過ぎまで時々曇りとなる見込みです。  　千葉県の太平洋沿岸の海上では、１５日は、波が高いでしょう。船舶は高波に注意してください。１６日は、うねりを伴い波がやや高い見込みです。
銚子地方気象台,2022-03-16T04:37:00+09:00,千葉県,,　西日本から東日本は、高気圧に覆われています。  　千葉県は、晴れや曇りとなっています。  　１６日は、高気圧に覆われますが、気圧の谷や湿った空気の影響を受けるため、晴れ時々曇りとなるでしょう。  　１７日は、高気圧に覆われますが、気圧の谷の影響を受けるため、晴れ朝晩曇りとなる見込みです。  　千葉県の太平洋沿岸の海上では、１６日から１７日にかけて、うねりを伴い波がやや高いでしょう。
銚子地方気象台,2022-03-16T10:34:00+09:00,千葉県,,　西日本から東日本は、高気圧に覆われています。  　千葉県は、曇りや晴れとなっています。  　１６日は、高気圧に覆われますが、気圧の谷や湿った空気の影響を受けるため、曇り時々晴れとなるでしょう。  　１７日は、高気圧に覆われますが、気圧の谷の影響を受けるため、晴れ朝晩曇りとなる見込みです。  　千葉県の太平洋沿岸の海上では、１６日から１７日にかけて、うねりを伴い波がやや高いでしょう。
銚子地方気象台,2022-03-16T16:33:00+09:00,千葉県,,　西日本から東日本は、高気圧に覆われています。  　千葉県は、おおむね晴れています。  　１６日は、高気圧に覆われますが、気圧の谷や湿った空気の影響を受けるため、晴れ時々曇りとなるでしょう。  　１７日は、高気圧に覆われますが、気圧の谷の影響を受けるため、晴れ夕方から曇りで、夜遅くは雨の降る所がある見込みです。  　千葉県の太平洋沿岸の海上では、１６日から１７日にかけて、うねりを伴い波がやや高いでしょう。
銚子地方気象台,2022-03-17T04:40:00+09:00,千葉県,,　西日本から東日本は高気圧に覆われていますが、伊豆諸島付近は弱い気圧の谷となっています。  　千葉県は、おおむね晴れています。  　１７日は、高気圧に覆われますが、気圧の谷や湿った空気の影響を受けるため、晴れで夕方から曇りとなり、夜遅くは雨の降る所があるでしょう。  　１８日は、前線を伴った低気圧が日本の南を東へ進むため、雨で昼前まで時々曇りとなる見込みです。  　千葉県の太平洋沿岸の海上では、１７日は、うねりを伴い波がやや高いでしょう。１８日は、うねりを伴い波が高い見込みです。船舶は高波に注意してください。
銚子地方気象台,2022-03-17T10:43:00+09:00,千葉県,,　西日本から東日本は高気圧に覆われています。また、伊豆諸島付近は気圧の谷となっています。  　千葉県は、おおむね晴れています。  　１７日は、高気圧に覆われますが、気圧の谷や湿った空気の影響を受けるため、晴れ夕方から曇りで、夜遅くは雨の降る所があるでしょう。  　１８日は、前線を伴った低気圧が夜には四国沖へ進む見込みです。また、気圧の谷や湿った空気の影響を受けるでしょう。このため、雨昼前まで時々曇りとなる見込みです。  　千葉県の太平洋沿岸の海上では、１７日は、うねりを伴い波がやや高いでしょう。１８日は、うねりを伴い波が高い見込みです。船舶は高波に注意してください。
銚子地方気象台,2022-03-17T16:41:00+09:00,千葉県,,　前線を伴った低気圧が華中にあって東へ進んでいます。また、伊豆諸島付近は気圧の谷となっています。  　千葉県は、おおむね曇りとなっています。  　１７日は、気圧の谷や湿った空気の影響を受けるため、曇りで、夜遅くは雨の降る所があるでしょう。  　１８日は、前線を伴った低気圧が夜には紀伊半島付近へ進む見込みです。また、気圧の谷や湿った空気の影響を受けるでしょう。このため、雨昼前まで時々曇りとなる見込みです。  　千葉県の太平洋沿岸の海上では、１７日は、うねりを伴い波がやや高いでしょう。１８日は、うねりを伴い波が高い見込みです。船舶は高波に注意してください。  ＜天気変化等の留意点＞ 　１８日は、強風やうねりを伴い波が高くなる所がある見込みです。飛散物、海岸での作業に注意してください。
銚子地方気象台,2022-03-18T04:42:00+09:00,千葉県,,　東シナ海には前線を伴った低気圧があって東へ進んでいます。また、関東地方の南海上は気圧の谷となっています。  　千葉県は、曇りで雨の降っている所があります。  　１８日は、前線を伴った低気圧が夜には紀伊半島付近へ進む見込みです。また、気圧の谷や湿った空気の影響を受けるため、雨昼前まで時々曇りで、夕方から雷を伴う所があるでしょう。また、夜は激しく降る所もある見込みです。  　１９日は、低気圧が三陸沖を北上し、西高東低の気圧配置となりますが、関東地方には気圧の谷が残るため、曇り未明雨で、明け方まで雷を伴う所があるでしょう。  　千葉県の太平洋沿岸の海上では、１８日は、うねりを伴い波が高いでしょう。１９日は、うねりを伴いしけとなる見込みです。船舶は高波に注意してください。  ＜天気変化等の留意点＞ 　１８日は、雷を伴い激しい雨の降る所がある見込みです。土砂災害、低地への浸水、河川の増水、落雷、突風、降ひょうに注意してください。強風やうねりを伴い波が高くなる所がある見込みです。飛散物、海岸での作業に注意してください。
銚子地方気象台,2022-03-18T10:40:00+09:00,千葉県,,　東シナ海には前線を伴った低気圧があって東へ進んでいます。また、関東地方の南海上は気圧の谷となっています。  　千葉県は、曇りで雨の降っている所があります。  　１８日は、前線を伴った低気圧が夜には紀伊半島付近へ進む見込みです。また、気圧の谷や湿った空気の影響を受けるでしょう。このため、曇り昼過ぎから雨で、夜は雷を伴い激しく降る所がある見込みです。  　１９日は、低気圧が三陸沖を北上し、西高東低の気圧配置となりますが、関東地方には気圧の谷が残るため、曇り未明雨で、明け方まで雷を伴う所があるでしょう。  　千葉県の太平洋沿岸の海上では、１８日は、うねりを伴い波が高いでしょう。１９日は、うねりを伴いしけとなる見込みです。船舶は高波に注意してください。  ＜天気変化等の留意点＞ 　１８日は、雷を伴い激しい雨の降る所がある見込みです。土砂災害、低地への浸水、河川の増水、落雷、突風、降ひょうに注意してください。強風やうねりを伴い波が高くなる所がある見込みです。飛散物、海岸での作業に注意してください。
銚子地方気象台,2022-03-18T16:44:00+09:00,千葉県,,　四国沖には前線を伴った低気圧があって東北東へ進んでいます。  　千葉県は、雨となっています。  　１８日は、前線を伴った低気圧が紀伊半島付近へ進む見込みです。また、気圧の谷や湿った空気の影響を受けるでしょう。このため、雨で夜は雷を伴い激しく降る所がある見込みです。  　１９日は、低気圧が三陸沖を北上し、西高東低の気圧配置となりますが、関東地方には気圧の谷が残り、午後は上空の寒気の影響を受けるでしょう。このため、曇り未明雨で、雷を伴う所がある見込みです。  　千葉県の太平洋沿岸の海上では、１８日は、うねりを伴い波が高いでしょう。１９日は、うねりを伴いしけとなる見込みです。船舶は高波に注意してください。  ＜天気変化等の留意点＞ 　１９日は、雷雨になる所がある見込みです。土砂災害、低地への浸水、河川の増水、落雷、突風、降ひょうに注意してください。強風やうねりを伴いしけとなる所がある見込みです。飛散物、海岸での作業に注意してください。
銚子地方気象台,2022-03-19T04:48:00+09:00,千葉県,,　関東の東には前線を伴った低気圧があって北東へ進んでいます。  　千葉県は、曇りとなっています。  　１９日は、低気圧が三陸沖を北上し西高東低の気圧配置となりますが、午後は気圧の谷や湿った空気の影響を受ける見込みです。このため、曇り夜雨で、夕方から雷を伴う所があるでしょう。  　２０日は、はじめ西高東低の気圧配置となりますが、次第に高気圧に覆われる見込みです。また、気圧の谷や湿った空気の影響を受けるでしょう。このため、曇り朝から昼過ぎは晴れとなる見込みです。  　千葉県の太平洋沿岸の海上では、１９日は、うねりを伴いしけとなるでしょう。２０日は、うねりを伴い波が高い見込みです。船舶は高波に注意してください。  ＜天気変化等の留意点＞ 　１９日は、雷雨になる所がある見込みです。急な強い雨、落雷、突風、降ひょうに注意してください。強風やうねりを伴いしけとなる所がある見込みです。飛散物、海岸での作業に注意してください。
銚子地方気象台,2022-03-19T10:36:00+09:00,千葉県,,　三陸沖には前線を伴った低気圧があって北東へ進んでいます。  　千葉県は、おおむね晴れとなっています。  　１９日は、西高東低の気圧配置となりますが、午後は気圧の谷や上空の寒気の影響を受けるため、晴れ後曇り夜雨で、夕方から雷を伴う所があるでしょう。  　２０日は、はじめ西高東低の気圧配置となりますが、次第に高気圧に覆われるでしょう。また、気圧の谷や湿った空気の影響を受けるため、曇り朝から昼過ぎは晴れとなる見込みです。  　千葉県の太平洋沿岸の海上では、１９日は、うねりを伴いしけとなるでしょう。２０日は、うねりを伴い波が高い見込みです。船舶は高波に注意してください。  ＜天気変化等の留意点＞ 　１９日は、雷雨になる所がある見込みです。急な強い雨、落雷、突風、降ひょうに注意してください。強風やうねりを伴いしけとなる所がある見込みです。飛散物、海岸での作業に注意してください。
銚子地方気象台,2022-03-19T16:33:00+09:00,千葉県,,　三陸沖には前線を伴った低気圧があって北東へ進んでいます。また、関東甲信地方は気圧の谷となっています。  　千葉県は、おおむね曇りで雨の降っている所があります。  　１９日は、気圧の谷や上空の寒気の影響を受けるため、曇り夜雨で、雷を伴う所があるでしょう。  　２０日は、はじめ西高東低の気圧配置となりますが、次第に高気圧に覆われるでしょう。また、気圧の谷や湿った空気の影響を受けるため、曇り朝から昼過ぎは晴れとなる見込みです。  　千葉県の太平洋沿岸の海上では、１９日は、うねりを伴いしけとなるでしょう。２０日は、うねりを伴い波が高い見込みです。船舶は高波に注意してください。  ＜天気変化等の留意点＞ 　２０日は、うねりを伴い波が高くなる所がある見込みです。海岸での作業に注意してください。
銚子地方気象台,2022-03-20T04:44:00+09:00,千葉県,,　日本付近は、西高東低の気圧配置となっています。  　千葉県は、晴れや曇りとなっています。  　２０日は、西高東低の気圧配置は次第に緩み、高気圧に覆われますが、気圧の谷や湿った空気の影響を受けるため、おおむね晴れで夕方から曇りとなり、夜遅くは雨の降る所があるでしょう。  　２１日は、日本海を移動する高気圧に覆われますが、気圧の谷や湿った空気の影響を受けるため、曇り昼前から夕方晴れで、朝晩は雨の降る所がある見込みです。  　千葉県の太平洋沿岸の海上では、２０日は、うねりを伴いしけとなるでしょう。船舶は高波に注意してください。２１日は、うねりを伴い波がやや高い見込みです。  ＜天気変化等の留意点＞ 　２０日は、うねりを伴いしけとなる所がある見込みです。海岸での作業に注意してください。
銚子地方気象台,2022-03-20T10:35:00+09:00,千葉県,,　日本付近は、西高東低の気圧配置となっています。また、伊豆諸島付近は気圧の谷となっています。  　千葉県は、おおむね晴れています。  　２０日は、次第に高気圧に覆われますが、気圧の谷や湿った空気の影響を受けるため、晴れ夕方から曇りで、夜遅くは雨の降る所があるでしょう。  　２１日は、高気圧に覆われますが、気圧の谷や湿った空気の影響を受けるため、曇り昼前から夕方晴れで、朝晩は雨の降る所がある見込みです。  　千葉県の太平洋沿岸の海上では、２０日は、うねりを伴い波が高いでしょう。船舶は高波に注意してください。２１日は、うねりを伴い波がやや高い見込みです。  ＜天気変化等の留意点＞ 　２０日は、うねりを伴い波が高くなる所がある見込みです。海岸での作業に注意してください。
銚子地方気象台,2022-03-20T16:34:00+09:00,千葉県,,　西日本から東日本は、黄海の高気圧に覆われています。一方、伊豆諸島付近は気圧の谷となっています。  　千葉県は、曇りや晴れとなっています。  　２０日は、高気圧に覆われますが、気圧の谷や湿った空気の影響を受けるため、曇りで、夜遅くは雨の降る所があるでしょう。  　２１日は、高気圧に覆われますが、気圧の谷や湿った空気の影響を受けるため、曇り昼前から夕方晴れで、朝晩は雨の降る所がある見込みです。  　千葉県の太平洋沿岸の海上では、２０日から２１日にかけて、うねりを伴い波が高いでしょう。船舶は高波に注意してください。  ＜天気変化等の留意点＞ 　２１日は、うねりを伴い波が高くなる所がある見込みです。海岸での作業に注意してください。
銚子地方気象台,2022-03-21T04:37:00+09:00,千葉県,,　西日本から東日本は、黄海の高気圧に覆われています。一方、伊豆諸島付近は気圧の谷となっています。  　千葉県は、曇りで雨の降っている所があります。  　２１日は、高気圧に覆われますが、気圧の谷や湿った空気の影響を受ける見込みです。このため、曇り昼前から夕方は晴れで、朝晩は雨の降る所があるでしょう。  　２２日は、房総半島沖に発生した低気圧が東へ進み、湿った空気や寒気の影響を受ける見込みです。このため、雨で朝晩は曇りとなる見込みです。  　千葉県の太平洋沿岸の海上では、２１日は、うねりを伴い波が高いでしょう。２２日は、波が高い見込みです。船舶は高波に注意してください。  ＜天気変化等の留意点＞ 　２１日は、うねりを伴い波が高くなる所がある見込みです。海岸での作業に注意してください。
銚子地方気象台,2022-03-21T10:33:00+09:00,千葉県,,　西日本から東日本は、黄海の高気圧に覆われています。一方、伊豆諸島付近は気圧の谷となっています。  　千葉県は、おおむね曇りとなっています。  　２１日は、高気圧に覆われますが、気圧の谷や湿った空気の影響を受けるため、曇り昼過ぎから夕方晴れで、夜遅くは雨の降る所があるでしょう。  　２２日は、房総半島沖に発生する低気圧が東へ進み、湿った空気や寒気の影響を受けるため、雨で朝晩は曇りとなる見込みです。  　千葉県の太平洋沿岸の海上では、２１日は、うねりを伴い波がやや高いでしょう。２２日は、波が高い見込みです。船舶は高波に注意してください。
銚子地方気象台,2022-03-21T16:33:00+09:00,千葉県,,　西日本から東日本は、日本海の高気圧に覆われています。一方、伊豆諸島付近は気圧の谷となっています。  　千葉県は、晴れや曇りとなっています。  　２１日は、高気圧に覆われますが、気圧の谷や湿った空気の影響を受けるため、おおむね曇りで、夜遅くは雨の降る所があるでしょう。  　２２日は、関東の南東海上に発生する低気圧が東へ進み、湿った空気や寒気の影響を受けるため、雨か雪で、朝晩は曇りとなる見込みです。  　千葉県の太平洋沿岸の海上では、２１日は、うねりを伴い波がやや高いでしょう。２２日は、波が高い見込みです。船舶は高波に注意してください。  ＜天気変化等の留意点＞ 　２２日は、強風や波が高くなる所がある見込みです。飛散物、海岸での作業に注意してください。
銚子地方気象台,2022-03-22T04:43:00+09:00,千葉県,,　西日本から東日本は、気圧の谷となっています。  　千葉県は、雨となっています。  　２２日は、関東の東の低気圧や湿った空気の影響により、雨や雪となるでしょう。  　２３日は、気圧の谷や湿った空気の影響により、曇りで、夜遅くは雨となる見込みです。  　千葉県の太平洋沿岸の海上では、２２日は、波が高いでしょう。２３日は、うねりを伴い波が高い見込みです。船舶は高波に注意してください。  ＜天気変化等の留意点＞ 　２２日は、強風や波が高くなる所がある見込みです。飛散物、海岸での作業に注意してください。
銚子地方気象台,2022-03-22T11:44:00+09:00,千葉県,,　九州の南には前線を伴った低気圧があって東へ進んでいます。また、関東の東には別の低気圧があって東へ進んでいます。  　千葉県は、雨や雪となっています。  　２２日は、関東の東の低気圧や湿った空気の影響により、雪や雨となるでしょう。  　２３日は、気圧の谷や湿った空気の影響により、曇りで、夜遅くは雨となる見込みです。  　千葉県の太平洋沿岸の海上では、２２日は、波が高いでしょう。２３日は、うねりを伴い波が高い見込みです。船舶は高波に注意してください。  ＜天気変化等の留意点＞ 　２２日は、強風や波が高くなる所がある見込みです。飛散物、海岸での作業に注意してください。
銚子地方気象台,2022-03-22T16:42:00+09:00,千葉県,,　日本の南には前線を伴った低気圧があって東へ進んでいます。また、関東の東には別の低気圧があって東へ進んでいます。  　千葉県は、雨や雪となっています。  　２２日は、関東の東の低気圧や湿った空気の影響により、雪や雨で夜遅くは曇りとなるでしょう。  　２３日は、北日本に中心を持つ高気圧に覆われますが、気圧の谷や湿った空気の影響により、曇りで夜遅くは雨となる見込みです。  　千葉県の太平洋沿岸の海上では、２２日は、波が高いでしょう。２３日は、うねりを伴い波が高い見込みです。船舶は高波に注意してください。  ＜天気変化等の留意点＞ 　２３日は、強風やうねりを伴い波が高くなる所がある見込みです。飛散物、海岸での作業に注意してください。
銚子地方気象台,2022-03-23T04:38:00+09:00,千葉県,,　日本の南には前線を伴った低気圧があって東へ進んでいます。一方、日本海には高気圧があって、東へ移動しています。  　千葉県は、曇りとなっています。  　２３日は、北日本に中心を持つ高気圧に覆われますが、気圧の谷や湿った空気の影響を受けるため、曇りで夜遅くは雨となるでしょう。  　２４日は、東シナ海の高気圧に覆われますが、湿った空気の影響を受けるため、曇りで未明は雨となる見込みです。  　千葉県の太平洋沿岸の海上では、２３日から２４日にかけて、うねりを伴い波が高いでしょう。船舶は高波に注意してください。  ＜天気変化等の留意点＞ 　２３日は、うねりを伴い波が高くなる所がある見込みです。海岸での作業に注意してください。
銚子地方気象台,2022-03-23T10:34:00+09:00,千葉県,,　本州付近は、日本海に中心を持つ高気圧に覆われています。  　千葉県は、おおむね晴れています。  　２３日は、高気圧に覆われますが、気圧の谷や湿った空気の影響を受けるため、晴れ後曇りで夜遅くは雨となるでしょう。  　２４日は、東シナ海に中心を持つ高気圧に覆われますが、上空の寒気や湿った空気の影響を受けるため、おおむね曇りで未明は雨となる見込みです。  　千葉県の太平洋沿岸の海上では、２３日から２４日にかけて、うねりを伴い波が高いでしょう。船舶は高波に注意してください。  ＜天気変化等の留意点＞ 　２３日は、うねりを伴い波が高くなる所がある見込みです。海岸での作業に注意してください。
銚子地方気象台,2022-03-23T16:35:00+09:00,千葉県,,　三陸沖に中心を持つ高気圧が、東へ移動しています。  　千葉県は、曇りとなっています。  　２３日は、気圧の谷や湿った空気の影響を受けるため、曇りで夜遅くは雨となるでしょう。  　２４日は、東シナ海に中心を持つ高気圧に覆われますが、上空の寒気や湿った空気の影響を受けるため、曇り後晴れで、明け方まで雨となる見込みです。  　千葉県の太平洋沿岸の海上では、２３日から２４日にかけて、うねりを伴い波が高いでしょう。船舶は高波に注意してください。  ＜天気変化等の留意点＞ 　２４日は、うねりを伴い波が高くなる所がある見込みです。海岸での作業に注意してください。
銚子地方気象台,2022-03-24T04:49:00+09:00,千葉県,,　関東地方沿岸から伊豆諸島付近は気圧の谷となっています。また、東シナ海に中心を持つ高気圧が東へ移動しています。  　千葉県は、曇りで雨や雪の降っている所があります。  　２４日は、高気圧に覆われますが、気圧の谷や湿った空気の影響を受けるため、曇り昼過ぎから時々晴れで、明け方は雨や雪の降る所があるでしょう。  　２５日は、高気圧に覆われて晴れる見込みです。  　千葉県の太平洋沿岸の海上では、２４日は、うねりを伴い波が高いでしょう。船舶は高波に注意してください。２５日は、うねりを伴い波がやや高い見込みです。  ＜天気変化等の留意点＞ 　２４日は、うねりを伴い波が高くなる所がある見込みです。海岸での作業に注意してください。
銚子地方気象台,2022-03-24T10:35:00+09:00,千葉県,,　東シナ海に中心を持つ高気圧が東へ移動しています。一方、関東地方沿岸から伊豆諸島付近は気圧の谷となっています。  　千葉県は、曇りや晴れとなっています。  　２４日は、高気圧に覆われますが、気圧の谷や湿った空気の影響を受けるため、曇り時々晴れとなるでしょう。  　２５日は、高気圧に覆われて晴れる見込みです。  　千葉県の太平洋沿岸の海上では、２４日は、うねりを伴い波が高いでしょう。船舶は高波に注意してください。２５日は、うねりを伴い波がやや高い見込みです。  ＜天気変化等の留意点＞ 　２４日は、うねりを伴い波が高くなる所がある見込みです。海岸での作業に注意してください。
銚子地方気象台,2022-03-24T16:33:00+09:00,千葉県,,　高気圧が対馬近海にあって東へ移動しています。一方、関東地方は気圧の谷となっています。  　千葉県は、晴れや曇りとなっています。  　２４日は、高気圧に覆われますが、気圧の谷や湿った空気の影響を受けるため、晴れ時々曇りで、夜のはじめ頃雨の降る所があるでしょう。  　２５日は、高気圧に覆われて晴れる見込みです。  　千葉県の太平洋沿岸の海上では、２４日から２５日にかけて、うねりを伴い波がやや高いでしょう。
銚子地方気象台,2022-03-25T04:39:00+09:00,千葉県,,　本州付近は広く高気圧に覆われています。  　千葉県は、晴れています。  　２５日は、高気圧が日本の東へ移動し、引き続き東日本を覆うため、晴れるでしょう。  　２６日は、前線を伴った低気圧が九州の西から四国沖へ進むため、曇りで夕方から雨となる見込みです。  　千葉県の太平洋沿岸の海上では、２５日は、うねりを伴い波がやや高いでしょう。２６日は、しけとなる見込みです。船舶は高波に注意してください。
銚子地方気象台,2022-03-25T10:35:00+09:00,千葉県,,本州付近は広く高気圧に覆われていますが、伊豆諸島付近は気圧の谷となっています。  　千葉県は、晴れています。  　２５日は、高気圧が日本の東へ移動し、引き続き東日本を覆うため、晴れるでしょう。  　２６日は、前線を伴った低気圧が九州の西から四国沖へ進むため、曇りで夕方から雨となる見込みです。  　千葉県の太平洋沿岸の海上では、２５日は、うねりを伴い波がやや高いでしょう。２６日は、しけとなる見込みです。船舶は高波に注意してください。
銚子地方気象台,2022-03-25T16:35:00+09:00,千葉県,,　本州付近は広く高気圧に覆われています。  　千葉県は、晴れています。  　２５日は、高気圧の中心が日本の東へ移動し、湿った空気の影響を受けるため、晴れで夜遅くは曇りとなるでしょう。  　２６日は、低気圧が日本海と西日本の太平洋側をそれぞれ東よりに進む見込みです。このため、曇りで夕方から雨となり、夜遅くは雷を伴う所があるでしょう。  　千葉県の太平洋沿岸の海上では、２５日は、うねりを伴い波がやや高いでしょう。２６日は、しけとなる見込みです。船舶は高波に注意してください。  ＜天気変化等の留意点＞ 　２６日は、雷雨になる所がある見込みです。急な強い雨、落雷、突風、降ひょうに注意してください。強風やしけとなる所がある見込みです。飛散物、海岸での作業に注意してください。
銚子地方気象台,2022-03-26T04:43:00+09:00,千葉県,,　日本の東の高気圧の縁をまわって南海上から湿った空気が本州付近に流れ込んでいます。  　千葉県は、曇りで雨の降っている所があります。  　２６日は、低気圧が日本海と西日本の太平洋側をそれぞれ東よりに進むため、曇りで夕方から雨となり、夜遅くは雷を伴う所があるでしょう。  　２７日は、はじめ低気圧が東日本の南岸を通過し、その後次第に高気圧に覆われますが、関東甲信地方には気圧の谷が残るため、曇りで明け方まで雨となり、雷を伴う所がある見込みです。  　千葉県の太平洋沿岸の海上では、２６日は、しけとなるでしょう。２７日は、うねりを伴いしけとなる見込みです。船舶は高波に注意してください。  ＜天気変化等の留意点＞ 　２６日は、雷雨になる所がある見込みです。急な強い雨、落雷、突風、降ひょうに注意してください。強風やしけとなる所がある見込みです。飛散物、海岸での作業に注意してください。
銚子地方気象台,2022-03-26T10:33:00+09:00,千葉県,,　前線を伴った低気圧が朝鮮半島付近にあって、東北東へ進んでいます。また、九州付近にも前線を伴った低気圧があって、東へ進んでいます。  　千葉県は、曇りで雨の降っている所があります。  　２６日は、低気圧が日本海と西日本の太平洋側をそれぞれ東よりに進むため、曇りで夕方から雨となり、夜遅くは雷を伴う所があるでしょう。  　２７日は、はじめ低気圧が東日本の南岸を通過し、その後次第に高気圧に覆われますが、関東甲信地方には気圧の谷が残るため、曇りで明け方まで雨となり、雷を伴う所がある見込みです。  　千葉県の太平洋沿岸の海上では、２６日は、しけとなるでしょう。２７日は、うねりを伴いしけとなる見込みです。船舶は高波に注意してください。  ＜天気変化等の留意点＞ 　２６日は、雷雨になる所がある見込みです。急な強い雨、落雷、突風、降ひょうに注意してください。強風やしけとなる所がある見込みです。飛散物、海岸での作業に注意してください。
銚子地方気象台,2022-03-26T16:33:00+09:00,千葉県,,　日本海には前線を伴った低気圧があって、東北東へ進んでいます。また、四国付近にも前線を伴った低気圧があって、東へ進んでいます。  　千葉県は、曇りで雨の降っている所があります。  　２６日は、低気圧が日本海と西日本付近をそれぞれ東よりに進むため、曇りで夜は雨となり、夜遅くは雷を伴う所があるでしょう。  　２７日は、はじめ低気圧が関東の南岸を通過し、その後次第に高気圧に覆われますが、関東甲信地方には気圧の谷が残るため、曇りで明け方まで雨となり、雷を伴う所がある見込みです。  　千葉県の太平洋沿岸の海上では、２６日は、しけとなるでしょう。船舶は高波に注意してください。２７日は、うねりを伴い大しけとなる見込みです。船舶は高波に警戒してください。  ＜天気変化等の留意点＞ 　２７日は、雷雨になる所がある見込みです。急な強い雨、落雷、突風、降ひょうに注意してください。強風やうねりを伴い大しけとなる所がある見込みです。飛散物に注意し、海岸での作業に警戒してください。
銚子地方気象台,2022-03-27T04:48:00+09:00,千葉県,,　前線を伴った低気圧が関東地方を東北東へ進んでいます。  　千葉県は、曇りで雨の降っている所があります。  　２７日は、低気圧は日本の東へ進み、次第に高気圧に覆われますが、関東甲信地方には気圧の谷が残る見込みです。このため、曇りで明け方は雨の降る所があるでしょう。  　２８日は、高気圧に覆われますが、気圧の谷や湿った空気の影響を受ける見込みです。このため、曇り時々晴れとなるでしょう。  　千葉県の太平洋沿岸の海上では、２７日は、うねりを伴いしけとなるでしょう。２８日は、うねりを伴い波が高い見込みです。船舶は高波に注意してください。  ＜天気変化等の留意点＞ 　２７日は、うねりを伴いしけとなる所がある見込みです。海岸での作業に注意してください。
銚子地方気象台,2022-03-27T10:36:00+09:00,千葉県,,　前線を伴った低気圧が三陸沖を北東へ進んでいます。  　千葉県は、曇りとなっています。  　２７日は、低気圧は日本の東を北東へ進み、次第に高気圧に覆われますが、関東甲信地方には気圧の谷が残るため、曇りとなるでしょう。  　２８日は、高気圧に覆われますが、気圧の谷の影響を受けるため、曇り時々晴れとなる見込みです。  　千葉県の太平洋沿岸の海上では、２７日は、うねりを伴いしけとなるでしょう。２８日は、うねりを伴い波が高い見込みです。船舶は高波に注意してください。  ＜天気変化等の留意点＞ 　２７日は、うねりを伴いしけとなる所がある見込みです。海岸での作業に注意してください。
銚子地方気象台,2022-03-27T16:37:00+09:00,千葉県,,　前線を伴った低気圧が日本の東を北東へ進んでいます。  　千葉県は、曇りで、弱い雨の降っている所があります。  　２７日は、関東甲信地方には気圧の谷が残り、湿った空気の影響を受けるため、曇りで雨の降る所があるでしょう。  　２８日は、高気圧に覆われますが、気圧の谷や湿った空気の影響を受けるため、曇り時々晴れで、未明は雨の降る所がある見込みです。  　千葉県の太平洋沿岸の海上では、２７日から２８日にかけて、うねりを伴い波が高いでしょう。船舶は高波に注意してください。  ＜天気変化等の留意点＞ 　２８日は、うねりを伴い波が高くなる所がある見込みです。海岸での作業に注意してください。
銚子地方気象台,2022-03-28T04:37:00+09:00,千葉県,,　黄海には高気圧があって東南東へ移動しています。一方、関東甲信地方は気圧の谷となっています。  　千葉県は、曇りで雨の降っている所があります。  　２８日は、高気圧に覆われますが、気圧の谷や湿った空気の影響を受けるため、曇り時々晴れで、明け方は雨の降る所があるでしょう。  　２９日は、高気圧が東へ移動し、気圧の谷や湿った空気の影響を受けるため、曇りで夕方から雨の降る所がある見込みです。  　千葉県の太平洋沿岸の海上では、２８日は、うねりを伴い波が高いでしょう。船舶は高波に注意してください。２９日は、うねりを伴い波がやや高い見込みです。  ＜天気変化等の留意点＞ 　２８日は、うねりを伴い波が高くなる所がある見込みです。海岸での作業に注意してください。
銚子地方気象台,2022-03-28T10:34:00+09:00,千葉県,,　黄海付近には高気圧があって西日本から東日本へ張り出してきています。一方、伊豆諸島付近は気圧の谷となっています。  　千葉県は、おおむね晴れとなっています。  　２８日は、高気圧に覆われますが、気圧の谷や湿った空気の影響を受けるため、晴れ夜曇りとなるでしょう。  　２９日は、高気圧が日本の東へ移動し、気圧の谷や湿った空気の影響を受けるため、曇りで夕方から雨の降る所がある見込みです。  　千葉県の太平洋沿岸の海上では、２８日は、うねりを伴い波が高いでしょう。船舶は高波に注意してください。２９日は、うねりを伴い波がやや高い見込みです。  ＜天気変化等の留意点＞ 　２８日は、うねりを伴い波が高くなる所がある見込みです。海岸での作業に注意してください。
銚子地方気象台,2022-03-28T16:35:00+09:00,千葉県,,　日本海に中心を持つ高気圧に覆われています。一方、伊豆諸島付近は気圧の谷となっています。  　千葉県は、おおむね曇りとなっています。  　２８日は、高気圧に覆われますが、気圧の谷や湿った空気の影響を受けるため、曇りとなるでしょう。  　２９日は、高気圧が日本の東へ移動し、気圧の谷や湿った空気の影響を受けるため、曇り夜雨となる見込みです。  　千葉県の太平洋沿岸の海上では、２８日から２９日にかけて、うねりを伴い波が高いでしょう。船舶は高波に注意してください。  ＜天気変化等の留意点＞ 　２９日は、うねりを伴い波が高くなる所がある見込みです。海岸での作業に注意してください。
銚子地方気象台,2022-03-29T04:38:00+09:00,千葉県,,　関東甲信地方は、日本付近に中心を持つ高気圧に覆われています。一方、伊豆諸島付近は気圧の谷となっています。  　千葉県は、曇りとなっています。  　２９日は、気圧の谷や湿った空気の影響を受けるため、曇り夜雨となるでしょう。  　３０日は、気圧の谷や湿った空気の影響を受けるため、曇りで、未明は雨の降る所がある見込みです。  　千葉県の太平洋沿岸の海上では、２９日は、うねりを伴い波が高いでしょう。船舶は高波に注意してください。３０日は、うねりを伴い波がやや高い見込みです。  ＜天気変化等の留意点＞ 　２９日は、うねりを伴い波が高くなる所がある見込みです。海岸での作業に注意してください。
銚子地方気象台,2022-03-29T10:37:00+09:00,千葉県,,　日本付近は三陸沖に中心を持つ高気圧に覆われています。一方、東海道沖は気圧の谷となっています。  　千葉県は、曇りで、弱い雨の降っている所があります。  　２９日は、気圧の谷や湿った空気の影響を受けるため、曇りで夜は雨となるでしょう。  　３０日は、東海上に中心を持つ高気圧に緩やかに覆われますが、気圧の谷や湿った空気の影響を受けるため、曇りで明け方まで雨の降る所がある見込みです。  　千葉県の太平洋沿岸の海上では、２９日から３０日にかけて、うねりを伴い波が高いでしょう。船舶は高波に注意してください。  ＜天気変化等の留意点＞ 　２９日は、うねりを伴い波が高くなる所がある見込みです。海岸での作業に注意してください。
銚子地方気象台,2022-03-29T16:35:00+09:00,千葉県,,　日本付近は日本の東に中心を持つ高気圧に覆われています。一方、東海道沖は気圧の谷となっています。  　千葉県は、曇りで、弱い雨の降っている所があります。  　２９日は、気圧の谷や湿った空気の影響を受けるため、曇りの所も次第に雨となるでしょう。  　３０日は、東海上に中心を持つ高気圧に緩やかに覆われますが、気圧の谷や湿った空気の影響を受けるため、曇りで朝晩は雨の降る所がある見込みです。  　千葉県の太平洋沿岸の海上では、２９日から３０日にかけて、うねりを伴い波が高いでしょう。船舶は高波に注意してください。  ＜天気変化等の留意点＞ 　３０日は、うねりを伴い波が高くなる所がある見込みです。海岸での作業に注意してください。
銚子地方気象台,2022-03-30T04:35:00+09:00,千葉県,,　日本付近は日本の東に中心を持つ高気圧に覆われています。一方、伊豆諸島付近は気圧の谷となっています。  　千葉県は、曇りで、雨の降っている所があります。  　３０日は、東海上に中心を持つ高気圧に緩やかに覆われますが、気圧の谷や湿った空気の影響を受けるため、曇りで朝晩は雨の降る所があるでしょう。  　３１日は、前線が東日本から西日本を南下するため、曇り夜雨となる見込みです。  　千葉県の太平洋沿岸の海上では、３０日から３１日にかけて、うねりを伴い波がやや高いでしょう。
銚子地方気象台,2022-03-30T10:34:00+09:00,千葉県,,　日本付近は日本のはるか東に中心を持つ高気圧に覆われています。一方、伊豆諸島付近は気圧の谷となっています。  　千葉県は、曇りや晴れとなっています。  　３０日は、高気圧に緩やかに覆われますが、気圧の谷や湿った空気の影響を受けるため、曇りで夜遅くは雨の降る所があるでしょう。  　３１日は、前線が本州付近を南下するため、曇りで夜は雨となる見込みです。  　千葉県の太平洋沿岸の海上では、３０日から３１日にかけて、うねりを伴い波がやや高いでしょう。
銚子地方気象台,2022-03-30T16:33:00+09:00,千葉県,,　日本付近は日本のはるか東に中心を持つ高気圧に覆われています。一方、伊豆諸島付近は気圧の谷となっています。  　千葉県は、曇りで弱い雨の降っている所があります。  　３０日は、高気圧に緩やかに覆われますが、気圧の谷や湿った空気の影響により、曇りとなるでしょう。  　３１日は、前線が本州付近を南下するため、曇りで夜は雨となる見込みです。  　千葉県の太平洋沿岸の海上では、３０日から３１日にかけて、うねりを伴い波がやや高いでしょう。
銚子地方気象台,2022-03-31T04:47:00+09:00,千葉県,,　東日本は日本の南に中心を持つ高気圧に緩やかに覆われています。また、対馬海峡から日本海を通って東北地方に前線がのびています。  　千葉県は、おおむね晴れています。  　３１日は、高気圧に緩やかに覆われますが、前線が本州付近を南下する見込みです。このため、晴れ後曇りで夜は雨となるでしょう。  　４月１日は、はじめ前線や気圧の谷の影響を受けますが、次第に高気圧に覆われる見込みです。このため、雨昼前から曇り後晴れとなるでしょう。  　千葉県の太平洋沿岸の海上では、３１日は、うねりを伴い波がやや高いでしょう。４月１日は、波が高い見込みです。船舶は高波に注意してください。
銚子地方気象台,2022-03-31T10:38:00+09:00,千葉県,,　前線が西日本から東日本を通って日本の東にのびています。一方、関東甲信地方は日本の南に中心を持つ高気圧に緩やかに覆われています。  　千葉県は、おおむね晴れています。  　３１日は、高気圧に緩やかに覆われますが、前線が本州付近を南下するため、晴れ後曇りで夜雨となるでしょう。  　４月１日は、はじめ前線や気圧の谷の影響を受けますが、次第に高気圧に覆われるため、雨昼前から曇りで、次第に晴れる見込みです。  　千葉県の太平洋沿岸の海上では、３１日は、うねりを伴い波がやや高いでしょう。４月１日は、波が高い見込みです。船舶は高波に注意してください。
銚子地方気象台,2022-03-31T16:38:00+09:00,千葉県,,　前線が西日本から東日本を通って日本の東にのびています。  　千葉県は、おおむね曇りとなっています。  　３１日は、前線に向かって湿った空気が流れ込むため、曇り夜雨となるでしょう。  　４月１日は、はじめ沿岸部を中心に前線や気圧の谷の影響を受けますが、次第に高気圧に覆われるため、雨昼前から曇りで、次第に晴れる見込みです。  　千葉県の太平洋沿岸の海上では、３１日から４月１日にかけて、波が高いでしょう。船舶は高波に注意してください。  ＜天気変化等の留意点＞ 　４月１日は、強風や波が高くなる所がある見込みです。飛散物、海岸での作業に注意してください。
