publishingOffice,reportDatetime,targetArea,headlineText,text
岐阜地方気象台,2022-03-01T04:40:00+09:00,岐阜県,,　西日本から東日本は高気圧に覆われています。一方、前線が華中から東シナ海へのびています。  　岐阜県は、晴れています。  　１日は、はじめ高気圧に覆われて晴れますが、前線が西日本から東日本へ進むため曇りとなり、昼過ぎから次第に雨となるでしょう。飛騨地方では雪の混じる所がある見込みです。  　２日は、高気圧に覆われるため晴れる所もありますが、寒気や気圧の谷の影響によりおおむね曇りで、飛騨地方では雪の混じる所があるでしょう。
岐阜地方気象台,2022-03-01T10:40:00+09:00,岐阜県,,　前線が華中から九州付近へのびています。  　岐阜県は、曇りとなっています。  　１日は、前線が西日本から東日本へ進むため、はじめ曇りで昼過ぎから雨となり、飛騨地方では雪の混じる所があるでしょう。  　２日は、高気圧に覆われるため晴れる所がありますが、寒気や気圧の谷の影響でおおむね曇りで、飛騨地方では未明まで雪や雪の降る所がある見込みです。
岐阜地方気象台,2022-03-01T16:36:00+09:00,岐阜県,,　四国付近には前線を伴った低気圧があって、東へ進んでいます。  　岐阜県は、雨や雪となっています。  　１日は、前線や低気圧の影響で雨や雪となるでしょう。  　２日は、高気圧に覆われるため晴れる所がありますが、寒気や気圧の谷の影響でおおむね曇りで、飛騨地方では未明まで雪や雨の降る所がある見込みです。
岐阜地方気象台,2022-03-02T04:35:00+09:00,岐阜県,,　大陸に中心を持つ高気圧が西日本に張り出しています。  　岐阜県は、曇りまたは晴れとなっています。  　２日は、次第に高気圧に覆われるためおおむね晴れますが、寒気や気圧の谷の影響で、飛騨地方を中心に雲が広がりやすいでしょう。  　３日は、引き続き高気圧に覆われるためおおむね晴れますが、寒気や気圧の谷の影響で雲が広がりやすく、山地を中心に雪や雨の降る所がある見込みです。
岐阜地方気象台,2022-03-02T10:35:00+09:00,岐阜県,,　大陸に中心を持つ高気圧が西日本に張り出しています。  　岐阜県は、おおむね晴れています。  　２日は、高気圧に覆われるためおおむね晴れますが、寒気や気圧の谷の影響で雲の広がる所があるでしょう。  　３日は、引き続き高気圧に覆われるためおおむね晴れますが、寒気や気圧の谷の影響で雲が広がりやすく、山地では雪や雨の降る所がある見込みです。
岐阜地方気象台,2022-03-02T16:34:00+09:00,岐阜県,,　本州付近は、大陸に中心を持つ高気圧に覆われています。  　岐阜県は、おおむね曇りとなっています。  　２日は、高気圧に覆われるため晴れる所もありますが、寒気や気圧の谷の影響で雲が広がりやすいでしょう。  　３日は、引き続き高気圧に覆われるためおおむね晴れますが、寒気や気圧の谷の影響で雲が広がりやすい見込みです。
岐阜地方気象台,2022-03-03T04:44:00+09:00,岐阜県,,　西日本から東日本は、東シナ海に中心を持つ高気圧に覆われています。  　岐阜県は、曇りまたは晴れとなっています。  　３日は、高気圧に覆われるためおおむね晴れますが、寒気や気圧の谷の影響で雲が広がりやすく、飛騨地方では、昼過ぎから雪や雨の降る所があるでしょう。  　４日は、引き続き高気圧に覆われるためおおむね晴れますが、気圧の谷や湿った空気の影響で昼過ぎから曇りとなる見込みです。
岐阜地方気象台,2022-03-03T10:35:00+09:00,岐阜県,,　東日本は、東シナ海に中心を持つ高気圧に覆われています。また、日本海北部に低気圧があって、東へ進んでいます。  　岐阜県は、おおむね曇りとなっています。  　３日は、次第に北日本を中心とした冬型の気圧配置になるため、おおむね晴れますが、寒気や湿った空気の影響で雲が広がりやすく、飛騨地方では、昼過ぎから雪や雨の降る所があるでしょう。  　４日は、高気圧に覆われるためおおむね晴れますが、気圧の谷や湿った空気の影響で昼過ぎから曇りとなる見込みです。
岐阜地方気象台,2022-03-03T16:35:00+09:00,岐阜県,,　東日本は、東シナ海に中心を持つ高気圧に覆われています。  　岐阜県は、おおむね曇りで、雨や雪の降っている所があります。  　３日は、高気圧に覆われるため晴れる所もありますが、寒気や湿った空気の影響で雲が広がりやすく、飛騨地方では夜のはじめ頃まで雪や雨の降る所があるでしょう。  　４日は、引き続き高気圧に覆われるためおおむね晴れますが、気圧の谷や湿った空気の影響で昼過ぎから曇りとなる見込みです。
岐阜地方気象台,2022-03-04T04:44:00+09:00,岐阜県,,　本州付近は、高気圧に覆われています。  　岐阜県は、晴れています。  　４日は、高気圧に覆われるため晴れますが、気圧の谷の影響で夕方から曇りとなるでしょう。  　５日は、沿海州の低気圧からのびる寒冷前線が、日中東海地方を通過する見込みです。このため、曇りで山地を中心に雪や雨が降り、夕方からは雷を伴う所があるでしょう。
岐阜地方気象台,2022-03-04T10:33:00+09:00,岐阜県,,　本州付近は、高気圧に覆われています。  　岐阜県は、晴れています。  　４日は、高気圧に覆われて晴れる所がありますが、気圧の谷の影響で夕方から曇りとなる見込みです。  　５日は、沿海州の低気圧からのびる寒冷前線が通過するため、曇りとなるでしょう。山地を中心に雪や雨が降り、夕方からは雷を伴う所がある見込みです。
岐阜地方気象台,2022-03-04T16:33:00+09:00,岐阜県,,　本州付近は、高気圧に覆われています。一方、東シナ海には前線がのびています。  　岐阜県は、薄曇りとなっています。  　４日は、気圧の谷の影響でおおむね曇りとなる見込みです。  　５日は、はじめ晴れる所もありますが、沿海州の低気圧からのびる寒冷前線が通過するため、おおむね曇りでしょう。山地を中心に雪や雨が降り、夕方からは雷を伴う所がある見込みです。
岐阜地方気象台,2022-03-05T04:35:00+09:00,岐阜県,,　本州付近は、高気圧に覆われています。一方、日本海には前線を伴った低気圧があって東北東に進んでいます。  　岐阜県は、晴れています。  　５日は、晴れる所もありますが、日本海の低気圧からのびる寒冷前線が通過するため、雲が広がりやすいでしょう。また、山地を中心に雪や雨が降り、夕方からは雷を伴う所がある見込みです。  　６日は、冬型の気圧配置となるため、晴れる所もありますが、寒気や湿った空気の影響で雲が広がりやすく、雷を伴って雪の降る所があるでしょう。
岐阜地方気象台,2022-03-05T10:41:00+09:00,岐阜県,,本州付近は、高気圧に覆われています。一方、日本海北部には前線を伴った低気圧があって東北東に進んでいます。  岐阜県は、おおむね晴れています。  　５日は、はじめ晴れますが、日本海の低気圧からのびる寒冷前線が通過するため雲が広がり、山地を中心に雪や雨が降り夕方からは雷を伴う所がある見込みです。  　６日は、冬型の気圧配置となるため、晴れる所もありますが、寒気や湿った空気の影響で雲が広がりやすく、雷を伴って雪の降る所があるでしょう。
岐阜地方気象台,2022-03-05T16:35:00+09:00,岐阜県,,沿海州には前線を伴った低気圧があって東に進んでいます。  岐阜県は、曇りまたは雨となっています。  　５日は、冬型の気圧配置となるためおおむね曇りとなり、山地を中心に雪や雨が降り、雷を伴う所がある見込みです。  　６日は、冬型の気圧配置となるため、晴れる所もありますが、寒気や湿った空気の影響で雲が広がりやすく、雷を伴って雪の降る所があるでしょう。
岐阜地方気象台,2022-03-06T04:38:00+09:00,岐阜県,,　日本付近は冬型の気圧配置となっています。  　岐阜県は、曇りまたは晴れで、雪の降っている所があります。  　６日は、冬型の気圧配置となるため晴れる所もありますが、寒気の影響で雲が広がり、山地を中心に雷を伴って雪が降るでしょう。  　７日は、冬型の気圧配置が次第に緩み高気圧に覆われるため、おおむね晴れますが、寒気や気圧の谷の影響で雲が広がり、雪の降る所がある見込みです。
岐阜地方気象台,2022-03-06T10:38:00+09:00,岐阜県,,　日本付近は冬型の気圧配置となっています。  　岐阜県は、曇りまたは晴れで、雪や雨の降っている所があります。  　６日は、冬型の気圧配置となるため晴れる所もありますが、寒気の影響で雲が広がり、山地を中心に雷を伴って雪が降るでしょう。  　７日は、冬型の気圧配置が次第に緩み、高気圧に覆われるため、おおむね晴れますが、寒気や気圧の谷の影響で雲が広がり、未明まで雪の降る所がある見込みです。
岐阜地方気象台,2022-03-06T18:25:00+09:00,岐阜県,,　日本付近は冬型の気圧配置となっています。  　岐阜県は、曇りで、雪や雨の降っている所があります。  　６日は、冬型の気圧配置となり、寒気の影響で雲が広がり山地を中心に雪が降るでしょう。  　７日は、冬型の気圧配置が次第に緩み、高気圧に覆われるため、おおむね晴れますが、寒気や気圧の谷の影響で雲が広がり、明け方まで雪の降る所がある見込みです。
岐阜地方気象台,2022-03-07T04:48:00+09:00,岐阜県,,　日本付近は冬型の気圧配置となっています。  　岐阜県は、曇りまたは晴れで、雪の降っている所があります。  　７日は、冬型の気圧配置が次第に緩み、高気圧に覆われるため晴れる所もありますが、気圧の谷や寒気の影響で雲が広がりやすいでしょう。飛騨地方では朝まで雪や雨の降る所がある見込みです。  　８日は、高気圧に覆われるため、おおむね晴れますが、飛騨地方では気圧の谷や湿った空気の影響で朝晩は雲の広がる所があるでしょう。
岐阜地方気象台,2022-03-07T10:36:00+09:00,岐阜県,,　日本付近は冬型の気圧配置となっています。  　岐阜県は、晴れまたは曇りとなっています。  　７日は、冬型の気圧配置が次第に緩み、高気圧に覆われるため晴れる所もありますが、気圧の谷や寒気の影響で雲が広がりやすいでしょう。  　８日は、高気圧に覆われるため、おおむね晴れますが、気圧の谷や湿った空気の影響で朝晩は雲の広がる所がある見込みです。
岐阜地方気象台,2022-03-07T16:34:00+09:00,岐阜県,,　本州付近は高気圧に覆われています。  　岐阜県は、おおむね薄曇りとなっています。  　７日は、高気圧に覆われるため、晴れる所もありますが、気圧の谷や湿った空気の影響でおおむね曇りとなるでしょう。  　８日は、高気圧に覆われるため、おおむね晴れますが、気圧の谷や湿った空気の影響で朝晩は雲の広がる所がある見込みです。
岐阜地方気象台,2022-03-08T04:42:00+09:00,岐阜県,,　本州付近は、日本海に中心を持つ高気圧に覆われています。一方、伊豆諸島付近は気圧の谷となっています。  　岐阜県は、晴れまたは曇りとなっています。  　８日は、高気圧に覆われるため、おおむね晴れますが、気圧の谷や湿った空気の影響で雲の広がる所があるでしょう。  　９日は、高気圧に覆われるため、おおむね晴れますが、湿った空気の影響で雲の広がる所がある見込みです。
岐阜地方気象台,2022-03-08T10:34:00+09:00,岐阜県,,　本州付近は、日本海に中心を持つ高気圧に覆われています。  　岐阜県は、おおむね晴れています。  　８日は、高気圧に覆われるため、おおむね晴れますが、湿った空気の影響で、飛騨地方では夜遅くに雲の広がる所があるでしょう。  　９日は、引き続き高気圧に覆われるため、おおむね晴れますが、気圧の谷や湿った空気の影響で、雲の広がる所がある見込みです。
岐阜地方気象台,2022-03-08T16:34:00+09:00,岐阜県,,　本州付近は、日本海に中心を持つ高気圧に覆われています。  　岐阜県は、晴れています。  　８日は、高気圧に覆われるため、おおむね晴れますが、湿った空気の影響で、飛騨地方では夜遅くに雲の広がる所があるでしょう。  　９日は、引き続き高気圧に覆われるため、おおむね晴れますが、気圧の谷や湿った空気の影響で、雲の広がる所がある見込みです。
岐阜地方気象台,2022-03-09T04:36:00+09:00,岐阜県,,　本州付近は、日本海に中心を持つ高気圧に覆われています。  　岐阜県は、おおむね晴れています。  　９日は、高気圧に覆われるためおおむね晴れますが、気圧の谷や湿った空気の影響で雲の広がる所があるでしょう。  　１０日は、高気圧に覆われるためおおむね晴れますが、気圧の谷や湿った空気の影響で雲の広がる所がある見込みです。
岐阜地方気象台,2022-03-09T10:33:00+09:00,岐阜県,,　本州付近は、高気圧に覆われています。一方、東海道沖は気圧の谷となっています。  　岐阜県は、晴れまたは曇りとなっています。  　９日は、高気圧に覆われるためおおむね晴れますが、気圧の谷や湿った空気の影響で雲の広がる所がある見込みです。  　１０日は、高気圧に覆われるためおおむね晴れますが、気圧の谷や湿った空気の影響で雲の広がる所があるでしょう。
岐阜地方気象台,2022-03-09T16:33:00+09:00,岐阜県,,　本州付近は高気圧に覆われています。一方、東海道沖は気圧の谷となっています。  　岐阜県は、おおむね晴れています。  　９日は、高気圧に覆われるためおおむね晴れますが、気圧の谷や湿った空気の影響で、飛騨地方では雲が広がりやすい見込みです。  　１０日は、高気圧に覆われるためおおむね晴れますが、気圧の谷や湿った空気の影響で雲の広がる所があるでしょう。
岐阜地方気象台,2022-03-10T04:34:00+09:00,岐阜県,,　本州付近は高気圧に覆われています。  　岐阜県は、おおむね晴れています。  　１０日は、高気圧に覆われるためおおむね晴れますが、気圧の谷や湿った空気の影響で雲の広がる所があるでしょう。  　１１日は、引き続き高気圧に覆われるためおおむね晴れますが、気圧の谷や湿った空気の影響で雲の広がる所がある見込みです。
岐阜地方気象台,2022-03-10T10:35:00+09:00,岐阜県,,　本州付近は、高気圧に覆われています。  　岐阜県は、晴れまたは薄曇りとなっています。  　１０日は、高気圧に覆われるためおおむね晴れますが、気圧の谷や湿った空気の影響で雲の広がる所があるでしょう。  　１１日は、引き続き高気圧に覆われるためおおむね晴れますが、気圧の谷や湿った空気の影響で朝晩を中心に雲の広がる所がある見込みです。
岐阜地方気象台,2022-03-10T16:34:00+09:00,岐阜県,,　本州付近は、高気圧に覆われています。  　岐阜県は、晴れとなっています。  　１０日は、高気圧に覆われるため晴れるでしょう。  　１１日は、引き続き高気圧に覆われるためおおむね晴れますが、気圧の谷や湿った空気の影響で、午後は雲の広がる所がある見込みです。
岐阜地方気象台,2022-03-11T04:35:00+09:00,岐阜県,,　本州付近は、高気圧に覆われています。  　岐阜県は、晴れています。  　１１日は、高気圧に覆われるためおおむね晴れますが、気圧の谷や湿った空気の影響で雲の広がる所がある見込みです。  　１２日は、引き続き高気圧に覆われておおむね晴れますが、気圧の谷や湿った空気の影響で雲の広がる所があるでしょう。
岐阜地方気象台,2022-03-11T10:38:00+09:00,岐阜県,,　本州付近は、日本の南に中心を持つ高気圧に覆われています。  　岐阜県は、晴れています。  　１１日は、高気圧に覆われるためおおむね晴れますが、気圧の谷や湿った空気の影響で雲の広がる所があるでしょう。  　１２日は、引き続き高気圧に覆われておおむね晴れますが、気圧の谷や湿った空気の影響で朝晩は雲が広がる見込みです。
岐阜地方気象台,2022-03-11T16:34:00+09:00,岐阜県,,　本州付近は、日本の南に中心を持つ高気圧に覆われています。  　岐阜県は、晴れています。  　１１日は、高気圧に覆われるためおおむね晴れますが、気圧の谷や湿った空気の影響で雲の広がる所があるでしょう。  　１２日は、引き続き高気圧に覆われておおむね晴れますが、気圧の谷や湿った空気の影響で雲の広がる所がある見込みです。
岐阜地方気象台,2022-03-12T04:35:00+09:00,岐阜県,,　本州付近は、日本の南に中心を持つ高気圧に覆われています。  　岐阜県は、曇りまたは晴れとなっています。  　１２日は、高気圧に覆われておおむね晴れますが、湿った空気の影響で朝晩は雲の広がる所があるでしょう。  　１３日は、引き続き高気圧に覆われ日中は晴れる所もありますが、気圧の谷や湿った空気の影響でおおむね曇りとなり、夜は雨の降る所がある見込みです。
岐阜地方気象台,2022-03-12T10:38:00+09:00,岐阜県,,　本州付近は、高気圧に覆われています。  　岐阜県は、おおむね晴れています。  　１２日は、高気圧に覆われておおむね晴れるでしょう。  　１３日は、引き続き高気圧に覆われるため、日中は晴れる所もありますが、気圧の谷や湿った空気の影響でおおむね曇りとなり、夜は雨の降る所がある見込みです。
岐阜地方気象台,2022-03-12T16:36:00+09:00,岐阜県,,　本州付近は、高気圧に覆われています。  　岐阜県は、おおむね晴れています。  　１２日は、高気圧に覆われて晴れますが、気圧の谷の影響で夜遅くは雲が広がるでしょう。  　１３日は、前線を伴った低気圧が日本海を東に進むため、おおむね曇りとなり、夜は雨の降る所がある見込みです。
岐阜地方気象台,2022-03-13T04:37:00+09:00,岐阜県,,　本州付近は、高気圧に覆われています。一方、朝鮮半島付近から日本海に前線がのびています。  　岐阜県は、曇りとなっています。  　１３日は、高気圧に覆われますが、前線を伴った低気圧が日本海を東に進むため、曇りで夜遅くには雨となるでしょう。  　１４日は、三陸沖の低気圧からのびる前線の影響により、曇りで朝まで雨で雷を伴う見込みです。
岐阜地方気象台,2022-03-13T10:37:00+09:00,岐阜県,,　本州付近は、高気圧に覆われています。一方、日本海には前線を伴った低気圧があって、東へ進んでいます。  　岐阜県は、おおむね曇りとなっています。  　１３日は、高気圧に覆われますが、前線や低気圧の影響で、曇りとなり、夜遅くには雨となるでしょう。  　１４日は、三陸沖の低気圧からのびる前線の影響により、曇りで朝まで雨で雷を伴う所がある見込みです。
岐阜地方気象台,2022-03-13T16:34:00+09:00,岐阜県,,　日本海には前線を伴った低気圧があって、東へ進んでいます。  　岐阜県は、おおむね曇りとなっています。  　１３日は、前線や低気圧の影響で、おおむね曇りとなり、夜遅くは雨となるでしょう。  　１４日は、三陸沖の低気圧からのびる前線の影響により、朝まで雨で雷を伴う所がありますが、次第に曇りとなる見込みです。
岐阜地方気象台,2022-03-14T04:41:00+09:00,岐阜県,,　前線を伴った発達中の低気圧が山形県沖にあって、東へ進んでいます。  　岐阜県は、曇りまたは雨となっています。  　１４日は、三陸沖へ進む低気圧からのびる前線の影響で、朝まで雨で雷を伴う所がありますが、次第に曇りとなり、日中は晴れる所もあるでしょう。  　１５日は、日本海の低気圧からのびる前線の影響で、朝まで雨で雷を伴う所がありますが、次第に晴れる見込みです。
岐阜地方気象台,2022-03-14T10:34:00+09:00,岐阜県,,　前線を伴った低気圧が三陸沖にあって、東北東へ進んでいます。  　岐阜県は、晴れまたは曇りとなっています。  　１４日は、高気圧に覆われるため、おおむね晴れますが、気圧の谷や湿った空気の影響で雲の広がる所があるでしょう。  　１５日は、日本海を進む低気圧や前線の影響により、明け方まで雨で雷を伴う所がありますが、次第に晴れる見込みです。
岐阜地方気象台,2022-03-14T16:44:00+09:00,岐阜県,,　前線を伴った低気圧が朝鮮半島付近にあって、東北東へ進んでいます。  　岐阜県は、おおむね晴れています。  　１４日は、はじめ晴れますが、気圧の谷や湿った空気の影響で夜は雲が広がるでしょう。  　１５日は、日本海を進む低気圧や前線の影響により曇りで、明け方まで雨で雷を伴う所がありますが、次第に晴れる見込みです。
岐阜地方気象台,2022-03-15T04:36:00+09:00,岐阜県,,　日本海には低気圧があって、寒冷前線が東日本を通過中です。  　岐阜県は、雨または曇りで、雷を伴っている所があります。  　１５日は、低気圧や前線の影響により、はじめ雨や曇りで朝まで雷を伴う所がありますが、次第に晴れるでしょう。  　１６日は、高気圧に覆われるため、おおむね晴れますが、気圧の谷や湿った空気の影響で、朝晩は雲の広がる所がある見込みです。
岐阜地方気象台,2022-03-15T10:41:00+09:00,岐阜県,,　日本海には低気圧があって、東北東へ進んでいます。  　岐阜県は、おおむね曇りとなっています。  　１５日は、低気圧の影響により、はじめ曇りとなる所がありますが、次第に晴れるでしょう。  　１６日は、高気圧に覆われるため、おおむね晴れますが、気圧の谷や湿った空気の影響で、朝晩は雲の広がる所がある見込みです。
岐阜地方気象台,2022-03-15T16:39:00+09:00,岐阜県,,　本州は、東シナ海に中心を持つ高気圧に覆われています。  　岐阜県は、おおむね晴れています。  　１５日は、高気圧に覆われて、おおむね晴れるでしょう。  　１６日は、高気圧に覆われるため、おおむね晴れますが、気圧の谷や湿った空気の影響で、朝晩は雲の広がる所がある見込みです。
岐阜地方気象台,2022-03-16T04:34:00+09:00,岐阜県,,　本州付近は、高気圧に覆われています。  　岐阜県は、おおむね晴れています。  　１６日は、高気圧に覆われておおむね晴れるでしょう。  　１７日は、引き続き高気圧に覆われておおむね晴れますが、気圧の谷や湿った空気の影響で昼過ぎから次第に雲が広がる見込みです。
岐阜地方気象台,2022-03-16T10:34:00+09:00,岐阜県,,　本州付近は、高気圧に覆われています。  　岐阜県は、おおむね晴れています。  　１６日は、高気圧に覆われておおむね晴れるでしょう。  　１７日は、引き続き高気圧に覆われておおむね晴れますが、気圧の谷や湿った空気の影響で昼過ぎから曇りとなる見込みです。
岐阜地方気象台,2022-03-16T16:34:00+09:00,岐阜県,,　本州付近は、高気圧に覆われています。  　岐阜県は、晴れています。  　１６日は、高気圧に覆われて晴れるでしょう。  　１７日は、引き続き高気圧に覆われてはじめ晴れますが、気圧の谷や湿った空気の影響で朝から次第に曇りとなる見込みです。
岐阜地方気象台,2022-03-17T04:44:00+09:00,岐阜県,,　西日本から東日本は、日本の南に中心を持つ高気圧に覆われています。  　岐阜県は、おおむね晴れています。  　１７日は、高気圧に覆われてはじめ晴れますが、気圧の谷や湿った空気の影響で次第に曇りとなり、夜は雨や雪の降る所があるでしょう。  　１８日は、低気圧や前線の影響で、曇りで昼過ぎから雨となる見込みです。
岐阜地方気象台,2022-03-17T10:37:00+09:00,岐阜県,,　西日本から東日本は、日本の南に中心を持つ高気圧に覆われています。  　岐阜県は、晴れまたは薄曇りとなっています。  　１７日は、高気圧に覆われてはじめ晴れますが、気圧の谷や湿った空気の影響で次第に曇りとなり、夜は雨や雪の降る所があるでしょう。  　１８日は、低気圧や前線の影響で、曇りで昼過ぎから雨となる見込みです。
岐阜地方気象台,2022-03-17T16:35:00+09:00,岐阜県,,　西日本から東日本は、日本の南に中心を持つ高気圧に覆われています。  　岐阜県は、曇りとなっています。  　１７日は、高気圧に覆われますが、気圧の谷や湿った空気の影響で曇りとなり、夜遅くは雨や雪の降る所があるでしょう。  　１８日は、低気圧や前線の影響で、曇りで朝から次第に雨となる見込みです。
岐阜地方気象台,2022-03-18T04:50:00+09:00,岐阜県,,　東シナ海には前線を伴った低気圧があって、東に進んでいます。  　岐阜県は、曇りまたは雨となっています。  　１８日は、低気圧や前線の影響により、美濃地方では曇りで昼前から雨となり、飛騨地方では雨となるでしょう。  　１９日は、低気圧が三陸沖へ進み、冬型の気圧配置となる見込みです。このため、寒気や湿った空気の影響で、おおむね曇りで山地を中心に朝晩は雨や雪となり、夕方からは雷を伴う所がある見込みです。
岐阜地方気象台,2022-03-18T10:39:00+09:00,岐阜県,,　九州付近には前線を伴った低気圧があって、東に進んでいます。  　岐阜県は、おおむね雨となっています。  　１８日は、低気圧や前線の影響により雨となるでしょう。  　１９日は、低気圧が三陸沖へ進み、冬型の気圧配置となる見込みです。このため、寒気や湿った空気の影響で、おおむね曇りで山地を中心に朝晩は雨や雪となり、夕方からは雷を伴う所があるでしょう。
岐阜地方気象台,2022-03-18T16:35:00+09:00,岐阜県,,　四国付近には前線を伴った低気圧があって、東に進んでいます。  　岐阜県は、雨となっています。  　１８日は、低気圧や前線の影響により雨となるでしょう。  　１９日は、低気圧が三陸沖へ進み、冬型の気圧配置となる見込みです。このため、寒気や湿った空気の影響で、おおむね曇りで山地を中心に雨や雪となる所があるでしょう。
岐阜地方気象台,2022-03-19T04:46:00+09:00,岐阜県,,　関東の東には前線を伴った発達中の低気圧があって、北東に進んでいます。  　岐阜県は、曇りまたは晴れで、雨や雪の降っている所があります。  　１９日は、低気圧が急速に発達しながら三陸沖を進み、西高東低の気圧配置となる見込みです。このため、寒気や湿った空気の影響でおおむね曇りとなり、夕方から山地を中心に雨や雪の降る所があるでしょう。  　２０日は、はじめ西高東低の気圧配置となり、次第に高気圧に覆われるため晴れる所もありますが、寒気や湿った空気の影響で雲が広がりやすく、未明は山地を中心に雪や雨の降る所がある見込みです。
岐阜地方気象台,2022-03-19T11:04:00+09:00,岐阜県,,　三陸沖には前線を伴った低気圧があって北東に進んでいます。  　岐阜県は、晴れまたは曇りとなっています。  　１９日は、西高東低の気圧配置となりますが、気圧の谷や寒気の影響でおおむね曇りで、夕方から雨や雪が降る所があるでしょう。  　２０日は、西高東低の気圧配置が緩み高気圧に覆われるため、おおむね晴れますが、寒気や湿った空気の影響で雲の広がる所がある見込みです。飛騨北部では、未明に雪や雨の降る所があるでしょう。
岐阜地方気象台,2022-03-19T16:33:00+09:00,岐阜県,,　三陸沖には前線を伴った低気圧があって北東に進んでいます。  　岐阜県は、おおむね曇りで、雨や雪の降っている所があります。  　１９日は、西高東低の気圧配置となりますが、気圧の谷や寒気の影響で曇りとなり、飛騨でははじめ雨や雪が降るでしょう。  　２０日は、高気圧に覆われるため、おおむね晴れますが、寒気や湿った空気の影響で雲の広がる所がある見込みです。飛騨北部では、未明に雪や雨の降る所があるでしょう。
岐阜地方気象台,2022-03-20T04:34:00+09:00,岐阜県,,　日本付近は、西高東低の気圧配置となっています。  　岐阜県は、晴れまたは曇りとなっています。  　２０日は、次第に高気圧に覆われるため、おおむね晴れますが、寒気や湿った空気の影響で、雲が広がりやすいでしょう。  　２１日は、引き続き高気圧に覆われるため、おおむね晴れますが、気圧の谷や湿った空気の影響で、朝晩を中心に雲が広がりやすい見込みです。
岐阜地方気象台,2022-03-20T10:34:00+09:00,岐阜県,,　日本付近は、西高東低の気圧配置となっています。  　岐阜県は、晴れまたは曇りとなっています。  　２０日は、次第に高気圧に覆われるため、おおむね晴れますが、寒気や気圧の谷の影響で雲が広がりやすいでしょう。  　２１日は、引き続き高気圧に覆われるため、おおむね晴れますが、気圧の谷や湿った空気の影響で朝晩を中心に雲が広がりやすい見込みです。
岐阜地方気象台,2022-03-20T16:36:00+09:00,岐阜県,,　本州付近は、高気圧に緩やかに覆われています。一方、伊豆諸島付近は気圧の谷となっています。  　岐阜県は、晴れまたは曇りとなっています。  　２０日は、高気圧に覆われるため、はじめ晴れますが、寒気や気圧の谷の影響で次第に雲が広がるでしょう。  　２１日は、引き続き高気圧に覆われるため、おおむね晴れますが、気圧の谷や湿った空気の影響で朝晩を中心に雲が広がりやすい見込みです。
岐阜地方気象台,2022-03-21T04:35:00+09:00,岐阜県,,　高気圧が黄海付近にあって東へ移動しています。一方、前線が華中から東シナ海にのびています。  　岐阜県は、曇りとなっています。  　２１日は、高気圧に覆われて晴れる所もありますが、気圧の谷や湿った空気の影響で雲が広がりやすいでしょう。  　２２日は、前線を伴った低気圧が日本の南を東へ進むため、曇りで日中を中心に雨や雪となる見込みです。
岐阜地方気象台,2022-03-21T10:37:00+09:00,岐阜県,,　高気圧が黄海付近にあって東へ移動しています。一方、前線が華中から南西諸島付近にのびています。  　岐阜県は、薄曇りとなっています。  　２１日は、高気圧に覆われるため晴れますが、気圧の谷や湿った空気の影響で夜には曇りとなるでしょう。  　２２日は、前線を伴った低気圧が日本の南を東へ進むため、曇りで日中を中心に雨となり、山地では雪の混じる所がある見込みです。
岐阜地方気象台,2022-03-21T16:34:00+09:00,岐阜県,,　高気圧が日本海にあって東へ移動しています。一方、前線が華中から南西諸島付近にのびています。  　岐阜県は、おおむね晴れています。  　２１日は、はじめ高気圧に覆われ晴れますが、気圧の谷や湿った空気の影響で次第に曇りとなるでしょう。  　２２日は、前線を伴った低気圧が日本の南を東へ進むため、曇りで日中を中心に雨となり、山地では雪の混じる所がある見込みです。
岐阜地方気象台,2022-03-22T04:39:00+09:00,岐阜県,,　九州の南には前線を伴った低気圧があって東へ進んでいます。  　岐阜県は、雨か雪または曇りとなっています。  　２２日は、前線や低気圧の影響でおおむね雨で、昼過ぎから次第に曇りとなるでしょう。山地では雪の混じる所がある見込みです。  　２３日は、前線や気圧の谷の影響でおおむね曇りで、夜遅く雨や雪となるでしょう。
岐阜地方気象台,2022-03-22T10:35:00+09:00,岐阜県,,　九州の南には前線を伴った低気圧があって東へ進んでいます。  　岐阜県は、おおむね雨となっており、山地では雪の混じっている所があります。  　２２日は、前線や低気圧の影響でおおむね雨で、昼過ぎから次第に曇りとなるでしょう。山地では雪の混じる所がある見込みです。  　２３日は、前線や気圧の谷の影響でおおむね曇りとなり、夜遅くは雨や雪となるでしょう。
岐阜地方気象台,2022-03-22T16:35:00+09:00,岐阜県,,　四国の南には前線を伴った低気圧があって東へ進んでいます。  　岐阜県は、晴れまたは曇りとなっています。  　２２日は、晴れますが、気圧の谷の影響で夜遅くは曇りとなるでしょう。  　２３日は、午前中は晴れ間もありますが、気圧の谷や湿った空気の影響で午後はおおむね曇りとなり、夜は雨や雪の降る所があるでしょう。
岐阜地方気象台,2022-03-23T04:39:00+09:00,岐阜県,,　本州付近は、日本海に中心を持つ高気圧に覆われています。一方、日本の南には前線を伴った低気圧があって、東へ進んでいます。  　岐阜県は、薄曇りとなっています。  　２３日は、高気圧が日本の東海上に移動し、気圧の谷となるため、おおむね曇りで、夜遅くには雨となり、飛騨地方では雪の混じる所があるでしょう。  　２４日は、高気圧に覆われるため晴れますが、湿った空気の影響で朝晩を中心に雲が広がりやすく、飛騨地方では未明は雨や雪の降る所がある見込みです。
岐阜地方気象台,2022-03-23T10:35:00+09:00,岐阜県,,　日本海に中心を持つ高気圧に覆われています。一方、日本の南には前線が停滞しています。  　岐阜県は、おおむね薄曇りとなっています。  　２３日は、高気圧が日本の東海上に移動し、気圧の谷となるため、おおむね曇りで、夜遅くには雨となり、飛騨地方では雪の混じる所があるでしょう。  　２４日は、高気圧に覆われるため晴れますが、湿った空気の影響で朝晩を中心に雲が広がりやすく、飛騨地方では未明に雨や雪の降る所がある見込みです。
岐阜地方気象台,2022-03-23T16:34:00+09:00,岐阜県,,　東日本は三陸沖に中心を持つ高気圧と大陸に中心を持つ高気圧との間で気圧の谷となっています。  　岐阜県は、曇りとなっています。  　２３日は、気圧の谷となるため、おおむね曇りで夜遅くは雨となり、飛騨地方では雪の混じる所があるでしょう。  　２４日は、高気圧に覆われるためおおむね晴れますが、湿った空気の影響で朝晩を中心に雲が広がりやすく、飛騨地方では未明に雪や雨の降る所がある見込みです。
岐阜地方気象台,2022-03-24T04:37:00+09:00,岐阜県,,　本州付近は、日本の東の高気圧と東シナ海の高気圧との間の気圧の谷となっています。  　岐阜県は、晴れまたは曇りとなっています。  　２４日は、高気圧に覆われるためおおむね晴れますが、湿った空気の影響で、飛騨地方では朝晩を中心に雲が広がりやすいでしょう。  　２５日は、引き続き高気圧に覆われるためおおむね晴れますが、気圧の谷や湿った空気の影響で、朝晩を中心に雲が広がりやすい見込みです。
岐阜地方気象台,2022-03-24T10:34:00+09:00,岐阜県,,　本州付近は、東シナ海に中心を持つ高気圧に覆われています。  　岐阜県は、おおむね晴れています。  　２４日は、高気圧に覆われるためおおむね晴れるでしょう。  　２５日は、引き続き高気圧に覆われるためおおむね晴れますが、気圧の谷や湿った空気の影響で、朝晩を中心に雲が広がりやすい見込みです。
岐阜地方気象台,2022-03-24T16:32:00+09:00,岐阜県,,　本州付近は、東シナ海に中心を持つ高気圧に覆われています。  　岐阜県は、おおむね晴れています。  　２４日は、高気圧に覆われるためおおむね晴れる見込みです。  　２５日は、引き続き高気圧に覆われるためおおむね晴れますが、気圧の谷や湿った空気の影響で、夜は雲が広がるでしょう。
岐阜地方気象台,2022-03-25T04:40:00+09:00,岐阜県,,　本州付近は、高気圧に覆われています。  　岐阜県は、おおむね晴れています。  　２５日は、引き続き高気圧に覆われるためおおむね晴れますが、気圧の谷や湿った空気の影響で、夜は雲が広がるでしょう。  　２６日は、低気圧や前線の影響により、曇りで昼前から次第に雨となる見込みです。
岐阜地方気象台,2022-03-25T10:35:00+09:00,岐阜県,,　本州付近は、高気圧に覆われています。  　岐阜県は、晴れています。  　２５日は、高気圧に覆われるためおおむね晴れますが、気圧の谷や湿った空気の影響で、夜は雲が広がるでしょう。  　２６日は、低気圧や前線の影響により、曇りで昼前から次第に雨となる見込みです。
岐阜地方気象台,2022-03-25T16:35:00+09:00,岐阜県,,　本州付近は、高気圧に覆われています。一方、黄海付近には低気圧があって東北東に進んでいます。  　岐阜県は、おおむね晴れとなっています。  　２５日は、高気圧に覆われるためおおむね晴れますが、気圧の谷や湿った空気の影響で、夜は雲が広がるでしょう。  　２６日は、低気圧や前線の影響により、曇りで昼前から雨となる見込みです。
岐阜地方気象台,2022-03-26T04:57:00+09:00,岐阜県,,　前線を伴った低気圧が黄海付近にあって東北東に進んでいます。また、東シナ海から南西諸島付近には前線がのびています。  　岐阜県は、曇りとなっています。  　２６日は、低気圧や前線の影響で、曇りで昼前から雨となり、夕方から夜のはじめ頃にかけて雷を伴って激しく降る所があるでしょう。  　２７日は、次第に高気圧に覆われるため晴れる所もありますが、湿った空気の影響で雲が広がりやすく、未明は雨の降る所がある見込みです。
岐阜地方気象台,2022-03-26T10:36:00+09:00,岐阜県,,　前線を伴った低気圧が朝鮮半島付近にあって、東北東へ進んでいます。また、九州付近にも前線を伴った低気圧があって、東へ進んでいます。  　岐阜県は、おおむね雨となっています。  　２６日は、低気圧や前線の影響により雨で、夕方から夜のはじめ頃にかけて激しく降る所があるでしょう。  　２７日は、次第に高気圧に覆われるため晴れる所もありますが、湿った空気の影響で雲が広がりやすく、未明は雨の降る所がある見込みです。
岐阜地方気象台,2022-03-26T16:38:00+09:00,岐阜県,,　前線を伴った低気圧が日本海にあって、東北東へ進んでいます。また、四国付近にも前線を伴った低気圧があって、東へ進んでいます。  　岐阜県は、雨となっています。  　２６日は、低気圧や前線の影響により雨で、夜のはじめ頃にかけて激しく降る所があるでしょう。  　２７日は、次第に高気圧に覆われるため晴れる所もありますが、湿った空気の影響で雲が広がりやすく、未明は雨の降る所がある見込みです。
岐阜地方気象台,2022-03-27T04:36:00+09:00,岐阜県,,　前線を伴った低気圧がオホーツク海にあって、北東へ進んでいます。また、関東地方付近にも前線を伴った低気圧があって、東北東へ進んでいます。  　岐阜県は、おおむね曇りとなっています。  　２７日は、気圧の谷の影響で朝晩は曇りとなりますが、次第に高気圧に覆われるため、おおむね晴れるでしょう。  　２８日は、高気圧に覆われるため、おおむね晴れますが、気圧の谷や湿った空気の影響で朝晩を中心に曇る所がある見込みです。
岐阜地方気象台,2022-03-27T10:35:00+09:00,岐阜県,,　前線を伴った低気圧がオホーツク海にあって、北東へ進んでいます。また、関東の東にも前線を伴った低気圧があって、東北東へ進んでいます。  　岐阜県は、晴れまたは曇りとなっています。  　２７日は、次第に高気圧に覆われるため、おおむね晴れますが、気圧の谷の影響で夜遅くは雲が広がりやすいでしょう。  　２８日は、引き続き高気圧に覆われるため、おおむね晴れますが、気圧の谷や湿った空気の影響で朝晩を中心に雲の広がる所がある見込みです。
岐阜地方気象台,2022-03-27T16:34:00+09:00,岐阜県,,　日本付近は西高東低の気圧配置となっています。  　岐阜県は、おおむね晴れています。  　２７日は、高気圧に覆われるため、おおむね晴れますが、気圧の谷や湿った空気の影響で夜遅くは雲が広がりやすいでしょう。  　２８日は、引き続き高気圧に覆われるため、おおむね晴れますが、気圧の谷や湿った空気の影響で雲の広がる所がある見込みです。
岐阜地方気象台,2022-03-28T04:35:00+09:00,岐阜県,,　本州付近は気圧の谷となっています。  　岐阜県は、おおむね曇りとなっています。  　２８日は、高気圧に覆われて日中を中心に晴れる所もありますが、気圧の谷や湿った空気の影響でおおむね曇りとなるでしょう。  　２９日は、気圧の谷や湿った空気の影響でおおむね曇りとなる見込みです。
岐阜地方気象台,2022-03-28T10:34:00+09:00,岐阜県,,　西日本から東日本は黄海に中心を持つ高気圧に覆われています。  　岐阜県は、晴れまたは曇りとなっています。  　２８日は、高気圧に覆われて晴れますが、気圧の谷や湿った空気の影響で夕方から曇りとなるでしょう。  　２９日は、気圧の谷や湿った空気の影響でおおむね曇りとなる見込みです。
岐阜地方気象台,2022-03-28T16:36:00+09:00,岐阜県,,　西日本から東日本は日本海に中心を持つ高気圧に覆われていますが、上空の気圧の谷の影響を受けています。  　岐阜県は、おおむね曇りとなっています。  　２８日は、高気圧に覆われますが、上空の気圧の谷や湿った空気の影響で曇りとなるでしょう。  　２９日は、引き続き気圧の谷や湿った空気の影響でおおむね曇りとなる見込みです。
岐阜地方気象台,2022-03-29T04:37:00+09:00,岐阜県,,　本州付近は、日本海に中心を持つ高気圧に覆われています。  　岐阜県は、おおむね曇りとなっています。  　２９日は、気圧の谷や湿った空気の影響でおおむね曇りとなるでしょう。  　３０日は、晴れる所もありますが、気圧の谷や湿った空気の影響でおおむね曇りとなる見込みです。
岐阜地方気象台,2022-03-29T10:35:00+09:00,岐阜県,,　本州付近は、日本の東に中心を持つ高気圧に覆われていますが、上空の気圧の谷の影響を受けています。  　岐阜県は、おおむね曇りとなっています。  　２９日は、高気圧に覆われて晴れる所もありますが、気圧の谷や湿った空気の影響でおおむね曇りとなるでしょう。  　３０日は、高気圧に覆われて晴れる所もありますが、気圧の谷や湿った空気の影響でおおむね曇りとなる見込みです。
岐阜地方気象台,2022-03-29T16:32:00+09:00,岐阜県,,　本州付近は、日本の東に中心を持つ高気圧に覆われていますが、上空の気圧の谷の影響を受けています。  　岐阜県は、おおむね曇りとなっています。  　２９日は、高気圧に覆われて晴れる所もありますが、気圧の谷や湿った空気の影響でおおむね曇りとなるでしょう。  　３０日は、高気圧に覆われて晴れる所もありますが、気圧の谷や湿った空気の影響でおおむね曇りとなる見込みです。
岐阜地方気象台,2022-03-30T04:36:00+09:00,岐阜県,,　本州付近は、日本のはるか東に中心を持つ高気圧に緩やかに覆われています。一方、東海道沖は気圧の谷となっています。  　岐阜県は、おおむね曇りとなっています。  　３０日は、高気圧に覆われて晴れる所もありますが、気圧の谷や湿った空気の影響でおおむね曇りとなるでしょう。  　３１日は、前線や湿った空気の影響で、曇りで昼前から夕方は雨が降る見込みです。
岐阜地方気象台,2022-03-30T10:35:00+09:00,岐阜県,,　本州付近は、日本のはるか東に中心を持つ高気圧に緩やかに覆われています。一方、伊豆諸島付近は気圧の谷となっています。  　岐阜県は、おおむね晴れています。  　３０日は、高気圧に覆われるためおおむね晴れますが、気圧の谷や湿った空気の影響で雲の広がる所があるでしょう。  　３１日は、前線が東日本から西日本を南下するため、曇りで昼前から夕方は雨が降る見込みです。
岐阜地方気象台,2022-03-30T16:35:00+09:00,岐阜県,,　本州付近は、日本のはるか東に中心を持つ高気圧に緩やかに覆われています。一方、伊豆諸島付近は気圧の谷となっています。  　岐阜県は、おおむね晴れています。  　３０日は、高気圧に覆われるため、はじめ晴れますが、気圧の谷や湿った空気の影響で夜遅くは曇りとなるでしょう。  　３１日は、前線が東日本から西日本を南下するため、曇りで昼前から昼過ぎは雨が降る見込みです。
岐阜地方気象台,2022-03-31T04:34:00+09:00,岐阜県,,　前線が東シナ海から日本海を通って、日本のはるか東にのびています。  　岐阜県は、曇りで雨の降っている所があります。  　３１日は、前線が本州付近を南下するため、曇りや雨となるでしょう。  　４月１日は、前線や湿った空気の影響ではじめ曇りますが、次第に高気圧に覆われるためおおむね晴れる見込みです。
岐阜地方気象台,2022-03-31T10:37:00+09:00,岐阜県,,　前線が東シナ海から日本海を通って、日本のはるか東にのびています。  　岐阜県は、曇りで雨の降っている所があります。  　３１日は、前線が本州付近を南下するため、雨で昼過ぎから次第に曇りとなるでしょう。  　４月１日は、前線や湿った空気の影響ではじめ曇りますが、次第に高気圧に覆われるため、おおむね晴れる見込みです。
岐阜地方気象台,2022-03-31T16:35:00+09:00,岐阜県,,　前線が東シナ海から本州の南岸を通って、日本のはるか東にのびています。  　岐阜県は、曇りで雨の降っている所があります。  　３１日は、前線や気圧の谷の影響でおおむね曇りで、雨の降る所があるでしょう。  　４月１日は、気圧の谷や湿った空気の影響により、明け方まで曇りで雨の降る所がありますが、次第に高気圧に覆われるため、朝から晴れる見込みです。
