publishingOffice,reportDatetime,targetArea,headlineText,text
徳島地方気象台,2022-07-01T04:33:00+09:00,徳島県,,　徳島県は、高気圧に覆われて概ね晴れています。  　１日は、高気圧に覆われて晴れるでしょう。 　徳島県では、１日は熱中症の危険性が極めて高い気象状況になることが予測されます。外出はなるべく避け、室内をエアコン等で涼しい環境にして過ごしてください。  　２日は、引き続き高気圧に覆われて晴れますが、昼過ぎからは気圧の谷や湿った空気の影響で次第に曇り、雨の降る所がある見込みです。
徳島地方気象台,2022-07-01T10:33:00+09:00,徳島県,,　徳島県は、高気圧に覆われて晴れています。  　１日は、高気圧に覆われて概ね晴れますが、昼過ぎから夜のはじめ頃にかけて雨や雷雨の所があるでしょう。 　徳島県では、１日は熱中症の危険性が極めて高い気象状況になることが予測されます。外出はなるべく避け、室内をエアコン等で涼しい環境にして過ごしてください。  　２日は、引き続き高気圧に覆われて晴れますが、昼過ぎからは気圧の谷や湿った空気の影響で次第に曇り、雨の降る所がある見込みです。
徳島地方気象台,2022-07-01T19:20:00+09:00,徳島県,,　徳島県は、高気圧に覆われて概ね晴れています。  　１日は、高気圧に覆われて晴れる見込みです。  　２日は、引き続き高気圧に覆われて概ね晴れますが、気圧の谷や湿った空気の影響で昼過ぎから次第に曇りとなり、雨や雷雨となる所があるでしょう。
徳島地方気象台,2022-07-02T04:51:00+09:00,徳島県,,　徳島県は、高気圧に覆われて概ね晴れています。  　２日は、高気圧に覆われて概ね晴れますが、湿った空気の影響で次第に曇り、昼過ぎから雨や雷雨となる所があるでしょう。  　３日は、湿った空気の影響で南部を中心に断続的に雨が降る見込みです。雷を伴う所があるでしょう。
徳島地方気象台,2022-07-02T10:34:00+09:00,徳島県,,　徳島県は、高気圧に覆われて概ね晴れています。  　２日は、高気圧に覆われて晴れますが、湿った空気の影響で次第に曇り、雨や雷雨となる所があるでしょう。  　３日は、湿った空気の影響で曇り、断続的に雨が降る見込みです。雷を伴う所があるでしょう。
徳島地方気象台,2022-07-02T16:37:00+09:00,徳島県,,　徳島県は、湿った空気の影響で概ね曇り、雨の降っている所があります。  　２日は、湿った空気の影響で曇り、雨や雷雨となる所があるでしょう。  　３日は、湿った空気の影響で南部を中心に断続的に雨が降る見込みです。雷を伴う所があるでしょう。
徳島地方気象台,2022-07-03T04:46:00+09:00,徳島県,,　徳島県は、湿った空気の影響で概ね雨となっています。  　３日は、湿った空気の影響で断続的に雨が降るでしょう。南部では雷を伴って激しく降る所がある見込みです。  　４日は、台風や湿った空気の影響で断続的に雨が降るでしょう。南部では雷を伴って激しく降る所がある見込みです。
徳島地方気象台,2022-07-03T10:37:00+09:00,徳島県,,　徳島県は、湿った空気の影響で雨が降り、雷を伴っている所があります。  　３日は、湿った空気の影響で断続的に雨が降るでしょう。雷を伴い激しい雨の降る所がある見込みです。  　４日は、台風や湿った空気の影響で断続的に雨が降るでしょう。雷を伴い激しい雨の降る所がある見込みです。
徳島地方気象台,2022-07-03T16:37:00+09:00,徳島県,,　徳島県は、湿った空気の影響で曇り、雨の降っている所があります。  　３日は、湿った空気の影響で曇り、断続的に雨が降るでしょう。雷を伴い激しい雨の降る所がある見込みです。  　４日は、台風や湿った空気の影響で断続的に雨が降るでしょう。雷を伴い激しい雨の降る所がある見込みです。
徳島地方気象台,2022-07-04T04:45:00+09:00,徳島県,,　徳島県は、湿った空気の影響で雨や雷雨となっています。  　４日は、湿った空気の影響で断続的に雨や雷雨となり、南部では激しく降る所がある見込みです。  　５日は、台風や湿った空気の影響で雨や雷雨となり、南部では激しく降る所があるでしょう。
徳島地方気象台,2022-07-04T10:34:00+09:00,徳島県,,　徳島県は、湿った空気の影響で雨や雷雨となっています。  　４日は、湿った空気の影響で雨や雷雨となり、南部では激しく降る所がある見込みです。  　５日は、台風や湿った空気の影響で雨や雷雨となり、南部では激しく降る所があるでしょう。
徳島地方気象台,2022-07-04T16:32:00+09:00,徳島県,,　徳島県は、湿った空気の影響で雨となっています。  　４日は、湿った空気の影響で雨や雷雨となり、南部では激しく降る所があるでしょう。  　５日は、台風や湿った空気の影響で雨や雷雨となり、南部では激しく降る所がある見込みです。
徳島地方気象台,2022-07-05T04:41:00+09:00,徳島県,,　徳島県は、台風や湿った空気の影響で雨となり、南部では非常に激しく降っている所があります。  　５日は、台風や湿った空気の影響で雨や雷雨となり、南部では非常に激しく降る所があるでしょう。  　６日は、台風や湿った空気の影響で曇り、昼前まで雨や雷雨となる見込みです。南部では明け方まで激しく降る所があるでしょう。
徳島地方気象台,2022-07-05T10:34:00+09:00,徳島県,,　徳島県は、低気圧や湿った空気の影響で雨や雷雨となり、激しく降っている所があります。  　５日は、低気圧や湿った空気の影響で雨や雷雨となり、激しく降る所があるでしょう。  　６日は、湿った空気の影響で曇り、昼前まで雨や雷雨となる見込みです。明け方まで激しく降る所があるでしょう。
徳島地方気象台,2022-07-05T16:37:00+09:00,徳島県,,　徳島県は、低気圧や湿った空気の影響で雨となり、雷を伴っている所があります。  　５日は、低気圧や湿った空気の影響で雨や雷雨となり、激しく降る所があるでしょう。  　６日は、湿った空気の影響で曇り、明け方まで雨となる見込みです。雷を伴う所があるでしょう。
徳島地方気象台,2022-07-06T04:39:00+09:00,徳島県,,　徳島県は、気圧の谷や湿った空気の影響で曇り、雨となっている所があります。  　６日は、気圧の谷や湿った空気の影響で曇り、夕方まで雨や雷雨となる所があるでしょう。  　７日は、高気圧に覆われて、概ね晴れる見込みです。
徳島地方気象台,2022-07-06T10:32:00+09:00,徳島県,,　徳島県は、湿った空気の影響で概ね曇り、雨の降っている所があります。  　６日は、湿った空気の影響で概ね曇り、夕方まで雨や雷雨となる所があるでしょう。  　７日は、高気圧に覆われて、概ね晴れる見込みです。
徳島地方気象台,2022-07-06T16:34:00+09:00,徳島県,,　徳島県は、湿った空気の影響で概ね曇り、雨の降っている所があります。  　６日は、湿った空気の影響で概ね曇り、夜のはじめ頃まで雨や雷雨となる所があるでしょう。  　７日は、高気圧に覆われて、概ね晴れる見込みです。 　徳島県では、７日は熱中症の危険性が極めて高い気象状況になることが予測されます。外出はなるべく避け、室内をエアコン等で涼しい環境にして過ごしてください。
徳島地方気象台,2022-07-07T04:42:00+09:00,徳島県,,　徳島県は、高気圧に覆われて、概ね晴れています。  　７日は、高気圧に覆われて概ね晴れますが、午後は大気の状態が不安定となり、夕方は雨や雷雨の所があるでしょう。 　徳島県では、７日は熱中症の危険性が極めて高い気象状況になることが予測されます。外出はなるべく避け、室内をエアコン等で涼しい環境にして過ごしてください。  　８日は、気圧の谷や湿った空気の影響で概ね曇り、午後は雨や雷雨の所がある見込みです。夕方から夜のはじめ頃にかけて、南部を中心に激しく降る所があるでしょう。
徳島地方気象台,2022-07-07T10:36:00+09:00,徳島県,,　徳島県は、高気圧に覆われて概ね晴れています。  　７日は、高気圧に覆われて概ね晴れますが、午後は湿った空気の影響で大気の状態が不安定となり、夕方を中心に雨や雷雨の所があるでしょう。 　徳島県では、７日は熱中症の危険性が極めて高い気象状況になることが予測されます。外出はなるべく避け、室内をエアコン等で涼しい環境にして過ごしてください。  　８日は、気圧の谷や湿った空気の影響で概ね曇り、午後は雨や雷雨の所がある見込みです。激しく降る所があるでしょう。
徳島地方気象台,2022-07-07T16:34:00+09:00,徳島県,,　徳島県は、高気圧に覆われて概ね晴れています。  　７日は、気圧の谷や湿った空気の影響で次第に曇るでしょう。雨や雷雨の所がある見込みです。  　８日は、気圧の谷や湿った空気の影響で曇り、雨や雷雨となる所があるでしょう。昼過ぎから夕方にかけて激しく降る所がある見込みです。
徳島地方気象台,2022-07-08T06:46:00+09:00,徳島県,,　徳島県は、湿った空気の影響で概ね曇り、雨の降っている所があります。  　８日は、上空の寒気や湿った空気の影響で曇り、夕方まで断続的に雨が降るでしょう。昼過ぎから夕方にかけて、激しく降る所がある見込みです。雷を伴う所があるでしょう。  　９日は、上空の寒気や湿った空気の影響で断続的に雨となり、夕方まで激しく降る所がある見込みです。雷を伴う所があるでしょう。
徳島地方気象台,2022-07-08T10:38:00+09:00,徳島県,,　徳島県は、上空の寒気や湿った空気の影響で曇り、雨や雷雨となっている所があります。  　８日は、上空の寒気や湿った空気の影響で曇り、昼過ぎから夕方にかけて雨が降るでしょう。雷を伴って激しい雨の降る所がある見込みです。  　９日は、上空の寒気や湿った空気の影響で断続的に雨となり、雷を伴って激しく降る所があるでしょう。
徳島地方気象台,2022-07-08T16:43:00+09:00,徳島県,,　徳島県は、気圧の谷や湿った空気の影響で雨が降っています。  　８日は、気圧の谷や湿った空気の影響で雨となり、雷を伴う所があるでしょう。  　９日は、気圧の谷や湿った空気の影響で断続的に雨となり、雷を伴って激しく降る所がある見込みです。
徳島地方気象台,2022-07-09T04:36:00+09:00,徳島県,,　徳島県は、気圧の谷や湿った空気の影響で概ね曇っています。  　９日は、気圧の谷や湿った空気の影響で曇り、南部を中心に昼過ぎから夕方にかけて雨となる見込みです。雷を伴って激しく降る所があるでしょう。  　１０日は、気圧の谷や湿った空気の影響で曇り、南部を中心に夕方まで雨の降る所がある見込みです。
徳島地方気象台,2022-07-09T10:34:00+09:00,徳島県,,　徳島県は、気圧の谷や湿った空気の影響で概ね曇り、雨の降っている所があります。  　９日は、気圧の谷や湿った空気の影響で曇り、雨や雷雨となる所があるでしょう。昼過ぎから夕方にかけて激しく降る所がある見込みです。  　１０日は、気圧の谷や湿った空気の影響で曇り、南部を中心に夕方まで雨の降る所があるでしょう。
徳島地方気象台,2022-07-09T20:08:00+09:00,徳島県,,　徳島県は、気圧の谷や湿った空気の影響で概ね曇り、雨の降っている所があります。  　９日は、気圧の谷や湿った空気の影響で曇り、雨の降る所がある見込みです。  　１０日は、気圧の谷や湿った空気の影響で概ね曇り、昼過ぎから夕方にかけて雨の降る所があるでしょう。
徳島地方気象台,2022-07-10T04:34:00+09:00,徳島県,,　徳島県は、気圧の谷や湿った空気の影響で曇り、雨の降っている所があります。  　１０日は、気圧の谷や湿った空気の影響で概ね曇り、昼過ぎから夜のはじめ頃にかけて雨の降る所があるでしょう。  　１１日は、高気圧に覆われて晴れますが、午後は気圧の谷や湿った空気の影響で曇り、昼過ぎから夜のはじめ頃にかけて雨や雷雨となる所がある見込みです。
徳島地方気象台,2022-07-10T10:39:00+09:00,徳島県,,　徳島県は、気圧の谷や湿った空気の影響で概ね曇り、雨の降っている所があります。  　１０日は、気圧の谷や湿った空気の影響で概ね曇り、昼過ぎから夜のはじめ頃にかけて雨の降る所があるでしょう。  　１１日は、高気圧に覆われて晴れますが、午後は気圧の谷や湿った空気の影響で曇り、昼過ぎから夜のはじめ頃にかけて雨や雷雨となる所がある見込みです。
徳島地方気象台,2022-07-10T16:34:00+09:00,徳島県,,　徳島県は、湿った空気の影響で概ね曇り、雨の降っている所があります。  　１０日は、湿った空気の影響で概ね曇り、夜のはじめ頃まで雨の降る所がある見込みです。  　１１日は、気圧の谷や湿った空気の影響で概ね曇り、午後は雨や雷雨となる所があるでしょう。昼過ぎから夕方にかけて激しく降る所がある見込みです。
徳島地方気象台,2022-07-11T04:33:00+09:00,徳島県,,　徳島県は、高気圧に覆われて概ね晴れています。  　１１日は、高気圧に覆われて概ね晴れますが、午後は気圧の谷や湿った空気の影響で曇り、雨や雷雨となる所がある見込みです。昼過ぎから夕方にかけて激しい雨の降る所があるでしょう。  　１２日は、気圧の谷や湿った空気の影響で曇り、断続的に雨が降る見込みです。雷を伴う所があるでしょう。
徳島地方気象台,2022-07-11T10:33:00+09:00,徳島県,,　徳島県は、高気圧に覆われて概ね晴れています。  　１１日は、高気圧に覆われ晴れますが、気圧の谷や湿った空気の影響で昼過ぎから曇り、雨や雷雨となる所があるでしょう。昼過ぎから夕方は、激しい雨の降る所がある見込みです。  　１２日は、気圧の谷や湿った空気の影響で曇り、断続的に雨が降り、雷を伴う所があるでしょう。
徳島地方気象台,2022-07-11T16:40:00+09:00,徳島県,,　徳島県は、湿った空気の影響で概ね曇り、雨の降っている所があります。  　１１日は、気圧の谷や湿った空気の影響で曇り、夕方は激しい雨の降る所があるでしょう。雷を伴う所がある見込みです。  　１２日は、気圧の谷や湿った空気の影響で曇り、明け方にかけて雨が降るでしょう。昼過ぎから夕方にかけて激しい雨の降る所がある見込みです。雷を伴う所があるでしょう。
徳島地方気象台,2022-07-12T04:37:00+09:00,徳島県,,　徳島県は、気圧の谷や湿った空気の影響で概ね曇り、雨の降っている所があります。  　１２日は、気圧の谷や湿った空気の影響で曇り、雨や雷雨となる所があるでしょう。昼過ぎから夕方にかけて激しい雨の降る所がある見込みです。  　１３日は、高気圧に覆われて、概ね晴れるでしょう。
徳島地方気象台,2022-07-12T10:33:00+09:00,徳島県,,　徳島県は、気圧の谷や湿った空気の影響で概ね曇っています。  　１２日は、気圧の谷や湿った空気の影響で曇り、雨や雷雨となる所があるでしょう。昼過ぎから夕方にかけて激しい雨の降る所がある見込みです。  　１３日は、高気圧に覆われて、概ね晴れるでしょう。
徳島地方気象台,2022-07-12T20:03:00+09:00,徳島県,,　徳島県は、気圧の谷や湿った空気の影響で曇り、雨の降っている所があります。  　１２日は、気圧の谷や湿った空気の影響で曇り、夜のはじめ頃まで雨の降る所があるでしょう。  　１３日は、高気圧に覆われて概ね晴れる見込みです。
徳島地方気象台,2022-07-13T04:35:00+09:00,徳島県,,　徳島県は、湿った空気の影響で概ね曇りとなっています。  　１３日は、湿った空気の影響で概ね曇る見込みです。  　１４日は、湿った空気の影響で曇り、昼過ぎから雨が降るでしょう。雷を伴う所がある見込みです。
徳島地方気象台,2022-07-13T10:33:00+09:00,徳島県,,　徳島県は、高気圧に覆われて概ね晴れています。  　１３日は、高気圧に覆われて晴れますが、湿った空気の影響で、夜は曇るでしょう。  　１４日は、湿った空気の影響で曇り、昼過ぎからは雨が降る見込みです。雷を伴う所があるでしょう。
徳島地方気象台,2022-07-13T16:35:00+09:00,徳島県,,　徳島県は、高気圧に覆われて概ね晴れています。  　１３日は、高気圧に覆われて晴れますが、湿った空気の影響で、夜は曇るでしょう。  　１４日は、湿った空気の影響で曇り、断続的に雨や雷雨となる見込みです。
徳島地方気象台,2022-07-14T04:33:00+09:00,徳島県,,　徳島県は、湿った空気の影響で雨となっています。  　１４日は、前線や湿った空気の影響で曇り、断続的に雨や雷雨となるでしょう。  　１５日は、前線や上空の寒気の影響で曇り、夜遅くは雨となる見込みです。雷を伴って激しく降る所があるでしょう。
徳島地方気象台,2022-07-14T10:32:00+09:00,徳島県,,　徳島県は、湿った空気の影響で雨となっています。  　１４日は、前線や湿った空気の影響で雨や雷雨となるでしょう。  　１５日は、前線や上空の寒気の影響で曇り、夜遅くは雨となる見込みです。雷を伴って激しく降る所があるでしょう。
徳島地方気象台,2022-07-14T16:41:00+09:00,徳島県,,　徳島県は、湿った空気の影響で曇り、雨の降っている所があります。  　１４日は、前線や湿った空気の影響で雨や雷雨となるでしょう。  　１５日は、前線や上空の寒気の影響で曇り、雨や雷雨となる所がある見込みです。夕方から夜のはじめ頃にかけては激しく降る所があるでしょう。
徳島地方気象台,2022-07-15T06:32:00+09:00,徳島県,,　徳島県は、湿った空気の影響で曇り、雨の降っている所があります。  　１５日は、前線や上空の寒気の影響で概ね曇り朝は雨が降るでしょう。雷を伴って激しく降る所がある見込みです。  　１６日は、前線や上空の寒気の影響で昼過ぎまで雨や雷雨となるでしょう。南部では激しく降る所がある見込みです。その後は概ね曇るでしょう。
徳島地方気象台,2022-07-15T10:40:00+09:00,徳島県,,　徳島県は、湿った空気の影響で曇り、雨の降っている所があります。  　１５日は、前線や上空の寒気の影響で曇り、雨や雷雨となる所がある見込みです。  　１６日は、前線や上空の寒気の影響で昼過ぎまで雨や雷雨となるでしょう。南部では激しく降る所がある見込みです。その後は概ね曇るでしょう。
徳島地方気象台,2022-07-15T16:44:00+09:00,徳島県,,　徳島県は、湿った空気の影響で概ね曇り、雨や雷雨の所があります。  　１５日は、前線や上空の寒気の影響で曇り、雨や雷雨となる所がある見込みです。  　１６日は、前線や上空の寒気の影響で昼過ぎまで雨や雷雨となるでしょう。南部では激しく降る所がある見込みです。
徳島地方気象台,2022-07-16T04:33:00+09:00,徳島県,,　徳島県は、前線や上空の寒気の影響で曇り、雨の降っている所があります。  　１６日は、前線や上空の寒気の影響で夕方まで雨となり、雷を伴う所がある見込みです。南部では激しく降る所があるでしょう。  　１７日は、湿った空気の影響で概ね曇る見込みです。
徳島地方気象台,2022-07-16T10:35:00+09:00,徳島県,,　徳島県は、前線や上空の寒気の影響で雨が降っています。  　１６日は、前線や上空の寒気の影響で夕方まで雨が降るでしょう。雷を伴い激しい雨の降る所がある見込みです。  　１７日は、高気圧に覆われて晴れますが、湿った空気の影響で昼過ぎからは曇るでしょう。
徳島地方気象台,2022-07-16T16:34:00+09:00,徳島県,,　徳島県は、前線や上空の寒気の影響で雨が降り、雷を伴っている所があります。  　１６日は、前線や上空の寒気の影響で曇り、夕方は雨が降るでしょう。雷を伴う所がある見込みです。  　１７日は、高気圧に覆われて晴れますが、湿った空気の影響で昼過ぎからは曇るでしょう。
徳島地方気象台,2022-07-17T04:34:00+09:00,徳島県,,　徳島県は、高気圧に覆われて概ね晴れています。  　１７日は、高気圧に覆われて概ね晴れるでしょう。  　１８日は、前線の影響で曇り、夕方から雨や雷雨となる見込みです。
徳島地方気象台,2022-07-17T10:32:00+09:00,徳島県,,　徳島県は、高気圧に覆われて概ね晴れています。  　１７日は、高気圧に覆われて概ね晴れるでしょう。  　１８日は、前線の影響で曇り、夕方から雨となる見込みです。昼過ぎから雷を伴う所があるでしょう。
徳島地方気象台,2022-07-17T16:33:00+09:00,徳島県,,　徳島県は、高気圧に覆われて概ね晴れています。  　１７日は、はじめ高気圧に覆われて晴れますが、湿った空気の影響で夜は曇るでしょう。  　１８日は、前線や湿った空気の影響で曇り、夕方から雨や雷雨となる見込みです。
徳島地方気象台,2022-07-18T04:47:00+09:00,徳島県,,　徳島県は、湿った空気の影響で曇り、雨の降っている所があります。  　１８日は、前線や湿った空気の影響で曇り、夕方から雨が降るでしょう。雷を伴う所がある見込みです。  　１９日は、低気圧や前線の影響で昼過ぎにかけて雨が降り、南部では朝から昼前にかけて、非常に激しい雨の降る所があるでしょう。雷を伴う所がある見込みです。
徳島地方気象台,2022-07-18T10:35:00+09:00,徳島県,,　徳島県は、湿った空気の影響で概ね曇りとなっています。  　１８日は、前線や湿った空気の影響で曇り、夕方から雨が降るでしょう。雷を伴う所がある見込みです。  　１９日は、低気圧や前線の影響で昼過ぎにかけて雨が降り、南部では朝から昼前にかけて非常に激しい雨の降る所があるでしょう。雷を伴う所がある見込みです。
徳島地方気象台,2022-07-18T16:36:00+09:00,徳島県,,　徳島県は、前線や湿った空気の影響で曇り、雨の降っている所があります。  　１８日は、前線や湿った空気の影響で曇り、夜遅くには雨が降るでしょう。雷を伴う所がある見込みです。  　１９日は、低気圧や前線の影響で概ね雨となり、南部では朝から昼前にかけて、非常に激しい雨の降る所があるでしょう。雷を伴う所がある見込みです。
徳島地方気象台,2022-07-19T04:33:00+09:00,徳島県,,　徳島県は、前線や湿った空気の影響で雨が降っています。  　１９日は、低気圧や前線の影響で概ね雨となり、雷を伴う所がある見込みです。南部では、昼前にかけて非常に激しい雨の降る所があるでしょう。  　２０日は、湿った空気の影響で概ね曇りとなる見込みです。
徳島地方気象台,2022-07-19T10:33:00+09:00,徳島県,,　徳島県は、前線や湿った空気の影響で雨が降っています。  　１９日は、前線や湿った空気の影響で雨や雷雨となるでしょう。南部では、昼前は非常に激しい雨の降る所がある見込みです。  　２０日は、湿った空気の影響で概ね曇るでしょう。
徳島地方気象台,2022-07-19T18:23:00+09:00,徳島県,,　徳島県は、前線や湿った空気の影響で曇り、雨の降っている所があります。  　１９日は、前線や湿った空気の影響で曇り、雨の降る所があるでしょう。  　２０日は、湿った空気の影響で概ね曇る見込みです。
徳島地方気象台,2022-07-20T04:34:00+09:00,徳島県,,　徳島県は、高気圧に覆われて概ね晴れています。  　２０日は、高気圧に覆われて概ね晴れるでしょう。  　２１日は、前線や湿った空気の影響で曇り、夜遅くは雨が降る見込みです。
徳島地方気象台,2022-07-20T10:33:00+09:00,徳島県,,　徳島県は、高気圧に覆われて概ね晴れています。  　２０日は、高気圧に覆われて概ね晴れるでしょう。  　２１日は、前線や湿った空気の影響で曇り、夜遅くは雨が降る見込みです。
徳島地方気象台,2022-07-20T16:33:00+09:00,徳島県,,　徳島県は、高気圧に覆われて概ね晴れています。  　２０日は、高気圧に覆われて概ね晴れる見込みです。  　２１日は、前線や湿った空気の影響で曇り、夜遅くは雨が降るでしょう。午後は雷を伴う所がある見込みです。
徳島地方気象台,2022-07-21T04:32:00+09:00,徳島県,,　徳島県は、気圧の谷や湿った空気の影響で概ね曇りとなっています。  　２１日は、前線や湿った空気の影響で曇り、夕方は雨が降るでしょう。昼過ぎから雷を伴う所がある見込みです。  　２２日は、前線や湿った空気の影響で曇り、未明は雨が降るでしょう。明け方まで雷を伴う所がある見込みです。昼前からは高気圧に覆われて概ね晴れるでしょう。
徳島地方気象台,2022-07-21T10:37:00+09:00,徳島県,,　徳島県は、前線や湿った空気の影響で概ね曇りとなっています。  　２１日は、前線や湿った空気の影響で曇り、夕方は雨が降るでしょう。昼過ぎからは雷を伴う所がある見込みです。  　２２日は、前線や湿った空気の影響で曇り、未明は雨が降るでしょう。明け方まで雷を伴う所がある見込みです。昼前からは高気圧に覆われて概ね晴れるでしょう。
徳島地方気象台,2022-07-21T16:32:00+09:00,徳島県,,　徳島県は、前線や湿った空気の影響で概ね曇りとなっています。  　２１日は、前線や湿った空気の影響で曇り、雨や雷雨の所があるでしょう。  　２２日は、前線や湿った空気の影響で曇り、明け方まで雨や雷雨となる所がある見込みです。昼前からは高気圧に覆われて概ね晴れるでしょう。 　徳島県では、２２日は熱中症の危険性が極めて高い気象状況になることが予測されます。外出はなるべく避け、室内をエアコン等で涼しい環境にして過ごしてください。
徳島地方気象台,2022-07-22T04:33:00+09:00,徳島県,,　徳島県は、南部では高気圧に覆われて概ね晴れていますが、北部では湿った空気の影響で概ね曇っています。  　２２日は、南部では高気圧に覆われて晴れますが、北部では湿った空気の影響で概ね曇るでしょう。 　徳島県では、２２日は熱中症の危険性が極めて高い気象状況になることが予測されます。外出はなるべく避け、室内をエアコン等で涼しい環境にして過ごしてください。  　２３日は、高気圧に覆われて概ね晴れる見込みです。
徳島地方気象台,2022-07-22T10:32:00+09:00,徳島県,,　徳島県は、高気圧に覆われて概ね晴れています。  　２２日は、高気圧に覆われて概ね晴れるでしょう。 　徳島県では、２２日は熱中症の危険性が極めて高い気象状況になることが予測されます。外出はなるべく避け、室内をエアコン等で涼しい環境にして過ごしてください。  　２３日は、引き続き高気圧に覆われて概ね晴れる見込みです。
徳島地方気象台,2022-07-22T16:33:00+09:00,徳島県,,　徳島県は、高気圧に覆われて概ね晴れています。  　２２日は、高気圧に覆われて概ね晴れるでしょう。  　２３日は、引き続き高気圧に覆われて概ね晴れる見込みです。
徳島地方気象台,2022-07-23T04:33:00+09:00,徳島県,,　徳島県は、湿った空気の影響で北部を中心に曇り、雨の降っている所があります。  　２３日は、高気圧に覆われて概ね晴れるでしょう。  　２４日は、気圧の谷や湿った空気の影響で概ね曇る見込みです。
徳島地方気象台,2022-07-23T10:33:00+09:00,徳島県,,　徳島県は、高気圧に覆われて概ね晴れています。  　２３日は、高気圧に覆われて概ね晴れるでしょう。  　２４日は、気圧の谷や湿った空気の影響で概ね曇る見込みです。
徳島地方気象台,2022-07-23T16:33:00+09:00,徳島県,,　徳島県は、高気圧に覆われて概ね晴れています。  　２３日は、高気圧に覆われて概ね晴れるでしょう。  　２４日は、気圧の谷や湿った空気の影響で概ね曇る見込みです。
徳島地方気象台,2022-07-24T04:32:00+09:00,徳島県,,　徳島県は、高気圧に覆われて概ね晴れています。  　２４日は、高気圧に覆われて概ね晴れるでしょう。  　２５日は、引き続き高気圧に覆われて概ね晴れますが、午後は湿った空気の影響で雨の降る所がある見込みです。
徳島地方気象台,2022-07-24T10:33:00+09:00,徳島県,,　徳島県は、高気圧に覆われて晴れています。  　２４日は、高気圧に覆われて晴れるでしょう。  　２５日は、引き続き高気圧に覆われて概ね晴れますが、午後は湿った空気の影響で雨の降る所がある見込みです。
徳島地方気象台,2022-07-24T16:32:00+09:00,徳島県,,　徳島県は、高気圧に覆われて晴れています。  　２４日は、高気圧に覆われて概ね晴れるでしょう。  　２５日は、引き続き高気圧に覆われて概ね晴れますが、午後は湿った空気の影響で雨や雷雨となる所がある見込みです。
徳島地方気象台,2022-07-25T04:34:00+09:00,徳島県,,　徳島県は、高気圧に覆われて概ね晴れています。  　２５日は、高気圧に覆われて概ね晴れますが、湿った空気の影響で昼過ぎから夜のはじめ頃にかけて雨や雷雨となる所があるでしょう。  　２６日は、湿った空気の影響で概ね曇り、午後は雨や雷雨となる所がある見込みです。昼過ぎから夕方にかけて激しく降る所があるでしょう。
徳島地方気象台,2022-07-25T10:34:00+09:00,徳島県,,　徳島県は、高気圧に覆われて概ね晴れています。  　２５日は、高気圧に覆われて概ね晴れますが、湿った空気の影響で昼過ぎから夜のはじめ頃にかけて雨や雷雨となる所があるでしょう。  　２６日は、湿った空気の影響で概ね曇り、午後は雨や雷雨となる所がある見込みです。昼過ぎから夕方にかけて激しい雨の降る所があるでしょう。
徳島地方気象台,2022-07-25T18:04:00+09:00,徳島県,,　徳島県は、湿った空気の影響で曇り、大気の状態が非常に不安定となっているため、雷を伴い非常に激しい雨の降っている所があります。  　２５日は、高気圧に覆われて概ね晴れますが、大気の状態が非常に不安定となっているため、夜のはじめ頃にかけて雨や雷雨となる所があるでしょう。南部では非常に激しい雨の降る所がある見込みです。北部では激しい雨の降る所があるでしょう。  　２６日は、湿った空気の影響で概ね曇り、午後は大気の状態が不安定となるため、雨や雷雨となる所がある見込みです。昼過ぎから夕方にかけて、激しい雨の降る所があるでしょう。
徳島地方気象台,2022-07-26T04:34:00+09:00,徳島県,,　徳島県は、高気圧に覆われて概ね晴れています。  　２６日は、湿った空気の影響で概ね曇り、午後は雨や雷雨となる所がある見込みです。激しい雨の降る所があるでしょう。 　徳島県では、２６日は熱中症の危険性が極めて高い気象状況になることが予測されます。外出はなるべく避け、室内をエアコン等で涼しい環境にして過ごしてください。  　２７日は、気圧の谷や湿った空気の影響で曇り、断続的に雨が降る見込みです。昼前からは雷を伴う所があるでしょう。
徳島地方気象台,2022-07-26T10:34:00+09:00,徳島県,,　徳島県は、高気圧に覆われて晴れています。  　２６日は、高気圧に覆われて晴れますが、午後は湿った空気の影響で次第に曇る見込みです。昼過ぎから夕方は、雷を伴って激しい雨の降る所があるでしょう。 　徳島県では、２６日は熱中症の危険性が極めて高い気象状況になることが予測されます。外出はなるべく避け、室内をエアコン等で涼しい環境にして過ごしてください。  　２７日は、湿った空気の影響で曇り、断続的に雨となって、昼前から雷を伴う所がある見込みです。
徳島地方気象台,2022-07-26T16:33:00+09:00,徳島県,,　徳島県は、高気圧に覆われて概ね晴れていますが、南部では湿った空気の影響で雷を伴った非常に激しい雨の降っている所があります。  　２６日は、高気圧に覆われて概ね晴れますが、南部を中心に湿った空気の影響で、夕方は雷を伴った非常に激しい雨の降る所があるでしょう。  　２７日は、湿った空気の影響で曇り、断続的に雨となる見込みです。南部では、明け方から夕方は雷を伴った激しい雨の降る所があるでしょう。
徳島地方気象台,2022-07-27T04:41:00+09:00,徳島県,,　徳島県は、湿った空気の影響で概ね曇っています。  　２７日は、気圧の谷や湿った空気の影響で曇り、南部では断続的に雨や雷雨となり、昼前は激しく降る所があるでしょう。北部でも昼前は一時雨や雷雨となる見込みです。  　２８日は、湿った空気の影響で概ね曇りで、夕方にかけて雨の降る所があり、午後は雷を伴うでしょう。
徳島地方気象台,2022-07-27T13:27:00+09:00,徳島県,,　徳島県は、湿った空気の影響で曇り、雨の降っている所があります。  　２７日は、湿った空気の影響で曇り、雨や雷雨となる所があるでしょう。北部では夕方まで激しく降る所がある見込みです。  　２８日は、湿った空気の影響で概ね曇り、雨の降る所があるでしょう。午後は雷を伴う所がある見込みです。
徳島地方気象台,2022-07-27T16:33:00+09:00,徳島県,,　徳島県は、湿った空気の影響で概ね曇り、雨や雷雨となっている所があります。  　２７日は、湿った空気の影響で曇り、雨や雷雨となる所がある見込みです。  　２８日は、湿った空気の影響で概ね曇り、午後を中心に雨や雷雨となる所があるでしょう。 　徳島県では、２８日は熱中症の危険性が極めて高い気象状況になることが予測されます。外出はなるべく避け、室内をエアコン等で涼しい環境にして過ごしてください。
徳島地方気象台,2022-07-28T04:46:00+09:00,徳島県,,　徳島県は、湿った空気の影響で概ね曇り、雨の降っている所があります。  　２８日は、湿った空気の影響で概ね曇り、雨や雷雨となる所があるでしょう。南部では、朝にかけて激しい雨の降る所がある見込みです。 　徳島県では、２８日は熱中症の危険性が極めて高い気象状況になることが予測されます。外出はなるべく避け、室内をエアコン等で涼しい環境にして過ごしてください。  　２９日は、北部では高気圧に覆われて概ね晴れますが、南部を中心に湿った空気の影響で曇り、雨や雷雨となる所があるでしょう。
徳島地方気象台,2022-07-28T10:35:00+09:00,徳島県,,　徳島県は、高気圧に覆われて概ね晴れていますが、南部では湿った空気の影響で雨の降っている所があります。  　２８日は、高気圧に覆われて概ね晴れますが、湿った空気の影響で雨や雷雨となる所があるでしょう。 　徳島県では、２８日は熱中症の危険性が極めて高い気象状況になることが予測されます。外出はなるべく避け、室内をエアコン等で涼しい環境にして過ごしてください。  　２９日は、北部では高気圧に覆われて概ね晴れますが、午後は湿った空気の影響で雨や雷雨となる所がある見込みです。南部では湿った空気の影響で曇り、雨や雷雨となる所があるでしょう。
徳島地方気象台,2022-07-28T16:34:00+09:00,徳島県,,　徳島県は、高気圧に覆われて概ね晴れていますが、湿った空気の影響で雷を伴い激しい雨の降っている所があります。  　２８日は、北部では高気圧に覆われて概ね晴れますが、湿った空気の影響で雨や雷雨となる所があるでしょう。南部では湿った空気の影響で概ね曇り、雨や雷雨となる所がある見込みです。 　 　２９日は、北部では高気圧に覆われて概ね晴れますが、昼前から夕方にかけては湿った空気の影響で雨や雷雨となる所があるでしょう。南部では湿った空気の影響で曇り、雨や雷雨となる所がある見込みです。 　徳島県では、２９日は熱中症の危険性が極めて高い気象状況になることが予測されます。外出はなるべく避け、室内をエアコン等で涼しい環境にして過ごしてください。
徳島地方気象台,2022-07-29T04:49:00+09:00,徳島県,,　徳島県は、北部は高気圧に覆われて概ね晴れていますが、南部は湿った空気の影響で概ね曇り、雨の降っている所があります。  　２９日は、湿った空気の影響で概ね曇り、北部では雨や雷雨となる所があるでしょう。南部では断続的に雨が降り、雷を伴う所がある見込みです。 　徳島県では、２９日は熱中症の危険性が極めて高い気象状況になることが予測されます。外出はなるべく避け、室内をエアコン等で涼しい環境にして過ごしてください。  　３０日は、湿った空気の影響で曇り、北部では雨や雷雨となる所があるでしょう。南部では断続的に雨が降り、雷を伴って激しく降る所がある見込みです。
徳島地方気象台,2022-07-29T10:43:00+09:00,徳島県,,　徳島県は、北部は高気圧に覆われて概ね晴れていますが、南部は湿った空気の影響で概ね曇り、雨の降っている所があります。 　 　２９日は、湿った空気の影響で、北部では概ね曇り、雨や雷雨となる所があるでしょう。南部では断続的に雨が降り、雷を伴う所がある見込みです。 　徳島県では、２９日は熱中症の危険性が極めて高い気象状況になることが予測されます。外出はなるべく避け、室内をエアコン等で涼しい環境にして過ごしてください。  　３０日は、湿った空気の影響で、北部では曇り、雨や雷雨となる所があるでしょう。南部では雨が降り、雷を伴って激しく降る所がある見込みです。
徳島地方気象台,2022-07-29T16:34:00+09:00,徳島県,,　徳島県は、北部は高気圧に覆われて概ね晴れていますが、南部は湿った空気の影響で概ね曇り、雨の降っている所があります。 　 　２９日は、湿った空気の影響で、北部では概ね曇り、雨や雷雨となる所があるでしょう。南部では夜遅くに雨が降り、雷を伴って激しく降る所がある見込みです。 　 　３０日は、湿った空気の影響で、北部では昼過ぎまで断続的に雨が降り、雷を伴う所があるでしょう。南部では雨が降り、雷を伴って激しく降る所がある見込みです。
徳島地方気象台,2022-07-30T04:38:00+09:00,徳島県,,　徳島県は、湿った空気の影響で曇り、南部を中心に雨が降っています。  　３０日は、湿った空気の影響で曇り、断続的に雨や雷雨となるでしょう。南部では夕方にかけて激しい雨の降る所がある見込みです。  　３１日は、湿った空気の影響で概ね曇り、南部を中心に昼前まで断続的に雨や雷雨となるでしょう。
徳島地方気象台,2022-07-30T10:39:00+09:00,徳島県,,　徳島県は、湿った空気の影響で曇り、南部を中心に雨が降っています。  　３０日は、湿った空気の影響で曇り、南部を中心に断続的に雨や雷雨となるでしょう。南部では夕方にかけて激しい雨の降る所がある見込みです。  　３１日は、湿った空気の影響で概ね曇り、南部を中心に昼前まで断続的に雨や雷雨となるでしょう。
徳島地方気象台,2022-07-30T16:37:00+09:00,徳島県,,　徳島県は、湿った空気の影響で雨が降っています。  　３０日は、湿った空気の影響で南部を中心に雨や雷雨となるでしょう。南部では夜のはじめ頃にかけて激しく降る所がある見込みです。  　３１日は、湿った空気の影響で曇り、南部では断続的に雨や雷雨となるでしょう。
徳島地方気象台,2022-07-31T04:50:00+09:00,徳島県,,　徳島県は、湿った空気の影響で概ね曇り、雨の降っている所があります。  　３１日は、湿った空気の影響で曇り、南部では断続的に雨や雷雨となるでしょう。北部でも雨や雷雨となる所がある見込みです。  　８月１日は、湿った空気の影響で南部を中心に概ね曇り、朝まで雨の降る所があるでしょう。
徳島地方気象台,2022-07-31T10:43:00+09:00,徳島県,,　徳島県は、湿った空気の影響で概ね曇り、南部では激しい雨の降っている所があります。  　３１日は、湿った空気の影響で曇り、南部では夕方にかけて雨や雷雨となるでしょう。南部では、昼過ぎにかけて非常に激しい雨の降る所がある見込みです。  　８月１日は、湿った空気の影響で概ね曇り、朝まで雨の降る所があるでしょう。
徳島地方気象台,2022-07-31T16:33:00+09:00,徳島県,,　徳島県は、湿った空気の影響で概ね曇り、南部を中心に雨の降っている所があります。  　３１日は、湿った空気の影響で概ね曇り、雨や雷雨となる所があるでしょう。南部では、夜のはじめ頃まで激しい雨の降る所がある見込みです。  　８月１日は、南部では、湿った空気の影響で概ね曇るでしょう。北部では、高気圧に覆われて概ね晴れる見込みです。朝まで雨の降る所があるでしょう。 　徳島県では、８月１日は熱中症の危険性が極めて高い気象状況になることが予測されます。外出はなるべく避け、室内をエアコン等で涼しい環境にして過ごしてください。
