publishingOffice,reportDatetime,targetArea,headlineText,text
広島地方気象台,2022-07-01T04:33:00+09:00,広島県,,　中国地方は、高気圧に覆われて概ね晴れています。  　１日の広島県は、高気圧に覆われて概ね晴れますが、午後は湿った空気の影響で雨や雷雨となる所があるでしょう。 　広島県では、１日は熱中症の危険性が極めて高い気象状況になることが予測されます。外出はなるべく避け、室内をエアコン等で涼しい環境にして過ごしてください。  　２日は、引き続き高気圧に覆われて概ね晴れる見込みです。
広島地方気象台,2022-07-01T10:33:00+09:00,広島県,,　中国地方は、高気圧に覆われて晴れています。  　１日の広島県は、高気圧に覆われて概ね晴れますが、午後は強い日射や湿った空気の影響で雨や雷雨となる所があるでしょう。 広島県では、１日は熱中症の危険性が極めて高い気象状況になることが予測されます。外出はなるべく避け、室内をエアコン等で涼しい環境にして過ごしてください。  　２日は、引き続き高気圧に覆われて概ね晴れる見込みです。
広島地方気象台,2022-07-01T19:22:00+09:00,広島県,,　中国地方は、高気圧に覆われて概ね晴れています。  　１日夜の広島県は、高気圧に覆われて晴れるでしょう。  　２日は、引き続き高気圧に覆われて概ね晴れる見込みです。
広島地方気象台,2022-07-02T04:33:00+09:00,広島県,,　中国地方は、高気圧に覆われて概ね晴れています。  　２日の広島県は、高気圧に覆われて概ね晴れるでしょう。 　広島県では、２日は熱中症の危険性が極めて高い気象状況になることが予測されます。外出はなるべく避け、室内をエアコン等で涼しい環境にして過ごしてください。  　３日は、湿った空気の影響で曇り、断続的に雨が降る見込みです。雷を伴う所があるでしょう。
広島地方気象台,2022-07-02T10:32:00+09:00,広島県,,　中国地方は、高気圧に覆われて晴れています。  　２日の広島県は、高気圧に覆われて概ね晴れるでしょう。 　広島県では、２日は熱中症の危険性が極めて高い気象状況になることが予測されます。外出はなるべく避け、室内をエアコン等で涼しい環境にして過ごしてください。  　３日は、湿った空気の影響で曇り、断続的に雨が降る見込みです。雷を伴う所があるでしょう。
広島地方気象台,2022-07-02T16:32:00+09:00,広島県,,　中国地方は、高気圧に覆われて晴れています。  　２日夜の広島県は、湿った空気の影響で曇るでしょう。  　３日は、湿った空気の影響で、断続的に雨が降る見込みです。雷を伴う所があるでしょう。
広島地方気象台,2022-07-03T04:34:00+09:00,広島県,,　中国地方は、湿った空気の影響で曇り、雨の降っている所があります。  　３日の広島県は、湿った空気の影響で曇り、断続的に雨や雷雨となる見込みです。  　４日は、引き続き、湿った空気の影響で曇り、昼過ぎに雨が降るでしょう。
広島地方気象台,2022-07-03T10:34:00+09:00,広島県,,　中国地方は、湿った空気の影響で曇り、雨の降っている所があります。  　３日の広島県は、湿った空気の影響で曇り、北部では昼過ぎに一時雨が降る見込みです。雷を伴う所があるでしょう。  　４日は、引き続き湿った空気の影響で曇り、昼過ぎに一時雨が降る見込みです。
広島地方気象台,2022-07-03T16:34:00+09:00,広島県,,　中国地方は、湿った空気の影響で概ね曇り、雷を伴った非常に激しい雨の降っている所があります。  　３日夜の広島県は、湿った空気の影響で曇り、雨や雷雨となる所がある見込みです。  　４日は、引き続き湿った空気の影響で曇り、南部では朝から昼前にかけて雨が降るでしょう。
広島地方気象台,2022-07-04T04:32:00+09:00,広島県,,　中国地方は、湿った空気の影響で曇り、雨の降っている所があります。  　４日の広島県は、湿った空気の影響で曇り、断続的に雨や雷雨となるでしょう。  　５日は、台風第４号や湿った空気の影響で曇り、断続的に雨や雷雨となる見込みです。
広島地方気象台,2022-07-04T10:33:00+09:00,広島県,,　中国地方は、湿った空気の影響で曇り、山陽を中心に雨が降っています。  　４日の広島県は、湿った空気の影響で曇り、断続的に雨や雷雨となるでしょう。  　５日は、台風第４号や湿った空気の影響で曇り、断続的に雨や雷雨となる見込みです。
広島地方気象台,2022-07-04T16:32:00+09:00,広島県,,　中国地方は、湿った空気の影響で曇り、雨の降っている所があります。  　４日夜の広島県は、湿った空気の影響で、断続的に雨や雷雨となるでしょう。  　５日は、台風第４号や湿った空気の影響で曇り、断続的に雨や雷雨となる見込みです。
広島地方気象台,2022-07-05T04:34:00+09:00,広島県,,　中国地方は、湿った空気の影響で曇り、雨の降っている所があります。  　５日の広島県は、台風第４号や湿った空気の影響で断続的に雨や雷雨となる見込みです。  　６日は、台風第４号や湿った空気の影響で曇り、未明は雨や雷雨となるでしょう。
広島地方気象台,2022-07-05T10:33:00+09:00,広島県,,　中国地方は、湿った空気の影響で曇り、雨の降っている所があります。  　５日の広島県は、低気圧や湿った空気の影響で曇り、夕方から夜のはじめ頃にかけて雨となる見込みです。雷を伴う所があるでしょう。  　６日は、低気圧や湿った空気の影響で曇り、未明は雨や雷雨となる所がある見込みです。
広島地方気象台,2022-07-05T16:31:00+09:00,広島県,,　中国地方は、湿った空気の影響で曇り、雨や雷雨で激しく降っている所があります。  　５日夜の広島県は、湿った空気の影響で曇り、夜のはじめ頃にかけて激しい雨の降る所があるでしょう。雷を伴う所がある見込みです。  　６日は、湿った空気の影響で曇り、夕方まで雨の降る所があるでしょう。雷を伴う所がある見込みです。
広島地方気象台,2022-07-06T04:36:00+09:00,広島県,,　中国地方は、湿った空気の影響で曇り、雨の降っている所があります。  　６日の広島県は、湿った空気の影響で曇り、夕方まで雨の降る所があるでしょう。夜のはじめ頃にかけて雷を伴う所がある見込みです。  　７日は、気圧の谷や湿った空気の影響で概ね曇るでしょう。
広島地方気象台,2022-07-06T10:35:00+09:00,広島県,,　中国地方は、湿った空気の影響で概ね曇り、雨の降っている所があります。  　６日の広島県は、湿った空気の影響で曇り、雨や雷雨となる所があるでしょう。昼過ぎから夜のはじめ頃にかけて激しく降る所がある見込みです。  　７日は、気圧の谷や湿った空気の影響で概ね曇るでしょう。
広島地方気象台,2022-07-06T16:33:00+09:00,広島県,,　中国地方は、湿った空気の影響で概ね曇り、雷を伴って激しい雨の降っている所があります。  　６日夜の広島県は、湿った空気の影響で曇り、雨や雷雨となる所があるでしょう。夜のはじめ頃にかけて激しく降る所がある見込みです。  　７日は、気圧の谷や湿った空気の影響で概ね曇るでしょう。
広島地方気象台,2022-07-07T04:32:00+09:00,広島県,,　中国地方は、高気圧に覆われて概ね晴れています。  　７日の広島県は、湿った空気の影響で概ね曇る見込みです。  　８日は、湿った空気の影響で曇り、昼過ぎから雨が降るでしょう。雷を伴って激しく降る所がある見込みです。
広島地方気象台,2022-07-07T10:34:00+09:00,広島県,,　中国地方は、高気圧に覆われて概ね晴れています。  　７日の広島県は、湿った空気の影響で概ね曇り、午後は雨や雷雨となる所がある見込みです。  　８日は、湿った空気の影響で曇り、昼過ぎから雨が降るでしょう。雷を伴って激しく降る所がある見込みです。
広島地方気象台,2022-07-07T16:33:00+09:00,広島県,,　中国地方は、湿った空気の影響で概ね曇っています。  　７日夜の広島県は、湿った空気の影響で曇り、雨や雷雨となる所がある見込みです。  　８日は、湿った空気の影響で曇り、昼過ぎから雨が降るでしょう。雷を伴って激しく降る所がある見込みです。
広島地方気象台,2022-07-08T04:33:00+09:00,広島県,,　中国地方は、湿った空気の影響で曇り、雨の降っている所があります。  　８日の広島県は、湿った空気の影響で曇り、昼過ぎから雨が降るでしょう。雷を伴って激しく降る所がある見込みです。  　９日は、低気圧や湿った空気の影響で断続的に雨が降り、雷を伴って激しく降る所があるでしょう。
広島地方気象台,2022-07-08T10:33:00+09:00,広島県,,　中国地方は、湿った空気の影響で曇り、雨や雷雨となっている所があります。  　８日の広島県は、湿った空気の影響で曇り、昼過ぎから雨が降るでしょう。雷を伴って激しく降る所がある見込みです。  　９日は、低気圧や湿った空気の影響で断続的に雨が降り、雷を伴って激しく降る所があるでしょう。
広島地方気象台,2022-07-08T17:48:00+09:00,広島県,,　中国地方は、湿った空気の影響で曇り、雷を伴った非常に激しい雨の降っている所があります。  　８日夜の広島県は、湿った空気の影響で雨や雷雨となるでしょう。非常に激しく降る所がある見込みです。  　９日は、低気圧や湿った空気の影響で断続的に雨や雷雨となるでしょう。未明は非常に激しく降る所がある見込みです。
広島地方気象台,2022-07-09T04:32:00+09:00,広島県,,　中国地方は、湿った空気の影響で曇り、雷を伴った激しい雨の降っている所があります。  　９日の広島県は、低気圧や湿った空気の影響で断続的に雨が降り、夜のはじめ頃まで雷を伴って激しく降る所がある見込みです。  　１０日は、湿った空気の影響で曇り、雨の降る所があるでしょう。
広島地方気象台,2022-07-09T10:32:00+09:00,広島県,,　中国地方は、湿った空気の影響で曇り、雨や雷雨となっている所があります。  　９日の広島県は、低気圧や湿った空気の影響で曇り、夕方を中心に雨が降るでしょう。雷を伴い激しく降る所がある見込みです。  　１０日は、湿った空気の影響で曇り、夕方から雨の降る所があるでしょう。
広島地方気象台,2022-07-09T16:32:00+09:00,広島県,,　中国地方は、湿った空気の影響で概ね曇り、雨の降っている所があります。  　９日夜の広島県は、低気圧や湿った空気の影響で曇り、雨や雷雨となる所があるでしょう。  　１０日は、湿った空気の影響で概ね曇るでしょう。
広島地方気象台,2022-07-10T04:34:00+09:00,広島県,,　中国地方は、湿った空気の影響で概ね曇り、雨の降っている所があります。  　１０日の広島県は、湿った空気の影響で概ね曇るでしょう。  　１１日は、湿った空気や寒気の影響で曇り、午後は北部を中心に雨や雷雨となる見込みです。
広島地方気象台,2022-07-10T10:32:00+09:00,広島県,,　中国地方は、山陽では高気圧に覆われて概ね晴れていますが、山陰では湿った空気の影響で概ね曇り、雨の降っている所があります。  　１０日の広島県は、湿った空気の影響で概ね曇るでしょう。  　１１日は、湿った空気や寒気の影響で曇り、午後は北部を中心に雨や雷雨となる見込みです。
広島地方気象台,2022-07-10T16:32:00+09:00,広島県,,　中国地方は、湿った空気の影響で概ね曇り、雨の降っている所があります。  　１０日夜の広島県は、湿った空気の影響で曇るでしょう。  　１１日は、湿った空気や寒気の影響で曇り、午後は北部を中心に雨や雷雨となる見込みです。
広島地方気象台,2022-07-11T04:37:00+09:00,広島県,,　中国地方は、湿った空気の影響で概ね曇っています。  　１１日の広島県は、湿った空気や寒気の影響で曇り、午後は北部を中心に雨や雷雨となるでしょう。  　１２日は、湿った空気や寒気の影響で曇り、昼前から昼過ぎにかけて雨が降る見込みです。雷を伴う所があるでしょう。
広島地方気象台,2022-07-11T10:33:00+09:00,広島県,,　中国地方は、湿った空気の影響で概ね曇っています。  　１１日の広島県は、湿った空気や寒気の影響で曇り、北部を中心に午後は雨や雷雨となる見込みです。激しく降る所があるでしょう。  　１２日は、湿った空気や寒気の影響で曇り、昼前から昼過ぎにかけて雨が降る見込みです。雷を伴う所があるでしょう。
広島地方気象台,2022-07-11T16:33:00+09:00,広島県,,　中国地方は、湿った空気や寒気の影響で曇り、山陰を中心に雷を伴って激しい雨の降っている所があります。  　１１日夜の広島県は、湿った空気や寒気の影響で曇り、雨や雷雨となるでしょう。激しく降る所がある見込みです。  　１２日は、湿った空気や寒気の影響で曇り、朝まで雨や雷雨となるでしょう。 　広島県では、１２日は熱中症の危険性が極めて高い気象状況になることが予測されます。外出はなるべく避け、室内をエアコン等で涼しい環境にして過ごしてください。
広島地方気象台,2022-07-12T04:32:00+09:00,広島県,,　中国地方は、湿った空気や寒気の影響で曇り、雨の降っている所があります。  　１２日の広島県は、湿った空気や寒気の影響で曇り、北部を中心に朝は雨が降るでしょう。雷を伴う所がある見込みです。 　広島県では、１２日は熱中症の危険性が極めて高い気象状況になることが予測されます。外出はなるべく避け、室内をエアコン等で涼しい環境にして過ごしてください。  　１３日は、湿った空気の影響で概ね曇るでしょう。
広島地方気象台,2022-07-12T10:33:00+09:00,広島県,,　中国地方は、湿った空気や寒気の影響で曇り、雨の降っている所があります。  　１２日の広島県は、湿った空気や寒気の影響で曇り、昼前は雨が降るでしょう。夕方まで雷を伴う所がある見込みです。 　広島県では、１２日は熱中症の危険性が極めて高い気象状況になることが予測されます。外出はなるべく避け、室内をエアコン等で涼しい環境にして過ごしてください。  　１３日は、湿った空気の影響で概ね曇るでしょう。
広島地方気象台,2022-07-12T17:33:00+09:00,広島県,,　中国地方は、湿った空気の影響で概ね曇り、雨の降っている所があります。  　１２日夜の広島県は、湿った空気の影響で概ね曇る見込みです。  　１３日は、湿った空気の影響で概ね曇るでしょう。
広島地方気象台,2022-07-13T04:32:00+09:00,広島県,,　中国地方は、湿った空気の影響で概ね曇り、山陰を中心に雨の降っている所があります。  　１３日の広島県は、湿った空気の影響で概ね曇るでしょう。  　１４日は、湿った空気の影響で曇り、昼前から雨や雷雨となる見込みです。激しく降る所があるでしょう。
広島地方気象台,2022-07-13T10:33:00+09:00,広島県,,　中国地方は、山陽では高気圧に覆われて概ね晴れていますが、山陰では湿った空気の影響で概ね曇り、雨の降っている所があります。  　１３日の広島県は、高気圧に覆われて晴れますが、夕方から湿った空気の影響で曇るでしょう。  　１４日は、湿った空気の影響で曇り、昼前から雨や雷雨となる見込みです。激しく降る所があるでしょう。
広島地方気象台,2022-07-13T16:32:00+09:00,広島県,,　中国地方は、湿った空気の影響で概ね曇っています。  　１３日夜の広島県は、湿った空気の影響で曇るでしょう。  　１４日は、湿った空気の影響で曇り、朝から夕方にかけて雨や雷雨となる見込みです。激しく降る所があるでしょう。
広島地方気象台,2022-07-14T04:31:00+09:00,広島県,,　中国地方は、湿った空気の影響で雨となり、雷を伴い激しく降っている所があります。  　１４日の広島県は、湿った空気の影響で雨が降り、雷を伴って激しく降る所があるでしょう。  　１５日は、湿った空気や上空の寒気の影響で曇り、夜は雨が降る見込みです。午後は、雷を伴って激しく降る所があるでしょう。
広島地方気象台,2022-07-14T10:32:00+09:00,広島県,,　中国地方は、湿った空気の影響で曇り、雨の降っている所があります。  　１４日の広島県は、湿った空気の影響で曇り、昼過ぎから夕方にかけて雨が降る見込みです。雷を伴って激しく降る所があるでしょう。  　１５日は、湿った空気や上空の寒気の影響で曇り、夜は雨が降る見込みです。雷を伴って激しく降る所があるでしょう。
広島地方気象台,2022-07-14T16:33:00+09:00,広島県,,　中国地方は、湿った空気の影響で曇り、雷を伴い非常に激しい雨の降っている所があります。  　１４日夜の広島県は、湿った空気の影響で曇り、南部では夜のはじめ頃にかけて雨が降る見込みです。雷を伴う所があるでしょう。  　１５日は、湿った空気や上空の寒気の影響で曇り、北部では夕方から夜のはじめ頃にかけて雨が降る見込みです。雷を伴って激しく降る所があるでしょう。
広島地方気象台,2022-07-15T04:36:00+09:00,広島県,,　中国地方は、湿った空気の影響で曇り、雨の降っている所があります。  　１５日の広島県は、湿った空気や上空の寒気の影響で概ね曇り、雨や雷雨となる所がある見込みです。激しく降る所があるでしょう。 　広島県では、１５日は熱中症の危険性が極めて高い気象状況になることが予測されます。外出はなるべく避け、室内をエアコン等で涼しい環境にして過ごしてください。  　１６日は、前線や上空の寒気の影響で概ね曇り、断続的に雨が降る見込みです。雷を伴って激しく降る所があるでしょう。
広島地方気象台,2022-07-15T10:37:00+09:00,広島県,,　中国地方は、湿った空気の影響で概ね曇り、雨や雷雨となっている所があります。  　１５日の広島県は、湿った空気や上空の寒気の影響で概ね曇り、昼過ぎからは雨や雷雨となる所がある見込みです。激しく降る所があるでしょう。 　広島県では、１５日は熱中症の危険性が極めて高い気象状況になることが予測されます。外出はなるべく避け、室内をエアコン等で涼しい環境にして過ごしてください。  　１６日は、前線や上空の寒気の影響で概ね曇り、断続的に雨が降る見込みです。雷を伴って激しく降る所があるでしょう。
広島地方気象台,2022-07-15T16:32:00+09:00,広島県,,　中国地方は、湿った空気の影響で概ね曇り、雨や雷雨となって、激しく降っている所があります。  　１５日夜の広島県は、湿った空気や上空の寒気の影響で曇り、雨や雷雨となる所がある見込みです。激しく降る所があるでしょう。  　１６日は、前線や上空の寒気の影響で概ね曇り、断続的に雨が降る見込みです。雷を伴って激しく降る所があるでしょう。
広島地方気象台,2022-07-16T04:33:00+09:00,広島県,,　中国地方は、湿った空気の影響で概ね曇っています。  　１６日の広島県は、前線や上空の寒気の影響で概ね曇り、断続的に雨が降る見込みです。雷を伴って激しく降る所があるでしょう。  　１７日は、湿った空気の影響で概ね曇り、昼過ぎから夕方にかけて雨の降る所がある見込みです。
広島地方気象台,2022-07-16T10:32:00+09:00,広島県,,　中国地方は、湿った空気の影響で概ね曇り、雨の降っている所があります。  　１６日の広島県は、湿った空気や上空の寒気の影響で概ね曇り、断続的に雨が降る見込みです。雷を伴って激しく降る所があるでしょう。  　１７日は、湿った空気の影響で概ね曇り、昼過ぎから夕方にかけて雨の降る所がある見込みです。
広島地方気象台,2022-07-16T16:34:00+09:00,広島県,,　中国地方は、湿った空気や上空の寒気の影響で、山陰を中心に雷を伴った非常に激しい雨の降っている所があります。  　１６日夜の広島県は、湿った空気や上空の寒気の影響で曇る見込みです。雷を伴って激しく降る所があるでしょう。  　１７日は、湿った空気の影響で概ね曇り、午後は雨の降る所がある見込みです。
広島地方気象台,2022-07-17T04:40:00+09:00,広島県,,　中国地方は、湿った空気や上空の寒気の影響で概ね曇り、山陰を中心に激しい雨の降っている所があります。  　１７日の広島県は、湿った空気や上空の寒気の影響で概ね曇り、昼過ぎから夕方ににかけて雨の降る所がある見込みです。  　１８日は、前線や湿った空気の影響で曇り、昼前から雨が降るでしょう。夕方からは雷を伴って激しく降る所がある見込みです。
広島地方気象台,2022-07-17T10:31:00+09:00,広島県,,　中国地方は、高気圧に覆われて概ね晴れています。  　１７日の広島県は、湿った空気や上空の寒気の影響で概ね曇り、昼過ぎから夜のはじめ頃にかけて雨や雷雨となる所があるでしょう。  　１８日は、前線や湿った空気の影響で曇り、昼前から雨が降る見込みです。夕方からは雷を伴って激しく降る所があるでしょう。
広島地方気象台,2022-07-17T20:07:00+09:00,広島県,,　中国地方は、湿った空気の影響で概ね曇っています。  　１７日夜の広島県は、湿った空気の影響で曇り、夜のはじめ頃に雨の降る所があるでしょう。  　１８日は、前線や湿った空気の影響で曇り、昼過ぎから雨が降る見込みです。夜は雷を伴って激しく降る所があるでしょう。
広島地方気象台,2022-07-18T04:32:00+09:00,広島県,,　中国地方は、湿った空気の影響で曇り、雨の降っている所があります。  　１８日の広島県は、前線や湿った空気の影響で曇り、昼過ぎから雨や雷雨となり、夜は激しく降る所があるでしょう。  　１９日は、前線や湿った空気の影響で雨や雷雨となり、夕方まで激しく降る所がある見込みです。
広島地方気象台,2022-07-18T10:34:00+09:00,広島県,,　中国地方は、湿った空気の影響で曇り、雨の降っている所があります。  　１８日の広島県は、前線や湿った空気の影響で曇り、断続的に雨が降るでしょう。夜は雷を伴い激しく降る所がある見込みです。  　１９日は、前線や湿った空気の影響で雨が降るでしょう。夕方まで雷を伴い激しく降る所がある見込みです。
広島地方気象台,2022-07-18T16:34:00+09:00,広島県,,　中国地方は、湿った空気の影響で曇り、山陰を中心に雨が降っています。  　１８日夜の広島県は、前線や湿った空気の影響で雨が降るでしょう。雷を伴い激しく降る所がある見込みです。  　１９日は、引き続き前線や湿った空気の影響で雨が降るでしょう。夕方にかけて雷を伴い激しく降る所がある見込みです。
広島地方気象台,2022-07-19T04:32:00+09:00,広島県,,　中国地方は、前線や湿った空気の影響で雨が降り、雷を伴い激しく降っている所があります。  　１９日の広島県は、前線や湿った空気の影響で雨が降るでしょう。夕方まで雷を伴い激しく降る所がある見込みです。  　２０日は、湿った空気の影響で概ね曇るでしょう。
広島地方気象台,2022-07-19T10:32:00+09:00,広島県,,　中国地方は、前線や湿った空気の影響で雨が降り、雷を伴い激しく降っている所があります。  　１９日の広島県は、前線や湿った空気の影響で雨が降るでしょう。夕方まで雷を伴い激しく降る所がある見込みです。  　２０日は、湿った空気の影響で概ね曇るでしょう。
広島地方気象台,2022-07-19T19:33:00+09:00,広島県,,　中国地方は、前線や湿った空気の影響で概ね曇り、雨の降っている所があります。  　１９日夜の広島県は、前線や湿った空気の影響で曇り、雨の降る所があるでしょう。  　２０日は、湿った空気の影響で概ね曇る見込みです。
広島地方気象台,2022-07-20T04:36:00+09:00,広島県,,　中国地方は、湿った空気の影響で曇っています。  　２０日の広島県は、湿った空気の影響で概ね曇るでしょう。  　２１日は、前線や湿った空気の影響で曇り、夕方から雨が降る見込みです。雷を伴う所があるでしょう。
広島地方気象台,2022-07-20T10:33:00+09:00,広島県,,　中国地方は、高気圧に覆われて概ね晴れています。  　２０日の広島県は、北部では湿った空気の影響で概ね曇りますが、南部では高気圧に覆われて概ね晴れるでしょう。  　２１日は、前線や湿った空気の影響で曇り、昼過ぎから雨が降る見込みです。雷を伴う所があるでしょう。
広島地方気象台,2022-07-20T16:33:00+09:00,広島県,,　中国地方は、高気圧に覆われて概ね晴れています。  　２０日夜の広島県は、湿った空気の影響で概ね曇る見込みです。  　２１日は、前線や湿った空気の影響で曇り、午後は雨や雷雨となるでしょう。夕方から激しく降る所がある見込みです。
広島地方気象台,2022-07-21T04:38:00+09:00,広島県,,　中国地方は、湿った空気の影響で曇り、雨の降っている所があります。  　２１日の広島県は、前線や湿った空気の影響で曇り、昼過ぎから雨が降るでしょう。雷を伴い、激しく降る所がある見込みです。  　２２日は、前線や湿った空気の影響で概ね曇り、北部を中心に断続的に雨が降るでしょう。雷を伴う所がある見込みです。
広島地方気象台,2022-07-21T10:33:00+09:00,広島県,,　中国地方は、湿った空気の影響で曇り、山陰を中心に雨の降っている所があります。  　２１日の広島県は、前線や湿った空気の影響で曇り、昼過ぎから雨が降るでしょう。雷を伴い激しく降る所がある見込みです。  　２２日は、前線や湿った空気の影響で概ね曇り、北部を中心に断続的に雨が降るでしょう。雷を伴う所がある見込みです。
広島地方気象台,2022-07-21T16:33:00+09:00,広島県,,　中国地方は、前線や湿った空気の影響で概ね曇り、山陰を中心に雨の降っている所があります。  　２１日夜の広島県は、前線や湿った空気の影響で曇り、雨や雷雨となる所があるでしょう。  　２２日は、前線や湿った空気の影響で概ね曇り、北部を中心に断続的に雨が降る見込みです。雷を伴う所があるでしょう。
広島地方気象台,2022-07-22T04:34:00+09:00,広島県,,　中国地方は、湿った空気の影響で概ね曇り、雨の降っている所があります。  　２２日の広島県は、湿った空気の影響で概ね曇り、昼過ぎは北部を中心に雨が降るでしょう。雷を伴う所がある見込みです。  　２３日は、北部では湿った空気の影響で概ね曇るでしょう。南部では、高気圧に覆われて概ね晴れる見込みです。
広島地方気象台,2022-07-22T10:32:00+09:00,広島県,,　中国地方は、湿った空気の影響で概ね曇り、雨の降っている所があります。  　２２日の広島県は、湿った空気の影響で曇り、北部を中心に雨が降るでしょう。雷を伴う所がある見込みです。  　２３日は、北部では、湿った空気の影響で概ね曇るでしょう。南部では、高気圧に覆われて概ね晴れる見込みです。
広島地方気象台,2022-07-22T16:32:00+09:00,広島県,,　中国地方は、湿った空気の影響で概ね曇り、雨の降っている所があります。  　２２日夜の広島県は、湿った空気の影響で概ね曇るでしょう。北部を中心に雨や雷雨となる所がある見込みです。  　２３日は、北部では、湿った空気の影響で概ね曇るでしょう。南部では、高気圧に覆われて概ね晴れる見込みです。
広島地方気象台,2022-07-23T04:35:00+09:00,広島県,,　中国地方は、湿った空気の影響で概ね曇り、山陰を中心に雨の降っている所があります。  　２３日の広島県は、北部では湿った空気の影響で概ね曇るでしょう。南部では高気圧に覆われて概ね晴れる見込みです。  　２４日は、気圧の谷や湿った空気の影響で概ね曇り、北部では夕方から雨の降る所があるでしょう。
広島地方気象台,2022-07-23T10:33:00+09:00,広島県,,　中国地方は、山陰や山陽北部では湿った空気の影響で概ね曇り、雨の降っている所がありますが、山陽南部では高気圧に覆われて概ね晴れています。  　２３日の広島県は、湿った空気の影響で概ね曇るでしょう。  　２４日は、気圧の谷や湿った空気の影響で概ね曇り、北部では夕方から雨の降る所がある見込みです。
広島地方気象台,2022-07-23T16:32:00+09:00,広島県,,　中国地方は、高気圧に覆われて概ね晴れています。  　２３日夜の広島県は、気圧の谷や湿った空気の影響で曇るでしょう。  　２４日は、気圧の谷や湿った空気の影響で概ね曇る見込みです。
広島地方気象台,2022-07-24T04:30:00+09:00,広島県,,　中国地方は、高気圧に覆われて概ね晴れています。  　２４日の広島県は、高気圧に覆われて晴れますが、昼過ぎから気圧の谷や湿った空気の影響で曇るでしょう。  　２５日は、湿った空気の影響で曇り、北部を中心に雨が降る見込みです。午後は雷を伴う所があるでしょう。
広島地方気象台,2022-07-24T10:33:00+09:00,広島県,,　中国地方は、山陽では高気圧に覆われて概ね晴れていますが、山陰では気圧の谷や湿った空気の影響で概ね曇っています。  　２４日の広島県は、気圧の谷や湿った空気の影響で概ね曇るでしょう。  　２５日は、湿った空気の影響で曇り、北部を中心に雨が降る見込みです。午後は雷を伴う所があるでしょう。
広島地方気象台,2022-07-24T16:33:00+09:00,広島県,,　中国地方は、気圧の谷や湿った空気の影響で概ね曇り、雨の降っている所があります。  　２４日夜の広島県は、気圧の谷や湿った空気の影響で曇るでしょう。  　２５日は、湿った空気の影響で概ね曇り、朝は雨が降る見込みです。午後は雷雨となる所があるでしょう。
広島地方気象台,2022-07-25T06:36:00+09:00,広島県,,　中国地方は、湿った空気の影響で概ね曇り、雨の降っている所があります。  　２５日の広島県は、湿った空気の影響で概ね曇り、朝は雨が降るでしょう。午後は雷雨となる所がある見込みです。  　２６日は、引き続き湿った空気の影響で概ね曇り、雨や雷雨となる所があるでしょう。激しく降る所がある見込みです。
広島地方気象台,2022-07-25T10:32:00+09:00,広島県,,　中国地方は、湿った空気の影響で概ね曇り、雨の降っている所があります。  　２５日の広島県は、湿った空気の影響で概ね曇り、雨や雷雨となる所がある見込みです。激しく降る所があるでしょう。  　２６日は、引き続き湿った空気の影響で概ね曇り、雨や雷雨となる所がある見込みです。激しく降る所があるでしょう。
広島地方気象台,2022-07-25T16:33:00+09:00,広島県,,　中国地方は、湿った空気の影響で概ね曇り、雨の降っている所があります。  　２５日夜の広島県は、湿った空気の影響で概ね曇り、雨や雷雨となる所がある見込みです。  　２６日は、引き続き湿った空気の影響で概ね曇り、雨や雷雨となる所があるでしょう。激しく降る所がある見込みです。
広島地方気象台,2022-07-26T04:32:00+09:00,広島県,,　中国地方は、湿った空気の影響で概ね曇っています。  　２６日の広島県は、湿った空気の影響で概ね曇り、午後は雨や雷雨となる所があるでしょう。激しく降る所がある見込みです。  　２７日は、湿った空気の影響で曇り、昼過ぎから夕方にかけて雨が降るでしょう。雷を伴って激しく降る所がある見込みです。
広島地方気象台,2022-07-26T10:32:00+09:00,広島県,,　中国地方は、湿った空気の影響で概ね曇り、雨の降っている所があります。  　２６日の広島県は、湿った空気の影響で概ね曇り、雨の降る所があるでしょう。雷を伴って激しく降る所がある見込みです。  　２７日は、湿った空気の影響で概ね曇り、昼過ぎから夕方にかけて雨が降るでしょう。雷を伴って激しく降る所がある見込みです。
広島地方気象台,2022-07-26T16:33:00+09:00,広島県,,　中国地方は、高気圧に覆われて概ね晴れていますが、湿った空気の影響で雨の降っている所があります。  　２６日夜の広島県は、高気圧に覆われて概ね晴れますが、雨の降る所があるでしょう。雷を伴って激しく降る所がある見込みです。  　２７日は、湿った空気の影響で概ね曇り、昼前からは断続的に雨が降るでしょう。雷を伴って激しく降る所がある見込みです。
広島地方気象台,2022-07-27T04:33:00+09:00,広島県,,　中国地方は、高気圧に覆われて概ね晴れています。  　２７日の広島県は、湿った空気の影響で曇り、昼前から夕方にかけて雨が降るでしょう。雷を伴って激しく降る所がある見込みです。 　広島県では、２７日は熱中症の危険性が極めて高い気象状況になることが予測されます。外出はなるべく避け、室内をエアコン等で涼しい環境にして過ごしてください。  　２８日は、南部では高気圧に覆われて概ね晴れますが、北部では湿った空気の影響で概ね曇るでしょう。昼過ぎから夜のはじめ頃は雨や雷雨となる所がある見込みです。
広島地方気象台,2022-07-27T10:32:00+09:00,広島県,,　中国地方は湿った空気の影響で概ね曇っています。  　２７日の広島県は、湿った空気の影響で曇り、昼過ぎから夕方にかけて雨が降るでしょう。雷を伴って激しく降る所がある見込みです。 　広島県では、２７日は熱中症の危険性が極めて高い気象状況になることが予測されます。外出はなるべく避け、室内をエアコン等で涼しい環境にして過ごしてください。  　２８日は、南部では高気圧に覆われて概ね晴れますが、北部では湿った空気の影響で概ね曇るでしょう。昼過ぎから夜のはじめ頃は雨や雷雨となる所がある見込みです。
広島地方気象台,2022-07-27T16:33:00+09:00,広島県,,　中国地方は湿った空気の影響で概ね曇り、雨や雷雨となり激しく降っている所があります。  　２７日夜の広島県は、湿った空気の影響で曇り、雨や雷雨となる所があるでしょう。  　２８日は、南部では高気圧に覆われて概ね晴れますが、北部では湿った空気の影響で概ね曇る見込みです。午後を中心に雨や雷雨となる所があるでしょう。 　広島県では、２８日は熱中症の危険性が極めて高い気象状況になることが予測されます。外出はなるべく避け、室内をエアコン等で涼しい環境にして過ごしてください。
広島地方気象台,2022-07-28T04:34:00+09:00,広島県,,　中国地方は湿った空気の影響で概ね曇っています。  　２８日の広島県は、湿った空気の影響で概ね曇り、雨の降る所があるでしょう。北部を中心に、昼過ぎから夜のはじめ頃にかけて、雷を伴って激しく降る所がある見込みです。 　広島県では、２８日は熱中症の危険性が極めて高い気象状況になることが予測されます。外出はなるべく避け、室内をエアコン等で涼しい環境にして過ごしてください。  　２９日は、高気圧に覆われて概ね晴れるでしょう。
広島地方気象台,2022-07-28T10:33:00+09:00,広島県,,　中国地方は、高気圧に覆われて概ね晴れています。  　２８日の広島県は、湿った空気の影響で概ね曇り、昼過ぎから雨や雷雨となる所があるでしょう。北部では激しく降る所がある見込みです。 　広島県では、２８日は熱中症の危険性が極めて高い気象状況になることが予測されます。外出はなるべく避け、室内をエアコン等で涼しい環境にして過ごしてください。  　２９日は、高気圧に覆われて概ね晴れるでしょう。
広島地方気象台,2022-07-28T16:33:00+09:00,広島県,,　中国地方は、高気圧に覆われて概ね晴れていますが、湿った空気の影響で雨や雷雨となっている所があります。  　２８日夜の広島県は、湿った空気の影響で概ね曇り、雨や雷雨となる所がある見込みです。 　 　２９日は、高気圧に覆われて概ね晴れるでしょう。 　広島県では、２９日は熱中症の危険性が極めて高い気象状況になることが予測されます。外出はなるべく避け、室内をエアコン等で涼しい環境にして過ごしてください。
広島地方気象台,2022-07-29T04:32:00+09:00,広島県,,　中国地方は、高気圧に覆われて概ね晴れています。  　２９日の広島県は、高気圧に覆われて概ね晴れますが、午後は日射の影響で大気の状態が不安定となるため、雨や雷雨となる所がある見込みです。 　広島県では、２９日は熱中症の危険性が極めて高い気象状況になることが予測されます。外出はなるべく避け、室内をエアコン等で涼しい環境にして過ごしてください。  　３０日は、湿った空気の影響で概ね曇るでしょう。
広島地方気象台,2022-07-29T10:32:00+09:00,広島県,,　中国地方は、高気圧に覆われて概ね晴れています。  　２９日の広島県は、高気圧に覆われて概ね晴れますが、午後は日射の影響で大気の状態が不安定となるため、雨や雷雨となる所がある見込みです。 　広島県では、２９日は熱中症の危険性が極めて高い気象状況になることが予測されます。外出はなるべく避け、室内をエアコン等で涼しい環境にして過ごしてください。  　３０日は、湿った空気の影響で概ね曇るでしょう。
広島地方気象台,2022-07-29T18:35:00+09:00,広島県,,　中国地方は、高気圧に覆われて概ね晴れています。  　２９日夜の広島県は、高気圧に覆われて晴れる見込みです。  　３０日は、湿った空気の影響で概ね曇るでしょう。朝から雨の降る所がある見込みです。
広島地方気象台,2022-07-30T04:33:00+09:00,広島県,,　中国地方は、湿った空気の影響で概ね曇っています。  　３０日の広島県は、湿った空気の影響で曇り、雨の降る所があるでしょう。  　３１日は、引き続き湿った空気の影響で曇り、朝まで雨の降る所がある見込みです。
広島地方気象台,2022-07-30T10:33:00+09:00,広島県,,　中国地方は、湿った空気の影響で概ね曇り、雨の降っている所があります。  　３０日の広島県は、湿った空気の影響で曇り、日中は雨が降るでしょう。  　３１日は、引き続き湿った空気の影響で曇り、朝まで雨の降る所がある見込みです。
広島地方気象台,2022-07-30T16:33:00+09:00,広島県,,　中国地方は、湿った空気の影響で概ね曇り、雨の降っている所があります。  　３０日夜の広島県は、湿った空気の影響で曇り、雨の降る所があるでしょう。  　３１日は、引き続き湿った空気の影響で曇る見込みです。 　広島県では、３１日は熱中症の危険性が極めて高い気象状況になることが予測されます。外出はなるべく避け、室内をエアコン等で涼しい環境にして過ごしてください。
広島地方気象台,2022-07-31T04:34:00+09:00,広島県,,　中国地方は、湿った空気の影響で概ね曇り、雨の降っている所があります。  　３１日の広島県は、湿った空気の影響で曇り、夕方にかけて雨の降る所がある見込みです。 　広島県では、３１日は熱中症の危険性が極めて高い気象状況になることが予測されます。外出はなるべく避け、室内をエアコン等で涼しい環境にして過ごしてください。  　８月１日は、湿った空気の影響で概ね曇り、夜は雨の降る所があるでしょう。
広島地方気象台,2022-07-31T10:32:00+09:00,広島県,,　中国地方は、湿った空気の影響で概ね曇り、雨の降っている所があります。  　３１日の広島県は、湿った空気の影響で曇り、雨の降る所がある見込みです。 　広島県では、３１日は熱中症の危険性が極めて高い気象状況になることが予測されます。外出はなるべく避け、室内をエアコン等で涼しい環境にして過ごしてください。  　８月１日は、湿った空気の影響で概ね曇り、夜は雨の降る所があるでしょう。
広島地方気象台,2022-07-31T16:32:00+09:00,広島県,,　中国地方は、湿った空気の影響で概ね曇り、雨の降っている所があります。  　３１日夜の広島県は、湿った空気の影響で概ね曇り、雨の降る所がある見込みです。  　８月１日は、高気圧に覆われて概ね晴れますが、湿った空気の影響で夜は雨の降る所があるでしょう。 　広島県では、８月１日は熱中症の危険性が極めて高い気象状況になることが予測されます。外出はなるべく避け、室内をエアコン等で涼しい環境にして過ごしてください。
