publishingOffice,reportDatetime,targetArea,headlineText,text
和歌山地方気象台,2022-07-01T04:32:00+09:00,和歌山県,,　和歌山県は、高気圧に覆われておおむね晴れています。  　１日の和歌山県は、高気圧に覆われておおむね晴れますが、上空の寒気や湿った空気の影響で午後は雨や雷雨となる所があるでしょう。激しく降る所がある見込みです。 　和歌山県では、１日は熱中症の危険性が極めて高い気象状況になることが予測されます。外出はなるべく避け、室内をエアコン等で涼しい環境にして過ごしてください。  　２日の和歌山県は、引き続き高気圧に覆われておおむね晴れますが、上空の寒気や湿った空気の影響で、午後は雨や雷雨となる所があるでしょう。
和歌山地方気象台,2022-07-01T10:34:00+09:00,和歌山県,,　和歌山県は、高気圧に覆われて晴れています。  　１日の和歌山県は、高気圧に覆われておおむね晴れますが、上空の寒気や湿った空気の影響で午後は雨や雷雨となる所があるでしょう。激しく降る所がある見込みです。 　和歌山県では、１日は熱中症の危険性が極めて高い気象状況になることが予測されます。外出はなるべく避け、室内をエアコン等で涼しい環境にして過ごしてください。  　２日の和歌山県は、引き続き高気圧に覆われておおむね晴れますが、上空の寒気や湿った空気の影響で、昼過ぎから夜のはじめ頃にかけて雨や雷雨となる所があるでしょう。
和歌山地方気象台,2022-07-01T18:44:00+09:00,和歌山県,,　和歌山県は、高気圧に覆われておおむね晴れています。  　１日の和歌山県は、高気圧に覆われて晴れる見込みです。  　２日の和歌山県は、引き続き高気圧に覆われておおむね晴れますが、上空の寒気や湿った空気の影響で、昼過ぎから夜のはじめ頃にかけて雨や雷雨となる所があるでしょう。
和歌山地方気象台,2022-07-02T04:35:00+09:00,和歌山県,,　和歌山県は、高気圧に覆われておおむね晴れています。  　２日の和歌山県は、高気圧に覆われておおむね晴れますが、上空の寒気や湿った空気の影響で、昼過ぎから夜のはじめ頃にかけて雨や雷雨となる所があるでしょう。 　和歌山県では、２日は熱中症の危険性が極めて高い気象状況になることが予測されます。外出はなるべく避け、室内をエアコン等で涼しい環境にして過ごしてください。  　３日の和歌山県は、湿った空気や気圧の谷の影響で曇り、明け方から雨や雷雨となる所がある見込みです。
和歌山地方気象台,2022-07-02T10:33:00+09:00,和歌山県,,　和歌山県は、高気圧に覆われておおむね晴れていますが、南部では湿った空気の影響で雨の降っている所があります。  　２日の和歌山県は、上空の寒気や湿った空気の影響でおおむね曇り、雨や雷雨となる所があるでしょう。 　和歌山県では、２日は熱中症の危険性が極めて高い気象状況になることが予測されます。外出はなるべく避け、室内をエアコン等で涼しい環境にして過ごしてください。  　３日の和歌山県は、湿った空気や気圧の谷の影響で曇り、雨や雷雨となる所がある見込みです。
和歌山地方気象台,2022-07-02T16:33:00+09:00,和歌山県,,　和歌山県は、湿った空気の影響でおおむね曇り、雨や雷雨となっている所があります。  　２日の和歌山県は、上空の寒気や湿った空気の影響で、南部を中心におおむね曇るでしょう。雨や雷雨となる所がある見込みです。  　３日の和歌山県は、湿った空気や気圧の谷の影響で曇り、昼前から断続的に雨や雷雨となり、激しい雨の降る所があるでしょう。
和歌山地方気象台,2022-07-03T04:34:00+09:00,和歌山県,,　和歌山県は、気圧の谷や湿った空気の影響で曇り、雨や雷雨となっている所があります。  　３日の和歌山県は、気圧の谷や湿った空気の影響で、断続的に雨や雷雨となるでしょう。昼前からは激しい雨の降る所がある見込みです。  　４日の和歌山県は、引き続き気圧の谷や湿った空気の影響で、断続的に雨や雷雨となるでしょう。
和歌山地方気象台,2022-07-03T10:35:00+09:00,和歌山県,,　和歌山県は、気圧の谷や湿った空気の影響で雨が降り、非常に激しい雨となっている所があります。  　３日の和歌山県は、気圧の谷や湿った空気の影響で断続的に雨が降るでしょう。雷を伴い激しく降る所がある見込みです。  　４日の和歌山県は、引き続き湿った空気の影響で断続的に雨が降るでしょう。雷を伴う所がある見込みです。
和歌山地方気象台,2022-07-03T16:33:00+09:00,和歌山県,,　和歌山県は、気圧の谷や湿った空気の影響で曇り、雨の降っている所があります。  　３日の和歌山県は、気圧の谷や湿った空気の影響で曇り、南部を中心に雨や雷雨となるでしょう。夕方は激しく降る所がある見込みです。  　４日の和歌山県は、引き続き湿った空気の影響で断続的に雨が降るでしょう。昼前まで雷を伴い激しく降る所がある見込みです。
和歌山地方気象台,2022-07-04T04:46:00+09:00,和歌山県,,　和歌山県は、湿った空気の影響で、雨や雷雨となっています。  　４日の和歌山県は、湿った空気の影響で、雨や雷雨となるでしょう。昼前にかけて非常に激しく降る所や激しく降る所がある見込みです。  　５日の和歌山県は、台風第４号や周辺の湿った空気の影響で、雨や雷雨となり、激しく降る所があるでしょう。
和歌山地方気象台,2022-07-04T10:45:00+09:00,和歌山県,,　和歌山県は、湿った空気の影響で、雨が降っています。  　４日の和歌山県は、湿った空気の影響で、南部を中心に雨や雷雨となり、南部では激しく降る所がある見込みです。  　５日の和歌山県は、台風第４号や周辺の湿った空気の影響で雨や雷雨となり、激しく降る所があるでしょう。南部では、非常に激しく降る所がある見込みです。
和歌山地方気象台,2022-07-04T16:33:00+09:00,和歌山県,,　和歌山県は、湿った空気の影響で、雨が降っています。  　４日の和歌山県は、湿った空気の影響で南部を中心に雨や雷雨となり、南部では雷を伴い激しく降る所がある見込みです。  　５日の和歌山県は、台風第４号や周辺の湿った空気の影響で雨や雷雨となり、激しく降る所があるでしょう。南部では、非常に激しく降る所がある見込みです。
和歌山地方気象台,2022-07-05T04:32:00+09:00,和歌山県,,　和歌山県は、気圧の谷や湿った空気の影響で、雨が降っています。  　５日の和歌山県は、台風第４号や周辺の湿った空気の影響で雨となり、南部を中心に雷を伴った非常に激しい雨や激しい雨の降る所があるでしょう。  　６日の和歌山県は、台風第４号から変わる低気圧の影響で、断続的に雨となり、南部を中心に雷を伴った非常に激しい雨や激しい雨の降る所がある見込みです。
和歌山地方気象台,2022-07-05T10:50:00+09:00,和歌山県,,　和歌山県は、台風第４号から変わった低気圧や湿った空気の影響で雨が降り、激しく降っている所があります。  　５日の和歌山県は、低気圧や湿った空気の影響で雨となり、南部を中心に雷を伴った非常に激しい雨や激しい雨の降る所があるでしょう。  　６日の和歌山県は、低気圧の影響で断続的に雨となり、南部を中心に、明け方まで雷を伴った非常に激しい雨や激しい雨の降る所がある見込みです。
和歌山地方気象台,2022-07-05T16:35:00+09:00,和歌山県,,　和歌山県は、台風第４号から変わった低気圧や湿った空気の影響で雨が降っています。  　５日の和歌山県は、低気圧や湿った空気の影響で雨となり、南部を中心に雷を伴った非常に激しい雨や激しい雨の降る所があるでしょう。  　６日の和歌山県は、湿った空気の影響で曇り、夜のはじめ頃にかけて雨や雷雨となる所がある見込みです。
和歌山地方気象台,2022-07-06T04:34:00+09:00,和歌山県,,　和歌山県は、上空の寒気や湿った空気の影響で曇り、雨の降っている所があります。  　６日の和歌山県は、上空の寒気や湿った空気の影響で曇り、夜のはじめ頃まで雨や雷雨となる所があるでしょう。夜は高気圧に覆われて、晴れる見込みです。  　７日の和歌山県は、高気圧に覆われておおむね晴れるでしょう。
和歌山地方気象台,2022-07-06T10:33:00+09:00,和歌山県,,　和歌山県は、上空の寒気や湿った空気の影響で曇り、雨の降っている所があります。  　６日の和歌山県は、上空の寒気や湿った空気の影響で曇り、夜のはじめ頃まで雨や雷雨となる所があるでしょう。夜は高気圧に覆われて、晴れる見込みです。  　７日の和歌山県は、高気圧に覆われておおむね晴れるでしょう。
和歌山地方気象台,2022-07-06T16:33:00+09:00,和歌山県,,　和歌山県は、高気圧に覆われておおむね晴れていますが、上空の寒気や湿った空気の影響で、雨の降っている所があります。  　６日の和歌山県は、高気圧に覆われておおむね晴れますが、上空の寒気や湿った空気の影響で、夜のはじめ頃まで雨や雷雨となる所があるでしょう。  　７日の和歌山県は、高気圧に覆われておおむね晴れる見込みです。
和歌山地方気象台,2022-07-07T04:34:00+09:00,和歌山県,,　和歌山県は、高気圧に覆われておおむね晴れています。  　７日の和歌山県は、高気圧に覆われておおむね晴れますが、昼過ぎから夜のはじめ頃にかけては、湿った空気の影響で雨や雷雨となる所があるでしょう。 　和歌山県では、７日は熱中症の危険性が極めて高い気象状況になることが予測されます。外出はなるべく避け、室内をエアコン等で涼しい環境にして過ごしてください。  　８日の和歌山県は、高気圧に覆われておおむね晴れますが、午後は湿った空気の影響で雨や雷雨となる所がある見込みです。
和歌山地方気象台,2022-07-07T10:33:00+09:00,和歌山県,,　和歌山県は、高気圧に覆われておおむね晴れています。  　７日の和歌山県は、北部では高気圧に覆われておおむね晴れますが、南部では湿った空気の影響でおおむね曇るでしょう。南部を中心に雨や雷雨となる所があり、激しく降る所もある見込みです。 　和歌山県では、７日は熱中症の危険性が極めて高い気象状況になることが予測されます。外出はなるべく避け、室内をエアコン等で涼しい環境にして過ごしてください。  　８日の和歌山県は、高気圧に覆われておおむね晴れますが、午後は湿った空気の影響で雨や雷雨となる所があるでしょう。
和歌山地方気象台,2022-07-07T16:36:00+09:00,和歌山県,,　和歌山県は、北部では高気圧に覆われておおむね晴れています。南部では湿った空気の影響でおおむね曇り、雨や雷雨となっている所があります。  　７日の和歌山県は、北部では高気圧に覆われておおむね晴れますが、南部では湿った空気の影響でおおむね曇るでしょう。雨や雷雨となる所があり、南部では夜のはじめ頃にかけて激しく降る所もある見込みです。  　８日の和歌山県は、高気圧に覆われておおむね晴れますが、午後は湿った空気の影響で雨や雷雨となる所があるでしょう。南部では、激しく降る所もある見込みです。
和歌山地方気象台,2022-07-08T04:44:00+09:00,和歌山県,,　和歌山県は、高気圧に覆われておおむね晴れています。  　８日の和歌山県は、高気圧に覆われておおむね晴れますが、午後は湿った空気の影響で雨や雷雨となる所があるでしょう。南部では、激しく降る所もある見込みです。  　９日の和歌山県は、気圧の谷や湿った空気の影響で曇り、昼過ぎから夕方にかけて雨や雷雨となるでしょう。激しく降る所もある見込みです。
和歌山地方気象台,2022-07-08T10:33:00+09:00,和歌山県,,　和歌山県は、気圧の谷や湿った空気の影響でおおむね曇っています。  　８日の和歌山県は、気圧の谷や湿った空気の影響でおおむね曇り、午後は雨や雷雨となる所があるでしょう。南部では激しく降る所もある見込みです。  　９日の和歌山県は、気圧の谷や湿った空気の影響で曇り、昼過ぎから夕方にかけて雨や雷雨となるでしょう。激しく降る所もある見込みです。
和歌山地方気象台,2022-07-08T16:32:00+09:00,和歌山県,,　和歌山県は、気圧の谷や湿った空気の影響で曇り、雨の降っている所があります。  　８日の和歌山県は、気圧の谷や湿った空気の影響で曇り、雨や雷雨となる所があるでしょう。南部では夜のはじめ頃まで激しく降る所がある見込みです。  　９日の和歌山県は、気圧の谷や湿った空気の影響で曇り、昼前から昼過ぎにかけて雨が降るでしょう。明け方から夜のはじめ頃にかけて、雷を伴った激しい雨の降る所もある見込みです。
和歌山地方気象台,2022-07-09T04:32:00+09:00,和歌山県,,　和歌山県は、気圧の谷や湿った空気の影響で曇り、雨の降っている所があります。  　９日の和歌山県は、気圧の谷や湿った空気の影響で曇り、昼前から夕方にかけて雨や雷雨となるでしょう。夜のはじめ頃にかけて激しく降る所もある見込みです。  　１０日の和歌山県は、気圧の谷や湿った空気の影響で曇り、夜のはじめ頃にかけて雨や雷雨となる所があるでしょう。
和歌山地方気象台,2022-07-09T10:36:00+09:00,和歌山県,,　和歌山県は、気圧の谷や湿った空気の影響でおおむね曇っています。  　９日の和歌山県は、気圧の谷や湿った空気の影響で曇り、昼過ぎから夕方を中心に雨が降るでしょう。雷を伴い激しく降る所がある見込みです。  　１０日の和歌山県は、気圧の谷や湿った空気の影響で曇り、夜のはじめ頃にかけて雨や雷雨となる所があるでしょう。
和歌山地方気象台,2022-07-09T16:32:00+09:00,和歌山県,,　和歌山県は、気圧の谷や湿った空気の影響でおおむね曇り、雨の降っている所があります。  　９日の和歌山県は、気圧の谷や湿った空気の影響で曇り、夜のはじめ頃までや雷雨となる所があるでしょう。激しく降る所がある見込みです。  　１０日の和歌山県は、気圧の谷や湿った空気の影響で曇り、夜のはじめ頃にかけて雨や雷雨となる所があるでしょう。
和歌山地方気象台,2022-07-10T04:34:00+09:00,和歌山県,,　和歌山県は、低気圧や湿った空気の影響でおおむね曇り、雨の降っている所があります。  　１０日の和歌山県は、低気圧や湿った空気の影響でおおむね曇り、昼過ぎから夜のはじめ頃にかけて雷を伴い激しく降る所がある見込みです。  　１１日の和歌山県は、気圧の谷や湿った空気の影響でおおむね曇り、昼前から雨や雷雨となる所があるでしょう。
和歌山地方気象台,2022-07-10T10:35:00+09:00,和歌山県,,　和歌山県は、低気圧や湿った空気の影響でおおむね曇っています。  　１０日の和歌山県は、低気圧や湿った空気の影響でおおむね曇り、雨や雷雨となる所があるでしょう。昼過ぎから夜のはじめ頃にかけては激しく降る所もある見込みです。  　１１日の和歌山県は、気圧の谷や湿った空気の影響でおおむね曇り、昼前から雨や雷雨となる所があるでしょう。
和歌山地方気象台,2022-07-10T16:38:00+09:00,和歌山県,,　和歌山県は、湿った空気の影響でおおむね曇り、雨の降っている所があります。  　１０日の和歌山県は、湿った空気の影響でおおむね曇り、雨や雷雨となる所があるでしょう。夜のはじめ頃までは激しく降る所もある見込みです。  　１１日の和歌山県は、気圧の谷や湿った空気の影響でおおむね曇り、昼過ぎから夜のはじめ頃にかけては雷を伴った激しい雨の降る所があるでしょう。
和歌山地方気象台,2022-07-11T04:37:00+09:00,和歌山県,,　和歌山県は、湿った空気の影響でおおむね曇り、雨の降っている所があります。  　１１日の和歌山県は、気圧の谷や湿った空気の影響でおおむね曇り、昼過ぎからは雨や雷雨となる所があるでしょう。夜は激しい雨の降る所がある見込みです。  　１２日の和歌山県は、気圧の谷や湿った空気の影響で曇り、雨や雷雨となる所があるでしょう。
和歌山地方気象台,2022-07-11T10:34:00+09:00,和歌山県,,　和歌山県は、湿った空気の影響でおおむね曇っています。  　１１日の和歌山県は、気圧の谷や湿った空気の影響でおおむね曇り、昼過ぎからは雨や雷雨となる所があるでしょう。激しい雨の降る所がある見込みです。  　１２日の和歌山県は、気圧の谷や湿った空気の影響で曇り、雨や雷雨となる所があるでしょう。
和歌山地方気象台,2022-07-11T16:37:00+09:00,和歌山県,,　和歌山県は、湿った空気の影響でおおむね曇っています。  　１１日の和歌山県は、気圧の谷や湿った空気の影響で曇り、雨や雷雨となる所があるでしょう。夜のはじめ頃にかけては激しく降る所もある見込みです。  　１２日の和歌山県は、気圧の谷や湿った空気の影響で曇り、北部では明け方から朝にかけて雨や雷雨となり、激しく降る所もあるでしょう。南部では雨や雷雨となる所がある見込みです。
和歌山地方気象台,2022-07-12T04:41:00+09:00,和歌山県,,　和歌山県は、気圧の谷や湿った空気の影響で曇っています。  　１２日の和歌山県は、気圧の谷や湿った空気の影響で曇り、雨や雷雨となる所があるでしょう。  　１３日の和歌山県は、高気圧に覆われておおむね晴れる見込みです。
和歌山地方気象台,2022-07-12T10:33:00+09:00,和歌山県,,　和歌山県は、気圧の谷や湿った空気の影響で曇り、北部では雨の降っている所があります。  　１２日の和歌山県は、気圧の谷や湿った空気の影響で曇り、雨や雷雨となる所があるでしょう。  　１３日の和歌山県は、高気圧に覆われておおむね晴れる見込みです。
和歌山地方気象台,2022-07-12T16:33:00+09:00,和歌山県,,　和歌山県は、気圧の谷や湿った空気の影響で曇り、雨の降っている所があります。  　１２日の和歌山県は、気圧の谷や湿った空気の影響で曇り、雨や雷雨となる所があるでしょう。  　１３日の和歌山県は、高気圧に覆われておおむね晴れる見込みです。
和歌山地方気象台,2022-07-13T04:32:00+09:00,和歌山県,,　和歌山県は、湿った空気の影響でおおむね曇っています。  　１３日の和歌山県は、高気圧に覆われておおむね晴れる見込みです。  　１４日の和歌山県は、湿った空気の影響で曇り、昼過ぎから雨が降り、雷を伴う所があるでしょう。
和歌山地方気象台,2022-07-13T10:34:00+09:00,和歌山県,,　和歌山県は、高気圧に覆われておおむね晴れています。  　１３日の和歌山県は、高気圧に覆われておおむね晴れる見込みです。  　１４日の和歌山県は、湿った空気の影響で曇り、昼過ぎから雨が降るでしょう。雷を伴う所がある見込みです。
和歌山地方気象台,2022-07-13T16:33:00+09:00,和歌山県,,　和歌山県は、高気圧に覆われておおむね晴れています。  　１３日の和歌山県は、高気圧に覆われておおむね晴れる見込みです。  　１４日の和歌山県は、湿った空気の影響で曇り、昼前から次第に雨が降るでしょう。雷を伴う所がある見込みです。
和歌山地方気象台,2022-07-14T04:34:00+09:00,和歌山県,,　和歌山県は、気圧の谷や湿った空気の影響で曇り、雨の降っている所があります。  　１４日の和歌山県は、前線や湿った空気の影響で昼前から次第に雨が降るでしょう。昼過ぎからは雷を伴う所がある見込みです。  　１５日の和歌山県は、前線や上空の寒気の影響で曇り、夜は雨が降るでしょう。雷を伴う所がある見込みです。
和歌山地方気象台,2022-07-14T10:32:00+09:00,和歌山県,,　和歌山県、気圧の谷や湿った空気の影響で、雨が降っています。  　１４日の和歌山県は、前線や湿った空気の影響で断続的に雨が降るでしょう。昼過ぎからは雷を伴う所がある見込みです。  　１５日の和歌山県は、前線や上空の寒気の影響で曇り、夜は雨が降るでしょう。雷を伴う所がある見込みです。
和歌山地方気象台,2022-07-14T16:32:00+09:00,和歌山県,,　和歌山県は、気圧の谷や湿った空気の影響で、雨が降っています。  　１４日の和歌山県は、気圧の谷や湿った空気の影響で断続的に雨や雷雨となるでしょう。夜遅くは、激しく降る所がある見込みです。  　１５日の和歌山県は、前線や上空の寒気の影響で曇り、断続的に雨や雷雨となり、明け方まで激しく降る所があるでしょう。
和歌山地方気象台,2022-07-15T04:47:00+09:00,和歌山県,,　和歌山県は、気圧の谷や湿った空気の影響で曇り、雨や雷雨となっている所があります。  　１５日の和歌山県は、前線や上空の寒気の影響でおおむね曇り、北部では明け方は雨が降るでしょう。雷を伴う所がある見込みです。  　１６日の和歌山県は、前線や上空の寒気の影響で曇り、北部では断続的に雨が降るでしょう。南部では明け方から夜のはじめ頃にかけて雨が降る見込みです。雷を伴って激しく降る所があるでしょう。
和歌山地方気象台,2022-07-15T10:41:00+09:00,和歌山県,,　和歌山県は、前線や上空の寒気の影響で曇り、雨の降っている所があります。  　１５日の和歌山県は、前線や上空の寒気の影響で曇り、雨や雷雨となる所があるでしょう。昼過ぎからは激しく降る所がある見込みです。  　１６日の和歌山県は、前線や上空の寒気の影響で曇り、北部では断続的に雨が降るでしょう。南部では明け方から夜のはじめ頃にかけて雨が降る見込みです。雷を伴って激しく降る所があるでしょう。
和歌山地方気象台,2022-07-15T16:40:00+09:00,和歌山県,,　和歌山県は、前線や上空の寒気の影響でおおむね曇っています。  　１５日の和歌山県は、前線や上空の寒気の影響でおおむね曇り、雨や雷雨となる所があるでしょう。激しく降る所もある見込みです。  　１６日の和歌山県は、前線や上空の寒気の影響で曇り、北部では断続的に雨が降り、昼過ぎから夜のはじめ頃にかけて雷を伴って激しく降る所があるでしょう。南部ではおおむね雨となり、昼過ぎから夕方にかけて雷を伴って非常に激しく降る所がある見込みです。
和歌山地方気象台,2022-07-16T04:39:00+09:00,和歌山県,,　和歌山県は、前線や上空の寒気の影響で曇り、雨の降っている所があります。  　１６日の和歌山県は、前線や上空の寒気の影響で断続的に雨が降り、朝から夜のはじめ頃は雷を伴って激しく降る所があるでしょう。昼前から夕方にかけては、非常に激しく降る所がある見込みです。  　１７日の和歌山県は、前線や上空の寒気の影響でおおむね曇り、明け方まで雨や雷雨となる所があるでしょう。
和歌山地方気象台,2022-07-16T10:35:00+09:00,和歌山県,,　和歌山県は、前線や上空の寒気の影響で雨が降り、雷を伴った非常に激しい雨となっている所があります。  　１６日の和歌山県は、前線や上空の寒気の影響で断続的に雨が降り、夜のはじめ頃にかけて雷を伴って激しく降る所があるでしょう。夕方までは非常に激しく降る所がある見込みです。  　１７日の和歌山県は、前線や上空の寒気の影響でおおむね曇り、明け方まで雨や雷雨となる所があるでしょう。
和歌山地方気象台,2022-07-16T16:32:00+09:00,和歌山県,,　和歌山県は、前線や上空の寒気の影響で雨が降り、雷を伴った激しい雨となっている所があります。  　１６日の和歌山県は、前線や上空の寒気の影響で雨や雷雨となり、夜のはじめ頃にかけては非常に激しい雨の降る所もあるでしょう。  　１７日の和歌山県は、前線や上空の寒気の影響でおおむね曇り、明け方にかけて雨や雷雨となる所がある見込みです。
和歌山地方気象台,2022-07-17T04:35:00+09:00,和歌山県,,　和歌山県は、湿った空気や上空の寒気の影響でおおむね曇り、雨の降っている所があります。  　１７日の和歌山県は、湿った空気や上空の寒気の影響でおおむね曇り、昼前にかけて雨や雷雨となる所があるでしょう。  　１８日の和歌山県は、湿った空気や前線の影響で曇り、夜遅くは雨が降る見込みです。
和歌山地方気象台,2022-07-17T10:33:00+09:00,和歌山県,,　和歌山県は、高気圧に覆われておおむね晴れています。  　１７日の和歌山県は、高気圧に覆われておおむね晴れるでしょう。  　１８日の和歌山県は、湿った空気や前線の影響で曇り、夜遅くは雨が降る見込みです。
和歌山地方気象台,2022-07-17T16:34:00+09:00,和歌山県,,　和歌山県は、湿った空気や上空の寒気の影響でおおむね曇っています。  　１７日の和歌山県は、湿った空気や上空の寒気の影響でおおむね曇るでしょう。  　１８日の和歌山県は、湿った空気や前線の影響で曇り、夜は雨が降る見込みです。雷を伴う所もあるでしょう。
和歌山地方気象台,2022-07-18T04:31:00+09:00,和歌山県,,　和歌山県は、湿った空気の影響で曇っています。  　１８日の和歌山県は、前線や湿った空気の影響で曇り、夜は次第に雨が降り、雷を伴う所がある見込みです。  　１９日の和歌山県は、前線や湿った空気の影響でおおむね雨が降るでしょう。朝から夕方にかけては雷を伴って激しく降る所がある見込みです。
和歌山地方気象台,2022-07-18T10:36:00+09:00,和歌山県,,　和歌山県は、湿った空気の影響でおおむね曇っています。  　１８日の和歌山県は、前線や湿った空気の影響で曇り、夕方から次第に雨が降るでしょう。夜は雷を伴い激しく降る所がある見込みです。  　１９日の和歌山県は、前線や湿った空気の影響で雨が降るでしょう。雷を伴って激しく降る所がある見込みです。
和歌山地方気象台,2022-07-18T16:33:00+09:00,和歌山県,,　和歌山県は、湿った空気の影響でおおむね曇り、雨の降っている所があります。  　１８日の和歌山県は、前線や湿った空気の影響で曇り、夜は雨が降るでしょう。雷を伴って激しく降る所がある見込みです。  　１９日の和歌山県は、前線や湿った空気の影響で雨が降るでしょう。雷を伴って激しく降る所がある見込みです。
和歌山地方気象台,2022-07-19T04:34:00+09:00,和歌山県,,　和歌山県は、日本海の低気圧や前線に流れ込む湿った空気の影響で雨が降っています。  　１９日の和歌山県は、前線や湿った空気の影響で雨や雷雨となる見込みです。南部では昼前にかけて非常に激しく降る所があるでしょう。北部でも激しく降る所がある見込みです。  　２０日の和歌山県は、前線や湿った空気の影響でおおむね曇り、明け方まで雨の降る所があるでしょう。
和歌山地方気象台,2022-07-19T10:33:00+09:00,和歌山県,,　和歌山県は、日本海の低気圧や前線に流れ込む湿った空気の影響で雨が降っています。  　１９日の和歌山県は、前線や湿った空気の影響で雨が降る見込みです。雷を伴って、激しく降る所があるでしょう。  　２０日の和歌山県は、前線や湿った空気の影響でおおむね曇り、明け方まで雨の降る所がある見込みです。
和歌山地方気象台,2022-07-19T16:32:00+09:00,和歌山県,,　和歌山県は、日本海の低気圧や前線に流れ込む湿った空気の影響で、雨が降っています。  　１９日の和歌山県は、前線や湿った空気の影響で雨や雷雨となり、北部では夜遅くには曇る見込みです。夜のはじめ頃まで激しく降る所があるでしょう。  　２０日の和歌山県は、前線や湿った空気の影響でおおむね曇り、北部を中心に明け方まで雨の降る所がある見込みです。
和歌山地方気象台,2022-07-20T04:33:00+09:00,和歌山県,,　和歌山県は、前線や湿った空気の影響で曇っています。  　２０日の和歌山県は、前線や湿った空気の影響でおおむね曇るでしょう。  　２１日の和歌山県は、前線や湿った空気の影響でおおむね曇り、夜は雨の降る所がある見込みです。
和歌山地方気象台,2022-07-20T10:33:00+09:00,和歌山県,,　和歌山県は、高気圧に覆われておおむね晴れています。  　２０日の和歌山県は、高気圧に覆われておおむね晴れるでしょう。  　２１日の和歌山県は、前線や湿った空気の影響でおおむね曇り、夜は雨の降る所がある見込みです。
和歌山地方気象台,2022-07-20T16:33:00+09:00,和歌山県,,　和歌山県は、高気圧に覆われておおむね晴れています。  　２０日の和歌山県は、高気圧に覆われて晴れる見込みです。  　２１日の和歌山県は、前線や湿った空気の影響でおおむね曇り、夜は雨や雷雨となる所があるでしょう。
和歌山地方気象台,2022-07-21T04:34:00+09:00,和歌山県,,　和歌山県は、高気圧に覆われておおむね晴れています。  　２１日の和歌山県は、前線や湿った空気の影響で曇り、夜は雨や雷雨となる所があるでしょう。  　２２日の和歌山県は、前線や湿った空気の影響で曇り、未明は雨が降る見込みです。明け方まで雷を伴う所があるでしょう。
和歌山地方気象台,2022-07-21T10:32:00+09:00,和歌山県,,　和歌山県は、湿った空気の影響でおおむね曇っています。  　２１日の和歌山県は、前線や湿った空気の影響で曇り、夜は雨や雷雨となる所があるでしょう。  　２２日の和歌山県は、前線や湿った空気の影響で曇り、未明は雨が降る見込みです。明け方まで雷を伴う所があるでしょう。
和歌山地方気象台,2022-07-21T16:33:00+09:00,和歌山県,,　和歌山県は、前線や湿った空気の影響でおおむね曇っています。  　２１日の和歌山県は、前線や湿った空気の影響で曇り、雨や雷雨となる所があるでしょう。  　２２日の和歌山県は、前線や湿った空気の影響でおおむね曇り、未明は雨が降る見込みです。明け方まで雷を伴う所があるでしょう。
和歌山地方気象台,2022-07-22T04:39:00+09:00,和歌山県,,　和歌山県は、前線や湿った空気の影響でおおむね曇り、雨の降っている所があります。  　２２日の和歌山県は、前線や湿った空気の影響でおおむね曇り、昼前にかけて雨や雷雨となる所がある見込みです。  　２３日の和歌山県は、北部では湿った空気の影響でおおむね曇るでしょう。南部では高気圧に覆われておおむね晴れる見込みです。
和歌山地方気象台,2022-07-22T10:33:00+09:00,和歌山県,,　和歌山県は、高気圧に覆われておおむね晴れています。  　２２日の和歌山県は、高気圧に覆われておおむね晴れるでしょう。  　２３日の和歌山県は、湿った空気の影響で、北部ではおおむね曇る見込みです。南部では高気圧に覆われておおむね晴れるでしょう。
和歌山地方気象台,2022-07-22T16:32:00+09:00,和歌山県,,　和歌山県は、高気圧に覆われておおむね晴れています。  　２２日の和歌山県は、高気圧に覆われておおむね晴れますが、夜は気圧の谷や湿った空気の影響で次第に曇るでしょう。  　２３日の和歌山県は、湿った空気の影響で、北部ではおおむね曇る見込みです。南部では高気圧に覆われておおむね晴れるでしょう。
和歌山地方気象台,2022-07-23T04:34:00+09:00,和歌山県,,　和歌山県は、高気圧に覆われておおむね晴れています。  　２３日の和歌山県は、高気圧に覆われておおむね晴れるでしょう。  　２４日の和歌山県は、引き続き高気圧に覆われておおむね晴れる見込みです。
和歌山地方気象台,2022-07-23T10:32:00+09:00,和歌山県,,　和歌山県は、北部では湿った空気の影響でおおむね曇り、雨の降っている所があります。南部では高気圧に覆われて晴れています。  　２３日の和歌山県は、北部では湿った空気の影響でおおむね曇り、南部では高気圧に覆われて晴れるでしょう。  　２４日の和歌山県は、高気圧に覆われておおむね晴れる見込みです。
和歌山地方気象台,2022-07-23T16:35:00+09:00,和歌山県,,　和歌山県は、高気圧に覆われておおむね晴れています。  　２３日の和歌山県は、高気圧に覆われて晴れるでしょう。  　２４日の和歌山県は、引き続き高気圧に覆われておおむね晴れる見込みです。
和歌山地方気象台,2022-07-24T04:34:00+09:00,和歌山県,,　和歌山県は、高気圧に覆われておおむね晴れています。  　２４日の和歌山県は、高気圧に覆われておおむね晴れるでしょう。  　２５日の和歌山県は、高気圧に覆われておおむね晴れる見込みです。
和歌山地方気象台,2022-07-24T10:34:00+09:00,和歌山県,,　和歌山県は、高気圧に覆われておおむね晴れています。  　２４日の和歌山県は、高気圧に覆われておおむね晴れるでしょう。  　２５日の和歌山県は、高気圧に覆われておおむね晴れる見込みです。
和歌山地方気象台,2022-07-24T16:34:00+09:00,和歌山県,,　和歌山県は、高気圧に覆われて晴れています。  　２４日の和歌山県は、高気圧に覆われて晴れるでしょう。  　２５日の和歌山県は、高気圧に覆われておおむね晴れますが、湿った空気の影響で昼過ぎから雨や雷雨となる所がある見込みです。
和歌山地方気象台,2022-07-25T04:33:00+09:00,和歌山県,,　和歌山県は、高気圧に覆われておおむね晴れています。  　２５日の和歌山県は、北部では湿った空気の影響でおおむね曇り、南部では高気圧に覆われておおむね晴れるでしょう。昼過ぎから雨や雷雨となる所がある見込みです。  　２６日の和歌山県は、気圧の谷や湿った空気の影響で曇り、昼過ぎから断続的に雨となり、雷を伴い激しく降る所があるでしょう。
和歌山地方気象台,2022-07-25T10:32:00+09:00,和歌山県,,　和歌山県は、高気圧に覆われて晴れています。  　２５日の和歌山県は、高気圧に覆われておおむね晴れますが、湿った空気の影響で昼過ぎから雨や雷雨となる所があるでしょう。  　２６日の和歌山県は、気圧の谷や湿った空気の影響で曇り、昼過ぎから断続的に雨となり、雷を伴い激しく降る所がある見込みです。
和歌山地方気象台,2022-07-25T16:33:00+09:00,和歌山県,,　和歌山県は、高気圧に覆われておおむね晴れていますが、湿った空気の影響で、雨の降っている所があります。  　２５日の和歌山県は、高気圧に覆われておおむね晴れますが、湿った空気の影響で雨や雷雨となる所がある見込みです。  　２６日の和歌山県は、気圧の谷や湿った空気の影響でおおむね曇り、南部では午後は断続的に雨が降るでしょう。北部でも夕方を中心に雨が降る見込みです。昼過ぎから夜のはじめ頃にかけて雷を伴い激しく降る所があるでしょう。
和歌山地方気象台,2022-07-26T04:41:00+09:00,和歌山県,,　和歌山県は、高気圧に覆われておおむね晴れています。  　２６日の和歌山県は、湿った空気の影響で曇り、南部では昼過ぎから断続的に雨が降るでしょう。北部では夕方は雨が降る見込みです。昼前から夜遅くにかけて雷を伴う所があるでしょう。昼過ぎから夜のはじめ頃にかけては、雷を伴い激しく降る所がある見込みです。 　和歌山県では、２６日は熱中症の危険性が極めて高い気象状況になることが予測されます。外出はなるべく避け、室内をエアコン等で涼しい環境にして過ごしてください。  　２７日の和歌山県は、湿った空気の影響で曇り、北部では未明は雨が降るでしょう。南部では雨の降る所がある見込みです。昼過ぎからは夜遅くにかけては雷を伴う所があるでしょう。
和歌山地方気象台,2022-07-26T10:31:00+09:00,和歌山県,,　和歌山県は、高気圧に覆われておおむね晴れています。  　２６日の和歌山県は、湿った空気の影響で次第に曇り夕方からは雨が降るでしょう。昼過ぎから夜のはじめ頃にかけては、雷を伴い激しく降る所がある見込みです。 　和歌山県では、２６日は熱中症の危険性が極めて高い気象状況になることが予測されます。外出はなるべく避け、室内をエアコン等で涼しい環境にして過ごしてください。  　２７日の和歌山県は、湿った空気の影響で曇り、北部では未明は雨が降るでしょう。南部では雨の降る所がある見込みです。昼過ぎからは雷を伴う所があるでしょう。
和歌山地方気象台,2022-07-26T16:36:00+09:00,和歌山県,,　和歌山県は、高気圧に覆われておおむね晴れています。  　２６日の和歌山県は、湿った空気の影響で次第に曇り、南部では夜遅くに雨が降るでしょう。夜は雷を伴い雨の激しく降る所がある見込みです。  　２７日の和歌山県は、湿った空気の影響で曇り、南部では未明は雨が降るでしょう。北部では昼過ぎから夜のはじめ頃にかけて雨の激しく降る所がある見込みです。雷を伴う所があるでしょう。
和歌山地方気象台,2022-07-27T04:42:00+09:00,和歌山県,,　和歌山県は、湿った空気の影響でおおむね曇り、雨の降っている所があります。  　２７日の和歌山県は、湿った空気の影響で曇り、雨や雷雨となる所があるでしょう。北部では、昼過ぎから夜のはじめ頃にかけて激しく降る所がある見込みです。  　２８日の和歌山県は、湿った空気の影響でおおむね曇り、午後は雨や雷雨となる所があるでしょう。
和歌山地方気象台,2022-07-27T10:33:00+09:00,和歌山県,,　和歌山県は、湿った空気の影響でおおむね曇り、雨の降っている所があります。  　２７日の和歌山県は、湿った空気の影響でおおむね曇り、午後は雨や雷雨となる所があるでしょう。北部では激しく降る所もある見込みです。  　２８日の和歌山県は、湿った空気の影響でおおむね曇り、午後は雨や雷雨となる所があるでしょう。
和歌山地方気象台,2022-07-27T16:33:00+09:00,和歌山県,,　和歌山県は、高気圧に覆われておおむね晴れています。  　２７日の和歌山県は、高気圧に覆われておおむね晴れますが、湿った空気の影響で雨や雷雨となる所があるでしょう。北部では夜のはじめ頃にかけて激しく降る所がある見込みです。  　２８日の和歌山県は、湿った空気の影響でおおむね曇り、雨や雷雨となる所があるでしょう。北部では昼過ぎから夜のはじめ頃にかけて、激しく降る所がある見込みです。
和歌山地方気象台,2022-07-28T04:32:00+09:00,和歌山県,,　和歌山県は、北部では高気圧に覆われて晴れていますが、南部では湿った空気の影響でおおむね曇り、雨の降っている所があります。  　２８日の和歌山県は、湿った空気の影響でおおむね曇り、雨や雷雨となる所があるでしょう。北部では昼過ぎから夜のはじめ頃にかけて激しく降る所もある見込みです。  　２９日の和歌山県は、高気圧に覆われておおむね晴れますが、湿った空気の影響で、雨や雷雨となる所があるでしょう。北部では昼過ぎから夜のはじめ頃にかけて激しく降る所もある見込みです。
和歌山地方気象台,2022-07-28T10:32:00+09:00,和歌山県,,　和歌山県は、北部では高気圧に覆われておおむね晴れていますが、南部では湿った空気の影響でおおむね曇り、雨の降っている所があります。  　２８日の和歌山県は、湿った空気の影響でおおむね曇り、雨や雷雨となる所があるでしょう。北部では激しく降る所もある見込みです。  　２９日の和歌山県は、北部では高気圧に覆われておおむね晴れますが、南部では湿った空気の影響でおおむね曇るでしょう。雨や雷雨となる所がある見込みです。北部では激しく降る所もあるでしょう。
和歌山地方気象台,2022-07-28T16:35:00+09:00,和歌山県,,　和歌山県は、高気圧に覆われておおむね晴れていますが、強い日射や湿った空気の影響で雷を伴って雨の降っている所があります。  　２８日の和歌山県は、高気圧に覆われておおむね晴れますが、南部では湿った空気の影響で夜は曇るでしょう。雨や雷雨となる所があり、北部では激しく降る所もある見込みです。  　２９日の和歌山県は、北部では高気圧に覆われておおむね晴れますが、南部では湿った空気の影響でおおむね曇るでしょう。雨や雷雨となる所がある見込みです。北部では激しく降る所もあるでしょう。
和歌山地方気象台,2022-07-29T04:40:00+09:00,和歌山県,,　和歌山県は、北部では、高気圧に覆われておおむね晴れていますが、南部では、湿った空気の影響でおおむね曇り、雨の降っている所があります。  　２９日の和歌山県は、北部では、高気圧に覆われておおむね晴れますが、午後は湿った空気の影響で雷を伴い激しく降る所があるでしょう。南部では、湿った空気の影響でおおむね曇り、朝を中心に雨や雷雨となる見込みです。 　和歌山県では、２９日は熱中症の危険性が極めて高い気象状況になることが予測されます。外出はなるべく避け、室内をエアコン等で涼しい環境にして過ごしてください。  　３０日の和歌山県は、北部では、高気圧に覆われておおむね晴れますが、湿った空気の影響で午後は雨や雷雨となる所があるでしょう。南部では、湿った空気の影響でおおむね曇り、雨となる所がある見込みです。
和歌山地方気象台,2022-07-29T10:34:00+09:00,和歌山県,,　和歌山県は、高気圧に覆われておおむね晴れていますが、南部では湿った空気の影響で、雨の降っている所があります。  　２９日の和歌山県は、北部では高気圧に覆われておおむね晴れますが、湿った空気の影響で、雨や雷雨となる所があり、激しく降る所もあるでしょう。南部では湿った空気の影響で夕方から曇り、雨や雷雨となる所がある見込みです。 　和歌山県では、２９日は熱中症の危険性が極めて高い気象状況になることが予測されます。外出はなるべく避け、室内をエアコン等で涼しい環境にして過ごしてください。  　３０日の和歌山県は、北部では、高気圧に覆われておおむね晴れますが、湿った空気の影響で午後は、雨や雷雨となる所があるでしょう。南部では、湿った空気の影響で曇り、昼前まで断続的に雨が降る見込みです。雷を伴う所があるでしょう。
和歌山地方気象台,2022-07-29T16:33:00+09:00,和歌山県,,　和歌山県は、高気圧に覆われて晴れていますが、湿った空気の影響で、雨の降っている所があります。  　２９日の和歌山県は、北部では高気圧に覆われておおむね晴れますが、湿った空気の影響で夜のはじめ頃まで雨や雷雨となる所があり、激しく降る所もあるでしょう。南部では湿った空気の影響で夜のはじめ頃から曇り、雨や雷雨となる所がある見込みです。  　３０日の和歌山県は、北部では、高気圧に覆われておおむね晴れますが、湿った空気の影響で午後は雨や雷雨となる所があるでしょう。南部では、湿った空気の影響で曇り、昼前まで断続的に雨が降る見込みです。雷を伴う所があるでしょう。
和歌山地方気象台,2022-07-30T04:33:00+09:00,和歌山県,,　和歌山県は、湿った空気の影響でおおむね曇っています。  　３０日の和歌山県は、湿った空気の影響で北部ではおおむね曇り、昼過ぎから夜のはじめ頃にかけて雨や雷雨となる所があるでしょう。南部では曇りで断続的に雨が降り、雷を伴う所がある見込みです。  　３１日の和歌山県は、北部では高気圧に覆われておおむね晴れますが、昼過ぎから夜のはじめ頃にかけて雨の降る所があるでしょう。南部では湿った空気の影響でおおむね曇り、夜のはじめ頃まで雨の降る所がある見込みです。
和歌山地方気象台,2022-07-30T10:36:00+09:00,和歌山県,,　和歌山県は、湿った空気の影響でおおむね曇り、雨の降っている所があります。  　３０日の和歌山県は、湿った空気の影響で北部ではおおむね曇り、昼過ぎから夜のはじめ頃にかけて雨や雷雨となる所があるでしょう。南部では曇りで断続的に雨が降り、雷を伴う所がある見込みです。  　３１日の和歌山県は、北部では高気圧に覆われておおむね晴れますが、昼過ぎから夜のはじめ頃にかけて雨の降る所があるでしょう。南部では湿った空気の影響でおおむね曇り、夜のはじめ頃まで雨の降る所がある見込みです。
和歌山地方気象台,2022-07-30T16:34:00+09:00,和歌山県,,　和歌山県は、湿った空気の影響でおおむね曇り、雨の降っている所があります。  　３０日の和歌山県は、湿った空気の影響で北部ではおおむね曇り、夜のはじめ頃にかけて雨や雷雨となる所があるでしょう。南部では曇りで断続的に雨が降り、雷を伴う所がある見込みです。  　３１日の和歌山県は、北部では高気圧に覆われておおむね晴れますが、昼過ぎから夜のはじめ頃にかけて雨の降る所があるでしょう。南部では湿った空気の影響でおおむね曇り、夜のはじめ頃まで雨の降る所がある見込みです。
和歌山地方気象台,2022-07-31T04:44:00+09:00,和歌山県,,　和歌山県は、高気圧に覆われておおむね晴れています。  　３１日の和歌山県は、北部では高気圧に覆われておおむね晴れますが、湿った空気の影響で、昼過ぎから夜のはじめ頃にかけて雨の降る所があるでしょう。南部では湿った空気の影響でおおむね曇り、夜のはじめ頃まで雨の降る所がある見込みです。  　８月１日の和歌山県は、高気圧に覆われておおむね晴れるでしょう。
和歌山地方気象台,2022-07-31T10:34:00+09:00,和歌山県,,　和歌山県は、湿った空気の影響でおおむね曇り、雨の降っている所があります。  　３１日の和歌山県は、北部では高気圧に覆われておおむね晴れますが、南部では湿った空気の影響でおおむね曇るでしょう。夜のはじめ頃にかけて雨や雷雨の所がある見込みです。  　８月１日の和歌山県は、高気圧に覆われておおむね晴れるでしょう。
和歌山地方気象台,2022-07-31T16:37:00+09:00,和歌山県,,　和歌山県は、北部では高気圧に覆われておおむね晴れていますが、南部では湿った空気の影響でおおむね曇っています。  　３１日の和歌山県は、北部では高気圧に覆われておおむね晴れますが、南部では湿った空気の影響でおおむね曇るでしょう。夜のはじめ頃にかけて雨や雷雨の所がある見込みです。  　８月１日の和歌山県は、高気圧に覆われておおむね晴れるでしょう。 　和歌山県では、８月１日は熱中症の危険性が極めて高い気象状況になることが予測されます。外出はなるべく避け、室内をエアコン等で涼しい環境にして過ごしてください。
