publishingOffice,reportDatetime,targetArea,headlineText,text
大分地方気象台,2022-07-01T04:40:00+09:00,大分県,,　大分県は、高気圧に覆われて概ね晴れています。  　１日は、高気圧に覆われて概ね晴れますが、日射や湿った空気の影響により曇りで雨や雷雨となる所があるでしょう。熱中症の危険性が極めて高い気象状況になることが予測されます。外出はなるべく避け、室内をエアコン等で涼しい環境にして過ごしてください。  　２日は、高気圧に覆われて概ね晴れますが、湿った空気の影響により次第に曇りとなり、雨や雷雨となる所があるでしょう。  ＜天気変化等の留意点＞ 　１日０６時から２日０６時までに予想される降水量は、中部の多い所で１時間に０ミリ、２４時間に０ミリ、西部の多い所で１時間に１０ミリ、２４時間に３０ミリ、南部の多い所で１時間に０ミリ、２４時間に０ミリの見込みです。
大分地方気象台,2022-07-01T10:36:00+09:00,大分県,,　大分県は、高気圧に覆われて晴れています。  　１日は、高気圧に覆われて晴れますが、日射や湿った空気の影響により次第に曇りとなり、午後は雨や雷雨となる所があるでしょう。熱中症の危険性が極めて高い気象状況になることが予測されます。外出はなるべく避け、室内をエアコン等で涼しい環境にして過ごしてください。  　２日は、高気圧に覆われて晴れますが、湿った空気の影響により次第に曇りや雨となり、雷を伴う所があるでしょう。  ＜天気変化等の留意点＞ 　１日１２時から２日１２時までに予想される降水量は、中部の多い所で１時間に０ミリ、２４時間に０ミリ、西部の多い所で１時間に１０ミリ、２４時間に３０ミリ、南部の多い所で１時間に１０ミリ、２４時間に１５ミリの見込みです。
大分地方気象台,2022-07-01T16:36:00+09:00,大分県,,　大分県は、高気圧に覆われて概ね晴れています。  　１日は、高気圧に覆われて概ね晴れますが、日射や湿った空気の影響により曇りで、雨や雷雨となる所があるでしょう。  　２日は、高気圧に覆われて晴れますが、湿った空気の影響により次第に曇りや雨となり、雷を伴う所があるでしょう。  ＜天気変化等の留意点＞ 　１日１８時から２日１８時までに予想される降水量は、中部の多い所で１時間に２０ミリ、２４時間に４０ミリ、西部の多い所で１時間に２０ミリ、２４時間に４０ミリ、南部の多い所で１時間に２０ミリ、２４時間に５０ミリの見込みです。
大分地方気象台,2022-07-02T04:39:00+09:00,大分県,,　大分県は、高気圧に覆われて概ね晴れています。  　２日は、高気圧に覆われて晴れますが、日射や湿った空気の影響により次第に曇りや雨となり、雷を伴う所があるでしょう。熱中症の危険性が極めて高い気象状況になることが予測されます。外出はなるべく避け、室内をエアコン等で涼しい環境にして過ごしてください。  　３日は、気圧の谷や湿った空気の影響により曇りや雨となり、雷を伴い激しく降る所があるでしょう。  ＜天気変化等の留意点＞ 　２日０６時から３日０６時までに予想される降水量は、中部の多い所で１時間に１０ミリ、２４時間に３０ミリ、西部の多い所で１時間に２０ミリ、２４時間に３０ミリ、南部の多い所で１時間に１０ミリ、２４時間に４０ミリの見込みです。
大分地方気象台,2022-07-02T10:35:00+09:00,大分県,,　大分県は、高気圧に覆われて晴れています。  　２日は、高気圧に覆われて晴れますが、日射や湿った空気の影響により次第に曇りや雨となり、雷を伴う所があるでしょう。熱中症の危険性が極めて高い気象状況になることが予測されます。外出はなるべく避け、室内をエアコン等で涼しい環境にして過ごしてください。  　３日は、湿った空気の影響により曇りや雨となり、雷を伴い激しく降る所があるでしょう。  ＜天気変化等の留意点＞ 　２日１２時から３日１２時までに予想される降水量は、中部の多い所で１時間に１０ミリ、２４時間に４０ミリ、西部の多い所で１時間に２０ミリ、２４時間に３０ミリ、南部の多い所で１時間に２０ミリ、２４時間に６０ミリの見込みです。
大分地方気象台,2022-07-02T16:37:00+09:00,大分県,,　大分県は、高気圧に覆われて晴れている所もありますが、湿った空気の影響により概ね曇りとなっています。  　２日は、湿った空気の影響により曇りや雨となり、雷を伴う所があるでしょう。  　３日は、湿った空気の影響により曇りや雨となり、雷を伴い激しく降る所があるでしょう。  ＜天気変化等の留意点＞ 　２日１８時から３日１８時までに予想される降水量は、中部の多い所で１時間に２０ミリ、２４時間に５０ミリ、西部の多い所で１時間に２０ミリ、２４時間に３０ミリ、南部の多い所で１時間に３０ミリ、２４時間に８０ミリの見込みです。
大分地方気象台,2022-07-03T04:50:00+09:00,大分県,,　大分県は、気圧の谷や暖かく湿った空気の影響により、概ね曇りで雨の降っている所があります。  　３日は、気圧の谷や暖かく湿った空気の影響により曇りや雨で、雷を伴う所があるでしょう。  　４日は、台風や湿った空気の影響により曇りや雨となり、雷を伴い激しく降る所があるでしょう。  ＜天気変化等の留意点＞ 　３日０６時から４日０６時までに予想される降水量は、中部の多い所で１時間に３０ミリ、２４時間に６０ミリ、西部の多い所で１時間に２０ミリ、２４時間に５０ミリ、南部の多い所で１時間に３０ミリ、２４時間に８０ミリの見込みです。
大分地方気象台,2022-07-03T10:38:00+09:00,大分県,,　大分県は、気圧の谷や暖かく湿った空気の影響により、概ね曇りで雨の降っている所があります。  　３日は、気圧の谷や暖かく湿った空気の影響により曇りや雨で、夜遅くは雷を伴って激しく降る所があるでしょう。  　４日は、台風や湿った空気の影響により曇りや雨となり、雷を伴い激しく降る所があるでしょう。  ＜天気変化等の留意点＞ 　３日１２時から４日１２時までに予想される降水量は、中部の多い所で１時間に３０ミリ、２４時間に１００ミリ、西部の多い所で１時間に３０ミリ、２４時間に８０ミリ、南部の多い所で１時間に４０ミリ、２４時間に１２０ミリの見込みです。
大分地方気象台,2022-07-03T16:39:00+09:00,大分県,,　大分県は、気圧の谷や暖かく湿った空気の影響により、曇りや雨となっています。  　３日は、気圧の谷や暖かく湿った空気の影響により曇りや雨で、夜遅くは雷を伴って激しく降る所があるでしょう。  　４日は、台風や湿った空気の影響により曇りや雨となり、雷を伴い激しく降る所があるでしょう。  ＜天気変化等の留意点＞ 　３日１８時から４日１８時までに予想される降水量は、中部の多い所で１時間に３０ミリ、２４時間に１２０ミリ、西部の多い所で１時間に３０ミリ、２４時間に１００ミリ、南部の多い所で１時間に４０ミリ、２４時間に１５０ミリの見込みです。
大分地方気象台,2022-07-04T04:47:00+09:00,大分県,,　大分県は、暖かく湿った空気の影響により、概ね曇りで雨の降っている所があります。  　４日は、台風や湿った空気の影響により雨や曇りとなり、雷を伴い激しく降る所があるでしょう。  　５日は、台風や湿った空気の影響により概ね雨となり、雷を伴い激しく降る所があるでしょう。  ＜天気変化等の留意点＞ 　４日０６時から５日０６時までに予想される降水量は、中部の多い所で１時間に２０ミリ、２４時間に１２０ミリ、西部の多い所で１時間に２０ミリ、２４時間に１２０ミリ、南部の多い所で１時間に４０ミリ、２４時間に１５０ミリの見込みです。
大分地方気象台,2022-07-04T10:44:00+09:00,大分県,,　大分県は、暖かく湿った空気の影響により、曇りや雨となっています。  　４日は、台風や湿った空気の影響により曇りや雨で、雷を伴い激しく降る所があるでしょう。  　５日は、台風や湿った空気の影響により概ね雨で、雷を伴い激しく降る所があるでしょう。  ＜天気変化等の留意点＞ 　４日１２時から５日１２時までに予想される降水量は、中部の多い所で１時間に３０ミリ、２４時間に１２０ミリ、西部の多い所で１時間に３０ミリ、２４時間に１２０ミリ、南部の多い所で１時間に４０ミリ、２４時間に１５０ミリの見込みです。
大分地方気象台,2022-07-04T16:44:00+09:00,大分県,,　大分県は、台風や湿った空気の影響により、曇りや雨となっています。  　４日は、台風や湿った空気の影響により曇りや雨で、雷を伴い激しく降る所があるでしょう。  　５日は、台風や湿った空気の影響により曇りや雨で、雷を伴い激しく降る所があるでしょう。熱中症の危険性が極めて高い気象状況になることが予測されます。外出はなるべく避け、室内をエアコン等で涼しい環境にして過ごしてください。  ＜天気変化等の留意点＞ 　４日１８時から５日１８時までに予想される降水量は、中部の多い所で１時間に４０ミリ、２４時間に１２０ミリ、西部の多い所で１時間に４０ミリ、２４時間に１２０ミリ、南部の多い所で１時間に４０ミリ、２４時間に１５０ミリの見込みです。
大分地方気象台,2022-07-05T04:48:00+09:00,大分県,,　大分県は、台風や湿った空気の影響により雨や曇りとなっています。  　５日は、台風や湿った空気の影響により雨や曇りで、雷を伴い非常に激しく降る所があるでしょう。熱中症の危険性が極めて高い気象状況になることが予測されます。外出はなるべく避け、室内をエアコン等で涼しい環境にして過ごしてください。  　６日は、気圧の谷や湿った空気の影響により、概ね曇りで雨が降る所があるでしょう。  ＜天気変化等の留意点＞ 　５日０６時から６日０６時までに予想される降水量は、中部の多い所で１時間に４０ミリ、２４時間に１００ミリ、西部の多い所で１時間に５０ミリ、２４時間に１２０ミリ、南部の多い所で１時間に４０ミリ、２４時間に１００ミリの見込みです。
大分地方気象台,2022-07-05T10:44:00+09:00,大分県,,　大分県は、低気圧や湿った空気の影響により雨や曇りとなっています。  　５日は、低気圧や湿った空気の影響により雨や曇りで、雷を伴い激しく降る所があるでしょう。熱中症の危険性が極めて高い気象状況になることが予測されます。外出はなるべく避け、室内をエアコン等で涼しい環境にして過ごしてください。  　６日は、気圧の谷や湿った空気の影響により、曇りで雨が降る所があるでしょう。  ＜天気変化等の留意点＞ 　５日１２時から６日１２時までに予想される降水量は、中部の多い所で１時間に３０ミリ、２４時間に６０ミリ、西部の多い所で１時間に３０ミリ、２４時間に８０ミリ、南部の多い所で１時間に３０ミリ、２４時間に６０ミリの見込みです。
大分地方気象台,2022-07-05T16:46:00+09:00,大分県,,　大分県は、湿った空気の影響により曇りや雨となり、雷を伴った非常に激しい雨が降っている所があります。  　５日は、湿った空気の影響により曇りや雨となり、雷を伴い非常に激しく降る所があるでしょう。  　６日は、湿った空気の影響により概ね曇りとなり、雨や雷雨となる所があるでしょう。  ＜天気変化等の留意点＞ 　５日１８時から６日１８時までに予想される降水量は、中部の多い所で１時間に２０ミリ、２４時間に４０ミリ、西部の多い所で１時間に４０ミリ、２４時間に７０ミリ、南部の多い所で１時間に２０ミリ、２４時間に４０ミリの見込みです。
大分地方気象台,2022-07-06T04:49:00+09:00,大分県,,　大分県は、湿った空気の影響により概ね曇りで、雨が降っている所があります。  　６日は、湿った空気の影響により概ね曇りで、雷を伴い激しい雨が降る所があるでしょう。  　７日は、高気圧に覆われて概ね晴れますが、湿った空気や日射の影響により曇りで、雨や雷雨となる所があるでしょう。  ＜天気変化等の留意点＞ 　６日０６時から７日０６時までに予想される降水量は、中部の多い所で１時間に３０ミリ、２４時間に６０ミリ、西部の多い所で１時間に３０ミリ、２４時間に６０ミリ、南部の多い所で１時間に３０ミリ、２４時間に６０ミリの見込みです。
大分地方気象台,2022-07-06T10:38:00+09:00,大分県,,　大分県は、湿った空気の影響により概ね曇りで、雨の降っている所があります。  　６日は、湿った空気の影響により概ね曇りで、雷を伴い激しい雨の降る所があるでしょう。  　７日は、高気圧に覆われて概ね晴れますが、湿った空気の影響により曇りで、雨や雷雨となる所があるでしょう。  ＜天気変化等の留意点＞ 　６日１２時から７日１２時までに予想される降水量は、中部の多い所で１時間に３０ミリ、２４時間に６０ミリ、西部の多い所で１時間に３０ミリ、２４時間に６０ミリ、南部の多い所で１時間に３０ミリ、２４時間に６０ミリの見込みです。
大分地方気象台,2022-07-06T16:37:00+09:00,大分県,,　大分県は、湿った空気の影響により概ね曇りで、雷を伴い激しい雨の降っている所があります。  　６日は、湿った空気の影響により、概ね曇りで雷を伴い激しい雨の降る所があるでしょう。  　７日は、湿った空気の影響により、概ね曇りで雷を伴い激しい雨の降る所があるでしょう。  ＜天気変化等の留意点＞ 　６日１８時から７日１８時までに予想される降水量は、中部の多い所で１時間に４０ミリ、２４時間に６０ミリ、西部の多い所で１時間に４０ミリ、２４時間に６０ミリ、南部の多い所で１時間に４０ミリ、２４時間に６０ミリの見込みです。
大分地方気象台,2022-07-07T04:47:00+09:00,大分県,,　大分県は、湿った空気の影響により概ね曇りで、雨が降っている所があります。  　７日は、日射や湿った空気の影響により概ね曇りで、雷を伴った激しい雨が降る所があるでしょう。熱中症の危険性が極めて高い気象状況になることが予測されます。外出はなるべく避け、室内をエアコン等で涼しい環境にして過ごしてください。  　８日は、湿った空気の影響により曇りや雨となり、雷を伴い激しく降る所があるでしょう。  ＜天気変化等の留意点＞ 　７日０６時から８日０６時までに予想される降水量は、中部の多い所で１時間に４０ミリ、２４時間に８０ミリ、西部の多い所で１時間に４０ミリ、２４時間に８０ミリ、南部の多い所で１時間に４０ミリ、２４時間に８０ミリの見込みです。
大分地方気象台,2022-07-07T10:34:00+09:00,大分県,,　大分県は、湿った空気の影響により概ね曇りとなっています。  　７日は、湿った空気の影響により概ね曇りで、雷を伴った激しい雨が降る所があるでしょう。熱中症の危険性が極めて高い気象状況になることが予測されます。外出はなるべく避け、室内をエアコン等で涼しい環境にして過ごしてください。  　８日は、湿った空気の影響により曇りや雨となり、雷を伴い激しく降る所があるでしょう。  ＜天気変化等の留意点＞ 　７日１２時から８日１２時までに予想される降水量は、中部の多い所で１時間に４０ミリ、２４時間に６０ミリ、西部の多い所で１時間に４０ミリ、２４時間に８０ミリ、南部の多い所で１時間に４０ミリ、２４時間に８０ミリの見込みです。
大分地方気象台,2022-07-07T16:37:00+09:00,大分県,,　大分県は、湿った空気の影響により雨となっており、雷を伴い非常に激しく降っている所があります。  　７日は、湿った空気の影響により概ね曇りで、雷を伴い激しい雨が降る所があるでしょう。  　８日は、湿った空気の影響により曇りや雨となり、雷を伴い激しく降る所があるでしょう。  ＜天気変化等の留意点＞ 　７日１８時から８日１８時までに予想される降水量は、中部の多い所で１時間に４０ミリ、２４時間に８０ミリ、西部の多い所で１時間に４０ミリ、２４時間に１００ミリ、南部の多い所で１時間に４０ミリ、２４時間に８０ミリの見込みです。
大分地方気象台,2022-07-08T04:45:00+09:00,大分県,,　大分県は、湿った空気の影響により概ね曇りとなっています。  　８日は、湿った空気や日射の影響により曇りで、次第に雨となり雷を伴い激しく降る所があるでしょう。  　９日は、気圧の谷や湿った空気の影響により曇りや雨で、はじめ雷を伴い激しい雨の降る所がありますが、次第に高気圧に覆われて晴れる所があるでしょう。  ＜天気変化等の留意点＞ 　８日０６時から９日０６時までに予想される降水量は、中部の多い所で１時間に４０ミリ、２４時間に１２０ミリ、西部の多い所で１時間に４０ミリ、２４時間に１２０ミリ、南部の多い所で１時間に４０ミリ、２４時間に１２０ミリの見込みです。
大分地方気象台,2022-07-08T10:38:00+09:00,大分県,,　大分県は、湿った空気の影響により概ね曇りとなっています。  　８日は、湿った空気や日射の影響により曇りで、次第に雨となり雷を伴い非常に激しく降る所があるでしょう。  　９日は、気圧の谷や湿った空気の影響により曇りや雨で、はじめ雷を伴い非常に激しい雨の降る所がありますが、次第に高気圧に覆われて晴れる所があるでしょう。  ＜天気変化等の留意点＞ 　８日１２時から９日１２時までに予想される降水量は、中部の多い所で１時間に５０ミリ、２４時間に１２０ミリ、西部の多い所で１時間に５０ミリ、２４時間に１２０ミリ、南部の多い所で１時間に５０ミリ、２４時間に１２０ミリの見込みです。
大分地方気象台,2022-07-08T16:37:00+09:00,大分県,,　大分県は、暖かく湿った空気の影響により曇りや雨で、雷を伴い激しく降っている所があります。  　８日は、暖かく湿った空気の影響により概ね雨となり、雷を伴い非常に激しく降る所があるでしょう。  　９日は、気圧の谷や暖かく湿った空気の影響によりはじめ雨で、雷を伴い非常に激しく降る所がありますが、次第に高気圧に覆われて晴れるでしょう。  ＜天気変化等の留意点＞ 　８日１８時から９日１８時までに予想される降水量は、中部の多い所で１時間に５０ミリ、２４時間に１００ミリ、西部の多い所で１時間に５０ミリ、２４時間に１００ミリ、南部の多い所で１時間に５０ミリ、２４時間に１００ミリの見込みです。
大分地方気象台,2022-07-09T04:44:00+09:00,大分県,,　大分県は、気圧の谷や暖かく湿った空気の影響により概ね雨で雷を伴い激しく降っている所があります。  　９日は、気圧の谷や暖かく湿った空気の影響によりはじめ雨で、雷を伴い激しく降る所がありますが、次第に高気圧に覆われて晴れるでしょう。  　１０日は、高気圧に覆われて晴れますが、湿った空気や日射の影響で時々曇りとなり雨の降る所があるでしょう。  ＜天気変化等の留意点＞ 　９日０６時から１０日０６時までに予想される降水量は、中部の多い所で１時間に３０ミリ、２４時間に５０ミリ、西部の多い所で１時間に３０ミリ、２４時間に５０ミリ、南部の多い所で１時間に３０ミリ、２４時間に５０ミリの見込みです。
大分地方気象台,2022-07-09T10:38:00+09:00,大分県,,　大分県は、高気圧に覆われて概ね晴れていますが、気圧の谷や湿った空気の影響により曇りとなり、雨が降っている所があります。  　９日は、高気圧に覆われて概ね晴れますが、湿った空気や日射の影響により時々曇りとなり雨の降る所があるでしょう。  　１０日は、高気圧に覆われて概ね晴れますが、湿った空気や日射の影響により時々曇りとなり雨の降る所があるでしょう。  ＜天気変化等の留意点＞ 　９日１２時から１０日１２時までに予想される降水量は、中部の多い所で１時間に１０ミリ、２４時間に２０ミリ、西部の多い所で１時間に１０ミリ、２４時間に２０ミリ、南部の多い所で１時間に１０ミリ、２４時間に２０ミリの見込みです。
大分地方気象台,2022-07-09T16:35:00+09:00,大分県,,　大分県は、高気圧に覆われて概ね晴れていますが、湿った空気や日射の影響により曇りとなり、雨が降っている所があります。  　９日は、高気圧に覆われて概ね晴れますが、湿った空気や日射の影響により曇りとなり、雨の降る所があるでしょう。  　１０日は、高気圧に覆われて概ね晴れますが、湿った空気や日射の影響により曇りとなり、雨の降る所があるでしょう。熱中症の危険性が極めて高い気象状況になることが予測されます。外出はなるべく避け、室内をエアコン等で涼しい環境にして過ごしてください。  ＜天気変化等の留意点＞ 　９日１８時から１０日１８時までに予想される降水量は、中部の多い所で１時間に５ミリ、２４時間に１０ミリ、西部の多い所で１時間に５ミリ、２４時間に１０ミリ、南部の多い所で１時間に１０ミリ、２４時間に２０ミリの見込みです。
大分地方気象台,2022-07-10T04:41:00+09:00,大分県,,　大分県は、高気圧に覆われて概ね晴れています。  　１０日は、高気圧に覆われて晴れますが、湿った空気や日射の影響により曇りとなり、雨の降る所があるでしょう。熱中症の危険性が極めて高い気象状況になることが予測されます。外出はなるべく避け、室内をエアコン等で涼しい環境にして過ごしてください。  　１１日は、高気圧に覆われて晴れますが、湿った空気や日射の影響により、次第に曇りとなり、雨や雷雨となる所があるでしょう。  ＜天気変化等の留意点＞ 　１０日０６時から１１日０６時までに予想される降水量は、中部の多い所で１時間に５ミリ、２４時間に１０ミリ、西部の多い所で１時間に５ミリ、２４時間に１０ミリ、南部の多い所で１時間に５ミリ、２４時間に１０ミリの見込みです。
大分地方気象台,2022-07-10T10:35:00+09:00,大分県,,　大分県は、高気圧に覆われて概ね晴れていますが、湿った空気の影響により曇りとなっている所があります。  　１０日は、高気圧に覆われて概ね晴れますが、湿った空気や日射の影響により曇りとなり、雨が降る所があるでしょう。熱中症の危険性が極めて高い気象状況になることが予測されます。外出はなるべく避け、室内をエアコン等で涼しい環境にして過ごしてください。  　１１日は、高気圧に覆われて概ね晴れますが、湿った空気や日射の影響により、次第に曇りとなり、雨や雷雨となる所があるでしょう。  ＜天気変化等の留意点＞ 　１０日１２時から１１日１２時までに予想される降水量は、中部の多い所で１時間に０ミリ、２４時間に０ミリ、西部の多い所で１時間に５ミリ、２４時間に１０ミリ、南部の多い所で１時間に５ミリ、２４時間に１０ミリの見込みです。
大分地方気象台,2022-07-10T16:35:00+09:00,大分県,,　大分県は、高気圧に覆われて晴れている所もありますが、湿った空気や日射の影響により概ね曇りとなっています。  　１０日は、湿った空気や日射の影響により概ね曇りとなり、雨が降る所がありますが、次第に高気圧に覆われて晴れるでしょう。  　１１日は、はじめ高気圧に覆われて概ね晴れますが、次第に湿った空気や気圧の谷の影響により曇りとなり、昼過ぎから雨や雷雨となる所があるでしょう。熱中症の危険性が極めて高い気象状況になることが予測されます。外出はなるべく避け、室内をエアコン等で涼しい環境にして過ごしてください。  ＜天気変化等の留意点＞ 　１０日１８時から１１日１８時までに予想される降水量は、中部の多い所で１時間に２０ミリ、２４時間に３０ミリ、西部の多い所で１時間に２０ミリ、２４時間に４０ミリ、南部の多い所で１時間に２０ミリ、２４時間に４０ミリの見込みです。
大分地方気象台,2022-07-11T04:48:00+09:00,大分県,,　大分県は、高気圧に覆われて概ね晴れていますが、湿った空気の影響により曇りで雨が降っている所があります。  　１１日は、高気圧に覆われてはじめ晴れる所もありますが、次第に湿った空気や気圧の谷の影響により曇りとなり、雨や雷雨となる所があるでしょう。熱中症の危険性が極めて高い気象状況になることが予測されます。外出はなるべく避け、室内をエアコン等で涼しい環境にして過ごしてください。  　１２日は、湿った空気や気圧の谷の影響により概ね曇りとなり、雨が降る所があるでしょう。  ＜天気変化等の留意点＞ 　１１日０６時から１２日０６時までに予想される降水量は、中部の多い所で１時間に２０ミリ、２４時間に５０ミリ、西部の多い所で１時間に２０ミリ、２４時間に５０ミリ、南部の多い所で１時間に２０ミリ、２４時間に５０ミリの見込みです。
大分地方気象台,2022-07-11T10:41:00+09:00,大分県,,　大分県は、高気圧に覆われて概ね晴れています。  　１１日は、高気圧に覆われてはじめ晴れますが、次第に湿った空気や気圧の谷の影響により曇りとなり、雨や雷雨となる所があるでしょう。熱中症の危険性が極めて高い気象状況になることが予測されます。外出はなるべく避け、室内をエアコン等で涼しい環境にして過ごしてください。  　１２日は、湿った空気や気圧の谷の影響により概ね曇りとなり、雨の降る所があるでしょう。  ＜天気変化等の留意点＞ 　１１日１２時から１２日１２時までに予想される降水量は、中部の多い所で１時間に２０ミリ、２４時間に５０ミリ、西部の多い所で１時間に２０ミリ、２４時間に５０ミリ、南部の多い所で１時間に２０ミリ、２４時間に５０ミリの見込みです。
大分地方気象台,2022-07-11T16:39:00+09:00,大分県,,　大分県は、気圧の谷や湿った空気の影響により曇りで、雨の降っている所があります。  　１１日は、気圧の谷や湿った空気の影響により曇りで、雨や雷雨となる所があるでしょう。  　１２日は、晴れる所もありますが、気圧の谷や湿った空気の影響により概ね曇りで、雷を伴い激しい雨の降る所があるでしょう。熱中症の危険性が極めて高い気象状況になることが予測されます。外出はなるべく避け、室内をエアコン等で涼しい環境にして過ごしてください。  ＜天気変化等の留意点＞ 　１１日１８時から１２日１８時までに予想される降水量は、中部の多い所で１時間に３０ミリ、２４時間に６０ミリ、西部の多い所で１時間に３０ミリ、２４時間に６０ミリ、南部の多い所で１時間に３０ミリ、２４時間に６０ミリの見込みです。
大分地方気象台,2022-07-12T04:40:00+09:00,大分県,,　大分県は、気圧の谷や湿った空気の影響により概ね曇りで雨が降っている所があります。  　１２日は、気圧の谷や湿った空気の影響により概ね曇りとなり、雨や雷雨となる所があるでしょう。熱中症の危険性が極めて高い気象状況になることが予測されます。外出はなるべく避け、室内をエアコン等で涼しい環境にして過ごしてください。  　１３日は、高気圧に覆われて昼前まで晴れとなる所がありますが、気圧の谷や湿った空気の影響により概ね曇りとなるでしょう。  ＜天気変化等の留意点＞ 　１２日０６時から１３日０６時までに予想される降水量は、中部の多い所で１時間に２０ミリ、２４時間に３０ミリ、西部の多い所で１時間に２０ミリ、２４時間に３０ミリ、南部の多い所で１時間に２０ミリ、２４時間に３０ミリの見込みです。
大分地方気象台,2022-07-12T10:36:00+09:00,大分県,,　大分県は、高気圧に覆われて晴れている所もありますが、気圧の谷や湿った空気の影響により概ね曇りで雨が降っている所があります。  　１２日は、高気圧に覆われて晴れる所もありますが、気圧の谷や湿った空気の影響により概ね曇りとなり、雨の降る所があるでしょう。熱中症の危険性が極めて高い気象状況になることが予測されます。外出はなるべく避け、室内をエアコン等で涼しい環境にして過ごしてください。  　１３日は、高気圧に覆われて晴れる所もありますが、気圧の谷や湿った空気の影響により概ね曇りとなるでしょう。  ＜天気変化等の留意点＞ 　１２日１２時から１３日１２時までに予想される降水量は、中部の多い所で１時間に１５ミリ、２４時間に３０ミリ、西部の多い所で１時間に１５ミリ、２４時間に３０ミリ、南部の多い所で１時間に１５ミリ、２４時間に３０ミリの見込みです。
大分地方気象台,2022-07-12T16:35:00+09:00,大分県,,　大分県は、高気圧に覆われて晴れている所もありますが、気圧の谷や湿った空気の影響により概ね曇りで雨が降っている所があります。  　１２日は、高気圧に覆われて晴れる所もありますが、気圧の谷や湿った空気の影響により概ね曇りとなり、雨の降る所があるでしょう。  　１３日は、高気圧に覆われてはじめ晴れる所がありますが、気圧の谷や湿った空気の影響により概ね曇りとなるでしょう。  ＜天気変化等の留意点＞ 　１２日１８時から１３日１８時までに予想される降水量は、中部の多い所で１時間に５ミリ、２４時間に１０ミリ、西部の多い所で１時間に５ミリ、２４時間に１０ミリ、南部の多い所で１時間に５ミリ、２４時間に１０ミリの見込みです。
大分地方気象台,2022-07-13T04:43:00+09:00,大分県,,　大分県は、高気圧に覆われて概ね晴れていますが、気圧の谷や暖かく湿った空気の影響により、曇りとなっている所があります。  　１３日は、高気圧に覆われて晴れますが、気圧の谷や暖かく湿った空気の影響により、次第に曇りとなるでしょう。  　１４日は、気圧の谷や暖かく湿った空気の影響により曇りで、次第に雨となり雷を伴い激しく降る所があるでしょう。  ＜天気変化等の留意点＞ 　１３日０６時から１４日０６時までに予想される降水量は、中部の多い所で１時間に０ミリ、２４時間に０ミリ、西部の多い所で１時間に５ミリ、２４時間に１０ミリ、南部の多い所で１時間に０ミリ、２４時間に０ミリの見込みです。
大分地方気象台,2022-07-13T10:35:00+09:00,大分県,,　大分県は、高気圧に覆われて概ね晴れとなっています。  　１３日は、高気圧に覆われてはじめ晴れますが、気圧の谷や暖かく湿った空気の影響により、次第に曇りとなるでしょう。  　１４日は、気圧の谷や暖かく湿った空気の影響により曇りで、次第に雨となり雷を伴い激しく降る所があるでしょう。  ＜天気変化等の留意点＞ 　１３日１２時から１４日１２時までに予想される降水量は、中部の多い所で１時間に５ミリ、２４時間に１０ミリ、西部の多い所で１時間に１０ミリ、２４時間に２０ミリ、南部の多い所で１時間に０ミリ、２４時間に０ミリの見込みです。
大分地方気象台,2022-07-13T16:35:00+09:00,大分県,,　大分県は、気圧の谷や暖かく湿った空気の影響により、曇りとなっています。  　１３日は、気圧の谷や暖かく湿った空気の影響により、曇りとなるでしょう。  　１４日は、気圧の谷や暖かく湿った空気の影響により曇りで、次第に雨となり雷を伴い激しく降る所があるでしょう。  ＜天気変化等の留意点＞ 　１３日１８時から１４日１８時までに予想される降水量は、中部の多い所で１時間に２０ミリ、２４時間に４０ミリ、西部の多い所で１時間に４０ミリ、２４時間に８０ミリ、南部の多い所で１時間に２０ミリ、２４時間に４０ミリの見込みです。
大分地方気象台,2022-07-14T04:40:00+09:00,大分県,,　大分県は、気圧の谷や暖かく湿った空気の影響により概ね曇りで雨が降っている所があります。  　１４日は、気圧の谷や暖かく湿った空気の影響により曇りや雨で、雷を伴い激しく降る所があるでしょう。  　１５日は、前線の影響により曇りや雨で、雷を伴い激しく降る所があるでしょう。  ＜天気変化等の留意点＞ 　１４日０６時から１５日０６時までに予想される降水量は、中部の多い所で１時間に２０ミリ、２４時間に４０ミリ、西部の多い所で１時間に４０ミリ、２４時間に８０ミリ、南部の多い所で１時間に２０ミリ、２４時間に４０ミリの見込みです。
大分地方気象台,2022-07-14T10:37:00+09:00,大分県,,　大分県は、気圧の谷や暖かく湿った空気の影響により概ね曇りで雨が降っている所があります。  　１４日は、気圧の谷や暖かく湿った空気の影響により曇りや雨で、雷を伴い激しく降る所があるでしょう。  　１５日は、前線の影響により曇りで、次第に雨となり雷を伴い激しく降る所があるでしょう。  ＜天気変化等の留意点＞ 　１４日１２時から１５日１２時までに予想される降水量は、中部の多い所で１時間に２０ミリ、２４時間に４０ミリ、西部の多い所で１時間に４０ミリ、２４時間に８０ミリ、南部の多い所で１時間に２０ミリ、２４時間に４０ミリの見込みです。
大分地方気象台,2022-07-14T16:38:00+09:00,大分県,,　大分県は、気圧の谷や暖かく湿った空気の影響により概ね曇りで雨が降っている所があります。  　１４日は、気圧の谷や暖かく湿った空気の影響により概ね曇りで、雷を伴い激しい雨が降る所があるでしょう。  　１５日は、前線の影響により曇りで、次第に雨となり雷を伴い非常に激しく降る所があるでしょう。熱中症の危険性が極めて高い気象状況になることが予測されます。外出はなるべく避け、室内をエアコン等で涼しい環境にして過ごしてください。  ＜天気変化等の留意点＞ 　１４日１８時から１５日１８時までに予想される降水量は、中部の多い所で１時間に３０ミリ、２４時間に６０ミリ、西部の多い所で１時間に４０ミリ、２４時間に８０ミリ、南部の多い所で１時間に２０ミリ、２４時間に５０ミリの見込みです。
大分地方気象台,2022-07-15T04:45:00+09:00,大分県,,　大分県は、前線の影響により概ね曇りで、雨が降っている所があります。  　１５日は、前線の影響により曇りや雨で、雷を伴い非常に激しく降る所があるでしょう。熱中症の危険性が極めて高い気象状況になることが予測されます。外出はなるべく避け、室内をエアコン等で涼しい環境にして過ごしてください。  　１６日は、前線の影響により雨で雷を伴い非常に激しく降る所がありますが、高気圧に覆われて次第に晴れるでしょう。  ＜天気変化等の留意点＞ 　１５日０６時から１６日０６時までに予想される降水量は、中部の多い所で１時間に４０ミリ、２４時間に１００ミリ、西部の多い所で１時間に５０ミリ、２４時間に１５０ミリ、南部の多い所で１時間に３０ミリ、２４時間に８０ミリの見込みです。
大分地方気象台,2022-07-15T10:39:00+09:00,大分県,,　大分県は、前線の影響により雨や曇りとなっています。  　１５日は、前線の影響により雨や曇りとなり、雷を伴い非常に激しく降る所があるでしょう。熱中症の危険性が極めて高い気象状況になることが予測されます。外出はなるべく避け、室内をエアコン等で涼しい環境にして過ごしてください。  　１６日は、はじめ前線の影響により雨で雷を伴い非常に激しく降る所がありますが、高気圧に覆われて次第に晴れるでしょう。  ＜天気変化等の留意点＞ 　１５日１２時から１６日１２時までに予想される降水量は、中部の多い所で１時間に４０ミリ、２４時間に１００ミリ、西部の多い所で１時間に５０ミリ、２４時間に１５０ミリ、南部の多い所で１時間に４０ミリ、２４時間に１００ミリの見込みです。
大分地方気象台,2022-07-15T16:33:00+09:00,大分県,,　大分県は、前線の影響で雨や曇りとなり、雷を伴っている所があります。  　１５日は、前線の影響により雨や曇りとなり、雷を伴い非常に激しく降る所があるでしょう。  　１６日は、前線の影響により雨で雷を伴い非常に激しく降る所がありますが、高気圧に覆われて次第に晴れるでしょう。熱中症の危険性が極めて高い気象状況になることが予測されます。外出はなるべく避け、室内をエアコン等で涼しい環境にして過ごしてください。  ＜天気変化等の留意点＞ 　１５日１８時から１６日１８時までに予想される降水量は、中部の多い所で１時間に４０ミリ、２４時間に１００ミリ、西部の多い所で１時間に６０ミリ、２４時間に１５０ミリ、南部の多い所で１時間に４０ミリ、２４時間に１００ミリの見込みです。
大分地方気象台,2022-07-16T04:49:00+09:00,大分県,,　大分県は、前線の影響により曇りや雨となっています。  　１６日は、前線の影響により曇りや雨で、雷を伴い激しく降る所がありますが、高気圧に覆われて次第に晴れるでしょう。熱中症の危険性が極めて高い気象状況になることが予測されます。外出はなるべく避け、室内をエアコン等で涼しい環境にして過ごしてください。  　１７日は、気圧の谷の影響により概ね曇りで、夜遅くは雨が降る所があるでしょう。  ＜天気変化等の留意点＞ 　１６日０６時から１７日０６時までに予想される降水量は、中部の多い所で１時間に１０ミリ、２４時間に２０ミリ、西部の多い所で１時間に１０ミリ、２４時間に２０ミリ、南部の多い所で１時間に１０ミリ、２４時間に２０ミリの見込みです。
大分地方気象台,2022-07-16T10:42:00+09:00,大分県,,　大分県は、前線や低気圧の影響で概ね曇りで、雨の降っている所があります。  　１６日は、前線や低気圧の影響により曇りで、雨や雷雨となる所がありますが、高気圧に覆われて次第に晴れるでしょう。熱中症の危険性が極めて高い気象状況になることが予測されます。外出はなるべく避け、室内をエアコン等で涼しい環境にして過ごしてください。  　１７日は、気圧の谷の影響により曇りで、夜は雨の降る所があるでしょう。  ＜天気変化等の留意点＞ 　１６日１２時から１７日１２時までに予想される降水量は、中部の多い所で１時間に１０ミリ、２４時間に２０ミリ、西部の多い所で１時間に１０ミリ、２４時間に２０ミリ、南部の多い所で１時間に１０ミリ、２４時間に２０ミリの見込みです。
大分地方気象台,2022-07-16T16:37:00+09:00,大分県,,　大分県は、高気圧に覆われて晴れている所もありますが、日射や気圧の谷の影響により概ね曇りで、雨が降っている所があります。  　１６日は、はじめ気圧の谷や湿った空気の影響により曇りで、雨や雷雨となる所がありますが、夜は高気圧に覆われて晴れとなるでしょう。  　１７日は、高気圧に覆われて晴れる所もありますが、気圧の谷や暖かく湿った空気の影響により曇りとなり、夜は雨が降る所があるでしょう。  ＜天気変化等の留意点＞ 　１６日１８時から１７日１８時までに予想される降水量は、中部の多い所で１時間に１０ミリ、２４時間に２０ミリ、西部の多い所で１時間に１０ミリ、２４時間に２０ミリ、南部の多い所で１時間に１０ミリ、２４時間に２０ミリの見込みです。
大分地方気象台,2022-07-17T04:39:00+09:00,大分県,,　大分県は、気圧の谷の影響により曇りとなっています。  　１７日は、気圧の谷の影響により概ね曇りとなり、夜遅くは雨が降る所があるでしょう。  　１８日は、前線や湿った空気の影響により概ね曇りとなりますが、昼前から次第に雨となり、雷を伴い激しく降る所があるでしょう。  ＜天気変化等の留意点＞ 　１７日０６時から１８日０６時までに予想される降水量は、中部の多い所で１時間に０ミリ、２４時間に０ミリ、西部の多い所で１時間に２ミリ、２４時間に３ミリ、南部の多い所で１時間に０ミリ、２４時間に０ミリの見込みです。
大分地方気象台,2022-07-17T10:41:00+09:00,大分県,,　大分県は、気圧の谷の影響により概ね曇りとなっています。  　１７日は、気圧の谷の影響により概ね曇りとなり、雨が降る所があるでしょう。  　１８日は、前線や湿った空気の影響により雨や曇りとなり、雷を伴い激しく降る所があるでしょう。  ＜天気変化等の留意点＞ 　１７日１２時から１８日１２時までに予想される降水量は、中部の多い所で１時間に１０ミリ、２４時間に２０ミリ、西部の多い所で１時間に２０ミリ、２４時間に４０ミリ、南部の多い所で１時間に１０ミリ、２４時間に２０ミリの見込みです。
大分地方気象台,2022-07-17T16:34:00+09:00,大分県,,　大分県は、気圧の谷の影響により概ね曇りとなっています。  　１７日は、気圧の谷の影響により概ね曇りとなるでしょう。  　１８日は、前線や湿った空気の影響により雨や曇りとなり、雷を伴い激しく降る所があるでしょう。  ＜天気変化等の留意点＞ 　１７日１８時から１８日１８時までに予想される降水量は、中部の多い所で１時間に２０ミリ、２４時間に４０ミリ、西部の多い所で１時間に３０ミリ、２４時間に８０ミリ、南部の多い所で１時間に１０ミリ、２４時間に３０ミリの見込みです。
大分地方気象台,2022-07-18T04:46:00+09:00,大分県,,　大分県は、晴れている所もありますが、前線や暖かく湿った空気の影響により概ね曇りとなっています。  　１８日は、気圧の谷や暖かく湿った空気の影響により、曇りで次第に雨となり、雷を伴い激しく降る所があるでしょう。  　１９日は、前線や湿った空気の影響により、概ね雨で雷を伴い非常に激しく降る所がありますが、次第に曇りとなるでしょう。  ＜天気変化等の留意点＞ 　１８日０６時から１９日０６時までに予想される降水量は、中部の多い所で１時間に４０ミリ、２４時間に１００ミリ、西部の多い所で１時間に６０ミリ、２４時間に１５０ミリ、南部の多い所で１時間に４０ミリ、２４時間に１００ミリの見込みです。
大分地方気象台,2022-07-18T10:42:00+09:00,大分県,,　大分県は、晴れている所もありますが、前線や暖かく湿った空気の影響により、曇りや雨となっています。  　１８日は、前線や暖かく湿った空気の影響で曇りや雨となり、雷を伴い激しく降る所があるでしょう。  　１９日は、前線や暖かく湿った空気の影響により、概ね雨で雷を伴い非常に激しく降る所がありますが、次第に曇りとなるでしょう。  ＜天気変化等の留意点＞ 　１８日１２時から１９日１２時までに予想される降水量は、中部の多い所で１時間に４０ミリ、２４時間に１２０ミリ、西部の多い所で１時間に６０ミリ、２４時間に１８０ミリ、南部の多い所で１時間に４０ミリ、２４時間に１２０ミリの見込みです。
大分地方気象台,2022-07-18T16:37:00+09:00,大分県,,　大分県は、前線や暖かく湿った空気の影響により、曇りで雨が降っている所があります。  　１８日は、前線や暖かく湿った空気の影響で曇りや雨となり、雷を伴い激しく降る所があるでしょう。  　１９日は、前線や暖かく湿った空気の影響により、概ね雨で雷を伴い非常に激しく降る所がありますが、次第に曇りとなるでしょう。  ＜天気変化等の留意点＞ 　１８日１８時から１９日１８時までに予想される降水量は、中部の多い所で１時間に４０ミリ、２４時間に１２０ミリ、西部の多い所で１時間に６０ミリ、２４時間に２００ミリ、南部の多い所で１時間に４０ミリ、２４時間に１２０ミリの見込みです。
大分地方気象台,2022-07-19T05:02:00+09:00,大分県,,　大分県は、前線や暖かく湿った空気の影響により、雨や曇りで雷を伴い猛烈な雨の降っている所があります。  　１９日は、前線や湿った空気の影響により雨や曇りとなり、雷を伴い猛烈な雨が降る所があるでしょう。  　２０日は、前線や湿った空気の影響により、概ね曇りで雨や雷雨となる所があるでしょう。  ＜天気変化等の留意点＞ 　１９日０６時から２０日０６時までに予想される降水量は、中部の多い所で１時間に５０ミリ、２４時間に１２０ミリ、西部の多い所で１時間に８０ミリ、２４時間に２００ミリ、南部の多い所で１時間に４０ミリ、２４時間に１００ミリの見込みです。
大分地方気象台,2022-07-19T10:45:00+09:00,大分県,,　大分県は、前線や暖かく湿った空気の影響により、雨で雷を伴い激しく降っている所があります。  　１９日は、前線や湿った空気の影響により日中雨で、雷を伴い非常に激しく降る所がありますが、夜から曇りとなるでしょう。  　２０日は、前線や湿った空気の影響により、概ね曇りで雨や雷雨となる所があるでしょう。  ＜天気変化等の留意点＞ 　１９日１２時から２０日１２時までに予想される降水量は、中部の多い所で１時間に３０ミリ、２４時間に８０ミリ、西部の多い所で１時間に４０ミリ、２４時間に１２０ミリ、南部の多い所で１時間に３０ミリ、２４時間に８０ミリの見込みです。
大分地方気象台,2022-07-19T16:40:00+09:00,大分県,,　大分県は、前線や暖かく湿った空気の影響により、概ね曇りで雨が降っている所があります。  　１９日は、前線や湿った空気の影響により、概ね曇りで雨や雷雨となる所があるでしょう。  　２０日は、前線や湿った空気の影響により、曇りや雨で雷雨となる所があるでしょう。  ＜天気変化等の留意点＞ 　１９日１８時から２０日１８時までに予想される降水量は、中部の多い所で１時間に１０ミリ、２４時間に４０ミリ、西部の多い所で１時間に２０ミリ、２４時間に６０ミリ、南部の多い所で１時間に１０ミリ、２４時間に５０ミリの見込みです。
大分地方気象台,2022-07-20T04:41:00+09:00,大分県,,　大分県は、前線や暖かく湿った空気の影響により、概ね曇りで雨が降っている所があります。  　２０日は、はじめは曇りですが、前線や暖かく湿った空気の影響により、昼過ぎから雨となり雷を伴う所があるでしょう。  　２１日は、前線や暖かく湿った空気の影響により、曇りや雨で雷を伴う所があるでしょう。  ＜天気変化等の留意点＞ 　２０日０６時から２１日０６時までに予想される降水量は、中部の多い所で１時間に１０ミリ、２４時間に４０ミリ、西部の多い所で１時間に２０ミリ、２４時間に８０ミリ、南部の多い所で１時間に１０ミリ、２４時間に４０ミリの見込みです。
大分地方気象台,2022-07-20T10:40:00+09:00,大分県,,　大分県は、前線や暖かく湿った空気の影響により、概ね曇りで雨が降っている所があります。  　２０日は、前線や暖かく湿った空気の影響により概ね曇りで、雨や雷雨となる所があるでしょう。  　２１日は、前線や暖かく湿った空気の影響により、曇りや雨で雷を伴う所があるでしょう。  ＜天気変化等の留意点＞ 　２０日１２時から２１日１２時までに予想される降水量は、中部の多い所で１時間に１０ミリ、２４時間に３０ミリ、西部の多い所で１時間に２０ミリ、２４時間に６０ミリ、南部の多い所で１時間に１０ミリ、２４時間に３０ミリの見込みです。
大分地方気象台,2022-07-20T16:35:00+09:00,大分県,,　大分県は、前線や暖かく湿った空気の影響により、概ね曇りで雨が降っている所があります。  　２０日は、前線や暖かく湿った空気の影響により、概ね曇りで雨や雷雨となる所があるでしょう。  　２１日は、前線や暖かく湿った空気の影響により、曇りや雨で雷を伴い激しく降る所があるでしょう。  ＜天気変化等の留意点＞ 　２０日１８時から２１日１８時までに予想される降水量は、中部の多い所で１時間に２０ミリ、２４時間に４０ミリ、西部の多い所で１時間に３０ミリ、２４時間に６０ミリ、南部の多い所で１時間に２０ミリ、２４時間に４０ミリの見込みです。
大分地方気象台,2022-07-21T04:48:00+09:00,大分県,,　大分県は、前線や暖かく湿った空気の影響により、概ね曇りで雨が降っている所があります。  　２１日は、前線や低気圧の影響により、曇りや雨で雷を伴い激しく降る所があるでしょう。熱中症の危険性が極めて高い気象状況になることが予測されます。外出はなるべく避け、室内をエアコン等で涼しい環境にして過ごしてください。  　２２日は、高気圧に覆われて概ね晴れますが、低気圧や湿った空気の影響により、曇りで雨が降る所があるでしょう。  ＜天気変化等の留意点＞ 　２１日０６時から２２日０６時までに予想される降水量は、中部の多い所で１時間に２０ミリ、２４時間に４０ミリ、西部の多い所で１時間に３０ミリ、２４時間に６０ミリ、南部の多い所で１時間に２０ミリ、２４時間に４０ミリの見込みです。
大分地方気象台,2022-07-21T10:42:00+09:00,大分県,,　大分県は、晴れている所もありますが、前線や湿った空気の影響により、概ね曇りで雨が降っている所があります。  　２１日は、前線や湿った空気の影響により、曇りや雨で雷を伴い激しく降る所があるでしょう。熱中症の危険性が極めて高い気象状況になることが予測されます。外出はなるべく避け、室内をエアコン等で涼しい環境にして過ごしてください。  　２２日は、気圧の谷の影響により、曇りで雨が降る所がありますが、高気圧に覆われて次第に晴れるでしょう。  ＜天気変化等の留意点＞ 　２１日１２時から２２日１２時までに予想される降水量は、中部の多い所で１時間に２０ミリ、２４時間に４０ミリ、西部の多い所で１時間に３０ミリ、２４時間に６０ミリ、南部の多い所で１時間に２０ミリ、２４時間に４０ミリの見込みです。
大分地方気象台,2022-07-21T16:42:00+09:00,大分県,,　大分県は、晴れている所もありますが、前線や湿った空気の影響により、概ね曇りで雨の降っている所があります。  　２１日は、晴れる所もありますが、前線や湿った空気の影響により、曇りで雨や雷雨となる所があるでしょう。  　２２日は、高気圧に覆われて概ね晴れますが、はじめ気圧の谷や湿った空気の影響により曇りで雨の降る所があるでしょう。  ＜天気変化等の留意点＞ 　２１日１８時から２２日１８時までに予想される降水量は、中部の多い所で１時間に１０ミリ、２４時間に２０ミリ、西部の多い所で１時間に２０ミリ、２４時間に３０ミリ、南部の多い所で１時間に５ミリ、２４時間に１０ミリの見込みです。
大分地方気象台,2022-07-22T04:42:00+09:00,大分県,,　大分県は、湿った空気の影響により曇りで雨が降っている所がありますが、高気圧に覆われて概ね晴れています。  　２２日は、はじめ湿った空気の影響により曇りで雨の降る所がありますが、高気圧に覆われて概ね晴れとなるでしょう。  　２３日は、高気圧に覆われて晴れとなりますが、湿った空気や日射の影響により曇りとなり、雨が降る所があるでしょう。  ＜天気変化等の留意点＞ 　２２日０６時から２３日０６時までに予想される降水量は、中部の多い所で１時間に０ミリ、２４時間に０ミリ、西部の多い所で１時間に２ミリ、２４時間に３ミリ、南部の多い所で１時間に０ミリ、２４時間に０ミリの見込みです。
大分地方気象台,2022-07-22T10:34:00+09:00,大分県,,　大分県は、高気圧に覆われて概ね晴れています。  　２２日は、高気圧に覆われて概ね晴れるでしょう。  　２３日は、高気圧に覆われて概ね晴れますが、湿った空気や日射の影響により曇りとなり、雨が降る所があるでしょう。  ＜天気変化等の留意点＞ 　特記事項はありません。
大分地方気象台,2022-07-22T16:34:00+09:00,大分県,,　大分県は、高気圧に覆われて概ね晴れています。  　２２日は、高気圧に覆われて概ね晴れるでしょう。  　２３日は、高気圧に覆われて概ね晴れますが、湿った空気や日射の影響により曇りとなり、雨が降る所があるでしょう。  ＜天気変化等の留意点＞ 　２２日１８時から２３日１８時までに予想される降水量は、中部の多い所で１時間に５ミリ、２４時間に１０ミリ、西部の多い所で１時間に５ミリ、２４時間に１５ミリ、南部の多い所で１時間に５ミリ、２４時間に１０ミリの見込みです。
大分地方気象台,2022-07-23T04:40:00+09:00,大分県,,　大分県は、寒気や湿った空気の影響により概ね曇りで、雨が降っている所があります。  　２３日は、寒気や湿った空気の影響により概ね曇りで、雨が降る所がありますが、午後は高気圧に覆われて時々晴れとなるでしょう。  　２４日は、高気圧に覆われて晴れますが、気圧の谷や暖かく湿った空気の影響により次第に曇りとなり、雨が降る所があるでしょう。  ＜天気変化等の留意点＞ 　２３日０６時から２４日０６時までに予想される降水量は、中部の多い所で１時間に２ミリ、２４時間に５ミリ、西部の多い所で１時間に２ミリ、２４時間に５ミリ、南部の多い所で１時間に２ミリ、２４時間に５ミリの見込みです。
大分地方気象台,2022-07-23T10:40:00+09:00,大分県,,　大分県は、高気圧に覆われて概ね晴れていますが、湿った空気の影響により曇りとなっている所があります。  　２３日は、高気圧に覆われて概ね晴れますが、湿った空気の影響により曇りで雨が降る所があるでしょう。  　２４日は、高気圧に覆われて晴れますが、気圧の谷や暖かく湿った空気の影響により次第に曇りとなり、雨が降る所があるでしょう。  ＜天気変化等の留意点＞ 　２３日１２時から２４日１２時までに予想される降水量は、中部の多い所で１時間に２ミリ、２４時間に５ミリ、西部の多い所で１時間に２ミリ、２４時間に５ミリ、南部の多い所で１時間に２ミリ、２４時間に５ミリの見込みです。
大分地方気象台,2022-07-23T16:33:00+09:00,大分県,,　大分県は、湿った空気の影響により曇りの所がありますが、高気圧に覆われて概ね晴れています。  　２３日は、高気圧に覆われて概ね晴れとなるでしょう。  　２４日は、高気圧に覆われて晴れますが、気圧の谷や暖かく湿った空気の影響により次第に曇りとなり、雨が降る所があるでしょう。  ＜天気変化等の留意点＞ 　２３日１８時から２４日１８時までに予想される降水量は、中部の多い所で１時間に０ミリ、２４時間に０ミリ、西部の多い所で１時間に２ミリ、２４時間に３ミリ、南部の多い所で１時間に０ミリ、２４時間に０ミリの見込みです。
大分地方気象台,2022-07-24T04:42:00+09:00,大分県,,　大分県は、高気圧に覆われて概ね晴れています。  　２４日は、高気圧に覆われて晴れますが、湿った空気の影響により次第に曇りとなり、雨が降る所があるでしょう。  　２５日は、湿った空気や日射の影響により概ね曇りで、雨や雷雨となる所があるでしょう。  ＜天気変化等の留意点＞ 　２４日０６時から２５日０６時までに予想される降水量は、中部の多い所で１時間に５ミリ、２４時間に１５ミリ、西部の多い所で１時間に１０ミリ、２４時間に２０ミリ、南部の多い所で１時間に２ミリ、２４時間に１０ミリの見込みです。
大分地方気象台,2022-07-24T10:40:00+09:00,大分県,,　大分県は、高気圧に覆われて概ね晴れています。  　２４日は、高気圧に覆われて晴れますが、湿った空気の影響により次第に曇りとなり、雨が降る所があるでしょう。  　２５日は、湿った空気や日射の影響により概ね曇りで、雨や雷雨となる所があるでしょう。  ＜天気変化等の留意点＞ 　２４日１２時から２５日１２時までに予想される降水量は、中部の多い所で１時間に５ミリ、２４時間に１０ミリ、西部の多い所で１時間に１０ミリ、２４時間に３０ミリ、南部の多い所で１時間に２ミリ、２４時間に５ミリの見込みです。
大分地方気象台,2022-07-24T16:38:00+09:00,大分県,,　大分県は、湿った空気の影響により概ね曇りで、雨が降っている所があります。  　２４日は、湿った空気の影響により概ね曇りとなり、雨や雷雨となる所があるでしょう。  　２５日は、高気圧に覆われて晴れる所もありますが、湿った空気や日射の影響により概ね曇りで、雨や雷雨となる所があるでしょう。  ＜天気変化等の留意点＞ 　２４日１８時から２５日１８時までに予想される降水量は、中部の多い所で１時間に２０ミリ、２４時間に４０ミリ、西部の多い所で１時間に２０ミリ、２４時間に４０ミリ、南部の多い所で１時間に２０ミリ、２４時間に４０ミリの見込みです。
大分地方気象台,2022-07-25T04:38:00+09:00,大分県,,　大分県は、湿った空気の影響により概ね曇りで雨が降っている所があります。  　２５日は、高気圧に覆われて晴れる所もありますが、湿った空気や日射の影響により曇りで、雨や雷雨となる所があるでしょう。  　２６日は、高気圧に覆われて概ね晴れますが、湿った空気や日射の影響により曇りで雷を伴い激しい雨が降る所があるでしょう。  ＜天気変化等の留意点＞ 　２５日６時から２６日６時までに予想される降水量は、中部の多い所で１時間に２０ミリ、２４時間に４０ミリ、西部の多い所で１時間に２０ミリ、２４時間に４０ミリ、南部の多い所で１時間に２０ミリ、２４時間に４０ミリの見込みです。
大分地方気象台,2022-07-25T10:37:00+09:00,大分県,,　大分県は、湿った空気の影響により概ね曇りで雨が降っている所があります。  　２５日は、高気圧に覆われて晴れる所もありますが、湿った空気や日射の影響により曇りで雷を伴い激しい雨が降る所があるでしょう。  　２６日は、高気圧に覆われて概ね晴れますが、湿った空気や日射の影響により曇りで雷を伴い激しい雨が降る所があるでしょう。  ＜天気変化等の留意点＞ 　２５日１２時から２６日１２時までに予想される降水量は、中部の多い所で１時間に３０ミリ、２４時間に５０ミリ、西部の多い所で１時間に３０ミリ、２４時間に５０ミリ、南部の多い所で１時間に３０ミリ、２４時間に５０ミリの見込みです。
大分地方気象台,2022-07-25T16:38:00+09:00,大分県,,　大分県は、湿った空気や日射の影響により曇りで、雨が降っている所があります。  　２５日は、湿った空気や日射の影響により概ね曇りとなり、雷を伴い激しく降る所があるでしょう。  　２６日は、高気圧に覆われて概ね晴れますが、湿った空気や日射の影響により曇りとなり、雷を伴い激しい雨が降る所があるでしょう。熱中症の危険性が極めて高い気象状況になることが予測されます。外出はなるべく避け、室内をエアコン等で涼しい環境にして過ごしてください。  ＜天気変化等の留意点＞ 　２５日１８時から２６日１８時までに予想される降水量は、中部の多い所で１時間に３０ミリ、２４時間に５０ミリ、西部の多い所で１時間に３０ミリ、２４時間に５０ミリ、南部の多い所で１時間に３０ミリ、２４時間に５０ミリの見込みです。
大分地方気象台,2022-07-26T04:45:00+09:00,大分県,,　大分県は、湿った空気の影響により概ね曇りとなっています。  　２６日は、高気圧に覆われて概ね晴れますが、湿った空気や日射の影響により曇りとなり、雷を伴い激しい雨が降る所があるでしょう。熱中症の危険性が極めて高い気象状況になることが予測されます。外出はなるべく避け、室内をエアコン等で涼しい環境にして過ごしてください。  　２７日は、高気圧に覆われて晴れる所もありますが、湿った空気や日射の影響により概ね曇りとなり、雷を伴い激しい雨が降る所があるでしょう。  ＜天気変化等の留意点＞ 　２６日０６時から２７日０６時までに予想される降水量は、中部の多い所で１時間に３０ミリ、２４時間に５０ミリ、西部の多い所で１時間に３０ミリ、２４時間に５０ミリ、南部の多い所で１時間に３０ミリ、２４時間に５０ミリの見込みです。
大分地方気象台,2022-07-26T10:35:00+09:00,大分県,,　大分県は、高気圧に覆われて晴れている所もありますが、湿った空気の影響により概ね曇りとなっています。  　２６日は、高気圧に覆われて晴れる所もありますが、湿った空気や日射の影響により概ね曇りとなり、午後は雷を伴い激しい雨が降る所があるでしょう。熱中症の危険性が極めて高い気象状況になることが予測されます。外出はなるべく避け、室内をエアコン等で涼しい環境にして過ごしてください。  　２７日は、高気圧に覆われて晴れる所もありますが、湿った空気や日射の影響により概ね曇りとなり、午後は雷を伴い激しい雨が降る所があるでしょう。  ＜天気変化等の留意点＞ 　２６日１２時から２７日１２時までに予想される降水量は、中部の多い所で１時間に３０ミリ、２４時間に５０ミリ、西部の多い所で１時間に３０ミリ、２４時間に５０ミリ、南部の多い所で１時間に３０ミリ、２４時間に５０ミリの見込みです。
大分地方気象台,2022-07-26T16:35:00+09:00,大分県,,　大分県は、高気圧に覆われて概ね晴れていますが、日射や暖かく湿った空気の影響により曇りで、激しい雨が降っている所があります。  　２６日は、高気圧に覆われて概ね晴れますが、日射や湿った空気の影響により曇りで、雷を伴い激しい雨が降る所があるでしょう。  　２７日は、高気圧に覆われて晴れますが、湿った空気や日射の影響により次第に曇りとなり、午後は雷を伴い激しい雨が降る所があるでしょう。  ＜天気変化等の留意点＞ 　２６日１８時から２７日１８時までに予想される降水量は、中部の多い所で１時間に４０ミリ、２４時間に７０ミリ、西部の多い所で１時間に４０ミリ、２４時間に７０ミリ、南部の多い所で１時間に４０ミリ、２４時間に７０ミリの見込みです。
大分地方気象台,2022-07-27T04:42:00+09:00,大分県,,　大分県は、高気圧に覆われて概ね晴れています。  　２７日は、はじめ高気圧に覆われて晴れますが、気圧の谷や日射の影響により曇りや雨となり、雷を伴い激しく降る所があるでしょう。  　２８日は、高気圧に覆われて晴れる所もありますが、気圧の谷や日射の影響により曇りとなり、雨や雷雨となる所があるでしょう。  ＜天気変化等の留意点＞ 　２７日６時から２８日６時までに予想される降水量は、中部の多い所で１時間に４０ミリ、２４時間に６０ミリ、西部の多い所で１時間に４０ミリ、２４時間に６０ミリ、南部の多い所で１時間に４０ミリ、２４時間に６０ミリの見込みです。
大分地方気象台,2022-07-27T10:35:00+09:00,大分県,,　大分県は、湿った空気の影響により曇りとなっている所もありますが、高気圧に覆われて概ね晴れています。  　２７日は、はじめ高気圧に覆われて概ね晴れますが、湿った空気や日射の影響により曇りや雨となり、雷を伴い激しく降る所があるでしょう。  　２８日は、高気圧に覆われて晴れる所もありますが、湿った空気や日射の影響により曇りとなり、雨や雷雨となる所があるでしょう。  ＜天気変化等の留意点＞ 　２７日１２時から２８日１２時までに予想される降水量は、中部の多い所で１時間に３０ミリ、２４時間に５０ミリ、西部の多い所で１時間に４０ミリ、２４時間に７０ミリ、南部の多い所で１時間に４０ミリ、２４時間に７０ミリの見込みです。
大分地方気象台,2022-07-27T16:39:00+09:00,大分県,,　大分県は、湿った空気の影響により曇りで、雨の降っている所があります。  　２７日は、湿った空気や日射の影響により曇りで、雨や雷雨となる所があるでしょう。  　２８日は、高気圧に覆われて晴れる所もありますが、湿った空気や日射の影響により曇りとなり、雨や雷雨となる所があるでしょう。熱中症の危険性が極めて高い気象状況になることが予測されます。外出はなるべく避け、室内をエアコン等で涼しい環境にして過ごしてください。  ＜天気変化等の留意点＞ 　２７日１８時から２８日１８時までに予想される降水量は、中部の多い所で１時間に１０ミリ、２４時間に３０ミリ、西部の多い所で１時間に２０ミリ、２４時間に４０ミリ、南部の多い所で１時間に２０ミリ、２４時間に５０ミリの見込みです。
大分地方気象台,2022-07-28T04:48:00+09:00,大分県,,　大分県は、高気圧に覆われて概ね晴れていますが、暖かく湿った空気の影響により、曇りで雨が降っている所があります。  　２８日は、高気圧に覆われて晴れますが、日射や暖かく湿った空気の影響により時々曇りとなり、雨や雷雨となる所があるでしょう。熱中症の危険性が極めて高い気象状況になることが予測されます。外出はなるべく避け、室内をエアコン等で涼しい環境にして過ごしてください。  　２９日は、高気圧に覆われて晴れる所もありますが、日射や暖かく湿った空気の影響により、曇りや雨となるでしょう。  ＜天気変化等の留意点＞ 　２８日０６時から２９日０６時までに予想される降水量は、中部の多い所で１時間に１０ミリ、２４時間に５０ミリ、西部の多い所で１時間に１０ミリ、２４時間に５０ミリ、南部の多い所で１時間に２０ミリ、２４時間に５０ミリの見込みです。
大分地方気象台,2022-07-28T10:37:00+09:00,大分県,,　大分県は、高気圧に覆われて晴れの所もありますが、暖かく湿った空気の影響により、概ね曇りで雨が降っている所があります。  　２８日は、高気圧に覆われて晴れる所もありますが、日射や暖かく湿った空気の影響により概ね曇りとなり、雨や雷雨となる所があるでしょう。熱中症の危険性が極めて高い気象状況になることが予測されます。外出はなるべく避け、室内をエアコン等で涼しい環境にして過ごしてください。  　２９日は、高気圧に覆われて晴れる所もありますが、日射や暖かく湿った空気の影響により、曇りや雨となるでしょう。  ＜天気変化等の留意点＞ 　２８日１２時から２９日１２時までに予想される降水量は、中部の多い所で１時間に１０ミリ、２４時間に４０ミリ、西部の多い所で１時間に１０ミリ、２４時間に４０ミリ、南部の多い所で１時間に２０ミリ、２４時間に８０ミリの見込みです。
大分地方気象台,2022-07-28T16:39:00+09:00,大分県,,　大分県は、高気圧に覆われて概ね晴れですが、日射や暖かく湿った空気の影響により雨が降っている所があります。  　２８日は、高気圧に覆われて概ね晴れますが、日射や暖かく湿った空気の影響により、曇りで雨や雷雨となる所があるでしょう。  　２９日は、高気圧に覆われて晴れる所もありますが、日射や暖かく湿った空気の影響により、曇りや雨で雷を伴い激しく降る所があるでしょう。熱中症の危険性が極めて高い気象状況になることが予測されます。外出はなるべく避け、室内をエアコン等で涼しい環境にして過ごしてください。  ＜天気変化等の留意点＞ 　２８日１８時から２９日１８時までに予想される降水量は、中部の多い所で１時間に１０ミリ、２４時間に４０ミリ、西部の多い所で１時間に１０ミリ、２４時間に４０ミリ、南部の多い所で１時間に２０ミリ、２４時間に８０ミリの見込みです。
大分地方気象台,2022-07-29T04:48:00+09:00,大分県,,　大分県は、高気圧に覆われて概ね晴れていますが、暖かく湿った空気の影響により曇りや雨となっている所があります。  　２９日は高気圧に覆われて晴れますが、日射や暖かく湿った空気の影響により、曇りや雨で雷を伴い激しく降る所があるでしょう。熱中症の危険性が極めて高い気象状況になることが予測されます。外出はなるべく避け、室内をエアコン等で涼しい環境にして過ごしてください。  　３０日は暖かく湿った空気の影響により曇りや雨で、雷を伴い激しい雨の降る所があるでしょう。  ＜天気変化等の留意点＞ 　２９日０６時から３０日０６時までに予想される降水量は、中部の多い所で１時間に２０ミリ、２４時間に６０ミリ、西部の多い所で１時間に２０ミリ、２４時間に６０ミリ、南部の多い所で１時間に３０ミリ、２４時間に１２０ミリの見込みです。
大分地方気象台,2022-07-29T10:48:00+09:00,大分県,,　大分県は、高気圧に覆われて概ね晴れていますが、暖かく湿った空気の影響により曇りで雨が降っている所があります。  　２９日は、はじめ高気圧に覆われて晴れる所もありますが、日射や暖かく湿った空気の影響により、曇りや雨で雷を伴い激しく降る所があるでしょう。熱中症の危険性が極めて高い気象状況になることが予測されます。外出はなるべく避け、室内をエアコン等で涼しい環境にして過ごしてください。  　３０日は、暖かく湿った空気の影響により曇りや雨で、雷を伴い激しく降る所があるでしょう。  ＜天気変化等の留意点＞ 　２９日１２時から３０日１２時までに予想される降水量は、中部の多い所で１時間に２０ミリ、２４時間に８０ミリ、西部の多い所で１時間に２０ミリ、２４時間に８０ミリ、南部の多い所で１時間に３０ミリ、２４時間に１５０ミリの見込みです。
大分地方気象台,2022-07-29T16:41:00+09:00,大分県,,　大分県は、高気圧に覆われて概ね晴れですが、暖かく湿った空気の影響により曇りで雨が降っている所があります。  　２９日は、はじめ高気圧に覆われて晴れる所もありますが、湿った空気の影響により、曇りや雨で雷を伴い激しく降る所があるでしょう。  　３０日は、暖かく湿った空気の影響により曇りや雨で、雷を伴い激しく降る所があるでしょう。  ＜天気変化等の留意点＞ 　２９日１８時から３０日１８時までに予想される降水量は、中部の多い所で１時間に２０ミリ、２４時間に１００ミリ、西部の多い所で１時間に２０ミリ、２４時間に１００ミリ、南部の多い所で１時間に４０ミリ、２４時間に１５０ミリの見込みです。
大分地方気象台,2022-07-30T04:44:00+09:00,大分県,,　大分県は、暖かく湿った空気の影響により雨や曇りとなっています。  　３０日は、暖かく湿った空気の影響により雨や曇りで、雷を伴い激しく降る所があるでしょう。  　３１日は、暖かく湿った空気の影響により曇りや雨で、雷を伴い激しく降る所があるでしょう。  ＜天気変化等の留意点＞ 　３０日０６時から３１日０６時までに予想される降水量は、中部の多い所で１時間に２０ミリ、２４時間に１００ミリ、西部の多い所で１時間に２０ミリ、２４時間に１００ミリ、南部の多い所で１時間に３０ミリ、２４時間に１５０ミリの見込みです。
大分地方気象台,2022-07-30T10:36:00+09:00,大分県,,　大分県は、暖かく湿った空気の影響により雨や曇りとなっています。  　３０日は、暖かく湿った空気の影響により雨や曇りで、雷を伴い激しく降る所があるでしょう。  　３１日は、暖かく湿った空気の影響により曇りや雨で、雷を伴い激しく降る所があるでしょう。  ＜天気変化等の留意点＞ 　３０日１２時から３１日１２時までに予想される降水量は、中部の多い所で１時間に２０ミリ、２４時間に１００ミリ、西部の多い所で１時間に２０ミリ、２４時間に１００ミリ、南部の多い所で１時間に３０ミリ、２４時間に１５０ミリの見込みです。
大分地方気象台,2022-07-30T16:35:00+09:00,大分県,,　大分県は、暖かく湿った空気の影響により概ね曇りで雨が降っている所があります。  　３０日は、暖かく湿った空気の影響により曇りや雨で、雷を伴い激しく降る所があるでしょう。  　３１日は、暖かく湿った空気の影響により曇りや雨で、雷を伴い激しく降る所があるでしょう。  ＜天気変化等の留意点＞ 　３０日１８時から３１日１８時までに予想される降水量は、中部の多い所で１時間に３０ミリ、２４時間に１００ミリ、西部の多い所で１時間に２０ミリ、２４時間に８０ミリ、南部の多い所で１時間に３０ミリ、２４時間に１３０ミリの見込みです。
大分地方気象台,2022-07-31T04:48:00+09:00,大分県,,　大分県は、暖かく湿った空気の影響により概ね曇りで雨が降っている所があります。  　３１日は、暖かく湿った空気の影響により曇りや雨で、雷を伴い激しく降る所があるでしょう。  　８月１日は、高気圧に覆われて晴れる所もありますが、湿った空気の影響により概ね曇りで雨が降る所があるでしょう。  ＜天気変化等の留意点＞ 　３１日０６時から８月１日０６時までに予想される降水量は、中部の多い所で１時間に１５ミリ、２４時間に５０ミリ、西部の多い所で１時間に２０ミリ、２４時間に６０ミリ、南部の多い所で１時間に３０ミリ、２４時間に９０ミリの見込みです。
大分地方気象台,2022-07-31T10:40:00+09:00,大分県,,　大分県は、暖かく湿った空気の影響により雨や曇りとなっています。  　３１日は、暖かく湿った空気の影響により曇りや雨で、雷を伴う所があるでしょう。  　８月１日は、高気圧に覆われて晴れる所もありますが、湿った空気の影響により概ね曇りで雨が降る所があるでしょう。  ＜天気変化等の留意点＞ 　３１日１２時から８月１日１２時までに予想される降水量は、中部の多い所で１時間に１０ミリ、２４時間に４０ミリ、西部の多い所で１時間に１０ミリ、２４時間に４０ミリ、南部の多い所で１時間に２０ミリ、２４時間に８０ミリの見込みです。
大分地方気象台,2022-07-31T16:38:00+09:00,大分県,,　大分県は、暖かく湿った空気の影響により概ね曇りで、雨が降っている所があります。  　３１日は、暖かく湿った空気の影響により概ね曇りで、雨や雷雨となる所があるでしょう。  　８月１日は、高気圧に覆われて晴れる所もありますが、湿った空気の影響により概ね曇りで雨や雷雨となる所があるでしょう。  ＜天気変化等の留意点＞ 　３１日１８時から８月１日１８時までに予想される降水量は、中部の多い所で１時間に１０ミリ、２４時間に４０ミリ、西部の多い所で１時間に２０ミリ、２４時間に６０ミリ、南部の多い所で１時間に２０ミリ、２４時間に８０ミリの見込みです。
