publishingOffice,reportDatetime,targetArea,headlineText,text
福岡管区気象台,2022-01-01T04:33:00+09:00,福岡県,,　福岡県は、高気圧に覆われて概ね晴れています。  　１日は、高気圧に覆われて概ね晴れますが、気圧の谷や湿った空気の影響により曇りとなる所があるでしょう。  　２日は、気圧の谷や湿った空気の影響により概ね曇りとなり、雨が降る所があるでしょう。
福岡管区気象台,2022-01-01T10:36:00+09:00,福岡県,,　福岡県は、高気圧に覆われて概ね晴れています。  　１日は、高気圧に覆われて概ね晴れますが、気圧の谷の影響により次第に曇りとなるでしょう。  　２日は、高気圧に覆われて晴れる所もありますが、気圧の谷や湿った空気の影響により概ね曇りで、雨が降る所があるでしょう。
福岡管区気象台,2022-01-01T16:36:00+09:00,福岡県,,　福岡県は、高気圧に覆われて概ね晴れています。  　１日は、高気圧に覆われて概ね晴れますが、気圧の谷の影響により次第に曇りとなるでしょう。  　２日は、高気圧に覆われて晴れる所もありますが、気圧の谷や湿った空気の影響により概ね曇りで、雨が降る所があるでしょう。
福岡管区気象台,2022-01-02T04:38:00+09:00,福岡県,,　福岡県は、高気圧に覆われて概ね晴れています。  　２日は、高気圧に覆われて晴れとなりますが、気圧の谷の影響により曇りとなり雨が降る所があるでしょう。  　３日は、高気圧に覆われて晴れとなりますが、気圧の谷や湿った空気の影響により午後は曇りとなる所があるでしょう。
福岡管区気象台,2022-01-02T10:38:00+09:00,福岡県,,　福岡県は、高気圧に覆われて概ね晴れています。  　２日は、気圧の谷の影響により概ね曇りとなり、雨が降る所がありますが、高気圧に覆われて次第に晴れとなるでしょう。  　３日は、高気圧に覆われて概ね晴れとなりますが、気圧の谷の影響により午後は曇りとなる所があるでしょう。
福岡管区気象台,2022-01-02T16:35:00+09:00,福岡県,,　福岡県は、高気圧に覆われて概ね晴れています。  　２日は、高気圧に覆われて概ね晴れとなりますが、気圧の谷の影響により曇りとなる所があるでしょう。  　３日は、高気圧に覆われて概ね晴れとなるでしょう。
福岡管区気象台,2022-01-03T04:39:00+09:00,福岡県,,　福岡県は、高気圧に覆われて概ね晴れています。  　３日は、高気圧に覆われて晴れとなるでしょう。  　４日は、高気圧に覆われて概ね晴れとなりますが、湿った空気の影響により曇りとなる所があるでしょう。
福岡管区気象台,2022-01-03T10:31:00+09:00,福岡県,,　福岡県は、高気圧に覆われて晴れています。  　３日は、高気圧に覆われて晴れとなるでしょう。  　４日は、高気圧に覆われて概ね晴れとなりますが、湿った空気の影響により曇りとなる所があるでしょう。
福岡管区気象台,2022-01-03T16:31:00+09:00,福岡県,,　福岡県は、高気圧に覆われて晴れています。  　３日は、高気圧に覆われて晴れとなるでしょう。  　４日は、高気圧に覆われて概ね晴れとなりますが、湿った空気の影響により曇りとなる所があるでしょう。
福岡管区気象台,2022-01-04T04:49:00+09:00,福岡県,,　福岡県は、高気圧に覆われて晴れています。  　４日は、高気圧に覆われて概ね晴れとなりますが、湿った空気の影響により曇りとなる所があるでしょう。  　５日は、高気圧に覆われてはじめ晴れる所もありますが、気圧の谷や前線の影響により曇りで、夜は雨や雪となるでしょう。
福岡管区気象台,2022-01-04T10:34:00+09:00,福岡県,,　福岡県は、高気圧に覆われて晴れている所もありますが、湿った空気の影響により概ね曇りとなっています。  　４日は、湿った空気の影響により曇りとなりますが、高気圧に覆われて次第に晴れとなるでしょう。  　５日は、高気圧に覆われてはじめ晴れますが、気圧の谷や前線の影響で概ね曇りとなり、夜は雨や雪となるでしょう。
福岡管区気象台,2022-01-04T16:33:00+09:00,福岡県,,　福岡県は、湿った空気の影響により曇りの所がありますが、高気圧に覆われて概ね晴れています。  　４日は、湿った空気の影響により曇りとなる所がありますが、高気圧に覆われて概ね晴れとなるでしょう。  　５日は、はじめ高気圧に覆われて晴れる所がありますが、気圧の谷や前線の影響で概ね曇りとなり、夜は雨や雪となるでしょう。
福岡管区気象台,2022-01-05T04:47:00+09:00,福岡県,,　福岡県は、高気圧に覆われて晴れている所もありますが、気圧の谷の影響により概ね曇りとなっています。 　 　５日は、気圧の谷の影響により概ね曇りで、次第に雨や雪となるでしょう。  　６日は、低気圧や寒気の影響により曇りで雨や雪となりますが、次第に高気圧に覆われて晴れとなるでしょう。
福岡管区気象台,2022-01-05T10:36:00+09:00,福岡県,,　福岡県は、気圧の谷の影響により概ね曇りとなっています。 　 　５日は、気圧の谷の影響により概ね曇りで、次第に雨や雪となるでしょう。  　６日は、低気圧や寒気の影響により曇りで雨や雪となりますが、次第に高気圧に覆われて晴れとなるでしょう。
福岡管区気象台,2022-01-05T16:36:00+09:00,福岡県,,　福岡県は、気圧の谷の影響により概ね曇りで、雨が降っている所があります。 　 　５日は、気圧の谷の影響により概ね曇りで、次第に雨や雪となるでしょう。  　６日は、低気圧や寒気の影響により曇りではじめ雨や雪となりますが、高気圧に覆われて次第に晴れとなるでしょう。
福岡管区気象台,2022-01-06T04:37:00+09:00,福岡県,,　福岡県は、低気圧や前線の影響により、雨や雪となっています。 　 　６日は、低気圧や前線の影響により概ね曇りで雨や雪が降る所がありますが、高気圧に覆われて夜は晴れとなるでしょう。  　７日は、高気圧に覆われて概ね晴れますが、寒気や気圧の谷の影響により曇りとなる所があるでしょう。
福岡管区気象台,2022-01-06T10:36:00+09:00,福岡県,,　福岡県は、高気圧に覆われて晴れている所もありますが、気圧の谷や湿った空気の影響により概ね曇りとなっています。 　 　６日は、気圧の谷や湿った空気の影響により曇りで雨が降る所がありますが、高気圧に覆われて次第に晴れるでしょう。  　７日は、高気圧に覆われて概ね晴れますが、寒気や湿った空気の影響により曇りとなる所があるでしょう。
福岡管区気象台,2022-01-06T16:32:00+09:00,福岡県,,　福岡県は、湿った空気の影響により曇りの所がありますが、高気圧に覆われて概ね晴れています。 　 　６日は、高気圧に覆われて概ね晴れとなるでしょう。  　７日は、高気圧に覆われて概ね晴れとなるでしょう。
福岡管区気象台,2022-01-07T04:40:00+09:00,福岡県,,　福岡県は、高気圧に覆われて晴れている所もありますが、気圧の谷や寒気の影響により概ね曇りとなっています。 　 　７日は、気圧の谷や寒気の影響により曇りとなる所もありますが、高気圧に覆われて概ね晴れとなるでしょう。  　８日は、高気圧に覆われて概ね晴れますが、気圧の谷の影響により曇りとなる所があるでしょう。
福岡管区気象台,2022-01-07T10:32:00+09:00,福岡県,,　福岡県は、高気圧に覆われて概ね晴れています。  　７日は、、高気圧に覆われて概ね晴れとなりますが、気圧の谷や寒気の影響により、曇りとなる所があるでしょう。  　８日は、高気圧に覆われて概ね晴れますが、気圧の谷の影響により曇りとなる所があるでしょう。
福岡管区気象台,2022-01-07T16:31:00+09:00,福岡県,,　福岡県は、高気圧に覆われて概ね晴れています。  　７日は、高気圧に覆われて概ね晴れとなるでしょう。  　８日は、高気圧に覆われて概ね晴れますが、気圧の谷の影響により曇りとなる所があるでしょう。
福岡管区気象台,2022-01-08T04:41:00+09:00,福岡県,,　福岡県は、高気圧に覆われて晴れています。 　 　８日は、高気圧に覆われて概ね晴れますが、湿った空気の影響により昼過ぎから夕方にかけて曇りとなるでしょう。  　９日は、気圧の谷や湿った空気の影響により概ね曇りとなりますが、朝晩は高気圧に覆われて晴れるでしょう。
福岡管区気象台,2022-01-08T10:31:00+09:00,福岡県,,　福岡県は、高気圧に覆われて晴れています。 　 　８日は、高気圧に覆われて概ね晴れるでしょう。  　９日は、気圧の谷や湿った空気の影響により概ね曇りとなりますが、朝晩は高気圧に覆われて晴れるでしょう。
福岡管区気象台,2022-01-08T16:33:00+09:00,福岡県,,　福岡県は、高気圧に覆われて概ね晴れています。 　 　８日は、高気圧に覆われて晴れるでしょう。  　９日は、気圧の谷や湿った空気の影響により概ね曇りとなりますが、朝晩は高気圧に覆われて晴れるでしょう。
福岡管区気象台,2022-01-09T04:42:00+09:00,福岡県,,　福岡県は、高気圧に覆われて概ね晴れています。 　 　９日は、気圧の谷や湿った空気の影響により概ね曇りますが、朝晩は高気圧に覆われて晴れるでしょう。  　１０日は、高気圧に覆われて晴れますが、気圧の谷や湿った空気の影響により、早い所では夕方から曇りとなり、雨の降る所があるでしょう。
福岡管区気象台,2022-01-09T10:38:00+09:00,福岡県,,　福岡県は、気圧の谷の影響により概ね曇りとなっています。 　 　９日は、気圧の谷の影響により概ね曇りますが、夜は高気圧に覆われて次第に晴れるでしょう。  　１０日は、高気圧に覆われて晴れますが、気圧の谷や湿った空気の影響により、早い所では夕方から曇りとなり、雨の降る所があるでしょう。
福岡管区気象台,2022-01-09T16:33:00+09:00,福岡県,,　福岡県は、気圧の谷の影響により概ね曇りとなっています。 　 　９日は、気圧の谷や湿った空気の影響により概ね曇りとなりますが、夜は高気圧に覆われて次第に晴れるでしょう。  　１０日は、高気圧に覆われて概ね晴れますが、気圧の谷や湿った空気の影響により、朝晩は曇りとなり雨の降る所があるでしょう。
福岡管区気象台,2022-01-10T04:48:00+09:00,福岡県,,　福岡県は、高気圧に覆われて晴れています。 　 　１０日は、高気圧に覆われて概ね晴れますが、気圧の谷や湿った空気の影響により次第に曇りとなり、夜遅くは雨の降る所があるでしょう。  　１１日は、はじめ気圧の谷や湿った空気の影響により雨となりますが、寒気の影響により次第に雪となる所があるでしょう。
福岡管区気象台,2022-01-10T10:41:00+09:00,福岡県,,　福岡県は、高気圧に覆われて晴れています。 　 　１０日は、高気圧に覆われて概ね晴れますが、気圧の谷や湿った空気の影響により次第に曇りとなり、夜遅くは雨の降る所があるでしょう。  　１１日は、はじめ気圧の谷や湿った空気の影響により雨となりますが、寒気の影響により次第に雪となる所があるでしょう。
福岡管区気象台,2022-01-10T16:38:00+09:00,福岡県,,　福岡県は、高気圧に覆われて晴れています。 　 　１０日は、高気圧に覆われて概ね晴れますが、気圧の谷や湿った空気の影響により次第に曇りとなり、夜遅くは雨の降る所があるでしょう。  　１１日は、気圧の谷や湿った空気の影響により雨で雷を伴う所がありますが、寒気の影響により次第に雪となる所があるでしょう。
福岡管区気象台,2022-01-11T04:53:00+09:00,福岡県,,　福岡県は、前線や湿った空気の影響により概ね雨となっています。 　 　１１日は、前線や湿った空気の影響により雨で雷を伴う所があるでしょう。昼過ぎからは、寒気の影響により概ね曇りとなり、雪が降る所があるでしょう。  　１２日は、高気圧に覆われて概ね晴れますが、朝晩は寒気や気圧の谷の影響によりね曇りとなるでしょう。
福岡管区気象台,2022-01-11T10:40:00+09:00,福岡県,,　福岡県は、前線や湿った空気の影響により曇りや雨となっています。 　 　１１日は、前線や湿った空気の影響によりはじめ雨となりますが、次第に曇りとなり、雷を伴い雪や雨が降る所があるでしょう。  　１２日は、高気圧に覆われて概ね晴れますが、寒気や気圧の谷の影響により朝晩は曇りとなるでしょう。
福岡管区気象台,2022-01-11T16:34:00+09:00,福岡県,,　福岡県は、湿った空気や寒気の影響により、概ね曇りで雨や雪が降っている所があります。 　 　１１日は、湿った空気や寒気の影響により、曇りで雪や雨が降る所があるでしょう。  　１２日は、寒気や気圧の谷の影響により概ね曇りとなりますが、高気圧に覆われて日中は晴れるでしょう。
福岡管区気象台,2022-01-12T04:47:00+09:00,福岡県,,　福岡県は、寒気の影響により、概ね曇りとなっています。 　 　１２日は、寒気の影響により概ね曇りとなりますが、高気圧に覆われて晴れる所があるでしょう。  　１３日は、寒気の影響により概ね曇りで、朝から昼前は雪や雨となり、雷を伴う所があるでしょう。
福岡管区気象台,2022-01-12T10:37:00+09:00,福岡県,,　福岡県は、高気圧に覆われて晴れている所もありますが、寒気の影響により概ね曇りとなっています。  　１２日は、寒気の影響により概ね曇りとなりますが、日中は高気圧に覆われて晴れる所があるでしょう。  　１３日は、寒気の影響により概ね曇りで、朝から昼前は雪や雨となり、雷を伴う所があるでしょう。
福岡管区気象台,2022-01-12T16:40:00+09:00,福岡県,,　福岡県は、高気圧に覆われて概ね晴れています。  　１２日は、はじめは高気圧に覆われて晴れますが、夜は寒気の影響により概ね曇りとなるでしょう。  　１３日は、寒気の影響により概ね曇りで、朝から昼過ぎは雪や雨となり、雷を伴う所があるでしょう。
福岡管区気象台,2022-01-13T04:40:00+09:00,福岡県,,　福岡県は、気圧の谷や寒気の影響により、曇りで雨や雪が降っている所があります。  　１３日は、気圧の谷や寒気の影響により、曇りで昼前から昼過ぎにかけて雪や雨となり雷を伴う所があるでしょう。  　１４日は、寒気の影響によりはじめ曇りとなりますが、高気圧に覆われて次第に晴れるでしょう。
福岡管区気象台,2022-01-13T10:47:00+09:00,福岡県,,　福岡県は、気圧の谷や寒気の影響により、曇りで雨や雪が降っている所があります。  　１３日は、気圧の谷や寒気の影響により、曇りで昼過ぎにかけて雨や雪となり雷を伴う所があるでしょう。  　１４日は、寒気の影響によりはじめ曇りとなりますが、高気圧に覆われて次第に晴れるでしょう。
福岡管区気象台,2022-01-13T16:38:00+09:00,福岡県,,　福岡県は、気圧の谷や寒気の影響により、曇りで雪が降っている所があります。  　１３日は、気圧の谷や寒気の影響により、曇りで雪となる所があるでしょう。  　１４日は、寒気の影響によりはじめ曇りとなりますが、高気圧に覆われて次第に晴れるでしょう。
福岡管区気象台,2022-01-14T04:44:00+09:00,福岡県,,　福岡県は、高気圧に覆われて概ね晴れていますが、寒気の影響により曇りとなっている所があります。  　１４日は、はじめは寒気の影響により曇る所がありますが、高気圧に覆われて概ね晴れとなるでしょう。  　１５日は、高気圧に覆われて晴れる所もありますが、気圧の谷や湿った空気の影響により、概ね曇りで昼過ぎから雨が降る所があるでしょう。
福岡管区気象台,2022-01-14T10:34:00+09:00,福岡県,,　福岡県は、高気圧に覆われて概ね晴れていますが、寒気の影響により曇りとなっている所があります。  　１４日は、はじめは寒気の影響により曇る所がありますが、高気圧に覆われて概ね晴れとなるでしょう。  　１５日は、高気圧に覆われて晴れる所もありますが、気圧の谷や湿った空気の影響により、概ね曇りで昼過ぎから雨が降る所があるでしょう。
福岡管区気象台,2022-01-14T16:32:00+09:00,福岡県,,　福岡県は、高気圧に覆われて概ね晴れています。  　１４日は、高気圧に覆われて概ね晴れるでしょう。  　１５日は、高気圧に覆われて晴れる所もありますが、気圧の谷や湿った空気の影響により、概ね曇りで夕方から雨の降る所があるでしょう。
福岡管区気象台,2022-01-15T04:40:00+09:00,福岡県,,　福岡県は、気圧の谷や湿った空気の影響により概ね曇りとなっています。  　１５日は、気圧の谷や湿った空気の影響により曇りで夕方から夜のはじめ頃は雨が降る所があるでしょう。  　１６日は、前線や湿った空気の影響により概ね曇りで、朝から昼前は雨となるでしょう。
福岡管区気象台,2022-01-15T10:37:00+09:00,福岡県,,　福岡県は、気圧の谷や湿った空気の影響により概ね曇りとなっています。  　１５日は、気圧の谷や湿った空気の影響により曇りで夕方から夜のはじめ頃は雨が降る所があるでしょう。  　１６日は、前線や湿った空気の影響により概ね曇りで、朝から昼前は雨となるでしょう。
福岡管区気象台,2022-01-15T16:40:00+09:00,福岡県,,　福岡県は、気圧の谷や湿った空気の影響により概ね曇りとなっています。  　１５日は、気圧の谷や湿った空気の影響により概ね曇りで雨が降る所もありますが、夜遅くには高気圧に覆われて晴れとなるでしょう。  　１６日は、前線や湿った空気の影響により概ね曇りで朝から昼前は雨となるでしょう。
福岡管区気象台,2022-01-16T04:41:00+09:00,福岡県,,　福岡県は、高気圧に覆われて晴れている所もありますが、湿った空気の影響により概ね曇りとなっています。  　１６日は、気圧の谷や湿った空気の影響により曇りで昼前は雨となりますが、高気圧に覆われて次第に晴れるでしょう。  　１７日は、高気圧に覆われて概ね晴れますが、気圧の谷や湿った空気の影響により曇りとなる所があるでしょう。
福岡管区気象台,2022-01-16T10:35:00+09:00,福岡県,,　福岡県は、湿った空気の影響により雨や曇りとなっています。  　１６日は、湿った空気の影響によりはじめ雨となりますが、高気圧に覆われて次第に晴れるでしょう。  　１７日は、高気圧に覆われて概ね晴れますが、気圧の谷や湿った空気の影響により曇りとなる所があるでしょう。
福岡管区気象台,2022-01-16T16:34:00+09:00,福岡県,,　福岡県は、湿った空気の影響により概ね曇りとなっています。  　１６日は、湿った空気の影響により概ね曇りとなりますが、高気圧に覆われて夜は晴れるでしょう。  　１７日は、高気圧に覆われて概ね晴れますが、気圧の谷や湿った空気の影響により曇りとなる所があるでしょう。
福岡管区気象台,2022-01-17T04:39:00+09:00,福岡県,,　福岡県は、高気圧に覆われて晴れている所もありますが、気圧の谷の影響により概ね曇りとなっています。  　１７日は、高気圧に覆われて晴れの所もありますが、気圧の谷や寒気の影響により概ね曇りとなるでしょう。  　１８日は、高気圧に覆われて概ね晴れますが、はじめ寒気の影響により曇りとなるでしょう。
福岡管区気象台,2022-01-17T10:31:00+09:00,福岡県,,　福岡県は、高気圧に覆われて概ね晴れとなっています。  　１７日は、高気圧に覆われて概ね晴れとなりますが、寒気の影響で夜は曇りとなるでしょう。  　１８日は、高気圧に覆われて概ね晴れますが、はじめ寒気の影響により曇りとなるでしょう。
福岡管区気象台,2022-01-17T16:33:00+09:00,福岡県,,　福岡県は、高気圧に覆われて概ね晴れとなっています。  　１７日は、はじめは高気圧に覆われて概ね晴れますが、寒気の影響で夜は曇りで雨や雪が降る所があるでしょう。  　１８日は、高気圧に覆われて概ね晴れますが、はじめ寒気の影響により曇りで雨や雪が降る所があるでしょう。
福岡管区気象台,2022-01-18T04:43:00+09:00,福岡県,,　福岡県は、寒気の影響により概ね曇りとなっています。  　１８日は、寒気の影響によりはじめ曇りとなりますが、高気圧に覆われて次第に晴れるでしょう。  　１９日は、高気圧に覆われて晴れますが、気圧の谷や湿った空気の影響により昼前から夕方は曇りとなるでしょう。
福岡管区気象台,2022-01-18T10:38:00+09:00,福岡県,,　福岡県は、高気圧に覆われて晴れている所もありますが、寒気の影響により概ね曇りとなっています。  　１８日は、高気圧に覆われて概ね晴れますが、寒気の影響により曇りとなる所があるでしょう。  　１９日は、高気圧に覆われて晴れますが、気圧の谷や湿った空気の影響により昼前から夕方は曇りとなるでしょう。
福岡管区気象台,2022-01-18T16:32:00+09:00,福岡県,,　福岡県は、高気圧に覆われて晴れています。  　１８日は、高気圧に覆われて晴れるでしょう。  　１９日は、高気圧に覆われて概ね晴れますが、気圧の谷や湿った空気の影響により時々曇りとなるでしょう。
福岡管区気象台,2022-01-19T04:49:00+09:00,福岡県,,　福岡県は、寒気の影響により曇りとなっている所がありますが、高気圧に覆われて概ね晴れています。  　１９日は、高気圧に覆われて概ね晴れますが、気圧の谷や湿った空気の影響により曇りとなる所があるでしょう。  　２０日は、はじめは気圧の谷や寒気の影響により、雨や雪が降りますが、次第に曇りとなるでしょう。
福岡管区気象台,2022-01-19T10:34:00+09:00,福岡県,,　福岡県は、寒気の影響により曇りとなっている所がありますが、高気圧に覆われて概ね晴れています。  　１９日は、高気圧に覆われて概ね晴れますが、気圧の谷や湿った空気の影響により曇りとなる所があるでしょう。  　２０日は、はじめは気圧の谷や寒気の影響により、雨や雪が降りますが、次第に曇りとなるでしょう。
福岡管区気象台,2022-01-19T16:36:00+09:00,福岡県,,　福岡県は、高気圧に覆われて概ね晴れています。  　１９日は、高気圧に覆われて概ね晴れますが、気圧の谷や湿った空気の影響により夜遅くは曇りとなる所があるでしょう。  　２０日は、気圧の谷や寒気の影響により概ね曇りで雨や雪となるでしょう。
福岡管区気象台,2022-01-20T04:49:00+09:00,福岡県,,　福岡県は、寒気や湿った空気の影響により概ね曇りで、雨や雪となっている所があります。  　２０日は、寒気や湿った空気の影響により曇りで、雨や雪となる所があるでしょう。  　２１日は、寒気や湿った空気の影響により曇りで、高気圧に覆われて次第に晴れとなるでしょう。
福岡管区気象台,2022-01-20T10:53:00+09:00,福岡県,,　福岡県は、寒気や湿った空気の影響により曇りで雨や雪となり、雷を伴っている所があります。  　２０日は、寒気や湿った空気の影響により曇りで雨や雪となり、雷を伴う所があるでしょう。  　２１日は、寒気や湿った空気の影響により曇りですが、高気圧に覆われて次第に晴れとなるでしょう。
福岡管区気象台,2022-01-20T16:34:00+09:00,福岡県,,　福岡県は、寒気や湿った空気の影響により曇りで、雨や雪となっている所があります。  　２０日は、寒気や湿った空気の影響により曇りで、雨や雪となる所があるでしょう。  　２１日は、寒気や湿った空気の影響により曇りで雨や雪となる所がありますが、高気圧に覆われて次第に晴れとなるでしょう。
福岡管区気象台,2022-01-21T04:36:00+09:00,福岡県,,　福岡県は、寒気や湿った空気の影響により概ね曇りで、雨や雪が降っている所があります。  　２１日は、寒気や湿った空気の影響により概ね曇りで雨や雪の降る所がありますが、高気圧に覆われて次第に晴れとなるでしょう。  　２２日は、高気圧に覆われて晴れますが、湿った空気や気圧の谷の影響により次第に曇り、夜遅くは雨となるでしょう。
福岡管区気象台,2022-01-21T10:32:00+09:00,福岡県,,　福岡県は、寒気や湿った空気の影響により曇りとなっています。  　２１日は、寒気や湿った空気の影響により曇りとなりますが、高気圧に覆われて次第に晴れとなるでしょう。  　２２日は、高気圧に覆われて晴れますが、湿った空気や気圧の谷の影響により次第に曇りとなり夜遅くは雨となるでしょう。
福岡管区気象台,2022-01-21T16:31:00+09:00,福岡県,,　福岡県は、高気圧に覆われて晴れている所もありますが、寒気や湿った空気の影響により概ね曇りとなっています。  　２１日は、寒気や湿った空気の影響により概ね曇りとなりますが、高気圧に覆われて夜は晴れるでしょう。  　２２日は、高気圧に覆われて晴れますが、湿った空気や気圧の谷の影響により次第に曇りとなり夜遅くは雨となるでしょう。
福岡管区気象台,2022-01-22T04:37:00+09:00,福岡県,,　福岡県は、高気圧に覆われて概ね晴れていますが、湿った空気や気圧の谷の影響により曇りの所があります。  　２２日は、高気圧に覆われてはじめ晴れる所もありますが、湿った空気や気圧の谷の影響により次第に曇りとなり夜は雨が降る所があるでしょう。  　２３日は、湿った空気や気圧の谷の影響により雨ですが、夕方から曇りとなるでしょう。
福岡管区気象台,2022-01-22T10:33:00+09:00,福岡県,,　福岡県は、高気圧に覆われて概ね晴れていますが、湿った空気や気圧の谷の影響により曇りとなっている所があります。  　２２日は、高気圧に覆われてはじめ概ね晴れとなりますが、湿った空気や気圧の谷の影響により次第に曇りとなり、夜は雨が降る所があるでしょう。  　２３日は、湿った空気や気圧の谷の影響により雨ですが、夕方から曇りとなるでしょう。
福岡管区気象台,2022-01-22T16:33:00+09:00,福岡県,,　福岡県は、高気圧に覆われて晴れとなっていますが、湿った空気や気圧の谷の影響により曇りとなっている所があります。  　２２日は、高気圧に覆われてはじめ晴れとなりますが、湿った空気や気圧の谷の影響により次第に曇りとなり、夜遅くは雨が降る所があるでしょう。  　２３日は、湿った空気や気圧の谷の影響により曇りや雨となるでしょう。
福岡管区気象台,2022-01-23T04:34:00+09:00,福岡県,,　福岡県は、気圧の谷や前線の影響により雨となっています。  　２３日は、気圧の谷や前線の影響により雨で、夜は曇りとなるでしょう。 　 　２４日は、寒気や湿った空気の影響により曇りとなりますが、高気圧に覆われて次第に晴れるでしょう。
福岡管区気象台,2022-01-23T10:32:00+09:00,福岡県,,　福岡県は、前線や湿った空気の影響により雨となっています。  　２３日は、前線や湿った空気の影響により雨で、夜は次第に曇りとなるでしょう。 　 　２４日は、寒気や湿った空気の影響により曇りとなりますが、高気圧に覆われて次第に晴れるでしょう。
福岡管区気象台,2022-01-23T16:32:00+09:00,福岡県,,　福岡県は、前線や湿った空気の影響により雨となっています。  　２３日は、前線や湿った空気の影響により雨で、夜遅くは曇りとなるでしょう。 　 　２４日は、寒気や湿った空気の影響により曇りで雨が降る所がありますが、高気圧に覆われて次第に晴れるでしょう。
福岡管区気象台,2022-01-24T04:47:00+09:00,福岡県,,　福岡県は、寒気や湿った空気の影響により曇りで雨の降っている所があります。  　２４日は、寒気や湿った空気の影響により曇りで雨が降る所がありますが、高気圧に覆われて次第に晴れとなるでしょう。 　 　２５日は、寒気や湿った空気の影響により曇りとなる所がありますが、高気圧に覆われて概ね晴れるでしょう。
福岡管区気象台,2022-01-24T10:37:00+09:00,福岡県,,　福岡県は、気圧の谷や寒気の影響により概ね曇りで雨の降っている所があります。  　２４日は、気圧の谷や寒気の影響により曇りで雨が降る所がありますが、高気圧に覆われて次第に晴れとなるでしょう。 　 　２５日は、寒気や湿った空気の影響により曇りとなる所がありますが、高気圧に覆われて概ね晴れるでしょう。
福岡管区気象台,2022-01-24T16:34:00+09:00,福岡県,,　福岡県は、寒気や湿った空気の影響により概ね曇りとなっています。  　２４日は、寒気や湿った空気の影響により概ね曇りとなるでしょう。 　 　２５日は、寒気や湿った空気の影響により概ね曇りとなりますが、高気圧に覆われて晴れる所もあるでしょう。
福岡管区気象台,2022-01-25T04:47:00+09:00,福岡県,,　福岡県は、高気圧に覆われて概ね晴れています。  　２５日は、高気圧に覆われて概ね晴れますが、寒気や湿った空気の影響により次第に曇りとなるでしょう。 　 　２６日は、寒気や湿った空気の影響により曇りで雨が降る所がありますが、高気圧に覆われて次第に晴れとなるでしょう。
福岡管区気象台,2022-01-25T10:34:00+09:00,福岡県,,　福岡県は、高気圧に覆われて概ね晴れとなっています。  　２５日は、高気圧に覆われて概ね晴れますが、寒気や湿った空気の影響により次第に曇りとなるでしょう。 　 　２６日は、寒気や湿った空気の影響により曇りで、はじめ雨となる所がありますが、高気圧に覆われて次第に晴れとなるでしょう。
福岡管区気象台,2022-01-25T16:33:00+09:00,福岡県,,　福岡県は、高気圧に覆われて概ね晴れとなっています。  　２５日は、高気圧に覆われて晴れますが、気圧の谷や湿った空気の影響により次第に曇りとなるでしょう。  　２６日は、寒気や湿った空気の影響により曇りで、はじめ雨となる所がありますが、高気圧に覆われて次第に晴れとなるでしょう。
福岡管区気象台,2022-01-26T04:40:00+09:00,福岡県,,　福岡県は、気圧の谷や湿った空気の影響により概ね曇りで雨が降っている所があります。  　２６日は、気圧の谷や湿った空気の影響により概ね曇りで雨が降る所がありますが、高気圧に覆われて次第に晴れとなるでしょう。  　２７日は、高気圧に覆われて概ね晴れですが、気圧の谷の影響により朝晩は曇りとなるでしょう。
福岡管区気象台,2022-01-26T10:32:00+09:00,福岡県,,　福岡県は、湿った空気の影響により概ね曇りとなっていますが、高気圧に覆われて晴れている所があります。  　２６日は、湿った空気の影響によりはじめ曇りとなる所がありますが、高気圧に覆われて概ね晴れとなるでしょう。  　２７日は、高気圧に覆われて概ね晴れますが、気圧の谷の影響により朝晩は曇りとなるでしょう。
福岡管区気象台,2022-01-26T16:32:00+09:00,福岡県,,　福岡県は、高気圧に覆われて晴れています。  　２６日は、高気圧に覆われて晴れとなりますが、気圧の谷の影響により夜遅くは曇りとなるでしょう。  　２７日は、高気圧に覆われて晴れる所もありますが、気圧の谷や湿った空気の影響により概ね曇りとなるでしょう。
福岡管区気象台,2022-01-27T04:34:00+09:00,福岡県,,　福岡県は、気圧の谷の影響により、概ね曇りとなっています。  　２７日は、気圧の谷や湿った空気の影響により、概ね曇りで雨が降る所がありますが、夜は高気圧に覆われて晴れとなるでしょう。  　２８日は、高気圧に覆われて概ね晴れとなりますが、気圧の谷の影響により時々曇りとなるでしょう。
福岡管区気象台,2022-01-27T10:33:00+09:00,福岡県,,　福岡県は、高気圧に覆われて晴れている所もありますが、気圧の谷や湿った空気の影響により、概ね曇りとなっています。  　２７日は、気圧の谷や湿った空気の影響により概ね曇りとなりますが、夜は高気圧に覆われて晴れとなるでしょう。  　２８日は、高気圧に覆われて概ね晴れとなりますが、気圧の谷の影響により時々曇りとなるでしょう。
福岡管区気象台,2022-01-27T16:32:00+09:00,福岡県,,　福岡県は、高気圧に覆われて晴れている所もありますが、気圧の谷や湿った空気の影響により、概ね曇りとなっています。  　２７日は、気圧の谷や湿った空気の影響によりはじめ曇りとなりますが、夜は高気圧に覆われて晴れとなるでしょう。  　２８日は、高気圧に覆われて概ね晴れとなるでしょう。
福岡管区気象台,2022-01-28T04:32:00+09:00,福岡県,,　福岡県は、高気圧に覆われて概ね晴れています。  　２８日は、高気圧に覆われて概ね晴れますが、気圧の谷の影響により夜遅くは曇りとなるでしょう。  　２９日は、高気圧に覆われて概ね晴れますが、気圧の谷の影響により朝晩は曇りとなるでしょう。
福岡管区気象台,2022-01-28T10:31:00+09:00,福岡県,,　福岡県は、高気圧に覆われて概ね晴れています。  　２８日は、高気圧に覆われて概ね晴れるでしょう。  　２９日は、高気圧に覆われて概ね晴れますが、気圧の谷の影響により朝晩は曇りとなるでしょう。
福岡管区気象台,2022-01-28T16:31:00+09:00,福岡県,,　福岡県は、高気圧に覆われて晴れています。  　２８日は、高気圧に覆われて晴れるでしょう。  　２９日は、高気圧に覆われて概ね晴れるでしょう。
福岡管区気象台,2022-01-29T04:40:00+09:00,福岡県,,　福岡県は、気圧の谷の影響により概ね曇りとなっています。  　２９日は、気圧の谷の影響により概ね曇りとなりますが、高気圧に覆われて昼過ぎから夕方は晴れとなるでしょう。  　３０日は、気圧の谷や湿った空気の影響により概ね曇りとなりますが、高気圧に覆われて昼過ぎから晴れとなるでしょう。
福岡管区気象台,2022-01-29T10:34:00+09:00,福岡県,,　福岡県は、気圧の谷の影響により、概ね曇りとなっています。  　２９日は、気圧の谷の影響により、概ね曇りとなるでしょう。  　３０日は、気圧の谷や湿った空気の影響により概ね曇りとなりますが、高気圧に覆われて昼過ぎから時々晴れとなるでしょう。
福岡管区気象台,2022-01-29T16:34:00+09:00,福岡県,,　福岡県は、高気圧に覆われて概ね晴れとなっています。  　２９日は、はじめ高気圧に覆われて概ね晴れますが、気圧の谷の影響により夜は曇りとなるでしょう。  　３０日は、気圧の谷や寒気の影響により概ね曇りとなるでしょう。
福岡管区気象台,2022-01-30T04:39:00+09:00,福岡県,,　福岡県は、気圧の谷の影響により曇りとなっています。  　３０日は、気圧の谷や寒気の影響により曇りで、夜は雨の降る所があるでしょう。  　３１日は、高気圧に覆われて概ね晴れるでしょう。
福岡管区気象台,2022-01-30T10:33:00+09:00,福岡県,,　福岡県は、気圧の谷の影響により概ね曇りとなっています。  　３０日は、気圧の谷や寒気の影響により概ね曇りで雨が降る所があるでしょう。  　３１日は、高気圧に覆われて概ね晴れるでしょう。
福岡管区気象台,2022-01-30T16:35:00+09:00,福岡県,,　福岡県は、気圧の谷や寒気の影響により概ね曇りで雨が降っている所があります。  　３０日は、気圧の谷や寒気の影響により概ね曇りで雨や雪が降る所があるでしょう。  　３１日は、寒気の影響によりはじめ曇りで雨や雪が降る所がありますが、高気圧に覆われて概ね晴れとなるでしょう。
福岡管区気象台,2022-01-31T04:37:00+09:00,福岡県,,　福岡県は、高気圧に覆われて概ね晴れていますが、寒気の影響により曇りの所があります。  　３１日は、はじめ寒気の影響により曇りの所がありますが、高気圧に覆われて概ね晴れとなるでしょう。  　２月１日は、気圧の谷や寒気の影響により概ね曇りとなり、雨や雪が降る所があるでしょう。
福岡管区気象台,2022-01-31T10:32:00+09:00,福岡県,,　福岡県は、高気圧に覆われて概ね晴れています。  　３１日は、高気圧に覆われて概ね晴れとなるでしょう。  　２月１日は、気圧の谷や寒気の影響により概ね曇りとなり、雨や雪が降る所があるでしょう。
福岡管区気象台,2022-01-31T16:36:00+09:00,福岡県,,　福岡県は、高気圧に覆われて晴れています。  　３１日は、高気圧に覆われて晴れとなるでしょう。  　２月１日は、気圧の谷や寒気の影響により概ね曇りで、朝から昼前は雨や雪が降る所があるでしょう。
