publishingOffice,reportDatetime,targetArea,headlineText,text
富山地方気象台,2022-03-01T04:45:00+09:00,富山県,,　北陸地方は、日本の南に中心を持つ高気圧に覆われています。一方、中国東北区には低気圧があって東へ進んでいます。  　富山県は、薄曇りとなっています。  　１日は、前線を伴った低気圧が日本海北部から北海道の南海上へ進み、寒冷前線が夜には北陸地方に接近する見込みです。また、別の前線が西日本から東日本へ進むでしょう。 　このため、曇りで昼過ぎから雨となるでしょう。  　２日は、はじめ北日本中心の冬型の気圧配置となりますが、次第に高気圧に覆われる見込みです。 　このため、曇りのち晴れで未明は雨となるでしょう。
富山地方気象台,2022-03-01T10:35:00+09:00,富山県,,　日本海に低気圧があって東に進んでいます。一方、東シナ海から西日本にかけて前線がのびています。  　富山県は、曇りとなっています。  　１日は、前線を伴った低気圧が日本海北部から北海道の南海上へ進み、寒冷前線が夜には北陸地方に接近する見込みです。また、別の前線が西日本から東日本へ進むでしょう。 　このため、曇りで昼過ぎから雨となるでしょう。  　２日は、はじめ湿った空気や寒気の影響を受けますが、次第に高気圧に覆われる見込みです。 　このため、曇りのち晴れで未明は雨となるでしょう。
富山地方気象台,2022-03-01T16:36:00+09:00,富山県,,　日本海と西日本に前線を伴った低気圧があって、それぞれ東に進んでいます。  　富山県は、雨となっています。  　１日は、日本海の低気圧が北海道の南海上に進み、寒冷前線が夜には北陸地方に近づく見込みです。 　このため、雨で夜遅く雷を伴う所があるでしょう。  　２日は、はじめ湿った空気や寒気の影響を受けますが、次第に高気圧に覆われる見込みです。 　このため、曇りのち晴れで未明は雨となり、明け方まで雷を伴う所があるでしょう。
富山地方気象台,2022-03-02T04:51:00+09:00,富山県,,　北日本中心の冬型の気圧配置となっています。  　富山県は、おおむね曇りとなっています。  　２日は、はじめ湿った空気や寒気の影響を受けますが、次第に高気圧に覆われる見込みです。 　このため、晴れ朝晩曇りで、朝まで雨か雪の降る所があるでしょう。  　３日は、気圧の谷が朝から昼過ぎにかけて北陸地方を通過する見込みです。 　このため、曇りで、昼過ぎから夕方は雨か雪となるでしょう。
富山地方気象台,2022-03-02T10:37:00+09:00,富山県,,　日本海に高気圧が張り出していますが、湿った空気の影響を受けています。  　富山県は、曇り又は晴れとなっています。  　２日は、高気圧に覆われますが、気圧の谷や湿った空気の影響を受ける見込みです。 　このため、晴れ時々曇りでしょう。  　３日は、気圧の谷や北日本を通過する低気圧の影響を受ける見込みです。 　このため、曇りで昼過ぎから夕方は雨か雪となるでしょう。
富山地方気象台,2022-03-02T16:45:00+09:00,富山県,,　日本海に高気圧が張り出していますが、湿った空気の影響を受けています。  　富山県は、おおむね曇りとなっています。  　２日は、高気圧に覆われますが、気圧の谷や湿った空気の影響を受ける見込みです。 　このため、曇りで夜のはじめ頃は晴れるでしょう。  　３日は、気圧の谷や北日本を通過する低気圧の影響を受ける見込みです。 　このため、曇りで、昼過ぎから夕方にかけて雨や雷雨となり、山間部では雪の降る所があるでしょう。
富山地方気象台,2022-03-03T04:52:00+09:00,富山県,,　東シナ海に高気圧があって本州付近に張り出しています。一方、日本海に低気圧があって、東に進んでいます。  　富山県は、晴れ又は曇りとなっています。  　３日は、気圧の谷や北日本を通過する低気圧の影響を受ける見込みです。 　このため、曇りで、昼過ぎから夕方にかけて雨となり、山間部では雪の降る所があるでしょう。また、昼前から夕方にかけて、雷を伴う所がある見込みです。  　４日は、高気圧に覆われますが、気圧の谷や湿った空気の影響を受ける見込みです。 　このため、晴れ時々曇りとなるでしょう。
富山地方気象台,2022-03-03T10:38:00+09:00,富山県,,　日本海北部には低気圧があって、東に進んでいます。  　富山県は、雨又は曇りとなっています。  　３日は、北日本を通過する低気圧の影響を受ける見込みです。 　このため、雨か雪で雷を伴う所がありますが、夜は曇りとなるでしょう　。  　４日は、高気圧に覆われますが、気圧の谷や湿った空気の影響を受ける見込みです。 　このため、晴れ時々曇りとなるでしょう。
富山地方気象台,2022-03-03T16:36:00+09:00,富山県,,　オホーツク海と北海道付近には低気圧があって、東に進んでいます。  　富山県は、おおむね雨となっています。  　３日は、北日本中心の冬型の気圧配置となる見込みです。 　このため、雨夜曇りとなるでしょう。  　４日は、高気圧に覆われますが、気圧の谷や湿った空気の影響を受ける見込みです。 　このため、晴れ時々曇りとなるでしょう。
富山地方気象台,2022-03-04T04:40:00+09:00,富山県,,　本州付近は、高気圧に覆われています。  　富山県は、晴れとなってます。  　４日は、高気圧に覆われますが、気圧の谷や湿った空気の影響を受ける見込みです。 　このため、晴れ昼過ぎから時々曇りとなるでしょう。  　５日は、日本海の低気圧からのびる寒冷前線が北陸地方を通過し、その後、寒気の影響を受ける見込みです。 　このため、曇り昼前から時々雨か雪で、朝から雷を伴う所があるでしょう。
富山地方気象台,2022-03-04T10:41:00+09:00,富山県,,　本州付近は、高気圧に覆われています。  　富山県は、晴れとなっています。  　４日は、高気圧に覆われますが、気圧の谷や湿った空気の影響を受ける見込みです。 　このため、晴れ夜曇りとなるでしょう。  　５日は、日本海の低気圧からのびる寒冷前線が北陸地方を通過し、その後、寒気の影響を受ける見込みです。 　このため、曇り昼前から時々雨か雪で、朝から雷を伴う所があるでしょう。
富山地方気象台,2022-03-04T16:39:00+09:00,富山県,,　本州付近は、高気圧に覆われています。  　富山県は、晴れ又は薄曇りとなっています。  　４日は、高気圧に覆われますが、気圧の谷や湿った空気の影響を受ける見込みです。 　このため、晴れますが、夜のはじめ頃は曇りとなるでしょう。  　５日は、日本海の低気圧からのびる寒冷前線が北陸地方を通過し、その後、寒気の影響を受ける見込みです。 　このため、曇り昼前から時々雨か雪で、朝から雷を伴う所があるでしょう。
富山地方気象台,2022-03-05T04:47:00+09:00,富山県,,　北陸地方は高気圧に覆われています。一方、日本海には低気圧があって東北東に進んでいます。  　富山県は、晴れています。  　５日は、日本海の低気圧からのびる寒冷前線が北陸地方を通過し、その後は寒気の影響を受ける見込みです。 　このため、曇り昼過ぎから時々雨か雪で、昼前から雷を伴う所があるでしょう。  　６日は、次第に冬型の気圧配置となる見込みです。 　このため、雪か雨時々曇りで、雷を伴う所があるでしょう。
富山地方気象台,2022-03-05T10:42:00+09:00,富山県,,　日本海には前線を伴った低気圧があって北東に進んでいます。  　富山県は、おおむね晴れとなっています。  　５日は、日本海の低気圧からのびる寒冷前線が北陸地方を通過し、その後は寒気の影響を受ける見込みです。 　このため、曇り時々雨で夜には雪が混じり、雷を伴う所があるでしょう。  　６日は、次第に冬型の気圧配置となる見込みです。 　このため、雪か雨時々曇りで、雷を伴う所があるでしょう。  　富山県では、黄砂の観測されている所があります。５日は引き続き、黄砂が観測される可能性があります。
富山地方気象台,2022-03-05T16:37:00+09:00,富山県,,　前線を伴った低気圧が沿海州付近にあって東に進んでいます。  　富山県は、おおむね雨となっています。  　５日は、寒気の影響を受ける見込みです。 　このため、雨で夜は雪が混じり、雷を伴う所があるでしょう。  　６日は、強い冬型の気圧配置となる見込みです。 　このため、雪か雨時々曇りで、雷を伴う所があるでしょう。
富山地方気象台,2022-03-06T04:47:00+09:00,富山県,,　前線を伴った低気圧が日本海北部にあって南東に進んでいます。  　富山県は、雪や雨となっています。  　６日は、低気圧が千島近海へ進み、日本付近は冬型の気圧配置となる見込みです。 　このため、雪か雨時々曇りで、雷を伴う所があるでしょう。  　７日は、冬型の気圧配置は次第に緩みますが、寒気の影響を受ける見込みです。 　このため、曇りではじめ雪か雨となリ、雷を伴う所があるでしょう。
富山地方気象台,2022-03-06T10:40:00+09:00,富山県,,　発達した低気圧が北海道付近にあって東に進んでいます。  　富山県は、雪又は曇りとなっています。  　６日は、低気圧が千島近海へ進み、日本付近は冬型の気圧配置となる見込みです。 　このため、雪か雨時々曇りで、雷を伴う所があるでしょう。  　７日は、冬型の気圧配置は次第に緩みますが、寒気の影響を受ける見込みです。 　このため、曇りで未明は雪か雨となリ、明け方まで雷を伴う所があるでしょう。
富山地方気象台,2022-03-06T16:36:00+09:00,富山県,,　本州付近は冬型の気圧配置となっています。  　富山県は、雨や雪又は曇りとなっています。  　６日は、冬型の気圧配置が続く見込みです。 　このため、雪か雨時々曇りで、雷を伴う所があるでしょう。  　７日は、冬型の気圧配置は次第に緩みますが、寒気の影響を受ける見込みです。 　このため、曇りで未明は雪か雨となリ、明け方まで雷を伴う所があるでしょう。
富山地方気象台,2022-03-07T04:39:00+09:00,富山県,,　本州付近は冬型の気圧配置となっています。  　富山県は、雪や雨又は曇りとなっています。  　７日は、冬型の気圧配置は次第に緩みますが、寒気の影響を受ける見込みです。 　このため、曇りで、はじめ雪か雨の降る所があるでしょう。  　８日は、高気圧に覆われますが、上空の気圧の谷の影響を受ける見込みです。 　このため、晴れで昼前まで時々曇りとなるでしょう。
富山地方気象台,2022-03-07T10:36:00+09:00,富山県,,　大陸から高気圧が西日本に張り出していますが、北陸地方は寒気や湿った空気の影響を受けています。  　富山県は、曇り又は晴れとなっています。  　７日は、寒気や湿った空気の影響を受ける見込みです。 　このため、曇り時々晴れとなるでしょう。  　８日は、高気圧に緩やかに覆われますが、上空の気圧の谷の影響を受ける見込みです。 　このため、晴れますが、昼前まで時々曇りとなるでしょう。
富山地方気象台,2022-03-07T16:33:00+09:00,富山県,,　大陸から高気圧が西日本に張り出していますが、北陸地方は寒気や湿った空気の影響を受けています。  　富山県は、曇り又は薄曇りとなっています。  　７日は、寒気や湿った空気の影響を受ける見込みです。 　このため、曇りとなるでしょう。  　８日は、高気圧に覆われますが、上空の気圧の谷の影響を受ける見込みです。 　このため、晴れますが、昼前まで時々曇りとなるでしょう。
富山地方気象台,2022-03-08T04:55:00+09:00,富山県,,　日本海に中心をもつ高気圧に覆われています。  　富山県は、晴れ又は曇りとなっています。  　８日は、高気圧に覆われますが、寒気や上空の気圧の谷の影響を受ける見込みです。 　このため、晴れ時々曇りとなるでしょう。  　９日は、高気圧に覆われますが、気圧の谷の影響を受ける見込みです。 　このため、晴れ時々曇りとなるでしょう。
富山地方気象台,2022-03-08T10:37:00+09:00,富山県,,　日本海に中心をもつ高気圧に覆われています。  　富山県は、曇り又は晴れとなっています。  　８日は、高気圧に覆われますが、寒気や上空の気圧の谷の影響を受ける見込みです。 　このため、曇りで夕方から晴れとなるでしょう。  　９日は、高気圧に覆われますが、気圧の谷の影響を受ける見込みです。 　このため、晴れ時々曇りとなるでしょう。
富山地方気象台,2022-03-08T16:36:00+09:00,富山県,,　日本海に中心をもつ高気圧に覆われています。  　富山県は、晴れ又は曇りとなっています。  　８日は、高気圧に覆われる見込みです。 　このため、おおむね晴れるでしょう。  　９日は、高気圧に覆われますが、気圧の谷の影響を受ける見込みです。 　このため、晴れ時々曇りとなるでしょう。
富山地方気象台,2022-03-09T04:40:00+09:00,富山県,,　日本海に中心をもつ高気圧に覆われています。  　富山県は、晴れとなっています。  　９日は、高気圧に覆われますが、気圧の谷や湿った空気の影響を受ける見込みです。 　このため、晴れで昼過ぎから時々曇りとなるでしょう。  　１０日は、高気圧に覆われますが、気圧の谷や湿った空気の影響を受ける見込みです。 　このため、晴れで昼前から昼過ぎは曇りとなるでしょう。
富山地方気象台,2022-03-09T10:39:00+09:00,富山県,,　本州付近は高気圧に覆われています。  　富山県は、晴れとなっています。  　９日は、高気圧に覆われますが、気圧の谷や湿った空気の影響を受ける見込みです。 　このため、晴れ時々曇りとなるでしょう。  　１０日は、高気圧に覆われますが、はじめ気圧の谷や湿った空気の影響を受ける見込みです。 　このため、晴れで、昼前から昼過ぎは曇りとなるでしょう。
富山地方気象台,2022-03-09T16:38:00+09:00,富山県,,　本州付近は高気圧に覆われています。  　富山県は、晴れとなっています。  　９日は、高気圧に覆われますが、気圧の谷や湿った空気の影響を受ける見込みです。 　このため、晴れで夜のはじめ頃は曇りとなるでしょう。  　１０日は、高気圧に覆われる見込みです。 　このため、晴れとなるでしょう。
富山地方気象台,2022-03-10T04:35:00+09:00,富山県,,　本州付近は高気圧に覆われています。  　富山県は、晴れとなっています。  　１０日は、高気圧に覆われる見込みです。 　このため、晴れとなるでしょう。  　１１日は、高気圧は日本の東へ移動し、沿海州からサハリン付近へ進む低気圧から寒冷前線が北日本へのびる見込みです。 　このため、晴れ時々曇りとなるでしょう。
富山地方気象台,2022-03-10T10:38:00+09:00,富山県,,　本州付近は高気圧に覆われています。  　富山県は、薄曇りとなっています。  　１０日は、高気圧に覆われますが、はじめ上空の気圧の谷の影響を受ける見込みです。 　このため、曇りで昼過ぎから晴れとなるでしょう。  　１１日は、高気圧が日本の東へ移動し、沿海州からサハリン付近へ進む低気圧からのびる寒冷前線が北日本へのびる見込みです。 　このため、晴れ時々曇りとなるでしょう。
富山地方気象台,2022-03-10T16:37:00+09:00,富山県,,　本州付近は高気圧に覆われています。  　富山県は、晴れています。  　１０日は、高気圧に覆われる見込みです。 　このため、晴れとなるでしょう。  　１１日は、高気圧が日本の東へ移動し、沿海州からサハリン付近へ進む低気圧からのびる寒冷前線が北日本へ進む見込みです。 　このため、晴れで昼前から時々曇りとなるでしょう。
富山地方気象台,2022-03-11T04:36:00+09:00,富山県,,　本州付近は高気圧に覆われています。  　富山県は、晴れとなっています。  　１１日は、高気圧が日本の東へ移動し、サハリン付近の低気圧からのびる寒冷前線が、夜には北日本に接近する見込みです。 　このため、晴れで昼過ぎから時々曇りとなるでしょう。  　１２日は、高気圧に覆われますが、湿った空気の影響を受ける見込みです。 　このため、晴れ朝晩曇りとなるでしょう。
富山地方気象台,2022-03-11T10:37:00+09:00,富山県,,　本州付近は高気圧に覆われています。  　富山県は、晴れています。  　１１日は、高気圧が日本の東へ移動し、サハリン付近の低気圧からのびる寒冷前線が、夜には北日本に接近する見込みです。 　このため、晴れで夕方から曇りとなるでしょう。  　１２日は、高気圧に覆われますが、寒冷前線の通過や湿った空気の影響を受ける見込みです。 　このため、晴れで朝晩は曇りとなるでしょう。
富山地方気象台,2022-03-11T16:38:00+09:00,富山県,,　本州付近は高気圧に緩やかに覆われています。一方、日本海は気圧の谷となっています。  　富山県は、曇り又は晴れとなっています。  　１１日は、日本の東の高気圧に緩やかに覆われますが、寒冷前線が夜には北日本に接近する見込みです。 　このため、おおむね曇りとなるでしょう。  　１２日は、高気圧に覆われますが、寒冷前線の通過や湿った空気の影響を受ける見込みです。 　このため、晴れで朝晩は曇りとなるでしょう。
富山地方気象台,2022-03-12T04:44:00+09:00,富山県,,　寒冷前線が北日本を通過しています。  　富山県は、おおむね晴れとなっています。  　１２日は、次第に高気圧に覆われる見込みです。 　このため、晴れで、夜は曇りとなるでしょう。  　１３日は、前線を伴った低気圧が日本海を東に進む見込みです。 　このため、おおむね曇りとなるでしょう。
富山地方気象台,2022-03-12T10:38:00+09:00,富山県,,　日本海に高気圧が張り出してきています。  　富山県は、晴れとなっています。  　１２日は、次第に高気圧に覆われますが、湿った空気の影響を受ける見込みです。 　このため、晴れますが、夜曇りとなるでしょう。  　１３日は、前線を伴った低気圧が日本海を東に進み、温かく湿った空気が流れ込む見込みです。 　このため、おおむね曇りとなるでしょう。
富山地方気象台,2022-03-12T16:38:00+09:00,富山県,,　日本海に中心を持つ高気圧に覆われています。  　富山県は、晴れまたは薄曇りとなっています。  　１２日は、高気圧に覆われますが、気圧の谷や湿った空気の影響を受ける見込みです。 　このため、晴れますが、夜遅くには曇りとなるでしょう。  　１３日は、前線を伴った低気圧が日本海を東に進み、温かく湿った空気が流れ込む見込みです。 　このため、曇りですが、夜は雨の降る所があるでしょう。
富山地方気象台,2022-03-13T04:45:00+09:00,富山県,,　朝鮮半島付近から日本海に前線がのびています。  　富山県は、おおむね曇りとなっています。  　１３日は、前線上に発生した低気圧が日本海を東に進み、暖かく湿った空気が流れ込む見込みです。 　このため、曇りで、夜遅くは雨や雷雨となる所があるでしょう。  　１４日は、低気圧からのびる寒冷前線が北陸地方を通過する見込みです。 　このため、雨昼前から曇りで、朝まで雷を伴う所があるでしょう。
富山地方気象台,2022-03-13T10:37:00+09:00,富山県,,　日本海には前線を伴った低気圧があって東に進んでいます。  　富山県は、曇りとなっています。  　１３日は、低気圧が日本海を東に進み、暖かく湿った空気が流れ込む見込みです。 　このため、曇りで、夜遅くは雨や雷雨となる所があるでしょう。  　１４日は、低気圧からのびる寒冷前線が北陸地方を通過する見込みです。 　このため、雨昼前から曇りで、朝まで雷を伴う所があるでしょう。
富山地方気象台,2022-03-13T16:37:00+09:00,富山県,,　日本海には前線を伴った低気圧があって東に進んでいます。  　富山県は、曇りとなっています。  　１３日は、低気圧が日本海を東に進み、暖かく湿った空気が流れ込む見込みです。 　このため、曇りで、夜遅くには雨となり、雷を伴う所がある見込みです。  　１４日は、低気圧からのびる寒冷前線が北陸地方を通過する見込みです。 　このため、雨昼前から曇りで、朝まで雷を伴う所があるでしょう。
富山地方気象台,2022-03-14T04:56:00+09:00,富山県,,　日本海には前線を伴った低気圧があって東に進んでいます。  　富山県は、曇り又は雨となっています。  　１４日は、湿った空気の影響を受ける見込みです。 　このため、曇りで朝まで雨となる所があるでしょう。  　１５日は、低気圧は発達しながら日本海を東へ進み、上空の寒気や湿った空気の影響を受ける見込みです。 　このため、雨で昼前から曇りとなり、朝まで雷を伴う所があるでしょう。
富山地方気象台,2022-03-14T10:41:00+09:00,富山県,,　前線が朝鮮半島付近から本州付近を通り日本の東へのびています。  　富山県は、曇りで弱い雨の降っている所があります。  　１４日は、前線や湿った空気の影響を受ける見込みです。 　このため、おおむね曇りでしょう。  　１５日は、低気圧が日本海から北日本に進み、湿った空気の影響を受ける見込みです。 　このため、雨で昼前から曇りとなり、朝まで雷を伴う所があるでしょう。
富山地方気象台,2022-03-14T16:41:00+09:00,富山県,,　前線を伴った低気圧が朝鮮半島付近にあって東へ進んでいます。  　富山県は、曇りとなっています。  　１４日は、前線を伴った低気圧が日本海西部に進む見込みです。 　このため、おおむね曇りとなるでしょう。  　１５日は、日本海から北日本に進む低気圧からのびる寒冷前線が北陸地方を通過し、その後湿った空気の影響を受ける見込みです。 　このため、曇りで明け方まで雨となり、朝まで雷を伴う所があるでしょう。
富山地方気象台,2022-03-15T04:48:00+09:00,富山県,,　前線を伴った低気圧が発達しながら日本海を東北東へ進んでいます。  　富山県は、曇りで雨の降っている所があります。  　１５日は、低気圧からのびる寒冷前線が北陸地方を通過する見込みです。 　このため、曇りではじめ雨となる所があるでしょう。  　１６日は、高気圧に覆われますが、気圧の谷や湿った空気の影響を受ける見込みです。 　このため、晴れ朝晩曇りとなるでしょう。
富山地方気象台,2022-03-15T12:43:00+09:00,富山県,,　低気圧が発達しながら日本海を北東に進んでいます。  　富山県は、曇りで雨の降っている所があります。  　１５日は、低気圧や寒気の影響を受ける見込みです。 　このため、曇りで夕方まで雨の降る所があるでしょう。  　１６日は、高気圧に覆われますが、気圧の谷や湿った空気の影響を受ける見込みです。 　このため、晴れ朝晩は曇りとなるでしょう。
富山地方気象台,2022-03-15T16:37:00+09:00,富山県,,　低気圧が北海道付近を東北東に進んでいます。  　富山県は、おおむね曇りとなっています。  　１５日は、はじめ低気圧や寒気の影響を受けますが、西から次第に高気圧が張り出す見込みです。 　このため、曇りで夜は晴れとなるでしょう。  　１６日は、高気圧に覆われますが、気圧の谷や湿った空気の影響を受ける見込みです。 　このため、晴れ朝晩は曇りとなるでしょう。
富山地方気象台,2022-03-16T04:43:00+09:00,富山県,,　西日本から東日本は、高気圧に緩やかに覆われています。  　富山県は、晴れとなっています。  　１６日は、高気圧に覆われますが、気圧の谷や湿った空気の影響を受ける見込みです。 　このため、晴れで夜は曇りとなるでしょう。  　１７日は、高気圧に覆われますが、気圧の谷や湿った空気の影響を受ける見込みです。 　このため、曇り時々晴れとなるでしょう。
富山地方気象台,2022-03-16T10:41:00+09:00,富山県,,　西日本から東日本は、高気圧に覆われています。  　富山県は、おおむね晴れとなっています。  　１６日は、高気圧に覆われますが、気圧の谷や湿った空気の影響を受ける見込みです。 　このため、晴れで夜は曇りとなるでしょう。  　１７日は、高気圧に覆われますが、気圧の谷や湿った空気の影響を受ける見込みです。 　このため、曇り時々晴れとなるでしょう。
富山地方気象台,2022-03-16T16:33:00+09:00,富山県,,　西日本から東日本は、高気圧に覆われています。  　富山県は、晴れとなっています。  　１６日は、高気圧に覆われますが、気圧の谷や湿った空気の影響を受ける見込みです。 　このため、晴れ夜遅く曇りでしょう。  　１７日は、高気圧に覆われますが、気圧の谷や湿った空気の影響を受ける見込みです。 　このため、曇りで、昼過ぎまで時々晴れとなるでしょう。
富山地方気象台,2022-03-17T04:39:00+09:00,富山県,,　北陸地方は、高気圧に緩やかに覆われています。  　富山県は、おおむね晴れとなっています。  　１７日は、高気圧に覆われますが、気圧の谷や湿った空気の影響を受ける見込みです。 　このため、曇り昼過ぎまで時々晴れとなるでしょう。  　１８日は、前線を伴った低気圧が、東シナ海から西日本の太平洋沿岸を進む見込みです。 　このため、雨で明け方まで曇りとなるでしょう。
富山地方気象台,2022-03-17T10:36:00+09:00,富山県,,　北陸地方は、高気圧に緩やかに覆われています。  　富山県は、曇りとなっています。  　１７日は、高気圧に覆われますが、気圧の谷や湿った空気の影響を受ける見込みです。 　このため、曇りとなるでしょう。  　１８日は、前線を伴った低気圧が、東シナ海から西日本の太平洋沿岸を進む見込みです。 　このため、雨で明け方まで曇りとなるでしょう。
富山地方気象台,2022-03-17T16:35:00+09:00,富山県,,　北陸地方は、高気圧に緩やかに覆われています。  　富山県は、曇りとなっています。  　１７日は、高気圧に覆われますが、気圧の谷や湿った空気の影響を受ける見込みです。 　このため、曇りとなるでしょう。  　１８日は、前線を伴った低気圧が、東シナ海から西日本の太平洋沿岸を進む見込みです。 　このため、雨となるでしょう。
富山地方気象台,2022-03-18T04:50:00+09:00,富山県,,　東シナ海には、前線を伴った低気圧があって東へ進んでいます。  　富山県は、おおむね雨となっています。  　１８日は、前線を伴った低気圧が西日本から東日本の南岸を東北東に進む見込みです。 　このため、雨となるでしょう。  　１９日は、前線を伴った低気圧が急速に発達しながら関東の東から三陸沖を北東に進み、夜には日本付近は西高東低の気圧配置となる見込みです。 　このため、雨時々曇りで、夕方から山間部では雪の降る所があるでしょう。
富山地方気象台,2022-03-18T10:37:00+09:00,富山県,,　前線を伴った低気圧が九州付近にあって東へ進んでいます。  　富山県は、おおむね雨となっています。  　１８日は、前線を伴った低気圧が西日本から東日本の南岸を東北東に進む見込みです。 　このため、雨となるでしょう。  　１９日は、前線を伴った低気圧が急速に発達しながら関東の東から三陸沖を北東に進み、夜には日本付近は西高東低の気圧配置となる見込みです。 　このため、雨時々曇りで、夕方から山間部では雪の降る所があるでしょう。
富山地方気象台,2022-03-18T16:37:00+09:00,富山県,,　前線を伴った低気圧が四国付近にあって東へ進んでいます。  　富山県は、雨となっています。  　１８日は、前線を伴った低気圧が西日本から東日本の南岸を東に進む見込みです。 　このため、雨でしょう。  　１９日は、前線を伴った低気圧が急速に発達しながら関東の東から三陸沖を北東に進み、夜には日本付近は西高東低の気圧配置となる見込みです。 　このため、雨時々曇りで、夕方から山間部では雪の降る所があるでしょう。
富山地方気象台,2022-03-19T04:51:00+09:00,富山県,,　関東の東を前線を伴った低気圧が発達しながら北北東に進んでいます。  　富山県は、曇りで雨の降っている所があります。  　１９日は、低気圧は急速に発達しながら日本の東を北上し、本州付近は次第に西高東低の気圧配置となる見込みです。 　このため、雨時々曇りで夜には雷を伴うでしょう。また、山間部では夜は雪の混じる所がある見込みです。  　２０日は、西高東低の気圧配置は次第に緩みますが、寒気や湿った空気の影響を受ける見込みです。 　このため、曇りで朝まで雨か雪が降り、明け方まで雷を伴う所がある見込みです。
富山地方気象台,2022-03-19T10:40:00+09:00,富山県,,　三陸沖には前線を伴った低気圧があって北東に進んでいます。  　富山県は、曇り又は雨となっています。  　１９日は、本州付近は次第に西高東低の気圧配置となる見込みです。 　このため、雨時々曇りで、夜は雷を伴う所があるでしょう。また、山間部では、夜は雪の混じる所がある見込みです。  　２０日は、西高東低の気圧配置は次第に緩みますが、はじめ寒気や湿った空気の影響を受ける見込みです。 　このため、雨か雪で昼前から曇りとなり、明け方まで雷を伴う所があるでしょう。
富山地方気象台,2022-03-19T16:37:00+09:00,富山県,,　三陸沖には前線を伴った低気圧があって北東に進んでいます。  　富山県は、おおむね雨となっています。  　１９日は、本州付近は次第に西高東低の気圧配置となる見込みです。 　このため、おおむね雨で夜は雷を伴う所があるでしょう。また、山間部では雪の混じる所がある見込みです。  　２０日は、西高東低の気圧配置は次第に緩みますが、はじめ寒気や湿った空気の影響を受ける見込みです。 　このため、曇りとなりますが、明け方までは雨で山間部を中心に雪となり、雷を伴う所があるでしょう。
富山地方気象台,2022-03-20T04:38:00+09:00,富山県,,　北海道東方海上には前線を伴った低気圧があって北東に進んでいます。  　富山県は、雨か雪又は曇りとなっています。  　２０日は、西高東低の気圧配置は次第に緩みますが、寒気や湿った空気の影響を受ける見込みです。 　このため、雨か雪昼前から曇りとなるでしょう。  　２１日は、高気圧に覆われますが、寒気や気圧の谷の影響を受ける見込みです。 　このため、曇り朝から昼前晴れとなるでしょう。
富山地方気象台,2022-03-20T10:36:00+09:00,富山県,,　日本付近は西高東低の気圧配置となっています。  　富山県は、曇りで雨の降っている所があります。  　２０日は、西高東低の気圧配置は次第に緩みますが、寒気や湿った空気の影響を受ける見込みです。 　このため、曇りで昼過ぎまで雨の降る所があるでしょう。  　２１日は、高気圧に覆われますが、寒気や気圧の谷の影響を受ける見込みです。 　このため、曇りで、朝から昼前は晴れるでしょう。
富山地方気象台,2022-03-20T16:34:00+09:00,富山県,,　高気圧が西日本から東日本に張り出しています。  　富山県は、晴れ又は曇りとなっています。  　２０日は、高気圧に緩やかに覆われますが、寒気や湿った空気の影響を受ける見込みです。 　このため、晴れで夜は曇りとなるでしょう。  　２１日は、高気圧に覆われますが、寒気や気圧の谷の影響を受ける見込みです。 　このため、曇りで朝まで雨の降る所があるでしょう。また、昼過ぎは晴れる見込みです。
富山地方気象台,2022-03-21T04:46:00+09:00,富山県,,　黄海付近には高気圧があって、西日本から東日本に張り出しています。  　富山県は、おおむね曇りで雨や雪の降っている所があります。  　２１日は、高気圧に覆われますが、寒気や気圧の谷の影響を受ける見込みです。 　このため、曇り昼過ぎ晴れで、朝まで雨か雪の降る所があるでしょう。  　２２日は、日本の南を前線を伴った低気圧が東に進みますが、夜には日本海に高気圧が移動してくる見込みです。 　このため、曇りで、朝から昼前は雨か雪の降る所があるでしょう。
富山地方気象台,2022-03-21T12:00:00+09:00,富山県,,　黄海付近には高気圧があって、西日本から東日本に張り出しています。  　富山県は、曇りで、雨の降っている所があります。  　２１日は、高気圧に覆われますが、寒気や気圧の谷の影響を受ける見込みです。 　このため、曇りで、夕方まで雨の降る所があるでしょう。  　２２日は、日本の南を前線を伴った低気圧が東に進みますが、夜には日本海に高気圧が移動してくる見込みです。 　このため、曇りで、朝から昼前は雨や雪の降る所があるでしょう。
富山地方気象台,2022-03-21T16:34:00+09:00,富山県,,　日本海に中心をもつ高気圧に覆われています。  　富山県は、曇りで、雨の降っている所があります。  　２１日は、高気圧に覆われますが、寒気や湿った空気の影響を受ける見込みです。 　このため、曇りで、夕方は雨の降る所があるでしょう。  　２２日は、日本の南を前線を伴った低気圧が東に進みますが、夜には日本海に高気圧が移動してくる見込みです。 　このため、曇り朝から昼前は雨や雪の降る所がありますが、夕方からは晴れるでしょう。
富山地方気象台,2022-03-22T04:43:00+09:00,富山県,,　九州の南には前線を伴った低気圧があり東に進んでいます。  　富山県は、曇りとなっています。  　２２日は、日本の南を前線を伴った低気圧が東に進む見込みです。また、夜には日本海に高気圧が移動してくるでしょう。 　このため、曇りのち晴れで、昼前まで雨や雪の降る所があるでしょう。  　２３日は、高気圧に覆われますが、気圧の谷や湿った空気の影響を受ける見込みです。 　このため、晴れのち曇りで、夜遅くは雨や雪の降る所があるでしょう。
富山地方気象台,2022-03-22T10:36:00+09:00,富山県,,　九州の南と関東の東に低気圧があり東に進んでいます。  　富山県は、雨となっています。  　２２日は、日本の南を前線を伴った低気圧が東に進む見込みです。また、夜には日本海に高気圧が移動してくるでしょう。 　このため、雨で、夕方から曇りとなり、夜は晴れるでしょう。  　２３日は、高気圧に覆われますが、気圧の谷や湿った空気の影響を受ける見込みです。 　このため、晴れで昼前から曇りとなり、夜遅くは雨や雪の降る所があるでしょう。
富山地方気象台,2022-03-22T16:35:00+09:00,富山県,,　大陸から高気圧が張り出しています。  　富山県は、晴れています。  　２２日は、日本海に中心を持つ高気圧に覆われるでしょう。 　このため、晴れるでしょう。  　２３日は、高気圧に覆われますが、気圧の谷や湿った空気の影響を受ける見込みです。 　このため、晴れで昼前から曇りとなり、夜遅くは雨や雪の降る所があるでしょう。
富山地方気象台,2022-03-23T04:45:00+09:00,富山県,,　日本海に中心をもつ高気圧に覆われています。  　富山県は、おおむね晴れとなっています。  　２３日は、高気圧に覆われますが、気圧の谷や湿った空気の影響を受ける見込みです。 　このため、晴れのち曇りとなり、夜遅くは雨か雪の降る所があるでしょう。  　２４日は、高気圧に覆われますが、気圧の谷や湿った空気の影響を受ける見込みです。 　このため、曇りのち晴れで、未明は雨か雪となるでしょう。
富山地方気象台,2022-03-23T10:37:00+09:00,富山県,,　本州付近は高気圧に覆われています。  　富山県は、曇りとなっています。  　２３日は、高気圧に覆われますが、気圧の谷や湿った空気の影響を受ける見込みです。 　このため、曇りで、夜遅くは雨か雪の降る所があるでしょう。  　２４日は、高気圧に覆われますが、気圧の谷や湿った空気の影響を受ける見込みです。 　このため、曇りのち晴れですが、未明は雨か雪となるでしょう。
富山地方気象台,2022-03-23T16:37:00+09:00,富山県,,　本州付近は緩やかに高気圧に覆われていますが、気圧の谷や湿った空気の影響を受けています。  　富山県は、曇りとなっています。  　２３日は、気圧の谷や湿った空気の影響を受ける見込みです。 　このため、曇りで、夜遅く雨か雪となるでしょう。  　２４日は、はじめ気圧の谷や湿った空気の影響を受けますが、次第に西日本から高気圧が張り出すでしょう。 　このため、曇りのち晴れで、未明は雨か雪となるでしょう。
富山地方気象台,2022-03-24T07:31:00+09:00,富山県,,　本州付近は高気圧に緩やかに覆われていますが、気圧の谷や湿った空気の影響を受けています。  　富山県は、おおむね晴れとなっています。  　２４日は、高気圧に緩やかに覆われますが、気圧の谷や上空の寒気の影響を受ける見込みです。 　このため、晴れ時々曇りとなるでしょう。  　２５日は、高気圧に覆われますが、寒気や気圧の谷の影響を受ける見込みです。 　このため、晴れで昼過ぎまで時々曇りでしょう。
富山地方気象台,2022-03-24T10:35:00+09:00,富山県,,　本州付近は高気圧に緩やかに覆われていますが、気圧の谷や湿った空気の影響を受けています。  　富山県は、曇りとなっています。  　２４日は、高気圧に緩やかに覆われますが、気圧の谷や上空の寒気の影響を受ける見込みです。 　このため、曇りで夜は晴れとなり、昼過ぎから夕方は雨の降る所があるでしょう。  　２５日は、高気圧に覆われますが、寒気や気圧の谷の影響を受ける見込みです。 　このため、晴れで昼過ぎまで時々曇りでしょう。
富山地方気象台,2022-03-24T16:34:00+09:00,富山県,,　本州付近は高気圧に緩やかに覆われていますが、気圧の谷や湿った空気の影響を受けています。  　富山県は、曇り又は晴れで雨の降っている所があります。  　２４日は、高気圧に緩やかに覆われますが、気圧の谷や上空の寒気の影響を受ける見込みです。 　このため、曇り夜は晴れで、夕方まで雨の降る所があるでしょう。  　２５日は、高気圧に覆われる見込みです。 　このため、晴れるでしょう。
富山地方気象台,2022-03-25T04:43:00+09:00,富山県,,　本州付近は高気圧に緩やかに覆われています。  　富山県は、おおむね晴れています。  　２５日は、高気圧に緩やかに覆われる見込みです。 　このため、おおむね晴れるでしょう。  　２６日は、低気圧が発達しながら日本海を東北東に進む見込みです。 　このため、曇り昼前から時々雨となるでしょう。
富山地方気象台,2022-03-25T10:37:00+09:00,富山県,,　本州付近は高気圧に覆われています。  　富山県は、晴れています。  　２５日は、高気圧に覆われる見込みです。 　このため、晴れるでしょう。  　２６日は、低気圧が発達しながら日本海を東北東に進む見込みです。 　このため、曇りで昼前から時々雨となるでしょう。
富山地方気象台,2022-03-25T16:41:00+09:00,富山県,,　本州付近は高気圧に覆われています。一方、黄海には低気圧があって東北東に進んでいます。  　富山県は、晴れとなっています。  　２５日は、高気圧に覆われますが、上空の気圧の谷の影響を受ける見込みです。 　このため、晴れで、夜は曇りとなるでしょう。  　２６日は、低気圧が発達しながら日本海を東北東に進む見込みです。 　このため、曇りで昼前から時々雨となるでしょう。
富山地方気象台,2022-03-26T04:37:00+09:00,富山県,,　黄海には前線を伴った低気圧があって東北東に進んでいます。  　富山県は、曇りとなっています。  　２６日は、低気圧が発達しながら日本海を東北東に進む見込みです。 　このため、曇りのち時々雨となるでしょう。  　２７日は、低気圧がオホーツク海へ進み、本州付近は次第に高気圧に覆われる見込みです。 　このため、曇りのち晴れで、はじめ雨の降る所があるでしょう。
富山地方気象台,2022-03-26T10:35:00+09:00,富山県,,　前線を伴った低気圧が朝鮮半島付近にあって、東北東へ進んでいます。また、九州付近にも前線を伴った低気圧があって、東へ進んでいます。  　富山県は、雨又は曇りとなっています。  　２６日は、低気圧が発達しながら日本海を東北東に進む見込みです。 　このため、曇り時々雨となるでしょう。  　２７日は、低気圧がオホーツク海へ進み、本州付近は次第に高気圧に覆われる見込みです。 　このため、曇り昼過ぎから晴れで、明け方まで雨の降る所があるでしょう。
富山地方気象台,2022-03-26T16:37:00+09:00,富山県,,　前線を伴った低気圧が日本海にあって、東北東へ進んでいます。また、四国付近にも前線を伴った低気圧があって、東へ進んでいます。  　富山県は、おおむね雨となっています。  　２６日は、低気圧が発達しながら日本海を東北東に進む見込みです。 　このため、雨で夜のはじめ頃は曇りとなるでしょう。  　２７日は、低気圧がオホーツク海へ進み、本州付近は次第に高気圧に覆われる見込みです。 　このため、曇りで明け方まで雨の降る所がありますが、昼前から晴れとなるでしょう。
富山地方気象台,2022-03-27T04:40:00+09:00,富山県,,　低気圧がオホーツク海にあって、発達しながら北東に進んでいます。  　富山県は、曇りで雨の降っている所があります。  　２７日は、はじめ気圧の谷や湿った空気の影響を受けますが、次第に高気圧に覆われる見込みです。 　このため、曇り昼過ぎから晴れで、朝まで雨の降る所があるでしょう。  　２８日は、高気圧に覆われますが、気圧の谷や湿った空気の影響を受ける見込みです。 　このため、曇り時々晴れで、明け方まで雨の降る所があるでしょう。
富山地方気象台,2022-03-27T10:37:00+09:00,富山県,,　前線を伴った低気圧がオホーツク海にあって、北に進んでいます。また、三陸沖にも前線を伴った低気圧があって、北東に進んでいます。  　富山県は、おおむね曇りとなっています。  　２７日は、はじめ気圧の谷や湿った空気の影響を受けますが、次第に高気圧に覆われる見込みです。 　このため、曇りで昼過ぎから晴れるでしょう。  　２８日は、高気圧に覆われますが、気圧の谷や湿った空気の影響を受ける見込みです。 　このため、曇り時々晴れで、明け方まで雨の降る所があるでしょう。
富山地方気象台,2022-03-27T16:36:00+09:00,富山県,,　大陸の高気圧が、西日本から東日本に張り出しています。  　富山県は、晴れています。  　２７日は、高気圧に覆われる見込みです。 　このため、晴れるでしょう。  　２８日は、高気圧に覆われますが、気圧の谷や湿った空気の影響を受ける見込みです。 　このため、曇り昼前から時々晴れで、明け方まで雨の降る所があるでしょう。
富山地方気象台,2022-03-28T04:39:00+09:00,富山県,,　気圧の谷が北陸地方を通過しています。  　富山県は、おおむね曇りで雨の降っている所があります。  　２８日は、高気圧に覆われますが、気圧の谷や湿った空気の影響を受ける見込みです。 　このため、曇り時々晴れで、明け方まで雨の降る所があるでしょう。  　２９日は、高気圧に覆われる見込みです。 　このため、晴れるでしょう。
富山地方気象台,2022-03-28T10:35:00+09:00,富山県,,　高気圧が黄海付近にあって西日本から東日本へ張り出してきていますが、湿った空気の影響を受けている所があります。  　富山県は、晴れ又は曇りとなっています。  　２８日は、高気圧に覆われますが、湿った空気や気圧の谷の影響を受ける見込みです。 　このため、晴れ時々曇りとなるでしょう。  　２９日は、高気圧に覆われる見込みです。 　このため、晴れでしょう。
富山地方気象台,2022-03-28T16:36:00+09:00,富山県,,　高気圧が黄海付近にあって西日本から東日本へ張り出していますが、上空の気圧の谷の影響を受けている所があります。  　富山県は、晴れ又は曇りとなっています。  　２８日は、高気圧に覆われますが、上空の気圧の谷の影響を受ける所がある見込みです。 　このため、おおむね晴れとなるでしょう。  　２９日は、高気圧に覆われる見込みです。 　このため、晴れとなるでしょう。
富山地方気象台,2022-03-29T04:42:00+09:00,富山県,,　本州付近は高気圧に覆われています。  　富山県は、曇りとなっています。  　２９日は、高気圧に覆われますが、上空の気圧の谷や湿った空気の影響を受ける見込みです。 　このため、曇り昼前から晴れとなるでしょう。  　３０日は、高気圧に覆われますが、上空の気圧の谷や湿った空気の影響を受ける見込みです。 　このため、晴れ昼過ぎから時々曇りとなるでしょう。
富山地方気象台,2022-03-29T10:36:00+09:00,富山県,,　本州付近は高気圧に覆われています。  　富山県は、曇りとなっています。  　２９日は、高気圧に覆われますが、はじめ上空の気圧の谷や湿った空気の影響を受ける見込みです。 　このため、曇りで昼過ぎから晴れるでしょう。  　３０日は、高気圧に覆われますが、上空の気圧の谷や湿った空気の影響を受ける見込みです。 　このため、晴れで昼過ぎから時々曇りとなるでしょう。
富山地方気象台,2022-03-29T16:35:00+09:00,富山県,,　本州付近は高気圧に覆われています。  　富山県は、曇りとなっています。  　２９日は、高気圧に覆われますが、はじめ上空の気圧の谷や湿った空気の影響を受ける見込みです。 　このため、曇りで、夜は晴れとなるでしょう。  　３０日は、高気圧に覆われますが、上空の気圧の谷や湿った空気の影響を受ける見込みです。 　このため、晴れで、昼過ぎから時々曇りとなるでしょう。
富山地方気象台,2022-03-30T04:39:00+09:00,富山県,,　本州付近は高気圧に覆われています。  　富山県は、晴れています。  　３０日は、高気圧に覆われますが、上空の気圧の谷や湿った空気の影響を受ける見込みです。 　このため、晴れで夜は曇りとなるでしょう。  　３１日は、前線が東日本から西日本を通過する見込みです。 　このため、曇り時々雨となるでしょう。
富山地方気象台,2022-03-30T10:37:00+09:00,富山県,,　本州付近は高気圧に覆われています。  　富山県は、晴れています。  　３０日は、高気圧に覆われますが、上空の気圧の谷や湿った空気の影響を受ける見込みです。 　このため、晴れで夜は曇りとなるでしょう。  　３１日は、前線が東日本から西日本を通過する見込みです。 　このため、曇り時々雨となるでしょう。山間部では夜遅くに雪の混じる所がある見込みです。
富山地方気象台,2022-03-30T16:35:00+09:00,富山県,,　本州付近は高気圧に覆われています。  　富山県は、薄曇りとなっています。  　３０日は、高気圧に覆われますが、上空の気圧の谷や湿った空気の影響を受ける見込みです。 　このため、晴れで夜は曇りとなるでしょう。  　３１日は、前線が東日本から西日本を通過する見込みです。 　このため、曇り時々雨となるでしょう。山間部では夜遅くに雪の混じる所がある見込みです。
富山地方気象台,2022-03-31T04:44:00+09:00,富山県,,　前線が東北地方から日本海にのびており、南下しています。  　富山県は、雨又は曇りとなっています。  　３１日は、前線が東日本から西日本を南下する見込みです。 　このため、雨昼過ぎから時々曇りとなるでしょう。  　４月１日は、高気圧に覆われますが、寒気や湿った空気の影響を受ける見込みです。 　このため、曇り時々晴れで、未明は雨か雪となるでしょう。
富山地方気象台,2022-03-31T10:36:00+09:00,富山県,,　前線が東シナ海から本州付近を通って日本のはるか東にのびています。  　富山県は、雨となっています。  　３１日は、前線が本州付近を南下する見込みです。 　このため、雨時々曇りとなるでしょう。  　４月１日は、高気圧に覆われますが、寒気や湿った空気の影響を受ける見込みです。 　このため、曇り時々晴れで、未明は雨か雪となるでしょう。
富山地方気象台,2022-03-31T16:35:00+09:00,富山県,,　前線が東シナ海から本州付近を通って日本の東にのびています。  　富山県は、曇り又は雨となっています。  　３１日は、寒気や湿った空気の影響を受ける見込みです。 　このため、曇りで夜は雨となるでしょう。  　４月１日は、高気圧に覆われますが、寒気や湿った空気の影響を受ける見込みです。 　このため、曇りで朝まで雨か雪の降る所がありますが、昼過ぎから晴れとなるでしょう。
