publishingOffice,reportDatetime,targetArea,headlineText,text
佐賀地方気象台,2022-08-01T04:49:00+09:00,佐賀県,,　佐賀県は、高気圧に覆われて晴れている所がありますが、湿った空気の影響により、概ね曇りとなっています。  　１日は、高気圧に覆われて晴れる所もありますが、台風や湿った空気の影響により概ね曇りで、雨や雷雨となる所があるでしょう。熱中症の危険性が極めて高い気象状況になることが予測されます。外出はなるべく避け、室内をエアコン等で涼しい環境にして過ごしてください。  　２日は、高気圧に覆われて概ね晴れますが、湿った空気の影響により曇りとなり、雨や雷雨となる所があるでしょう。  ＜天気変化等の留意点＞ １日０６時から２日０６時までの降水量は、多い所で１時間に１０ミリ、２４時間に２０ミリの見込みです。
佐賀地方気象台,2022-08-01T10:39:00+09:00,佐賀県,,　佐賀県は、高気圧に覆われて概ね晴れていますが、湿った空気の影響により、曇りとなってる所があります。  　１日は、高気圧に覆われて晴れる所もありますが、台風や湿った空気の影響により概ね曇りで、雨や雷雨となる所があるでしょう。熱中症の危険性が極めて高い気象状況になることが予測されます。外出はなるべく避け、室内をエアコン等で涼しい環境にして過ごしてください。  　２日は、高気圧に覆われて概ね晴れますが、湿った空気の影響により曇りとなり、雨や雷雨となる所があるでしょう。  ＜天気変化等の留意点＞ １日１２時から２日１２時までの降水量は、多い所で１時間に１０ミリ、２４時間に２０ミリの見込みです。
佐賀地方気象台,2022-08-01T16:40:00+09:00,佐賀県,,　佐賀県は、高気圧に覆われて概ね晴れていますが、湿った空気の影響により、曇りで雨が降っている所があります。  　１日は、高気圧に覆われて晴れる所もありますが、湿った空気の影響により、概ね曇りで雨や雷雨となる所があるでしょう。  　２日は、高気圧に覆われて概ね晴れますが、湿った空気の影響により曇りとなり、雨や雷雨となる所があるでしょう。熱中症の危険性が極めて高い気象状況になることが予測されます。外出はなるべく避け、室内をエアコン等で涼しい環境にして過ごしてください。  ＜天気変化等の留意点＞ １日１８時から２日１８時までの降水量は、多い所で１時間に１０ミリ、２４時間に２０ミリの見込みです。
佐賀地方気象台,2022-08-02T04:46:00+09:00,佐賀県,,　佐賀県は、高気圧に覆われて概ね晴れていますが、暖かく湿った空気の影響により雨が降っている所があります。  　２日は、高気圧に覆われて概ね晴れですが、暖かく湿った空気の影響によりはじめ雨が降る所があるでしょう。熱中症の危険性が極めて高い気象状況になることが予測されます。外出はなるべく避け、室内をエアコン等で涼しい環境にして過ごしてください。  　３日は、高気圧に覆われて概ね晴れですが、日射や気圧の谷の影響により雨が降る所があるでしょう。  ＜天気変化等の留意点＞ 　２日６時から３日６時までの降水量は、多い所で１時間に２ミリ、２４時間に３ミリの見込みです。
佐賀地方気象台,2022-08-02T10:34:00+09:00,佐賀県,,　佐賀県は、高気圧に覆われて概ね晴れています。  　２日は、高気圧に覆われて晴れでしょう。熱中症の危険性が極めて高い気象状況になることが予測されます。外出はなるべく避け、室内をエアコン等で涼しい環境にして過ごしてください。  　３日は、高気圧に覆われて概ね晴れですが、日射や気圧の谷の影響により雨が降る所があるでしょう。  ＜天気変化等の留意点＞ 　特にありません。
佐賀地方気象台,2022-08-02T16:34:00+09:00,佐賀県,,　佐賀県は、高気圧に覆われて概ね晴れています。  　２日は、高気圧に覆われて晴れでしょう。  　３日は、高気圧に覆われて概ね晴れですが、日射や気圧の谷の影響により雨の降る所があるでしょう。熱中症の危険性が極めて高い気象状況になることが予測されます。外出はなるべく避け、室内をエアコン等で涼しい環境にして過ごしてください。  ＜天気変化等の留意点＞ ２日１８時から３日１８時までの降水量は、多い所で１時間に５ミリ、２４時間に１０ミリの見込みです。
佐賀地方気象台,2022-08-03T04:34:00+09:00,佐賀県,,　佐賀県は、高気圧に覆われて概ね晴れていますが、湿った空気の影響により曇りで、雨が降っている所があります。  　３日は、高気圧に覆われて概ね晴れですが、湿った空気や日射の影響により曇りで、雨が降る所があるでしょう。熱中症の危険性が極めて高い気象状況になることが予測されます。外出はなるべく避け、室内をエアコン等で涼しい環境にして過ごしてください。  　４日は、高気圧に覆われて概ね晴れですが、気圧の谷や湿った空気の影響により曇りで、雨が降る所があるでしょう。  ＜天気変化等の留意点＞ 　３日０６時から４日０６時までの降水量は、多い所で１時間に５ミリ、２４時間に１０ミリの見込みです。
佐賀地方気象台,2022-08-03T10:36:00+09:00,佐賀県,,　佐賀県は、高気圧に覆われて概ね晴れています。  　３日は、高気圧に覆われて概ね晴れですが、湿った空気や日射の影響により曇りで、雨が降る所があるでしょう。熱中症の危険性が極めて高い気象状況になることが予測されます。外出はなるべく避け、室内をエアコン等で涼しい環境にして過ごしてください。  　４日は、高気圧に覆われて概ね晴れですが、気圧の谷や湿った空気の影響により曇りで、雨が降る所があるでしょう。  ＜天気変化等の留意点＞ ３日１２時から４日１２時までの降水量は、多い所で１時間に５ミリ、２４時間に１０ミリの見込みです。
佐賀地方気象台,2022-08-03T16:35:00+09:00,佐賀県,,　佐賀県は、高気圧に覆われて概ね晴れています。  　３日は、高気圧に覆われて概ね晴れですが、湿った空気や日射の影響により雨が降る所があるでしょう。  　４日は、高気圧に覆われて概ね晴れですが、湿った空気や日射の影響により曇りで、雨が降る所があるでしょう。熱中症の危険性が極めて高い気象状況になることが予測されます。外出はなるべく避け、室内をエアコン等で涼しい環境にして過ごしてください。  ＜天気変化等の留意点＞ 　３日１８時から４日１８時までの降水量は、多い所で１時間に１０ミリ、２４時間に２０ミリの見込みです。
佐賀地方気象台,2022-08-04T04:43:00+09:00,佐賀県,,　佐賀県は、高気圧に覆われて概ね晴れています。  　４日は、高気圧に覆われて概ね晴れますが、湿った空気や日射の影響により曇りで、雨や雷雨となる所があるでしょう。熱中症の危険性が極めて高い気象状況になることが予測されます。外出はなるべく避け、室内をエアコン等で涼しい環境にして過ごしてください。  　５日は、湿った空気の影響により概ね曇りで雨が降る所がありますが、高気圧に覆われて次第に晴れるでしょう。  ＜天気変化等の留意点＞ ４日０６時から５日０６時までの降水量は、多い所で１時間に１０ミリ、２４時間に２０ミリの見込みです。
佐賀地方気象台,2022-08-04T10:36:00+09:00,佐賀県,,　佐賀県は、湿った空気の影響により概ね曇りで雨が降っている所があります。  　４日は、湿った空気や日射の影響により概ね曇りで、雨や雷雨となる所がありますが、高気圧に覆われて次第に晴れとなるでしょう。熱中症の危険性が極めて高い気象状況になることが予測されます。外出はなるべく避け、室内をエアコン等で涼しい環境にして過ごしてください。  　５日は、湿った空気の影響により概ね曇りで雨が降る所がありますが、高気圧に覆われて次第に晴れるでしょう。  ＜天気変化等の留意点＞ ４日１２時から５日１２時までの降水量は、多い所で１時間に１０ミリ、２４時間に２０ミリの見込みです。
佐賀地方気象台,2022-08-04T16:35:00+09:00,佐賀県,,　佐賀県は、高気圧に覆われて概ね晴れていますが、湿った空気や日射の影響により曇りで雨が降っている所があります。  　４日は、高気圧に覆われて概ね晴れますが、湿った空気や日射の影響により、はじめ雨や雷雨となる所があるでしょう。  　５日は、気圧の谷や湿った空気の影響により概ね曇りとなり、雨や雷雨となる所があるでしょう。熱中症の危険性が極めて高い気象状況になることが予測されます。外出はなるべく避け、室内をエアコン等で涼しい環境にして過ごしてください。  ＜天気変化等の留意点＞ ４日１８時から５日１８時までの降水量は、多い所で１時間に２０ミリ、２４時間に３０ミリの見込みです。
佐賀地方気象台,2022-08-05T04:49:00+09:00,佐賀県,,　佐賀県は、気圧の谷や湿った空気の影響により概ね曇りとなっています。  　５日は、気圧の谷や湿った空気の影響により曇りで雨や雷雨となる所がありますが、高気圧に覆われて次第に晴れるでしょう。熱中症の危険性が極めて高い気象状況になることが予測されます。外出はなるべく避け、室内をエアコン等で涼しい環境にして過ごしてください。  　６日は、気圧の谷や湿った空気の影響により概ね曇りで雨や雷雨となる所があるでしょう。  ＜天気変化等の留意点＞ 　５日０６時から６日０６時までの降水量は、多い所で１時間に１０ミリ、２４時間に３０ミリの見込みです。
佐賀地方気象台,2022-08-05T10:40:00+09:00,佐賀県,,　佐賀県は、日射や暖かく湿った空気の影響により概ね曇りで雨や雷雨となっている所があります。  　５日は、日射や暖かく湿った空気の影響により概ね曇りで雨や雷雨となる所がありますが、高気圧に覆われて次第に晴れるでしょう。熱中症の危険性が極めて高い気象状況になることが予測されます。外出はなるべく避け、室内をエアコン等で涼しい環境にして過ごしてください。  　６日は、気圧の谷や暖かく湿った空気の影響により概ね曇りで雨や雷雨となる所があるでしょう。  ＜天気変化等の留意点＞ 　５日１２時から６日１２時までの降水量は、多い所で１時間に２０ミリ、２４時間に３０ミリの見込みです。
佐賀地方気象台,2022-08-05T16:34:00+09:00,佐賀県,,　佐賀県は、高気圧に覆われて概ね晴れていますが、気圧の谷や日射の影響により曇りで雨が降っている所があります。  　５日は、高気圧に覆われて概ね晴れますが、気圧の谷や日射の影響により曇りで雨や雷雨となる所があるでしょう。  　６日は、気圧の谷や暖かく湿った空気の影響により曇りや雨となり、雷を伴い激しく降る所があるでしょう。  ＜天気変化等の留意点＞ 　５日１８時から６日１８時までの降水量は、多い所で１時間に３０ミリ、２４時間に５０ミリの見込みです。
佐賀地方気象台,2022-08-06T04:44:00+09:00,佐賀県,,　佐賀県は、高気圧に覆われて概ね晴れていますが、湿った空気の影響により雨が降っている所があります。  　６日は、気圧の谷や湿った空気の影響により曇りや雨となり、雷を伴い激しく降る所があるでしょう。  　７日は、湿った空気や日射の影響により概ね曇りで雨や雷雨となる所があるでしょう。  ＜天気変化等の留意点＞ ６日０６時から７日０６時までの降水量は、多い所で１時間に４０ミリ、２４時間に８０ミリの見込みです。
佐賀地方気象台,2022-08-06T10:40:00+09:00,佐賀県,,　佐賀県は、気圧の谷や湿った空気の影響により曇りや雨で、雷を伴っている所があります。  　６日は、気圧の谷や湿った空気の影響により雨で、雷を伴う所がありますが、次第に曇りとなるでしょう。  　７日は、湿った空気や日射の影響により概ね曇りで、雨や雷雨となる所があるでしょう。  ＜天気変化等の留意点＞ ６日１２時から７日１２時までの降水量は、多い所で１時間に２０ミリ、２４時間に５０ミリの見込みです。
佐賀地方気象台,2022-08-06T16:38:00+09:00,佐賀県,,　佐賀県は、高気圧に覆われて晴れている所もありますが、気圧の谷や湿った空気の影響により概ね曇りで、雨が降っている所があります。  　６日は、気圧の谷や湿った空気の影響により概ね曇りで、雨や雷雨となる所があるでしょう。  　７日は、湿った空気や日射の影響により概ね曇りで、雨や雷雨となる所がありますが、高気圧に覆われて次第に晴れるでしょう。熱中症の危険性が極めて高い気象状況になることが予測されます。外出はなるべく避け、室内をエアコン等で涼しい環境にして過ごしてください。  ＜天気変化等の留意点＞ ６日１８時から７日１８時までの降水量は、多い所で１時間に２０ミリ、２４時間に５０ミリの見込みです。
佐賀地方気象台,2022-08-07T04:49:00+09:00,佐賀県,,　佐賀県は、気圧の谷や暖かく湿った空気の影響により雨や曇りとなっており、雷を伴い雨が激しく降っている所があります。  　７日は、気圧の谷や日射の影響により曇りや雨となり、雷を伴い雨が激しく降る所がありますが、高気圧に覆われて次第に晴れるでしょう。熱中症の危険性が極めて高い気象状況になることが予測されます。外出はなるべく避け、室内をエアコン等で涼しい環境にして過ごしてください。  　８日は、高気圧に覆われ概ね晴れですが、暖かく湿った空気や日射の影響により曇りで雨が降る所があるでしょう。  ＜天気変化等の留意点＞ 　７日６時から８日６時までの降水量は、多い所で１時間に４０ミリ、２４時間に８０ミリの見込みです。
佐賀地方気象台,2022-08-07T10:40:00+09:00,佐賀県,,　佐賀県は、気圧の谷や暖かく湿った空気の影響により概ね曇りで、雨の降っている所があります。  　７日は、気圧の谷や日射の影響により概ね曇りで、雨や雷雨となる所があるでしょう。熱中症の危険性が極めて高い気象状況になることが予測されます。外出はなるべく避け、室内をエアコン等で涼しい環境にして過ごしてください。  　８日は、高気圧に覆われ概ね晴れですが、暖かく湿った空気や日射の影響により曇りで雨が降る所があるでしょう。  ＜天気変化等の留意点＞ 　７日１２時から８日１２時までの降水量は、多い所で１時間に２０ミリ、２４時間に５０ミリの見込みです。
佐賀地方気象台,2022-08-07T16:36:00+09:00,佐賀県,,　佐賀県は、高気圧に覆われて概ね晴れています。  　７日は、高気圧に覆われて概ね晴れますが、暖かく湿った空気の影響により、雨や雷雨となる所があるでしょう。  　８日は、暖かく湿った空気の影響により、曇りで雨の降る所がありますが、次第に高気圧に覆われて晴れるでしょう。  ＜天気変化等の留意点＞ 　７日１８時から８日１８時までの降水量は、多い所で１時間に１０ミリ、２４時間に２０ミリの見込みです。
佐賀地方気象台,2022-08-08T04:42:00+09:00,佐賀県,,　佐賀県は、高気圧に覆われて概ね晴れていますが、暖かく湿った空気の影響により曇りで雨の降っている所があります。  　８日は、高気圧に覆われて概ね晴れますが、暖かく湿った空気や日射の影響により曇りで雨や雷雨となる所があるでしょう。熱中症の危険性が極めて高い気象状況になることが予測されます。外出はなるべく避け、室内をエアコン等で涼しい環境にして過ごしてください。  　９日は、高気圧に覆われて概ね晴れますが、暖かく湿った空気や日射の影響により曇りで雨が降る所があるでしょう。  ＜天気変化等の留意点＞ 　８日０６時から９日０６時までの降水量は、多い所で１時間に２０ミリ、２４時間に４０ミリの見込みです。
佐賀地方気象台,2022-08-08T10:35:00+09:00,佐賀県,,　佐賀県は、高気圧に覆われて概ね晴れていますが、暖かく湿った空気の影響により曇りで雨の降っている所があります。  　８日は、高気圧に覆われて概ね晴れますが、暖かく湿った空気や日射の影響により曇りで雨や雷雨となる所があるでしょう。熱中症の危険性が極めて高い気象状況になることが予測されます。外出はなるべく避け、室内をエアコン等で涼しい環境にして過ごしてください。  　９日は、高気圧に覆われて概ね晴れますが、暖かく湿った空気や日射の影響により曇りで雨の降る所があるでしょう。  ＜天気変化等の留意点＞ ８日１２時から９日１２時までの降水量は、多い所で１時間に２０ミリ、２４時間に４０ミリの見込みです。
佐賀地方気象台,2022-08-08T16:34:00+09:00,佐賀県,,　佐賀県は、高気圧に覆われて概ね晴れていますが、暖かく湿った空気や日射の影響により曇りで雨の降っている所があります。  　８日は、高気圧に覆われて概ね晴れますが、暖かく湿った空気や日射の影響により曇りで雨や雷雨となる所があるでしょう。  　９日は、高気圧に覆われて概ね晴れますが、暖かく湿った空気の影響により曇りで雨の降る所があるでしょう。  ＜天気変化等の留意点＞ ８日１８時から９日１８時までの降水量は、多い所で１時間に５ミリ、２４時間に１０ミリの見込みです。
佐賀地方気象台,2022-08-09T04:37:00+09:00,佐賀県,,　佐賀県は、高気圧に覆われて概ね晴れています。  　９日は、高気圧に覆われて概ね晴れとなるでしょう。  　１０日は、高気圧に覆われて概ね晴れますが、暖かく湿った空気の影響により曇りで雨が降る所があるでしょう。  ＜天気変化等の留意点＞ ９日０６時から１０日０６時までの降水量は、多い所で１時間に５ミリ、２４時間に１０ミリの見込みです。
佐賀地方気象台,2022-08-09T10:33:00+09:00,佐賀県,,　佐賀県は、高気圧に覆われて概ね晴れています。  　９日は、高気圧に覆われて概ね晴れとなるでしょう。  　１０日は、高気圧に覆われて概ね晴れますが、湿った空気の影響により曇りで雨が降る所があるでしょう。  ＜天気変化等の留意点＞ ９日１２時から１０日１２時までの降水量は、多い所で１時間に１０ミリ、２４時間に１５ミリの見込みです。
佐賀地方気象台,2022-08-09T16:36:00+09:00,佐賀県,,　佐賀県は、高気圧に覆われて概ね晴れています。  　９日は、高気圧に覆われて概ね晴れとなるでしょう。  　１０日は、高気圧に覆われて概ね晴れますが、気圧の谷や湿った空気の影響により曇りで雨が降る所があるでしょう。  ＜天気変化等の留意点＞ ９日１８時から１０日１８時までの降水量は、多い所で１時間に１０ミリ、２４時間に１５ミリの見込みです。
佐賀地方気象台,2022-08-10T04:43:00+09:00,佐賀県,,　佐賀県は、高気圧に覆われて概ね晴れていますが、気圧の谷や湿った空気の影響により曇りで雨が降っている所があります。  　１０日は、高気圧に覆われて概ね晴れますが、気圧の谷や湿った空気の影響により曇りで雨が降る所があるでしょう。  　１１日は、高気圧に覆われて概ね晴れますが、気圧の谷や湿った空気の影響により曇りで雨が降る所があるでしょう。  ＜天気変化等の留意点＞ 　１０日６時から１１日６時までの降水量は、多い所で１時間に１０ミリ、２４時間に１５ミリの見込みです。
佐賀地方気象台,2022-08-10T10:34:00+09:00,佐賀県,,　佐賀県は、高気圧に覆われて概ね晴れていますが、気圧の谷や暖かく湿った空気の影響により曇りや雨となっている所があります。  　１０日は、高気圧に覆われて概ね晴れますが、気圧の谷や日射の影響により曇りで雨や雷雨となる所があるでしょう。  　１１日は、高気圧に覆われて概ね晴れますが、気圧の谷や湿った空気の影響により曇りで雨が降る所があるでしょう。  ＜天気変化等の留意点＞ １０日１２時から１１日１２時までの降水量は、多い所で１時間に２０ミリ、２４時間に３０ミリの見込みです。
佐賀地方気象台,2022-08-10T16:34:00+09:00,佐賀県,,　佐賀県は、高気圧に覆われて概ね晴れています。  　１０日は、高気圧に覆われて概ね晴れでしょう。  　１１日は、高気圧に覆われて概ね晴れますが、午後は日射や暖かく湿った空気の影響により曇りや雨となる所があるでしょう。  ＜天気変化等の留意点＞ １０日１８時から１１日１８時までの降水量は、多い所で１時間に５ミリ、２４時間に１０ミリの見込みです。
佐賀地方気象台,2022-08-11T04:39:00+09:00,佐賀県,,　佐賀県は、高気圧に覆われて概ね晴れていますが、気圧の谷や湿った空気の影響により、曇りとなっている所があります。  　１１日は、気圧の谷や湿った空気の影響により概ね曇りとなり、雨が降る所があるでしょう。  　１２日は、気圧の谷や湿った空気の影響により曇りや雨となり、雷を伴う所があるでしょう。  ＜天気変化等の留意点＞ １１日０６時から１２日０６時までの降水量は、多い所で１時間に１５ミリ、２４時間に３０ミリの見込みです。
佐賀地方気象台,2022-08-11T10:39:00+09:00,佐賀県,,　佐賀県は、高気圧に覆われて概ね晴れていますが、気圧の谷や湿った空気の影響により、曇りとなっている所があります。  　１１日は、気圧の谷や湿った空気の影響により概ね曇りとなり、雨が降る所があるでしょう。  　１２日は、気圧の谷や湿った空気の影響により曇りや雨となり、雷を伴う所があるでしょう。  ＜天気変化等の留意点＞ １１日１２時から１２日１２時までの降水量は、多い所で１時間に１０ミリ、２４時間に３０ミリの見込みです。
佐賀地方気象台,2022-08-11T16:37:00+09:00,佐賀県,,　佐賀県は、気圧の谷や湿った空気の影響により概ね曇りで、雨が降っている所があります。  　１１日は、気圧の谷や湿った空気の影響により概ね曇りとなり、雨が降る所があるでしょう。  　１２日は、気圧の谷や湿った空気の影響により曇りや雨となり、雷を伴う所があるでしょう。  ＜天気変化等の留意点＞ １１日１８時から１２日１８時までの降水量は、多い所で１時間に２０ミリ、２４時間に５０ミリの見込みです。
佐賀地方気象台,2022-08-12T04:46:00+09:00,佐賀県,,　佐賀県は、気圧の谷や暖かく湿った空気の影響により雨や曇りとなっています。  　１２日は、気圧の谷や暖かく湿った空気の影響により雨や曇りとなり、雷を伴い激しく降る所があるでしょう。  　１３日は、気圧の谷や暖かく湿った空気の影響により雨や曇りとなり、雷を伴い激しく降る所があるでしょう。  ＜天気変化等の留意点＞ 　１２日６時から１３日６時までの降水量は、多い所で１時間に３０ミリ、２４時間に８０ミリの見込みです。
佐賀地方気象台,2022-08-12T10:40:00+09:00,佐賀県,,　佐賀県は、気圧の谷や暖かく湿った空気の影響により曇りや雨となっています。  　１２日は、気圧の谷や暖かく湿った空気の影響により曇りや雨となり、雷を伴い激しく降る所があるでしょう。  　１３日は、気圧の谷や暖かく湿った空気の影響により曇りや雨となり、雷を伴い激しく降る所があるでしょう。  ＜天気変化等の留意点＞ 　１２日１２時から１３日１２時までの降水量は、多い所で１時間に４０ミリ、２４時間に１００ミリの見込みです。
佐賀地方気象台,2022-08-12T16:37:00+09:00,佐賀県,,　佐賀県は、気圧の谷や暖かく湿った空気の影響により、概ね曇りで雨の降っている所があります。  　１２日は、気圧の谷や暖かく湿った空気の影響により、概ね曇りで雨や雷雨となる所があるでしょう。  　１３日は、気圧の谷や暖かく湿った空気の影響により雨や曇りとなり、雷を伴い激しく降る所があるでしょう。熱中症の危険性が極めて高い気象状況になることが予測されます。外出はなるべく避け、室内をエアコン等で涼しい環境にして過ごしてください。  ＜天気変化等の留意点＞ 　１２日１８時から１３日１８時までの降水量は、多い所で１時間に３０ミリ、２４時間に１００ミリの見込みです。
佐賀地方気象台,2022-08-13T04:49:00+09:00,佐賀県,,　佐賀県は、気圧の谷や暖かく湿った空気の影響により、概ね曇りで雨が降っている所があります。  　１３日は、気圧の谷や暖かく湿った空気の影響により雨や曇りとなり、雷を伴い激しく降る所があるでしょう。熱中症の危険性が極めて高い気象状況になることが予測されます。外出はなるべく避け、室内をエアコン等で涼しい環境にして過ごしてください。  　１４日は、気圧の谷や暖かく湿った空気の影響により概ね曇りで、雨や雷雨となる所があるでしょう。  ＜天気変化等の留意点＞ 　１３日６時から１４日６時までの降水量は、多い所で１時間に３０ミリ、２４時間に８０ミリの見込みです。
佐賀地方気象台,2022-08-13T10:42:00+09:00,佐賀県,,　佐賀県は、気圧の谷や暖かく湿った空気の影響により、曇りや雨で雷を伴っている所があります。  　１３日は、気圧の谷や暖かく湿った空気の影響により曇りや雨となり、雷を伴い激しく降る所があるでしょう。熱中症の危険性が極めて高い気象状況になることが予測されます。外出はなるべく避け、室内をエアコン等で涼しい環境にして過ごしてください。  　１４日は、気圧の谷や暖かく湿った空気の影響により概ね曇りで、雨や雷雨となる所があるでしょう。  ＜天気変化等の留意点＞ 　１３日１２時から１４日１２時までの降水量は、多い所で１時間に３０ミリ、２４時間に８０ミリの見込みです。
佐賀地方気象台,2022-08-13T16:44:00+09:00,佐賀県,,　佐賀県は、気圧の谷や暖かく湿った空気の影響により曇りで、雨や雷雨となり激しく降っている所があります。  　１３日は、気圧の谷や暖かく湿った空気の影響により曇りとなり、雨や雷雨となり激しく降る所があるでしょう。  　１４日は、気圧の谷や暖かく湿った空気の影響により曇りで、雨や雷雨となる所があるでしょう。  ＜天気変化等の留意点＞ 　１３日１８時から１４日１８時までの降水量は、多い所で１時間に３０ミリ、２４時間に５０ミリの見込みです。
佐賀地方気象台,2022-08-14T04:42:00+09:00,佐賀県,,　佐賀県は、気圧の谷や暖かく湿った空気の影響により曇りとなっています。  　１４日は、気圧の谷や暖かく湿った空気の影響により概ね曇りで、雨や雷雨となる所があるでしょう。  　１５日は、高気圧に覆われて晴れる所もありますが、気圧の谷や暖かく湿った空気の影響により概ね曇りで、雨の降る所があるでしょう。  ＜天気変化等の留意点＞ 　１４日０６時から１５日０６時までの降水量は、多い所で１時間に２０ミリ、２４時間に４０ミリの見込みです。
佐賀地方気象台,2022-08-14T10:35:00+09:00,佐賀県,,　佐賀県は、湿った空気の影響により概ね曇りで、雨の降っている所があります。  　１４日は、高気圧に覆われて晴れる所もありますが、湿った空気の影響により概ね曇りとなり、雨や雷雨となる所があるでしょう。  　１５日は、高気圧に覆われて晴れる所もありますが、湿った空気の影響により概ね曇りとなり、雨の降る所があるでしょう。  ＜天気変化等の留意点＞ １４日１２時から１５日１２時までの降水量は、多い所で１時間に１０ミリ、２４時間に２０ミリの見込みです。
佐賀地方気象台,2022-08-14T16:36:00+09:00,佐賀県,,　佐賀県は、高気圧に覆われて概ね晴れていますが、湿った空気の影響により曇りとなり、雨の降っている所があります。  　１４日は、湿った空気の影響によりはじめ曇りとなり、雨や雷雨となる所がありますが、高気圧に覆われて次第に晴れるでしょう。  　１５日は、湿った空気の影響により概ね曇りとなり、昼過ぎから雨や雷雨となる所があるでしょう。熱中症の危険性が極めて高い気象状況になることが予測されます。外出はなるべく避け、室内をエアコン等で涼しい環境にして過ごしてください。  ＜天気変化等の留意点＞ １４日１８時から１５日１８時までの降水量は、多い所で１時間に２０ミリ、２４時間に４０ミリの見込みです。
佐賀地方気象台,2022-08-15T04:54:00+09:00,佐賀県,,　佐賀県は、湿った空気の影響により概ね曇りで雨が降っている所があります。  　１５日は、湿った空気や日射の影響により概ね曇りとなり、雨や雷雨となる所があるでしょう。熱中症の危険性が極めて高い気象状況になることが予測されます。外出はなるべく避け、室内をエアコン等で涼しい環境にして過ごしてください。  　１６日は、湿った空気や前線の影響により曇りで、雨や雷雨となる所があるでしょう。  ＜天気変化等の留意点＞ 　１５日０６時から１６日０６時までの降水量は、多い所で１時間に２０ミリ、２４時間に８０ミリの見込みです。
佐賀地方気象台,2022-08-15T10:40:00+09:00,佐賀県,,　佐賀県は、高気圧に覆われて概ね晴れていますが、湿った空気の影響により曇りで雨が降っている所があります。  　１５日は、高気圧に覆われて晴れる所もありますが、湿った空気や日射の影響により概ね曇りとなり、雨や雷雨となる所があるでしょう。熱中症の危険性が極めて高い気象状況になることが予測されます。外出はなるべく避け、室内をエアコン等で涼しい環境にして過ごしてください。  　１６日は、湿った空気や前線の影響により曇りで、雨や雷雨となる所があるでしょう。  ＜天気変化等の留意点＞ １５日１２時から１６日１２時までの降水量は、多い所で１時間に２０ミリ、２４時間に６０ミリの見込みです。
佐賀地方気象台,2022-08-15T16:40:00+09:00,佐賀県,,　佐賀県は、湿った空気や日射の影響により概ね曇りで、雨が降っている所があります。  　１５日は、湿った空気や日射の影響により概ね曇りで、雨や雷雨となる所があるでしょう。  　１６日は、湿った空気や前線の影響により概ね曇りで、雨や雷雨となり激しく降る所があるでしょう。  ＜天気変化等の留意点＞ １５日１８時から１６日１８時までの降水量は、多い所で１時間に３０ミリ、２４時間に８０ミリの見込みです。
佐賀地方気象台,2022-08-16T04:44:00+09:00,佐賀県,,　佐賀県は、湿った空気の影響により曇りや雨となっています。  　１６日は、湿った空気の影響により曇りや雨となり、雷を伴い激しく降る所があるでしょう。  　１７日は、前線や湿った空気の影響により曇りや雨となり、雷を伴い激しく降る所があるでしょう。  ＜天気変化等の留意点＞ １６日０６時から１７日０６時までの降水量は、多い所で１時間に４０ミリ、２４時間に１００ミリの見込みです。
佐賀地方気象台,2022-08-16T10:42:00+09:00,佐賀県,,　佐賀県は、湿った空気の影響により曇りで、雨や雷雨となっている所があります。  　１６日は、湿った空気の影響により曇りや雨となり、雷を伴い激しく降る所があるでしょう。  　１７日は、前線や湿った空気の影響により曇りや雨となり、雷を伴い激しく降る所があるでしょう。  ＜天気変化等の留意点＞ １６日１２時から１７日１２時までの降水量は、多い所で１時間に４０ミリ、２４時間に１３０ミリの見込みです。
佐賀地方気象台,2022-08-16T16:41:00+09:00,佐賀県,,　佐賀県は、湿った空気の影響により曇りや雨で、雷を伴い激しく降っている所があります。  　１６日は、湿った空気や前線の影響により雨となり、雷を伴い激しく降る所があるでしょう。  　１７日は、前線や湿った空気の影響により曇り時々雨となり、雷を伴い非常に激しく降る所があるでしょう。  ＜天気変化等の留意点＞ １６日１８時から１７日１８時までの降水量は、多い所で１時間に５０ミリ、２４時間に１５０ミリの見込みです。
佐賀地方気象台,2022-08-17T04:44:00+09:00,佐賀県,,　佐賀県は、暖かく湿った空気の影響により雨や曇りで、雷を伴い激しく降っている所があります。  　１７日は、前線や暖かく湿った空気の影響により雨や曇りとなり、雷を伴い非常に激しく降る所があるでしょう。  　１８日は、前線や暖かく湿った空気の影響により雨や曇りとなり、雷を伴い激しく降る所があるでしょう。  ＜天気変化等の留意点＞ 　１７日６時から１８日６時までの降水量は、多い所で１時間に４０ミリ、２４時間に１２０ミリの見込みです。
佐賀地方気象台,2022-08-17T10:38:00+09:00,佐賀県,,　佐賀県は、前線や暖かく湿った空気の影響により雨で、雷を伴い非常に激しく降っている所があります。  　１７日は、前線や暖かく湿った空気の影響により雨となり、雷を伴い激しく降る所があるでしょう。  　１８日は、前線や暖かく湿った空気の影響により雨や曇りとなり、雷を伴い激しく降る所があるでしょう。  ＜天気変化等の留意点＞ 　１７日１２時から１８日１２時までの降水量は、多い所で１時間に３０ミリ、２４時間に１２０ミリの見込みです。
佐賀地方気象台,2022-08-17T16:38:00+09:00,佐賀県,,　佐賀県は、前線や暖かく湿った空気の影響により概ね雨で、雷を伴い激しく降っている所があります。  　１７日は、前線や暖かく湿った空気の影響により概ね雨となり、雷を伴い非常に激しく降る所があるでしょう。  　１８日は、前線や暖かく湿った空気の影響により雨や曇りとなり、雷を伴い非常に激しく降る所があるでしょう。  ＜天気変化等の留意点＞ 　１７日１８時から１８日１８時までの降水量は、多い所で１時間に７０ミリ、２４時間に１８０ミリの見込みです。
佐賀地方気象台,2022-08-18T04:51:00+09:00,佐賀県,,　佐賀県は、前線や暖かく湿った空気の影響により概ね雨で、雷雨となっている所があります。  　１８日は、前線や暖かく湿った空気の影響により雨や曇りとなり、雷を伴い激しく降る所があるでしょう。  　１９日は、暖かく湿った空気の影響により概ね曇りとなり、雨が降る所があるでしょう。  ＜天気変化等の留意点＞ 　１８日０６時から１９日０６時までの降水量は、多い所で１時間に１５ミリ、２４時間に４０ミリの見込みです。
佐賀地方気象台,2022-08-18T10:41:00+09:00,佐賀県,,　佐賀県は、高気圧に覆われて概ね晴れとなっていますが、暖かく湿った空気の影響により、雨が降っている所があります。  　１８日は、高気圧に覆われて概ね晴れますが、暖かく湿った空気の影響により曇りとなり、雨が降る所があるでしょう。  　１９日は、暖かく湿った空気の影響により概ね曇りとなり、雨が降る所があるでしょう。  ＜天気変化等の留意点＞ 　１８日１２時から１９日１２時までの降水量は、多い所で１時間に５ミリ、２４時間に２０ミリの見込みです。
佐賀地方気象台,2022-08-18T16:37:00+09:00,佐賀県,,　佐賀県は、高気圧に覆われて概ね晴れとなっています。  　１８日は、高気圧に覆われて概ね晴れますが、暖かく湿った空気の影響により曇りとなり、雨が降る所があるでしょう。  　１９日は、高気圧に覆われて概ね晴れますが、湿った空気の影響により曇りで雨が降る所があるでしょう。  ＜天気変化等の留意点＞ 　１８日１８時から１９日１８時までの降水量は、多い所で１時間に５ミリ、２４時間に２０ミリの見込みです。
佐賀地方気象台,2022-08-19T04:43:00+09:00,佐賀県,,　佐賀県は、暖かく湿った空気の影響により概ね曇りとなっています。  　１９日は、高気圧に覆われて晴れる所もありますが、暖かく湿った空気の影響により概ね曇りで雨が降る所があるでしょう。  　２０日は、気圧の谷や暖かく湿った空気の影響により、概ね曇りで次第に雨となり、雷を伴い激しく降る所があるでしょう。  ＜天気変化等の留意点＞ 　１９日０６時から２０日０６時までの降水量は、多い所で１時間に５ミリ、２４時間に１０ミリの見込みです。
佐賀地方気象台,2022-08-19T16:35:00+09:00,佐賀県,,　佐賀県は、高気圧に覆われて概ね晴れていますが、湿った空気の影響により曇りで雨が降っている所があります。  　１９日は、湿った空気の影響により概ね曇りで雨が降る所があるでしょう。  　２０日は、気圧の谷や暖かく湿った空気の影響により、概ね曇りで次第に雨となり、雷を伴い激しく降る所があるでしょう。  ＜天気変化等の留意点＞ 　１９日１８時から２０日１８時までの降水量は、多い所で１時間に５ミリ、２４時間に２０ミリの見込みです。
佐賀地方気象台,2022-08-20T10:40:00+09:00,佐賀県,,　佐賀県は、気圧の谷や湿った空気の影響により、概ね曇りで雨が降っている所があります。  　２０日は、気圧の谷や暖かく湿った空気の影響により、曇りで次第に雨となり雷を伴い激しく降る所があるでしょう。  　２１日は、気圧の谷や暖かく湿った空気の影響により、曇りや雨で雷を伴い激しく降る所があるでしょう。  ＜天気変化等の留意点＞ 　２０日１２時から２１日１２時までの降水量は、多い所で１時間に４０ミリ、２４時間に１００ミリの見込みです。
佐賀地方気象台,2022-08-20T16:40:00+09:00,佐賀県,,　佐賀県は、気圧の谷や湿った空気の影響により、概ね曇りで雨が降っている所があります。  　２０日は、気圧の谷や暖かく湿った空気の影響により、曇りで次第に雨となり雷を伴い激しく降る所があるでしょう。  　２１日は、気圧の谷や暖かく湿った空気の影響により、曇りや雨で雷を伴い非常に激しく降る所がありますが、高気圧に覆われて次第に晴れるでしょう。熱中症の危険性が極めて高い気象状況になることが予測されます。外出はなるべく避け、室内をエアコン等で涼しい環境にして過ごしてください。  ＜天気変化等の留意点＞ 　２０日１８時から２１日１８時までの降水量は、多い所で１時間に５０ミリ、２４時間に１００ミリの見込みです。
佐賀地方気象台,2022-08-21T04:48:00+09:00,佐賀県,,　佐賀県は、気圧の谷や湿った空気の影響により、曇りや雨で雷雨となっている所があります。  　２１日は、気圧の谷や暖かく湿った空気の影響により、曇りや雨で雷を伴い激しく降る所がありますが、高気圧に覆われて次第に晴れるでしょう。熱中症の危険性が極めて高い気象状況になることが予測されます。外出はなるべく避け、室内をエアコン等で涼しい環境にして過ごしてください。  　２２日は、高気圧に覆われて概ね晴れますが、気圧の谷や湿った空気の影響により、曇りで雨の降る所があるでしょう。  ＜天気変化等の留意点＞ 　２１日６時から２２日６時までの降水量は、多い所で１時間に１５ミリ、２４時間に３０ミリの見込みです。
佐賀地方気象台,2022-08-21T10:40:00+09:00,佐賀県,,　佐賀県は、気圧の谷や湿った空気の影響により、概ね曇りとなっています。  　２１日は、気圧の谷や湿った空気の影響により、曇りで雨の降る所がありますが、高気圧に覆われて次第に晴れるでしょう。熱中症の危険性が極めて高い気象状況になることが予測されます。外出はなるべく避け、室内をエアコン等で涼しい環境にして過ごしてください。  　２２日は、高気圧に覆われて概ね晴れますが、気圧の谷や湿った空気の影響により、曇りで雨の降る所があるでしょう。  ＜天気変化等の留意点＞ 　２１日１２時から２２日１２時までの降水量は、多い所で１時間に２ミリ、２４時間に５ミリの見込みです。
佐賀地方気象台,2022-08-21T16:35:00+09:00,佐賀県,,　佐賀県は、高気圧に覆われて概ね晴れています。  　２１日は、高気圧に覆われて概ね晴れるでしょう。  　２２日は、高気圧に覆われて概ね晴れますが、気圧の谷や湿った空気の影響により、曇りの所があるでしょう。  ＜天気変化等の留意点＞ 　特にありません。
佐賀地方気象台,2022-08-22T04:43:00+09:00,佐賀県,,　佐賀県は、高気圧に覆われて概ね晴れていますが、暖かく湿った空気の影響により曇りとなっている所があります。  　２２日は、高気圧に覆われて概ね晴れますが、気圧の谷や暖かく湿った空気の影響により時々曇りとなるでしょう。  　２３日は、高気圧に覆われて概ね晴れますが、気圧の谷や暖かく湿った空気の影響により時々曇りとなるでしょう。  ＜天気変化等の留意点＞ 　特にありません。
佐賀地方気象台,2022-08-22T10:37:00+09:00,佐賀県,,　佐賀県は、気圧の谷や暖かく湿った空気の影響により概ね曇りとなっています。  　２２日は、高気圧に覆われて晴れる所もありますが、気圧の谷や暖かく湿った空気の影響により概ね曇りとなるでしょう。  　２３日は、高気圧に覆われて概ね晴れますが、気圧の谷や暖かく湿った空気の影響により時々曇りとなるでしょう。  ＜天気変化等の留意点＞ 　特にありません。
佐賀地方気象台,2022-08-22T16:38:00+09:00,佐賀県,,　佐賀県は、高気圧に覆われて概ね晴れていますが、気圧の谷や暖かく湿った空気の影響により曇りとなっている所があります。  　２２日は、高気圧に覆われて概ね晴れますが、気圧の谷や暖かく湿った空気の影響により、曇りとなる所があるでしょう。  　２３日は、高気圧に覆われて概ね晴れますが、気圧の谷や暖かく湿った空気の影響により、曇りとなる所があるでしょう。  ＜天気変化等の留意点＞ 　特にありません。
佐賀地方気象台,2022-08-23T04:39:00+09:00,佐賀県,,　佐賀県は、気圧の谷や暖かく湿った空気の影響により、概ね曇りとなっています。  　２３日は、高気圧に覆われて晴れる所もありますが、気圧の谷や暖かく湿った空気の影響により、概ね曇りとなるでしょう。  　２４日は、低気圧や暖かく湿った空気の影響により、概ね曇りで次第に雨となり雷を伴う所があるでしょう。  ＜天気変化等の留意点＞ 　特にありません。
佐賀地方気象台,2022-08-23T10:33:00+09:00,佐賀県,,　佐賀県は、高気圧に覆われて概ね晴れとなっています。  　２３日は、高気圧に覆われて概ね晴れますが、気圧の谷や湿った空気の影響により、曇りとなる所もあるでしょう。  　２４日は、低気圧や暖かく湿った空気の影響により、概ね曇りで次第に雨となり雷を伴う所があるでしょう。  ＜天気変化等の留意点＞ 　特にありません。
佐賀地方気象台,2022-08-23T16:34:00+09:00,佐賀県,,　佐賀県は、気圧の谷や湿った空気の影響により、概ね曇りとなっています。  　２３日は、気圧の谷や湿った空気の影響により、曇りとなるでしょう。  　２４日は、低気圧や暖かく湿った空気の影響により曇りとなりますが、夕方からは雨で雷を伴い激しく降る所があるでしょう。  ＜天気変化等の留意点＞ 　２３日１８時から２４日１８時までの降水量は、多い所で１時間に１０ミリ、２４時間に２０ミリの見込みです。
佐賀地方気象台,2022-08-24T04:51:00+09:00,佐賀県,,　佐賀県は、高気圧に覆われて晴れている所もありますが、低気圧や暖かく湿った空気の影響により、概ね曇りとなっています。  　２４日は、低気圧や暖かく湿った空気の影響により、はじめ曇りで次第に雨となり、雷を伴い激しく降る所があるでしょう。  　２５日は、はじめ低気圧や暖かく湿った空気の影響により雨となりますが、高気圧に覆われ次第に晴れるでしょう。  ＜天気変化等の留意点＞ 　２４日０６時から２５日０６時までの降水量は、多い所で１時間に３０ミリ、２４時間に１００ミリの見込みです。
佐賀地方気象台,2022-08-24T10:33:00+09:00,佐賀県,,　佐賀県は、低気圧や暖かく湿った空気の影響により、曇りや雨となっています。  　２４日は、低気圧や暖かく湿った空気の影響により、概ね雨となり、雷を伴い激しく降る所があるでしょう。  　２５日は、はじめ低気圧や暖かく湿った空気の影響により雨となりますが、高気圧に覆われ次第に晴れるでしょう。  ＜天気変化等の留意点＞ 　２４日１２時から２５日１２時までの降水量は、多い所で１時間に３０ミリ、２４時間に１００ミリの見込みです。
佐賀地方気象台,2022-08-24T16:35:00+09:00,佐賀県,,　佐賀県は、低気圧や暖かく湿った空気の影響により、概ね曇りで雨が降っている所があります。  　２４日は、低気圧や暖かく湿った空気の影響により、はじめ曇りや雨で雷を伴う所がありますが、次第に曇りとなるでしょう。  　２５日は、低気圧や暖かく湿った空気の影響により、曇りとなる所がありますが、高気圧に覆われて概ね晴れるでしょう。  ＜天気変化等の留意点＞ 　２４日１８時から２５日１８時までの降水量は、多い所で１時間に２０ミリ、２４時間に３０ミリの見込みです。
佐賀地方気象台,2022-08-25T04:38:00+09:00,佐賀県,,　佐賀県は、高気圧に覆われて概ね晴れています。  　２５日は、高気圧に覆われて概ね晴れるでしょう。  　２６日は、気圧の谷や湿った空気の影響により、概ね曇りとなりますが、高気圧に覆われて朝晩は晴れるでしょう。  ＜天気変化等の留意点＞ 　特にありません。
佐賀地方気象台,2022-08-25T10:35:00+09:00,佐賀県,,　佐賀県は、高気圧に覆われて概ね晴れています。  　２５日は、高気圧に覆われて晴れるでしょう。  　２６日は、気圧の谷や湿った空気の影響により、概ね曇りとなりますが、高気圧に覆われて朝晩は晴れるでしょう。  ＜天気変化等の留意点＞ 　特にありません。
佐賀地方気象台,2022-08-25T16:35:00+09:00,佐賀県,,　佐賀県は、高気圧に覆われて晴れています。  　２５日は、高気圧に覆われて晴れるでしょう。  　２６日は、気圧の谷や湿った空気の影響により概ね曇りで所により雨が降りますが、高気圧に覆われて朝晩は晴れるでしょう。  ＜天気変化等の留意点＞ 　２５日１８時から２６日１８時までの降水量は、多い所で１時間に５ミリ、２４時間に１０ミリの見込みです。
佐賀地方気象台,2022-08-26T04:36:00+09:00,佐賀県,,　佐賀県は、高気圧に覆われて概ね晴れています。  　２６日は、気圧の谷や湿った空気の影響により概ね曇りとなり、雨が降る所がありますが、朝晩は晴れるでしょう。  　２７日は、高気圧に覆われて概ね晴れますが、湿った空気や気圧の谷の影響により曇りとなる所があるでしょう。  ＜天気変化等の留意点＞ 　２６日０６時から２７日０６時までの降水量は、多い所で１時間に２ミリ、２４時間に５ミリの見込みです。
佐賀地方気象台,2022-08-26T10:36:00+09:00,佐賀県,,　佐賀県は、気圧の谷の影響により概ね曇りで、雨が降っている所があります。  　２６日は、気圧の谷や湿った空気の影響により概ね曇りとなり、雨が降る所があるでしょう。  　２７日は、高気圧に覆われて概ね晴れますが、湿った空気や気圧の谷の影響により曇りとなる所があるでしょう。  ＜天気変化等の留意点＞ 　２６日１２時から２７日１２時までの降水量は、多い所で１時間に２ミリ、２４時間に５ミリの見込みです。
佐賀地方気象台,2022-08-26T16:35:00+09:00,佐賀県,,　佐賀県は、気圧の谷や湿った空気の影響により概ね曇りで、雨が降っている所があります。  　２６日は、気圧の谷や湿った空気の影響により概ね曇りとなり、雨が降る所があるでしょう。  　２７日は、高気圧に覆われて概ね晴れますが、湿った空気や気圧の谷の影響により曇りとなる所があるでしょう。  ＜天気変化等の留意点＞ ２６日１８時から２７日１８時までの降水量は、多い所で１時間に２ミリ、２４時間に５ミリの見込みです。
佐賀地方気象台,2022-08-27T04:44:00+09:00,佐賀県,,　佐賀県は、気圧の谷の影響により概ね曇りとなっています。  　２７日は、気圧の谷の影響により曇りとなる所がありますが、高気圧に覆われて概ね晴れるでしょう。  　２８日は、高気圧に覆われて概ね晴れるでしょう。  ＜天気変化等の留意点＞ 　特にありません。
佐賀地方気象台,2022-08-27T10:33:00+09:00,佐賀県,,　佐賀県は、高気圧に覆われて概ね晴れています。  　２７日は、高気圧に覆われて概ね晴れるでしょう。  　２８日は、高気圧に覆われて概ね晴れるでしょう。  ＜天気変化等の留意点＞ 　特にありません。
佐賀地方気象台,2022-08-27T16:33:00+09:00,佐賀県,,　佐賀県は、高気圧に覆われて概ね晴れとなっています。  　２７日は、高気圧に覆われて概ね晴れとなるでしょう。  　２８日は、高気圧に覆われて概ね晴れとなるでしょう。  ＜天気変化等の留意点＞ 　特にありません。
佐賀地方気象台,2022-08-28T04:40:00+09:00,佐賀県,,　佐賀県は、高気圧に覆われて概ね晴れています。  　２８日は、高気圧に覆われて概ね晴れとなるでしょう。  　２９日は、高気圧に覆われて概ね晴れますが、湿った空気の影響により、次第に曇りとなる所があるでしょう。  ＜天気変化等の留意点＞ 　特にありません。
佐賀地方気象台,2022-08-28T10:36:00+09:00,佐賀県,,　佐賀県は、高気圧に覆われて概ね晴れています。  　２８日は、高気圧に覆われて概ね晴れとなるでしょう。  　２９日は、高気圧に覆われて概ね晴れますが、湿った空気の影響により、次第に曇りとなる所があるでしょう。  ＜天気変化等の留意点＞ 　特にありません。
佐賀地方気象台,2022-08-28T16:37:00+09:00,佐賀県,,　佐賀県は、高気圧に覆われて概ね晴れています。  　２８日は、高気圧に覆われて概ね晴れますが、気圧の谷や湿った空気の影響により、曇りとなる所があるでしょう。  　２９日は、高気圧に覆われて概ね晴れますが、気圧の谷や湿った空気の影響により、曇りとなる所があるでしょう。  ＜天気変化等の留意点＞ 　特にありません。
佐賀地方気象台,2022-08-29T04:37:00+09:00,佐賀県,,　佐賀県は、高気圧に覆われて概ね晴れています。  　２９日は、高気圧に覆われて概ね晴れますが、気圧の谷や湿った空気の影響により次第に曇りとなるでしょう。  　３０日は、高気圧に覆われて晴れる所もありますが、湿った空気や日射の影響により、概ね曇りで雨や雷雨となる所があるでしょう。  ＜天気変化等の留意点＞ 　特にありません。
佐賀地方気象台,2022-08-29T10:36:00+09:00,佐賀県,,　佐賀県は、高気圧に覆われて概ね晴れています。  　２９日は、高気圧に覆われて概ね晴れますが、気圧の谷や湿った空気の影響により夜は曇りとなるでしょう。  　３０日は、高気圧に覆われて晴れる所もありますが、湿った空気や日射の影響により、概ね曇りで雨や雷雨となる所があるでしょう。  ＜天気変化等の留意点＞ 　特にありません。
佐賀地方気象台,2022-08-29T16:39:00+09:00,佐賀県,,　佐賀県は、高気圧に覆われて概ね晴れています。  　２９日は、高気圧に覆われて概ね晴れるでしょう。  　３０日は、高気圧に覆われて概ね晴れますが、気圧の谷や日射の影響により、曇りとなり、雨や雷雨となる所があるでしょう。  ＜天気変化等の留意点＞ 　２９日１８時から３０日１８時までの降水量は、多い所で１時間に１０ミリ、２４時間に２０ミリの見込みです。
佐賀地方気象台,2022-08-30T04:48:00+09:00,佐賀県,,　佐賀県は、気圧の谷や湿った空気の影響により曇りとなっています。  　３０日は、気圧の谷や湿った空気の影響により概ね曇りとなりますが、高気圧に覆われて晴れる所もあるでしょう。  　３１日は、湿った空気や前線の影響により概ね曇りとなり、雨や雷雨となる所があるでしょう。  ＜天気変化等の留意点＞ 　特にありません。
佐賀地方気象台,2022-08-30T10:44:00+09:00,佐賀県,,　佐賀県は、高気圧に覆われて概ね晴れています。  　３０日は、高気圧に覆われて概ね晴れとなるでしょう。  　３１日は、湿った空気の影響により概ね曇りとなり、雨や雷雨となる所があるでしょう。  ＜天気変化等の留意点＞ 　３０日１２時から３１日１２時までの降水量は、多い所で１時間に１５ミリ、２４時間に３０ミリの見込みです。
佐賀地方気象台,2022-08-30T16:37:00+09:00,佐賀県,,　佐賀県は、高気圧に覆われて概ね晴れています。  　３０日は、高気圧に覆われて概ね晴れとなるでしょう。  　３１日は、湿った空気の影響により概ね曇りとなり、雨や雷雨となる所があるでしょう。  ＜天気変化等の留意点＞ 　３０日１８時から３１日１８時までの降水量は、多い所で１時間に１０ミリ、２４時間に２０ミリの見込みです。
佐賀地方気象台,2022-08-31T04:37:00+09:00,佐賀県,,　佐賀県は、高気圧に覆われて概ね晴れていますが、気圧の谷や湿った空気の影響により曇りとなっている所があります。  　３１日は、はじめ高気圧に覆われて晴れますが、湿った空気や前線の影響により概ね曇りで、雨や雷雨となる所があるでしょう。熱中症の危険性が極めて高い気象状況になることが予測されます。外出はなるべく避け、室内をエアコン等で涼しい環境にして過ごしてください。  　９月１日は、前線や湿った空気の影響により概ね雨で、雷雨となる所があるでしょう。  ＜天気変化等の留意点＞ 　３１日６時から９月１日６時までの降水量は、多い所で１時間に２０ミリ、２４時間に５０ミリの見込みです。
佐賀地方気象台,2022-08-31T10:37:00+09:00,佐賀県,,　佐賀県は、高気圧に覆われて概ね晴れていますが、気圧の谷や湿った空気の影響により曇りとなっている所があります。  　３１日は、湿った空気や前線の影響により概ね曇りで、雨や雷雨となる所があるでしょう。熱中症の危険性が極めて高い気象状況になることが予測されます。外出はなるべく避け、室内をエアコン等で涼しい環境にして過ごしてください。  　９月１日は、前線や湿った空気の影響により概ね雨で、雷雨となる所があるでしょう。  ＜天気変化等の留意点＞ 　３１日１２時から９月１日１２時までの降水量は、多い所で１時間に２０ミリ、２４時間に６０ミリの見込みです。
佐賀地方気象台,2022-08-31T16:36:00+09:00,佐賀県,,　佐賀県は、高気圧に覆われて晴れている所もありますが、湿った空気の影響により概ね曇りとなっています。  　３１日は、湿った空気や前線の影響により概ね曇りで、雨や雷雨となる所があるでしょう。  　９月１日は、前線や湿った空気の影響により概ね雨で、雷を伴い激しく降る所があるでしょう。  ＜天気変化等の留意点＞ 　３１日１８時から９月１日１８時までの降水量は、多い所で１時間に３０ミリ、２４時間に８０ミリの見込みです。
