publishingOffice,reportDatetime,targetArea,headlineText,text
仙台管区気象台,2022-05-01T04:45:00+09:00,宮城県,,東北地方は気圧の谷となっています。  【宮城県】 宮城県は、曇りとなっています。  １日は、気圧の谷や湿った空気の影響により、曇りで、昼前から雨の降る所が多くなるでしょう。  ２日は、高気圧に覆われるため、晴れや曇りの見込みです。  ＜天気変化等の留意点＞ １日は、宮城県では、大雨による土砂災害に注意してください。  【東北地方】 東北地方は、曇りで雨の降っている所があります。  １日は、気圧の谷や湿った空気の影響により、曇りや雨で、午後は雷を伴う所があるでしょう。  ２日は、高気圧に覆われますが、低気圧や湿った空気の影響により、晴れや曇りで、朝晩は雨の降る所があり、雷を伴う所がある見込みです。
仙台管区気象台,2022-05-01T10:47:00+09:00,宮城県,,東北地方は気圧の谷となっています。  【宮城県】 宮城県は、雨や曇りとなっています。  １日は、気圧の谷や湿った空気の影響により、雨でしょう。  ２日は、高気圧に覆われるため、晴れや曇りの見込みです。  ＜天気変化等の留意点＞ １日は、宮城県では、大雨による土砂災害に注意してください。  【東北地方】 東北地方は、雨や曇りとなっています。  １日は、気圧の谷や湿った空気の影響により、雨や曇りで、午後は雷を伴う所があるでしょう。  ２日は、高気圧に覆われますが、低気圧や湿った空気の影響により、晴れや曇りで、朝晩は雨の降る所があり、雷を伴う所がある見込みです。
仙台管区気象台,2022-05-01T16:39:00+09:00,宮城県,,東北地方は気圧の谷となっています。  【宮城県】 宮城県は、雨となっています。  １日夜は、気圧の谷や湿った空気の影響により、雨でしょう。  ２日は、高気圧に覆われますが、低気圧や湿った空気の影響により、晴れや曇りとなる見込みです。  ＜天気変化等の留意点＞ ２日は、宮城県では、空気が乾燥するため、火の取り扱いに注意してください。  【東北地方】 東北地方は、雨の所が多くなっています。  １日夜は、気圧の谷や湿った空気の影響により、雨や曇りで、雷を伴う所があるでしょう。  ２日は、高気圧に覆われますが、低気圧や湿った空気の影響により、晴れや曇りで、朝晩は雨の降る所があり、雷を伴う所がある見込みです。
仙台管区気象台,2022-05-02T04:34:00+09:00,宮城県,,東北地方は気圧の谷となっています。  【宮城県】 宮城県は、概ね晴れています。  ２日は、高気圧に覆われて、概ね晴れるでしょう。  ３日は、高気圧に覆われるため、晴れる見込みです。  ＜天気変化等の留意点＞ ２日は、特にありません。  【東北地方】 東北地方は、曇りや晴れで、雨の降っている所があります。  ２日は、高気圧に覆われますが、気圧の谷や湿った空気の影響により、晴れや曇りで、雨の降る所があるでしょう。南部では、夕方から雷を伴う所がある見込みです。  ３日は、高気圧に覆われますが、気圧の谷や湿った空気の影響により、晴れや曇りで、日本海側を中心に、昼前にかけて雨の降る所があるでしょう。
仙台管区気象台,2022-05-02T10:45:00+09:00,宮城県,,高気圧が、本州付近を緩やかに覆っています。一方、低気圧が日本海にあって、東へ進んでいます。  【宮城県】 宮城県は、晴れています。  ２日は、高気圧に覆われて、概ね晴れるでしょう。  ３日は、高気圧に覆われるため、晴れる見込みです。  ＜天気変化等の留意点＞ ２日は、宮城県では、空気が乾燥するため、火の取り扱いに注意してください。  【東北地方】 東北地方は、晴れや曇りとなっています。  ２日は、高気圧に覆われて、晴れますが、気圧の谷や湿った空気の影響により、次第に曇って、雨や雷雨となる所があるでしょう。  ３日は、高気圧に覆われますが、気圧の谷や湿った空気の影響により、晴れや曇りで、日本海側を中心に、昼前にかけて雨の降る所がある見込みです。
仙台管区気象台,2022-05-02T16:35:00+09:00,宮城県,,日本海や東日本は気圧の谷となっています。  【宮城県】 宮城県は、晴れや曇りとなっています。  ２日夜は、気圧の谷や湿った空気の影響により、曇りでしょう。  ３日は、高気圧に覆われるため、概ね晴れとなる見込みです。  ＜天気変化等の留意点＞ ３日は、宮城県では、空気が乾燥するため、火の取り扱いに注意してください。  【東北地方】 東北地方は、曇りや晴れで、雨の降っている所があります。  ２日夜は、気圧の谷や湿った空気の影響により、曇りや晴れで、雨や雷雨となる所があるでしょう。  ３日は、次第に高気圧に覆われますが、気圧の谷や湿った空気の影響により、晴れや曇りで、日本海側を中心に雨や雷雨となる所がある見込みです。
仙台管区気象台,2022-05-03T04:55:00+09:00,宮城県,,東北地方は、高気圧に緩やかに覆われていますが、上空の気圧の谷が通過中です。  【宮城県】 宮城県は、晴れや曇りとなっています。  ３日は、はじめ気圧の谷の影響により、雨の降る所がありますが、高気圧に覆われるため、晴れや曇りでしょう。  ４日は、高気圧に覆われるため、晴れや曇りとなる見込みです。  ＜天気変化等の留意点＞ ３日は、宮城県では、空気が乾燥するため、火の取り扱いに注意してください。  【東北地方】 東北地方は、曇りや晴れで、雨の降っている所があります。  ３日は、高気圧に覆われますが、気圧の谷や湿った空気の影響により、晴れや曇りで、日本海側を中心に雨や雷雨の所があるでしょう。  ４日は、高気圧に覆われるため、晴れや曇りとなる見込みです。
仙台管区気象台,2022-05-03T10:36:00+09:00,宮城県,,東北地方は、高気圧に緩やかに覆われていますが、上空の気圧の谷が通過中です。  【宮城県】 宮城県は、晴れや曇りで、雨の降っている所があります。  ３日は、高気圧に覆われますが、気圧の谷の影響により、晴れや曇りの見込みです。  ４日は、高気圧に覆われるため、晴れでしょう。  ＜天気変化等の留意点＞ ３日は、宮城県では、空気が乾燥するため、火の取り扱いに注意してください。  【東北地方】 東北地方は、曇りや晴れで、日本海側を中心に雨の降っている所があります。  ３日は、高気圧に覆われますが、気圧の谷や湿った空気の影響により、晴れや曇りで、日本海側を中心に雨や雷雨の所がある見込みです。  ４日は、高気圧に覆われるため、晴れや曇りでしょう。
仙台管区気象台,2022-05-03T16:32:00+09:00,宮城県,,東北地方は高気圧に緩やかに覆われていますが、上空の気圧の谷が通過中です。  【宮城県】 宮城県は、晴れや曇りとなっています。  ３日夜は、高気圧に覆われますが、気圧の谷の影響により、晴れで、夜遅くは曇りとなるでしょう。  ４日は、高気圧に覆われるため、晴れの見込みです。  ＜天気変化等の留意点＞ ４日は、宮城県では、空気が乾燥するため、火の取り扱いに注意してください。  【東北地方】 東北地方は、晴れや曇りで、雨の降っている所があります。  ３日夜は、高気圧に覆われますが、気圧の谷の影響により、晴れや曇りでしょう。  ４日は、高気圧に覆われるため、晴れや曇りの見込みです。
仙台管区気象台,2022-05-04T04:37:00+09:00,宮城県,,低気圧が日本海北部にあって、東へ進んでいます。一方、高気圧が、本州付近を覆っています。  【宮城県】 宮城県は、晴れや曇りとなっています。  ４日は、高気圧に覆われるため、晴れるでしょう。  ５日は、高気圧に覆われるため、晴れる見込みです。  ＜天気変化等の留意点＞ ４日は、宮城県では、空気が乾燥するため、火の取り扱いに注意してください。  【東北地方】 東北地方は、曇りや晴れとなっています。  ４日は、高気圧に覆われますが、北部を中心に低気圧や湿った空気の影響を受けるため、晴れや曇りでしょう。  ５日は、高気圧に覆われるため、晴れる見込みです。
仙台管区気象台,2022-05-04T10:34:00+09:00,宮城県,,低気圧が日本海北部にあって、東へ進んでいます。一方、高気圧が、本州付近を覆っています。  【宮城県】 宮城県は、晴れています。  ４日は、高気圧に覆われて、晴れるでしょう。  ５日は、高気圧に覆われるため、晴れる見込みです。  ＜天気変化等の留意点＞ ４日は、宮城県では、空気が乾燥するため、火の取り扱いに注意してください。  【東北地方】 東北地方は、晴れや曇りとなっています。  ４日は、高気圧に覆われますが、北部を中心に低気圧や湿った空気の影響を受けるため、晴れや曇りでしょう。  ５日は、高気圧に覆われるため、晴れる見込みです。
仙台管区気象台,2022-05-04T16:33:00+09:00,宮城県,,低気圧が北海道付近にあって、東へ進んでいます。一方、日本の東に中心を持つ高気圧が、本州付近を覆っています。  【宮城県】 宮城県は、晴れています。  ４日夜は、高気圧に覆われて、晴れるでしょう。  ５日は、高気圧に覆われるため、晴れる見込みです。  ＜天気変化等の留意点＞ ５日は、宮城県では、空気が乾燥するため、火の取り扱いに注意してください。  【東北地方】 東北地方は、晴れや曇りとなっています。  ４日夜は、高気圧に覆われるため、晴れや曇りでしょう。  ５日は、高気圧に覆われるため、晴れる見込みです。
仙台管区気象台,2022-05-05T04:34:00+09:00,宮城県,,高気圧が日本の東にあって、本州付近を覆っています。  【宮城県】 宮城県は、晴れています。  ５日は、高気圧に覆われるため、晴れるでしょう。  ６日は、高気圧に覆われるため、晴れる見込みです。  ＜天気変化等の留意点＞ ５日は、宮城県では、空気が乾燥するため、火の取り扱いに注意してください。  【東北地方】 東北地方は、概ね晴れています。  ５日は、高気圧に覆われるため、晴れるでしょう。  ６日は、高気圧に覆われるため、概ね晴れる見込みです。
仙台管区気象台,2022-05-05T10:40:00+09:00,宮城県,,高気圧が日本の東にあって、本州付近を覆っています。  【宮城県】 宮城県は、晴れています。  ５日は、高気圧に覆われるため、晴れるでしょう。  ６日は、高気圧に覆われるため、概ね晴れる見込みです。  ＜天気変化等の留意点＞ ５日は、宮城県では、空気が乾燥するため、火の取り扱いに注意してください。  【東北地方】 東北地方は、概ね晴れています。  ５日は、高気圧に覆われるため、晴れるでしょう。  ６日は、高気圧に覆われるため、概ね晴れる見込みです。
仙台管区気象台,2022-05-05T16:41:00+09:00,宮城県,,高気圧が北海道の南東海上と日本の東にあって、日本付近を覆っています。  【宮城県】 宮城県は、晴れています。  ５日夜は、高気圧に覆われるため、晴れるでしょう。  ６日は、高気圧に覆われるため、晴れる見込みです。  ＜天気変化等の留意点＞ ６日は、特にありません。  【東北地方】 東北地方は、概ね晴れています。  ５日夜は、高気圧に覆われるため、晴れるでしょう。  ６日は、高気圧に覆われるため、概ね晴れる見込みです。
仙台管区気象台,2022-05-06T04:33:00+09:00,宮城県,,高気圧が日本の東にあって、本州付近を覆っています。  【宮城県】 宮城県は、晴れています。  ６日は、高気圧に覆われるため、晴れるでしょう。  ７日は、湿った空気の影響により、曇りで、昼過ぎからは雨の降る所がある見込みです。  ＜天気変化等の留意点＞ ６日は、特にありません。  【東北地方】 東北地方は、概ね晴れています。  ６日は、高気圧に覆われるため、概ね晴れるでしょう。  ７日は、高気圧に覆われますが、前線や湿った空気の影響により、晴れや曇りで、昼頃からは雨の降る所がある見込みです。
仙台管区気象台,2022-05-06T10:34:00+09:00,宮城県,,高気圧が日本の東にあって、本州付近を覆っています。  【宮城県】 宮城県は、晴れています。  ６日は、高気圧に覆われるため、晴れるでしょう。  ７日は、湿った空気の影響により、曇りで、昼過ぎからは雨の降る所がある見込みです。  ＜天気変化等の留意点＞ ６日は、特にありません。  【東北地方】 東北地方は、晴れています。  ６日は、高気圧に覆われるため、概ね晴れるでしょう。  ７日は、高気圧に覆われますが、前線や湿った空気の影響により、晴れや曇りで、昼頃からは雨の降る所がある見込みです。
仙台管区気象台,2022-05-06T16:34:00+09:00,宮城県,,高気圧が日本の東にあって、本州付近を覆っています。  【宮城県】 宮城県は、概ね晴れています。  ６日夜は、高気圧に覆われるため、概ね晴れるでしょう。  ７日は、高気圧に覆われますが、湿った空気の影響により、曇りや晴れで、夜は雨の降る所がある見込みです。  ＜天気変化等の留意点＞ ７日は、特にありません。  【東北地方】 東北地方は、晴れています。  ６日夜は、高気圧に覆われるため、概ね晴れるでしょう。  ７日は、高気圧に覆われますが、前線や湿った空気の影響により、晴れや曇りで、夕方から雨の降る所がある見込みです。
仙台管区気象台,2022-05-07T04:45:00+09:00,宮城県,,高気圧が日本のはるか東にあって、本州付近を覆っています。  【宮城県】 宮城県は、曇りや晴れとなっています。  ７日は、高気圧に覆われますが、前線や湿った空気の影響により、晴れや曇りで、夜遅くは雨の降る所が多くなるでしょう。  ８日は、前線が東北地方を通過し、はじめ雨の降る所がありますが、次第に高気圧に覆われるため、晴れや曇りの見込みです。  ＜天気変化等の留意点＞ ７日は、特にありません。  【東北地方】 東北地方は、晴れや曇りとなっています。  ７日は、高気圧に覆われますが、前線や湿った空気の影響により、晴れや曇りで、夜は次第に雨の降る所が多くなるでしょう。  ８日は、前線が東北地方を通過し、次第に高気圧に覆われるため、晴れや曇りで、はじめ雨の降る所がある見込みです。
仙台管区気象台,2022-05-07T10:32:00+09:00,宮城県,,高気圧が日本のはるか東にあって、本州付近を覆っています。一方、低気圧がオホーツク海にあって、前線が日本海へのびています。  【宮城県】 宮城県は、晴れや曇りとなっています。  ７日は、高気圧に覆われて、晴れますが、前線や湿った空気の影響により、次第に曇って、夜遅くは西部を中心に雨の降る所が多いでしょう。  ８日は、前線が東北地方を通過し、次第に高気圧に覆われるため、晴れや曇りですが、はじめ雨の降る所がある見込みです。  ＜天気変化等の留意点＞ ７日は、特にありません。  【東北地方】 東北地方は、晴れている所が多くなっています。  ７日は、高気圧に覆われて、晴れますが、前線や湿った空気の影響により、次第に曇って、夜遅くは雨の降る所が多いでしょう。  ８日は、前線が東北地方を通過し、次第に高気圧に覆われるため、晴れや曇りですが、はじめ雨の降る所が多い見込みです。
仙台管区気象台,2022-05-07T16:33:00+09:00,宮城県,,低気圧が北海道付近にあって、寒冷前線が日本海へのびています。一方、高気圧が日本のはるか東にあって、本州付近を覆っています。  【宮城県】 宮城県は、晴れや曇りとなっています。  ７日夜は、前線や湿った空気の影響により、曇りや雨でしょう。  ８日は、前線が東北地方を通過し、次第に高気圧に覆われるため、晴れや曇りですが、はじめ雨の降る所がある見込みです。  ＜天気変化等の留意点＞ ８日は、東部では強風に注意してください。宮城県では、空気が乾燥するため、火の取り扱いに注意してください。  【東北地方】 東北地方は、晴れや曇りとなっています。  ７日夜は、前線や湿った空気の影響により、曇りや雨で、北部では雷を伴う所があるでしょう。  ８日は、前線が東北地方を通過し、次第に高気圧に覆われるため、晴れや曇りですが、はじめ雨の降る所がある見込みです。
仙台管区気象台,2022-05-08T04:36:00+09:00,宮城県,,東北地方は、華北に中心を持つ高気圧に緩やかに覆われています。  【宮城県】 宮城県は、曇りとなっています。  ８日は、高気圧に覆われますが、上空の気圧の谷の影響により、曇りで、昼過ぎから晴れるでしょう。  ９日は、高気圧に覆われるため、晴れや曇りの見込みです。  ＜天気変化等の留意点＞ ８日は、東部では強風に注意してください。宮城県では、空気が乾燥するため、火の取り扱いに注意してください。  【東北地方】 東北地方は、晴れや曇りとなっています。  ８日は、高気圧に覆われますが、上空の気圧の谷の影響により、晴れや曇りの見込みです。  ９日は、高気圧に覆われるため、晴れや曇りでしょう。
仙台管区気象台,2022-05-08T10:33:00+09:00,宮城県,,高気圧が本州付近を覆っています。  【宮城県】 宮城県は、晴れや曇りとなっています。  ８日は、高気圧に覆われて、晴れや曇りでしょう。  ９日は、高気圧に覆われるため、晴れや曇りとなる見込みです。  ＜天気変化等の留意点＞ ８日は、東部では強風に注意してください。宮城県では、空気が乾燥するため、火の取り扱いに注意してください。  【東北地方】 東北地方は、概ね晴れています。  ８日は、高気圧に覆われるため、概ね晴れるでしょう。  ９日は、高気圧に覆われますが、気圧の谷の影響により、晴れや曇りの見込みです。
仙台管区気象台,2022-05-08T16:33:00+09:00,宮城県,,高気圧が本州付近を覆っています。  【宮城県】 宮城県は、晴れや曇りとなっています。  ８日夜は、高気圧に覆われて、晴れや曇りでしょう。  ９日は、高気圧に覆われますが、気圧の谷の影響により、曇りや晴れの見込みです。  ＜天気変化等の留意点＞ ９日は、宮城県では、空気が乾燥するため、火の取り扱いに注意してください。  【東北地方】 東北地方は、概ね晴れています。  ８日夜は、高気圧に覆われますが、気圧の谷の影響により、晴れや曇りでしょう。  ９日は、高気圧に覆われますが、気圧の谷の影響により、晴れや曇りの見込みです。
仙台管区気象台,2022-05-09T04:43:00+09:00,宮城県,,日本海や東日本は気圧の谷となっています。一方、高気圧が本州付近を覆っています。  【宮城県】 宮城県は、曇りとなっています。  ９日は、高気圧に覆われますが、気圧の谷の影響により、曇りや晴れでしょう。  １０日は、高気圧に覆われますが、気圧の谷や湿った空気の影響により、晴れで夕方から次第に曇りとなる見込みです。  ＜天気変化等の留意点＞ ９日は、宮城県では、空気が乾燥するため、火の取り扱いに注意してください。  【東北地方】 東北地方は、曇りや晴れとなっています。  ９日は、高気圧に覆われますが、気圧の谷の影響により、南部は、曇りや晴れで、雨の降る所があるでしょう。北部は、晴れる所が多い見込みです。  １０日は、高気圧に覆われますが、気圧の谷や湿った空気の影響により、晴れや曇りでしょう。
仙台管区気象台,2022-05-09T10:37:00+09:00,宮城県,,日本海は気圧の谷となっています。一方、日本の東に中心を持つ高気圧が、本州付近を覆っています。  【宮城県】 宮城県は、曇りや晴れとなっています。  ９日は、高気圧に覆われますが、気圧の谷の影響により、曇りや晴れで、東部では、夕方にかけて雨の降る所があるでしょう。  １０日は、高気圧に覆われるため、晴れますが、気圧の谷や湿った空気の影響により、夕方からは曇りとなる見込みです。  ＜天気変化等の留意点＞ ９日は、宮城県では、空気が乾燥するため、火の取り扱いに注意してください。  【東北地方】 東北地方は、曇りや晴れとなっています。  ９日は、高気圧に覆われますが、気圧の谷の影響により、南部は、曇りや晴れで、雨の降る所があるでしょう。北部は、晴れる所が多い見込みです。  １０日は、高気圧に覆われますが、気圧の谷や湿った空気の影響により、晴れや曇りでしょう。
仙台管区気象台,2022-05-09T16:34:00+09:00,宮城県,,日本海は気圧の谷となっています。一方、日本の東に中心を持つ高気圧が、本州付近を覆っています。  【宮城県】 宮城県は、曇りや晴れとなっています。  ９日夜は、高気圧に覆われるため、概ね晴れるでしょう。  １０日は、高気圧に覆われるため、晴れますが、気圧の谷や湿った空気の影響により、夜は曇りとなる見込みです。  ＜天気変化等の留意点＞ １０日は、宮城県では、空気が乾燥するため、火の取り扱いに注意してください。  【東北地方】 東北地方は、曇りや晴れで、南部では雨の降っている所があります。  ９日夜は、高気圧に覆われますが、気圧の谷の影響により、南部は、曇りや晴れで、雨の降る所があるでしょう。北部は、晴れる所が多い見込みです。  １０日は、高気圧に覆われますが、気圧の谷や湿った空気の影響により、晴れや曇りでしょう。
仙台管区気象台,2022-05-10T04:33:00+09:00,宮城県,,北日本は高気圧に覆われています。  【宮城県】 宮城県は、概ね晴れています。  １０日は、高気圧に覆われるため、晴れますが、湿った空気の影響により、夜からは次第に曇るでしょう。  １１日は、湿った空気や気圧の谷の影響により、曇りで、雨の降る所がある見込みです。  ＜天気変化等の留意点＞ １０日は、宮城県では、空気が乾燥するため、火の取り扱いに注意してください。  【東北地方】 東北地方は、概ね晴れています。  １０日は、高気圧に覆われるため、概ね晴れるでしょう。  １１日は、高気圧に覆われますが、湿った空気や気圧の谷の影響により、晴れや曇りで、太平洋側では雨の降る所がある見込みです。
仙台管区気象台,2022-05-10T10:33:00+09:00,宮城県,,高気圧が本州付近を覆っています。  【宮城県】 宮城県は、晴れています。  １０日は、高気圧に覆われるため、概ね晴れるでしょう。  １１日は、湿った空気や気圧の谷の影響により、曇りで、雨の降る所がある見込みです。  ＜天気変化等の留意点＞ １０日は、宮城県では、空気が乾燥するため、火の取り扱いに注意してください。  【東北地方】 東北地方は、晴れています。  １０日は、高気圧に覆われるため、晴れるでしょう。  １１日は、高気圧に覆われますが、湿った空気や気圧の谷の影響により、晴れや曇りで、太平洋側では雨の降る所がある見込みです。
仙台管区気象台,2022-05-10T16:33:00+09:00,宮城県,,高気圧が本州付近を覆っています。  【宮城県】 宮城県は、晴れています。  １０日夜は、高気圧に覆われるため、概ね晴れるでしょう。  １１日は、湿った空気や気圧の谷の影響により、曇りで、雨の降る所がある見込みです。  ＜天気変化等の留意点＞ １１日は、特にありません。  【東北地方】 東北地方は、晴れています。  １０日夜は、高気圧に覆われるため、概ね晴れるでしょう。  １１日は、高気圧に覆われますが、湿った空気や気圧の谷の影響により、晴れや曇りで、太平洋側では南部を中心に、雨の降る所がある見込みです。
仙台管区気象台,2022-05-11T04:40:00+09:00,宮城県,,高気圧が本州付近を覆っています。  【宮城県】 宮城県は、晴れや曇りとなっています。  １１日は、湿った空気や気圧の谷の影響により、曇りで、朝から夕方は、雨の降る所があるでしょう。  １２日は、気圧の谷や湿った空気の影響により、曇りで、夜遅くは雨の降る所がある見込みです。  ＜天気変化等の留意点＞ １１日は、特にありません。  【東北地方】 東北地方は、概ね晴れています。  １１日は、高気圧に覆われますが、湿った空気や気圧の谷の影響により、晴れや曇りで、太平洋側では、雨の降る所がある見込みです。  １２日は、気圧の谷や湿った空気の影響により、曇りで、午後は雨の降る所があるでしょう。
仙台管区気象台,2022-05-11T10:51:00+09:00,宮城県,,高気圧が日本の東にあって本州付近を覆っています。  【宮城県】 宮城県は、曇りで雨の降っている所があります。  １１日は、湿った空気や気圧の谷の影響により、曇りで、夕方まで雨の降る所があるでしょう。  １２日は、気圧の谷や湿った空気の影響により、曇りで、夜遅くは雨の降る所がある見込みです。  ＜天気変化等の留意点＞ １１日は、特にありません。  【東北地方】 東北地方は、晴れや曇りとなっています。  １１日は、高気圧に覆われますが、湿った空気や気圧の谷の影響により、晴れや曇りで、太平洋側では、雨の降る所がある見込みです。  １２日は、気圧の谷や湿った空気の影響により、曇りで、午後は雨の降る所があるでしょう。
仙台管区気象台,2022-05-11T16:42:00+09:00,宮城県,,高気圧が日本の東にあって本州付近を覆っています。  【宮城県】 宮城県は、曇りや晴れとなっています。  １１日夜は、湿った空気の影響により、曇りの見込みです。  １２日は、気圧の谷や湿った空気の影響により、曇りで、夜遅くに雨の降る所があるでしょう。  ＜天気変化等の留意点＞ １２日は、特にありません。  【東北地方】 東北地方は、晴れや曇りとなっています。  １１日夜は、高気圧に覆われますが、湿った空気の影響により、晴れや曇りの見込みです。  １２日は、気圧の谷や湿った空気の影響により、曇りで、午後は雨の降る所があるでしょう。
仙台管区気象台,2022-05-12T04:33:00+09:00,宮城県,,低気圧が東シナ海にあって、東北東へ進んでいます。一方、高気圧が日本の東にあって、ほとんど停滞しています。  【宮城県】 宮城県は、曇りとなっています。  １２日は、気圧の谷や湿った空気の影響により、曇りで、夜遅くに雨の降る所があるでしょう。  １３日は、低気圧や湿った空気の影響により、曇りで、昼過ぎから雨の降る所が多くなる見込みです。  ＜天気変化等の留意点＞ １２日は、特にありません。  【東北地方】 東北地方は、曇りとなっています。  １２日は、気圧の谷や湿った空気の影響により、曇りや晴れで、夕方から雨の降る所があるでしょう。  １３日は、低気圧や湿った空気の影響により、曇りで、南部を中心に雨の降る所が多くなる見込みです。
仙台管区気象台,2022-05-12T10:52:00+09:00,宮城県,,低気圧が東シナ海にあって、東北東へ進んでいます。一方、高気圧が日本の東にあって、ほとんど停滞しています。  【宮城県】 宮城県は、曇りや晴れとなっています。  １２日は、気圧の谷や湿った空気の影響により、曇りで、夜遅くに雨の降る所があるでしょう。  １３日は、低気圧や湿った空気の影響により、曇りで、昼過ぎから雨の降る所が多い見込みです。  ＜天気変化等の留意点＞ １２日は、特にありません。  【東北地方】 東北地方は、曇りや晴れとなっています。  １２日は、気圧の谷や湿った空気の影響により、曇りや晴れで、夜は雨の降る所があるでしょう。  １３日は、低気圧や湿った空気の影響により、曇りで、南部を中心に雨となる見込みです。
仙台管区気象台,2022-05-12T16:38:00+09:00,宮城県,,低気圧が東シナ海にあって、東北東へ進んでいます。一方、高気圧が日本の東にあって、北日本へ張り出しています。  【宮城県】 宮城県は、曇りとなっています。  １２日夜は、気圧の谷や湿った空気の影響により、曇りでしょう。  １３日は、低気圧や湿った空気の影響により、曇りで、昼過ぎから雨となる見込みです。  ＜天気変化等の留意点＞ １３日は、特にありません。  【東北地方】 東北地方は、曇りや晴れとなっています。  １２日夜は、気圧の谷や湿った空気の影響により、曇りで、雨の降る所があるでしょう。  １３日は、低気圧や湿った空気の影響により、曇りで、太平洋側を中心に雨となる見込みです。
仙台管区気象台,2022-05-13T04:45:00+09:00,宮城県,,低気圧が四国沖にあって、東北東へ進んでいます。  【宮城県】 宮城県は、雨や曇りとなっています。  １３日は、低気圧や湿った空気の影響により、曇りや雨でしょう。  １４日は、気圧の谷の影響を受けますが、次第に西から高気圧が張り出してくるため、曇りや晴れで、はじめ雨の降る所が多い見込みです。  ＜天気変化等の留意点＞ １３日は、特にありません。  【東北地方】 東北地方は、曇りや雨となっています。  １３日は、低気圧や湿った空気の影響により、曇りや雨でしょう。  １４日は、気圧の谷の影響を受けますが、次第に西から高気圧が張り出してくるため、曇りや雨で、午後は晴れる所もある見込みです。
仙台管区気象台,2022-05-13T10:45:00+09:00,宮城県,,前線が華南から東シナ海を通り日本の南へのびており、前線上の低気圧が紀伊半島付近にあって、東北東へ進んでいます。  【宮城県】 宮城県は、曇りで雨の降っている所があります。  １３日は、低気圧や湿った空気の影響により、曇りや雨でしょう。  １４日は、気圧の谷の影響を受けますが、次第に西から高気圧が張り出してくるため、曇りや晴れで、はじめ雨の降る所が多い見込みです。  ＜天気変化等の留意点＞ １３日は、特にありません。  【東北地方】 東北地方は、曇りで、太平洋側では雨の降っている所があります。  １３日は、低気圧や前線の影響により、曇りや雨でしょう。  １４日は、気圧の谷の影響を受けますが、次第に西から高気圧が張り出してくるため、曇りや雨で、午後は晴れる所もある見込みです。
仙台管区気象台,2022-05-13T16:45:00+09:00,宮城県,,前線が華南から九州の南を通って伊豆諸島付近へのびており、前線上の低気圧が東海道沖と東シナ海にあって、ともに東北東へ進んでいます。  【宮城県】 宮城県は、雨となっています。  １３日夜は、低気圧や前線の影響により、雨でしょう。  １４日は、気圧の谷の影響を受けますが、次第に西から高気圧が張り出してくるため、曇りや晴れで、明け方まで雨の降る所が多い見込みです。  ＜天気変化等の留意点＞ １４日は、東部では強風と高波に注意してください。  【東北地方】 東北地方は、曇りで、雨の降っている所があります。  １３日夜は、低気圧や前線の影響により、曇りや雨でしょう。  １４日は、気圧の谷の影響を受けますが、次第に西から高気圧が張り出してくるため、曇りや雨で、午後は晴れる所もある見込みです。
仙台管区気象台,2022-05-14T04:33:00+09:00,宮城県,,低気圧が、日本海と三陸沖にあって、共に北東へ進んでいます。  【宮城県】 宮城県は、雨となっています。  １４日は、低気圧や気圧の谷の影響を受けますが、その後は西から高気圧が張り出してくるため、はじめ雨で、次第に曇り、夕方からは晴れるでしょう。  １５日は、高気圧に覆われますが、気圧の谷の影響を受けるため、晴れや曇りとなる見込みです。  ＜天気変化等の留意点＞ １４日は、東部では強風と高波に注意してください。  【東北地方】 東北地方は、雨や曇りとなっています。  １４日は、低気圧や気圧の谷の影響を受けますが、次第に西から高気圧が張り出してくるでしょう。このため、日本海側を中心に昼頃まで雨が降りますが、次第に曇りや晴れとなる見込みです。  １５日は、高気圧に覆われますが、気圧の谷の影響を受けるため、晴れや曇りでしょう。
仙台管区気象台,2022-05-14T10:47:00+09:00,宮城県,,低気圧が、北海道付近と三陸沖にあって、共に北東へ進んでいます。  【宮城県】 宮城県は、曇りとなっています。  １４日は、気圧の谷の影響を受けますが、次第に西から高気圧が張り出してくるため、曇りで、夕方から晴れるでしょう。  １５日は、高気圧に覆われますが、気圧の谷の影響を受けるため、晴れや曇りの見込みです。  ＜天気変化等の留意点＞ １４日は、東部では強風と高波に注意してください。  【東北地方】 東北地方は、曇りで、日本海側を中心に雨の降っている所があります。  １４日は、気圧の谷の影響を受けますが、次第に西から高気圧が張り出してくるため、曇りや晴れで、日本海側では昼過ぎまで雨が降る見込みです。  １５日は、高気圧に覆われますが、気圧の谷の影響を受けるため、晴れや曇りでしょう。
仙台管区気象台,2022-05-14T16:34:00+09:00,宮城県,,低気圧が、北海道付近にあって北東へ進んでいます。  【宮城県】 宮城県は、概ね晴れています。  １４日夜は、次第に西から高気圧が張り出してくるため、概ね晴れるでしょう。  １５日は、高気圧に覆われますが、気圧の谷の影響を受けるため、晴れや曇りの見込みです。  ＜天気変化等の留意点＞ １５日は、特にありません。  【東北地方】 東北地方は、曇りや晴れで、雨の降っている所があります。  １４日夜は、次第に西から高気圧が張り出してくるため、太平洋側は概ね晴れますが、日本海側は寒気の影響で曇る見込みです。  １５日は、高気圧に覆われますが、気圧の谷の影響を受けるため、晴れや曇りでしょう。
仙台管区気象台,2022-05-15T04:40:00+09:00,宮城県,,気圧の谷が東北地方を通過しています。一方、高気圧が黄海付近にあって、東へ移動しています。  【宮城県】 宮城県は、曇っています。  １５日は、気圧の谷の影響により、曇りで、次第に高気圧に覆われるため、午後は晴れるでしょう。  １６日は、高気圧に覆われますが、気圧の谷や湿った空気の影響により、晴れや曇りで、昼過ぎから雨の降る所がある見込みです。  ＜天気変化等の留意点＞ １５日は、特にありません。  【東北地方】 東北地方は、曇りで、雨の降っている所があります。  １５日は、気圧の谷の影響により、曇りで、雨の降る所がありますが、高気圧に次第に覆われるため、午後は晴れる所が多くなるでしょう。  １６日は、高気圧に覆われますが、気圧の谷や湿った空気の影響により、晴れや曇りで、南部では雨の降る所がある見込みです。
仙台管区気象台,2022-05-15T10:32:00+09:00,宮城県,,気圧の谷が東北地方を通過しています。一方、高気圧が黄海付近にあって、ゆっくり東へ移動しています。  【宮城県】 宮城県は、曇りや晴れとなっています。  １５日は、気圧の谷の影響により、曇りや晴れでしょう。  １６日は、高気圧に覆われますが、気圧の谷や湿った空気の影響により、曇りや晴れで、昼過ぎから雨の降る所がある見込みです。  ＜天気変化等の留意点＞ １５日は、特にありません。  【東北地方】 東北地方は、曇りで、雨の降っている所があります。  １５日は、気圧の谷の影響により、曇りで、雨の降る所がありますが、次第に高気圧に覆われて、晴れる所が多くなるでしょう。  １６日は、高気圧に覆われますが、気圧の谷や湿った空気の影響により、晴れや曇りで、南部では雨の降る所がある見込みです。
仙台管区気象台,2022-05-15T16:32:00+09:00,宮城県,,高気圧が東シナ海から本州付近へ張り出しています。  【宮城県】 宮城県は、晴れや曇りとなっています。  １５日夜は、高気圧に覆われるため、概ね晴れるでしょう。  １６日は、高気圧に覆われますが、気圧の谷や湿った空気の影響により、曇りや晴れの見込みです。  ＜天気変化等の留意点＞ １６日は、特にありません。  【東北地方】 東北地方は、晴れや曇りとなっています。  １５日夜は、高気圧に覆われるため、晴れや曇りでしょう。  １６日は、高気圧に覆われますが、気圧の谷や湿った空気の影響により、晴れや曇りで、南部では雨の降る所がある見込みです。
仙台管区気象台,2022-05-16T04:39:00+09:00,宮城県,,高気圧が日本の東にあって、北日本を覆っています。  【宮城県】 宮城県は、曇りとなっています。  １６日は、気圧の谷や湿った空気の影響により、曇りで、昼前から雨の降る所があるでしょう。  １７日は、はじめ気圧の谷や湿った空気の影響により、曇りで、雨の降る所がありますが、次第に高気圧に覆われるため、晴れる見込みです。  ＜天気変化等の留意点＞ １６日は、特にありません。  【東北地方】 東北地方は、晴れや曇りとなっています。  １６日は、高気圧に覆われますが、気圧の谷や湿った空気の影響により、晴れや曇りで、南部では雨の降る所がある見込みです。  １７日は、高気圧に覆われるため、晴れや曇りでしょう。
仙台管区気象台,2022-05-16T10:36:00+09:00,宮城県,,高気圧が日本の東にあって、北日本を覆っています。  【宮城県】 宮城県は、曇りで雨の降っている所があります。  １６日は、気圧の谷や湿った空気の影響により、曇りで雨の降る所があるでしょう。  １７日は、気圧の谷や湿った空気の影響により、東部でははじめ雨の降る所がありますが、次第に高気圧に覆われるため、曇りや晴れとなる見込みです。  ＜天気変化等の留意点＞ １６日は、特にありません。  【東北地方】 東北地方は、晴れや曇りで、南部では雨の降っている所があります。  １６日は、高気圧に覆われますが、気圧の谷や湿った空気の影響により、晴れや曇りで、南部では雨の降る所がある見込みです。  １７日は、高気圧に覆われるため、晴れや曇りでしょう。
仙台管区気象台,2022-05-16T16:34:00+09:00,宮城県,,高気圧が日本の東にあって、北日本を覆っています。  【宮城県】 宮城県は、曇りや雨となっています。  １６日夜は、気圧の谷や湿った空気の影響により、曇りで雨の降る所があるでしょう。  １７日は、高気圧に覆われるため、曇りで、昼前から晴れる見込みです。  ＜天気変化等の留意点＞ １７日は、特にありません。  【東北地方】 東北地方は、晴れや曇りで、南部では雨の降っている所があります。  １６日夜は、高気圧に覆われますが、気圧の谷や湿った空気の影響により、晴れや曇りで、南部では雨の降る所がある見込みです。  １７日は、高気圧に覆われるため、晴れや曇りでしょう。
仙台管区気象台,2022-05-17T04:43:00+09:00,宮城県,,東北地方は気圧の谷となっています。一方、高気圧が日本の東にあって、北東へ移動しています。  【宮城県】 宮城県は、曇りで雨の降っている所があります。  １７日は、高気圧に覆われますが、気圧の谷や湿った空気の影響により、曇りや晴れで、昼前まで雨の降る所があるでしょう。  １８日は、高気圧に覆われるため、晴れる見込みです。  ＜天気変化等の留意点＞ １７日は、特にありません。  【東北地方】 東北地方は、曇りや晴れで、太平洋側では南部を中心に雨の降っている所があります。  １７日は、高気圧に覆われますが、気圧の谷や湿った空気の影響により、晴れや曇りで、南部では雨の降る所があるでしょう。  １８日は、高気圧に覆われるため、概ね晴れる見込みです。
仙台管区気象台,2022-05-17T10:41:00+09:00,宮城県,,日本の東は気圧の谷となっています。一方、高気圧が本州付近を緩やかに覆っています。  【宮城県】 宮城県は、曇りで雨の降っている所があります。  １７日は、高気圧に覆われますが、気圧の谷や湿った空気の影響により、曇りで、夕方まで雨の降る所があるでしょう。夜は晴れとなる見込みです。  １８日は、高気圧に覆われるため、晴れるでしょう。  ＜天気変化等の留意点＞ １７日は、特にありません。  【東北地方】 東北地方は、曇りや晴れとなっています。  １７日は、高気圧に覆われますが、気圧の谷や湿った空気の影響により、晴れや曇りで、南部では雨の降る所があるでしょう。  １８日は、高気圧に覆われるため、晴れる見込みです。
仙台管区気象台,2022-05-17T16:40:00+09:00,宮城県,,日本の東は気圧の谷となっています。一方、高気圧が本州付近を緩やかに覆っています。  【宮城県】 宮城県は、曇りとなっています。  １７日夜は、高気圧に覆われるため、晴れるでしょう。  １８日は、高気圧に覆われるため、晴れる見込みです。  ＜天気変化等の留意点＞ １８日は、特にありません。  【東北地方】 東北地方は、曇りや晴れとなっています。  １７日夜は、高気圧に覆われますが、気圧の谷や湿った空気の影響により、晴れや曇りでしょう。  １８日は、高気圧に覆われるため、晴れる見込みです。
仙台管区気象台,2022-05-18T04:33:00+09:00,宮城県,,高気圧が本州付近を緩やかに覆っています。  【宮城県】 宮城県は、晴れています。  １８日は、高気圧に覆われて、晴れるでしょう。  １９日は、高気圧に覆われるため、概ね晴れる見込みです。  ＜天気変化等の留意点＞ １８日は、特にありません。  【東北地方】 東北地方は、晴れています。  １８日は、高気圧に覆われるため、晴れるでしょう。  １９日は、高気圧に覆われますが、気圧の谷の影響により、晴れや曇りで、夜は北部で雨の降る所がある見込みです。
仙台管区気象台,2022-05-18T10:34:00+09:00,宮城県,,高気圧が日本付近を覆っています。  【宮城県】 宮城県は、晴れています。  １８日は、高気圧に覆われて、晴れるでしょう。  １９日は、高気圧に覆われるため、晴れる見込みです。  ＜天気変化等の留意点＞ １８日は、特にありません。  【東北地方】 東北地方は、晴れています。  １８日は、高気圧に覆われるため、晴れるでしょう。  １９日は、高気圧に覆われますが、気圧の谷の影響により、晴れや曇りで、夜は北部で雨の降る所がある見込みです。
仙台管区気象台,2022-05-18T16:34:00+09:00,宮城県,,高気圧が日本付近を覆っています。  【宮城県】 宮城県は、晴れています。  １８日夜は、高気圧に覆われて、晴れるでしょう。  １９日は、高気圧に覆われるため、晴れる見込みです。  ＜天気変化等の留意点＞ １９日は、特にありません。  【東北地方】 東北地方は、晴れています。  １８日夜は、高気圧に覆われるため、晴れるでしょう。  １９日は、高気圧に覆われますが、気圧の谷の影響により、晴れや曇りで、夜は北部で雨の降る所がある見込みです。
仙台管区気象台,2022-05-19T04:40:00+09:00,宮城県,,高気圧が日本付近を覆っています。一方、低気圧が日本海にあって、東へ進んでいます。  【宮城県】 宮城県は、概ね晴れています。  １９日は、高気圧に覆われますが、気圧の谷の影響により、晴れや曇りでしょう。  ２０日は、高気圧に覆われますが、気圧の谷の影響により、晴れや曇りとなる見込みです。  ＜天気変化等の留意点＞ １９日は、特にありません。  【東北地方】 東北地方は、晴れています。  １９日は、高気圧に覆われますが、低気圧や気圧の谷の影響により、晴れや曇りで、北部では雨の降る所があるでしょう。  ２０日は、高気圧に覆われますが、気圧の谷や湿った空気の影響により、晴れや曇りとなる見込みです。
仙台管区気象台,2022-05-19T10:34:00+09:00,宮城県,,高気圧が本州付近を覆っています。一方、低気圧が日本海にあって、東へ進んでいます。  【宮城県】 宮城県は、概ね晴れています。  １９日は、高気圧に覆われるため、晴れや曇りでしょう。  ２０日は、高気圧に覆われますが、気圧の谷の影響により、晴れで昼過ぎから時々曇りとなる見込みです。  ＜天気変化等の留意点＞ １９日は、特にありません。  【東北地方】 東北地方は、晴れや曇りで、北部では雨の降っている所があります。  １９日は、高気圧に覆われますが、低気圧や気圧の谷の影響により、晴れや曇りで、北部では雨の降る所があるでしょう。  ２０日は、高気圧に覆われますが、気圧の谷や湿った空気の影響により、晴れや曇りとなる見込みです。
仙台管区気象台,2022-05-19T16:34:00+09:00,宮城県,,高気圧が本州付近を覆っています。一方、低気圧が日本海にあって、東へ進んでいます。  【宮城県】 宮城県は、曇りや晴れとなっています。  １９日夜は、高気圧に覆われるため、概ね晴れるでしょう。  ２０日は、高気圧に覆われますが、気圧の谷の影響により、晴れや曇りとなる見込みです。  ＜天気変化等の留意点＞ ２０日は、宮城県では、空気が乾燥するため、火の取り扱いに注意してください。  【東北地方】 東北地方は、晴れや曇りで、雨の降っている所があります。  １９日夜は、高気圧に覆われますが、気圧の谷や湿った空気の影響により、晴れや曇りで、雨の降る所があるでしょう。  ２０日は、高気圧に覆われますが、気圧の谷や湿った空気の影響により、晴れや曇りとなる見込みです。
仙台管区気象台,2022-05-20T04:36:00+09:00,宮城県,,高気圧が本州付近を覆っています。  【宮城県】 宮城県は、曇りや晴れとなっています。  ２０日は、高気圧に覆われますが、気圧の谷や湿った空気の影響により、晴れや曇りでしょう。  ２１日は、気圧の谷や湿った空気の影響により、曇りで、昼過ぎから夕方は、雨の降る所がある見込みです。  ＜天気変化等の留意点＞ ２０日は、宮城県では、空気が乾燥するため、火の取り扱いに注意してください。  【東北地方】 東北地方は、晴れや曇りとなっています。  ２０日は、高気圧に覆われますが、気圧の谷や湿った空気の影響により、晴れや曇りでしょう。  ２１日は、気圧の谷や湿った空気の影響により、曇りや晴れで、南部を中心に雨の降る所がある見込みです。
仙台管区気象台,2022-05-20T10:32:00+09:00,宮城県,,高気圧が本州付近を覆っています。  【宮城県】 宮城県は、概ね晴れています。  ２０日は、高気圧に覆われるため、晴れや曇りでしょう。  ２１日は、気圧の谷や湿った空気の影響により、曇りで、午後は雨の降る所がある見込みです。  ＜天気変化等の留意点＞ ２０日は、宮城県では、空気が乾燥するため、火の取り扱いに注意してください。  【東北地方】 東北地方は、晴れや曇りとなっています。  ２０日は、高気圧に覆われますが、気圧の谷や湿った空気の影響により、晴れや曇りでしょう。  ２１日は、気圧の谷や湿った空気の影響により、曇りや晴れで、南部を中心に雨の降る所がある見込みです。
仙台管区気象台,2022-05-20T16:33:00+09:00,宮城県,,高気圧が本州付近を覆っています。  【宮城県】 宮城県は、概ね晴れています。  ２０日夜は、高気圧に覆われますが、気圧の谷の影響により、晴れや曇りでしょう。  ２１日は、気圧の谷や湿った空気の影響により、曇りで、夕方は雨の降る所がある見込みです。  ＜天気変化等の留意点＞ ２１日は、特にありません。  【東北地方】 東北地方は、晴れや曇りとなっています。  ２０日夜は、高気圧に覆われますが、気圧の谷や湿った空気の影響により、晴れや曇りで、雨の降る所があるでしょう。  ２１日は、気圧の谷や湿った空気の影響により、曇りや晴れで、南部を中心に雨の降る所がある見込みです。
仙台管区気象台,2022-05-21T04:42:00+09:00,宮城県,,低気圧が東シナ海にあって東へ進んでいます。また、日本海は気圧の谷となっています。  【宮城県】 宮城県は、曇りとなっています。  ２１日は、気圧の谷や湿った空気の影響により、曇りで、夕方は雨の降る所がある見込みです。  ２２日は、低気圧や湿った空気の影響により、雨や曇りでしょう。  ＜天気変化等の留意点＞ ２１日は、特にありません。  【東北地方】 東北地方は、曇りや晴れとなっています。  ２１日は、気圧の谷や湿った空気の影響により、曇りや晴れで、南部を中心に雨の降る所がある見込みです。  ２２日は、低気圧や湿った空気の影響により、曇りや雨でしょう。
仙台管区気象台,2022-05-21T10:39:00+09:00,宮城県,,低気圧が南西諸島付近にあって東へ進んでいます。また、日本海は気圧の谷となっています。  【宮城県】 宮城県は、曇りとなっています。  ２１日は、気圧の谷や湿った空気の影響により、曇りで、夕方は雨の降る所があるでしょう。  ２２日は、低気圧や湿った空気の影響により、雨や曇りとなる見込みです。  ＜天気変化等の留意点＞ ２１日は、特にありません。  【東北地方】 低気圧が南西諸島付近にあって東へ進んでいます。また、日本海は気圧の谷となっています。  東北地方は、曇りや晴れで雨の降っている所があります。  ２１日は、気圧の谷や湿った空気の影響により、曇りや晴れで、南部を中心に雨の降る所がある見込みです。  ２２日は、低気圧や湿った空気の影響により、曇りや雨でしょう。
仙台管区気象台,2022-05-21T19:00:00+09:00,宮城県,,低気圧が日本の南にあって東北東へ進んでいます。また、日本海は気圧の谷となっています。  【宮城県】 宮城県は、曇りで、弱い雨の降っている所があります。  ２１日夜は、気圧の谷や湿った空気の影響により、曇りで、雨の降る所があるでしょう。  ２２日は、低気圧や湿った空気の影響により、雨や曇りとなる見込みです。  ＜天気変化等の留意点＞ ２２日は、特にありません。
仙台管区気象台,2022-05-22T04:35:00+09:00,宮城県,,低気圧が関東の南東海上にあって、北東へ進んでいます。  【宮城県】 宮城県は、曇りで、雨の降っている所があります。  ２２日は、低気圧や湿った空気の影響により、雨で、夕方からは次第に曇るでしょう。  ２３日は、気圧の谷や上空の寒気の影響により、曇りや雨で、明け方から昼前にかけて雷を伴う所がある見込みです。  ＜天気変化等の留意点＞ ２２日は、特にありません。  【東北地方】 東北地方は、曇りで、雨の降っている所があります。  ２２日は、低気圧や湿った空気の影響により、曇りや雨でしょう。  ２３日は、気圧の谷や上空の寒気の影響により、曇りや雨で、雷を伴う所がある見込みです。
仙台管区気象台,2022-05-22T10:35:00+09:00,宮城県,,低気圧が、関東の東にあって、北東へ進んでいます。  【宮城県】 宮城県は、雨となっています。  ２２日は、低気圧や湿った空気の影響により、雨で、夕方からは次第に曇るでしょう。  ２３日は、気圧の谷や上空の寒気の影響により、曇りや雨で、明け方から昼前にかけて雷を伴う所がある見込みです。  ＜天気変化等の留意点＞ ２２日は、特にありません。  【東北地方】 東北地方は、曇りや雨となっています。  ２２日は、低気圧や湿った空気の影響により、曇りで、太平洋側を中心に昼頃まで雨の降る所が多いでしょう。  ２３日は、気圧の谷や上空の寒気の影響により、曇りや雨で、雷を伴う所がある見込みです。
仙台管区気象台,2022-05-22T16:33:00+09:00,宮城県,,低気圧が、関東の東にあって、北東へ進んでいます。また、別の低気圧が、日本海にあって、東へ進んでいます。  【宮城県】 宮城県は、曇りで雨の降っている所があります。  ２２日夜は、低気圧や湿った空気の影響により、曇りで、雨の降る所があるでしょう。  ２３日は、気圧の谷や上空の寒気の影響により、曇りや雨で、明け方から昼過ぎにかけて雷を伴う所がある見込みです。  ＜天気変化等の留意点＞ ２３日は、宮城県では、落雷や突風、ひょう、急な強い雨に注意してください。  【東北地方】 東北地方は、曇りや雨となっています。  ２２日夜は、低気圧や湿った空気の影響により、曇りで、雨の降る所があるでしょう。  ２３日は、気圧の谷や上空の寒気の影響により、曇りや雨で、雷を伴う所がある見込みです。
仙台管区気象台,2022-05-23T04:45:00+09:00,宮城県,,低気圧が、日本海にあって、東へ進んでいます。  【宮城県】 宮城県は、曇りで、雨の降っている所があります。  ２３日は、気圧の谷や上空の寒気の影響により、曇りや雨で、昼過ぎにかけて雷を伴う所があるでしょう。  ２４日は、高気圧に覆われて、晴れや曇りとなる見込みです。  ＜天気変化等の留意点＞ ２３日は、宮城県では、落雷や突風、ひょう、急な強い雨に注意してください。  【東北地方】 東北地方は、曇りで、雨や雷雨の所があります。  ２３日は、気圧の谷や上空の寒気の影響により、曇りや雨で、雷を伴う所があるでしょう。  ２４日は、高気圧に覆われて、概ね晴れる見込みです。
仙台管区気象台,2022-05-23T10:33:00+09:00,宮城県,,低気圧が佐渡付近にあって、東へ進んでいます。  【宮城県】 宮城県は、曇りや雨となっています。  ２３日は、低気圧や上空の寒気の影響により、曇りで、昼前にかけて雨の降る所が多いでしょう。  ２４日は、高気圧に覆われて、概ね晴れる見込みです。  ＜天気変化等の留意点＞ ２３日は、東部では、高波に注意してください。  【東北地方】 東北地方は、曇りや雨となっています。  ２３日は、低気圧や上空の寒気の影響により、曇りで、昼過ぎにかけて雨の降る所があるでしょう。  ２４日は、高気圧に覆われて、概ね晴れる見込みです。
仙台管区気象台,2022-05-23T16:33:00+09:00,宮城県,,東北地方は気圧の谷となっています。  【宮城県】 宮城県は、曇りや晴れとなっています。  ２３日夜は、気圧の谷や湿った空気の影響により、曇りや晴れでしょう。  ２４日は、高気圧に覆われるため、概ね晴れる見込みです。  ＜天気変化等の留意点＞ ２４日は、東部では、高波に注意してください。  【東北地方】 東北地方は、曇りや晴れで、雨の降っている所があります。  ２３日夜は、気圧の谷や湿った空気の影響により、曇りや晴れでしょう。  ２４日は、高気圧に覆われるため、概ね晴れる見込みです。
仙台管区気象台,2022-05-24T04:40:00+09:00,宮城県,,高気圧が、本州付近を覆っています。  【宮城県】 宮城県は、晴れています。  ２４日は、高気圧に覆われるため、晴れでしょう。  ２５日は、高気圧に覆われて、晴れや曇りの見込みです。  ＜天気変化等の留意点＞ ２４日は、特にありません。  【東北地方】 東北地方は、晴れや曇りとなっています。  ２４日は、高気圧に覆われるため、晴れる所が多いでしょう。  ２５日は、高気圧に覆われて、概ね晴れる見込みです。
仙台管区気象台,2022-05-24T10:33:00+09:00,宮城県,,高気圧が、本州付近を覆っています。  【宮城県】 宮城県は、晴れとなっています。  ２４日は、高気圧に覆われるため、晴れるでしょう。  ２５日は、高気圧に覆われて、晴れや曇りの見込みです。  ＜天気変化等の留意点＞ ２４日は、特にありません。  【東北地方】 東北地方は、晴れや曇りとなっています。  ２４日は、高気圧に覆われるため、概ね晴れるでしょう。  ２５日は、高気圧に覆われて、概ね晴れる見込みです。
仙台管区気象台,2022-05-24T16:33:00+09:00,宮城県,,高気圧が、本州付近を覆っています。  【宮城県】 宮城県は、晴れています。  ２４日夜は、高気圧に覆われるため、晴れるでしょう。  ２５日は、高気圧に覆われて、晴れや曇りとなる見込みです。  ＜天気変化等の留意点＞ ２５日は、特にありません。  【東北地方】 東北地方は、概ね晴れています。  ２４日夜は、高気圧に覆われるため、概ね晴れるでしょう。  ２５日は、高気圧に覆われて、晴れや曇りとなる見込みです。
仙台管区気象台,2022-05-25T04:40:00+09:00,宮城県,,高気圧が本州付近を覆っています。  【宮城県】 宮城県は、曇りや晴れとなっています。  ２５日は、高気圧に覆われて、晴れや曇りでしょう。  ２６日は、高気圧に覆われるため、晴れや曇りとなる見込みです。  ＜天気変化等の留意点＞ ２５日は、特にありません。  【東北地方】 東北地方は、晴れや曇りとなっています。  ２５日は、高気圧に覆われて晴れや曇りですが、午後は南部では大気の状態が不安定となるため、雨や雷雨の所があるでしょう。  ２６日は、高気圧に覆われますが、気圧の谷や湿った空気の影響により、晴れや曇りで、夕方から雨の降る所がある見込みです。
仙台管区気象台,2022-05-25T13:07:00+09:00,宮城県,,高気圧が日本の東にあって、本州付近を覆っています。  【宮城県】 宮城県は、概ね晴れています。  ２５日は、高気圧に覆われるため、晴れますが、湿った空気の影響により、夜は曇りとなるでしょう。  ２６日は、高気圧に覆われ、晴れますが、気圧の谷や湿った空気の影響により、朝晩は曇りとなる見込みです。  ＜天気変化等の留意点＞ ２５日は、東部では濃霧に注意してください。
仙台管区気象台,2022-05-25T16:50:00+09:00,宮城県,,高気圧が日本の東にあって、本州付近を覆っています。  【宮城県】 宮城県は、晴れや曇りとなっています。  ２５日夜は、湿った空気の影響により、曇るでしょう。  ２６日は、高気圧に覆われ、晴れますが、気圧の谷や湿った空気の影響により、朝晩は曇りの見込みです。  ＜天気変化等の留意点＞ ２６日は、特にありません。  【東北地方】 東北地方は、晴れや曇りで、雨や雷雨となっている所があります。  ２５日夜は、高気圧に覆われますが、大気の状態が不安定となるため、晴れや曇りで、雨や雷雨の所があるでしょう。  ２６日は、高気圧に覆われますが、気圧の谷や湿った空気の影響により、晴れや曇りの見込みです。
仙台管区気象台,2022-05-26T04:44:00+09:00,宮城県,,高気圧が日本の東にあって、本州付近を覆っています。  【宮城県】 宮城県は、曇りや晴れとなっています。  ２６日は、高気圧に覆われますが、気圧の谷や湿った空気の影響により、晴れや曇りの見込みです。  ２７日は、気圧の谷や湿った空気の影響により、曇りや雨で、激しく降る所もあるでしょう。  ＜天気変化等の留意点＞ ２６日は、特にありません。  【東北地方】 東北地方は、晴れや曇りとなっています。  ２６日は、高気圧に覆われますが、気圧の谷や湿った空気の影響により、晴れや曇りの見込みです。  ２７日は、気圧の谷や湿った空気の影響により、曇りや雨でしょう。
仙台管区気象台,2022-05-26T10:33:00+09:00,宮城県,,高気圧が日本のはるか東にあって、本州付近を覆っています。  【宮城県】 宮城県は、曇りや晴れとなっています。  ２６日は、高気圧に覆われますが、気圧の谷や湿った空気の影響により、晴れや曇りの見込みです。  ２７日は、気圧の谷や湿った空気の影響により、曇りや雨で、激しく降る所があるでしょう。  ＜天気変化等の留意点＞ ２６日は、特にありません。  【東北地方】 東北地方は、概ね晴れています。  ２６日は、高気圧に覆われるため、晴れや曇りの見込みです。  ２７日は、気圧の谷や湿った空気の影響により、曇りや雨で、激しく降る所があるでしょう。
仙台管区気象台,2022-05-26T16:33:00+09:00,宮城県,,高気圧が日本のはるか東にあって、本州付近を覆っています。  【宮城県】 宮城県は、晴れや曇りとなっています。  ２６日夜は、高気圧に覆われるため、晴れや曇りの見込みです。  ２７日は、気圧の谷や湿った空気の影響により、雨や曇りで、激しく降る所があるでしょう。  ＜天気変化等の留意点＞ ２７日は、宮城県では、土砂災害や低い土地の浸水、河川の増水に注意してください。東部では、強風と高波に注意してください。  【東北地方】 東北地方は、晴れや曇りとなっています。  ２６日夜は、高気圧に覆われるため、晴れや曇りの見込みです。  ２７日は、気圧の谷や湿った空気の影響により、曇りや雨で、雷を伴い激しく降る所があるでしょう。
仙台管区気象台,2022-05-27T04:47:00+09:00,宮城県,,日本海は気圧の谷となっています。  【宮城県】 宮城県は、曇りで、雨の降っている所があります。  ２７日は、気圧の谷や湿った空気の影響により、曇りや雨で、昼前から昼過ぎは激しく降る所があるでしょう。  ２８日は、高気圧に覆われるため、晴れや曇りの見込みです。  ＜天気変化等の留意点＞ ２７日は、宮城県では、大雨による土砂災害や低い土地の浸水、河川の増水に注意してください。東部では、強風と高波に注意してください。  【東北地方】 東北地方は、曇りで、雨の降っている所があります。  ２７日は、気圧の谷や湿った空気の影響により、曇りや雨で、雷を伴い激しく降る所があるでしょう。  ２８日は、高気圧に覆われますが、気圧の谷や湿った空気の影響により、晴れや曇りで、雨の降る所がある見込みです。
仙台管区気象台,2022-05-27T10:41:00+09:00,宮城県,,日本海は気圧の谷となっています。また、低気圧が東日本にあって、東北東へ進んでいます。  【宮城県】 宮城県は、雨となっています。  ２７日は、気圧の谷や湿った空気の影響により、雨で、昼前から昼過ぎは激しく降る所がありますが、夕方から夜にかけて曇りや晴れとなるでしょう。  ２８日は、高気圧に覆われるため、晴れや曇りの見込みです。  ＜天気変化等の留意点＞ ２７日は、宮城県では、土砂災害や低い土地の浸水、河川の増水に注意してください。東部では、強風と高波に注意してください。  【東北地方】 東北地方は、雨となっています。  ２７日は、気圧の谷や湿った空気の影響により、雨で、雷を伴い激しく降る所がありますが、夜は次第に曇るでしょう。  ２８日は、気圧の谷や湿った空気の影響を受けますが、次第に高気圧に覆われるため、曇りや晴れで、雨の降る所がある見込みです。
仙台管区気象台,2022-05-27T16:44:00+09:00,宮城県,,東北地方は、気圧の谷となっています。  【宮城県】 宮城県は、晴れや曇りとなっています。  ２７日夜は、気圧の谷や湿った空気の影響により、曇りや晴れでしょう。  ２８日は、気圧の谷や湿った空気の影響を受けますが、次第に高気圧に覆われ、晴れや曇りとなる見込みです。  ＜天気変化等の留意点＞ ２８日は、東部では、強風と高波に注意してください。  【東北地方】 東北地方は、曇りや晴れで、太平洋側北部を中心に雨が降っています。  ２７日夜は、気圧の谷や湿った空気の影響により、曇りや晴れでしょう。  ２８日は、気圧の谷や湿った空気の影響を受けますが、次第に高気圧に覆われる見込みです。このため、曇りや晴れで、日本海側を中心に雨で雷を伴うがあるでしょう。
仙台管区気象台,2022-05-28T04:38:00+09:00,宮城県,,低気圧が日本海にあって北東へ進んでいます。一方、高気圧が東シナ海にあってゆっくり東へ移動しています。  【宮城県】 宮城県は、晴れとなっています。  ２８日は、高気圧に覆われて、概ね晴れるでしょう。  ２９日は、高気圧に覆われるため、晴れる見込みです。  ＜天気変化等の留意点＞ ２８日は、東部では、強風と高波に注意してください。  【東北地方】 東北地方は、曇りや晴れで、雨の降っている所があります。  ２８日は、気圧の谷や湿った空気の影響を受けますが、次第に高気圧に覆われるため、曇りや晴れで、日本海側を中心に雨で雷を伴う所があるでしょう。  ２９日は、高気圧に覆われるため、概ね晴れる見込みです。
仙台管区気象台,2022-05-28T12:54:00+09:00,宮城県,,低気圧が日本海北部と日本の東にあって、ともに北東へ進んでいます。一方、高気圧が南西諸島付近にあって、ゆっくり東へ移動しています。  宮城県は、晴れや曇りで、西部では雨の降っている所があります。  ２８日は、高気圧に覆われますが、気圧の谷の影響を受けるため、晴れや曇りで、西部では、昼過ぎまで雨の降る所があるでしょう。  ２９日は、高気圧に覆われるため、晴れる見込みです。  ＜天気変化等の留意点＞ ２８日は、宮城県では強風に、東部では高波に注意してください。
仙台管区気象台,2022-05-28T16:32:00+09:00,宮城県,,北日本は気圧の谷となっています。一方、高気圧が日本の南にあって、東へ移動しています。  【宮城県】 宮城県は、概ね晴れています。  ２８日夜は、高気圧に覆われるため、晴れるでしょう。  ２９日は、高気圧に覆われるため、晴れる見込みです。  ＜天気変化等の留意点＞ ２９日は、特にありません。  【東北地方】 東北地方は、曇りや晴れで、北部では雨の降っている所があります。  ２８日夜は、気圧の谷や寒気の影響により、曇りや晴れで、日本海側を中心に雨で雷を伴う所があるでしょう。  ２９日は、高気圧に覆われるため、晴れや曇りの見込みです。
仙台管区気象台,2022-05-29T04:44:00+09:00,宮城県,,高気圧が、本州付近を緩やかに覆っています。  【宮城県】 宮城県は、概ね晴れています。  ２９日は、高気圧に覆われて、晴れるでしょう。  ３０日は、湿った東よりの風の影響により、曇りや晴れとなる見込みです。  ＜天気変化等の留意点＞ ２９日は、特にありません。  【東北地方】 東北地方は、晴れや曇りとなっています。  ２９日は、高気圧に覆われて、晴れますが、湿った空気の影響により、朝晩は曇る所があるでしょう。  ３０日は、高気圧に覆われますが、湿った東よりの風の影響を受ける見込みです。このため、日本海側は概ね晴れますが、太平洋側は曇りや晴れでしょう。
仙台管区気象台,2022-05-29T10:33:00+09:00,宮城県,,高気圧が、本州付近を緩やかに覆っています。  【宮城県】 宮城県は、概ね晴れています。  ２９日は、高気圧に覆われて、晴れるでしょう。  ３０日は、湿った東よりの風の影響を受けるため、曇りや晴れの見込みです。  ＜天気変化等の留意点＞ ２９日は、特にありません。  【東北地方】 東北地方は、晴れや曇りとなっています。  ２９日は、高気圧に覆われて晴れますが、湿った空気の影響により、夜は曇る所があるでしょう。  ３０日は、高気圧に覆われますが、湿った東よりの風の影響を受ける見込みです。このため、日本海側は概ね晴れますが、太平洋側は曇りや晴れでしょう。
仙台管区気象台,2022-05-29T16:33:00+09:00,宮城県,,高気圧が、本州付近を緩やかに覆っています。  【宮城県】 宮城県は、晴れています。  ２９日夜は、高気圧に覆われるため、晴れるでしょう。  ３０日は、湿った東よりの風の影響により、曇りや晴れの見込みです。 なお、宮城県は３０日は気温が上がらず、最高気温が２９日より１０度前後低くなる所がありますから、体調管理に留意してください。  ＜天気変化等の留意点＞ ３０日は、特にありません。  【東北地方】 東北地方は、晴れや曇りとなっています。  ２９日夜は、高気圧に覆われるため、晴れや曇りでしょう。  ３０日は、高気圧に覆われますが、湿った東よりの風の影響を受ける見込みです。このため、日本海側は概ね晴れますが、太平洋側は曇りや晴れでしょう。
仙台管区気象台,2022-05-30T04:52:00+09:00,宮城県,,高気圧がオホーツク海にあって、北日本を覆っています。  【宮城県】 宮城県は、概ね晴れています。  ３０日は、高気圧に覆われますが、湿った空気の影響により、晴れや曇りでしょう。  ３１日は、低気圧が日本海を北東へ進むため、曇りで昼前から雨の降る所が多くなる見込みです。  ＜天気変化等の留意点＞ ３０日は、特にありません。  【東北地方】 東北地方は、晴れや曇りとなっています。  ３０日は、高気圧に覆われるため晴れますが、湿った空気の影響により、朝晩を中心に曇る所が多くなるでしょう。  ３１日は、低気圧が日本海を北東へ進むため、曇りで昼前から雨の所が多くなり、日本海側では雷を伴う所がある見込みです。
仙台管区気象台,2022-05-30T10:34:00+09:00,宮城県,,高気圧がオホーツク海にあって、北日本を覆っています。  【宮城県】 宮城県は、曇りや晴れとなっています。  ３０日は、高気圧に覆われますが、湿った空気の影響により、晴れや曇りでしょう。  ３１日は、低気圧が日本海を北東へ進むため、曇りで、昼前から雨の降る所が多くなる見込みです。  ＜天気変化等の留意点＞ ３０日は、特にありません。  【東北地方】 東北地方は、晴れや曇りとなっています。  ３０日は、高気圧に覆われますが、湿った空気の影響により、晴れや曇りでしょう。  ３１日は、低気圧が日本海を北東へ進むため、曇りで昼前から雨の所が多くなり、日本海側では雷を伴う所がある見込みです。
仙台管区気象台,2022-05-30T16:33:00+09:00,宮城県,,高気圧がオホーツク海にあって、北日本を覆っています。  【宮城県】 宮城県は、曇りや晴れとなっています。  ３０日夜は、湿った空気の影響により、曇りでしょう。  ３１日は、低気圧が日本海を北東へ進むため、曇りで、昼前から雨の降る所が多くなる見込みです。  ＜天気変化等の留意点＞ ３１日は、宮城県では土砂災害に注意してください。  【東北地方】 東北地方は、晴れや曇りとなっています。  ３０日夜は、気圧の谷や湿った空気の影響により、曇りや晴れでしょう。  ３１日は、低気圧が日本海を北東へ進むため、曇りで昼前から雨の所が多くなり、日本海側を中心に雷を伴う所がある見込みです。
仙台管区気象台,2022-05-31T04:39:00+09:00,宮城県,,低気圧が日本海にあって、東へ進んでいます。  【宮城県】 宮城県は、曇りで、雨の降っている所があります。  ３１日は、低気圧が日本海を北東へ進むため、雨や曇りでしょう。  ６月１日は、高気圧に覆われて、晴れや曇りの見込みです。  ＜天気変化等の留意点＞ ３１日は、宮城県では土砂災害に注意してください。  【東北地方】 東北地方は、曇りで雨の降っている所があります。  ３１日は、低気圧が日本海を北東へ進むため、曇りや雨で、雷を伴う所があるでしょう。  ６月１日は、高気圧に覆われて晴れや曇りですが、北部では、寒気の影響により、はじめ雨や雷雨の所がある見込みです。
仙台管区気象台,2022-05-31T10:32:00+09:00,宮城県,,低気圧が日本海にあって、東へ進んでいます。  【宮城県】 宮城県は、雨となっています。  ３１日は、低気圧が日本海を北東へ進むため、雨や曇りでしょう。  ６月１日は、高気圧に覆われて、晴れや曇りの見込みです。  ＜天気変化等の留意点＞ ３１日は、宮城県では土砂災害に注意してください。  【東北地方】 東北地方は、雨や曇りとなっています。  ３１日は、低気圧が日本海を北東へ進むため、曇りや雨で、雷を伴う所があるでしょう。  ６月１日は、高気圧に覆われますが、はじめ低気圧の影響を受けるため、晴れや曇りで、北部を中心に、明け方頃まで雨や雷雨の所がある見込みです。
仙台管区気象台,2022-05-31T16:33:00+09:00,宮城県,,低気圧が日本海にあって、北東へ進んでいます。  【宮城県】 宮城県は、曇りや雨となっています。  ３１日夜は、低気圧の影響により、曇りで、雨の降る所があるでしょう。  ６月１日は、高気圧に覆われて、晴れや曇りとなる見込みです。  ＜天気変化等の留意点＞ ６月１日は、特にありません。  【東北地方】 東北地方は、曇りや雨となっています。  ３１日夜は、低気圧が日本海を北東へ進むため、曇りや雨で、雷を伴う所があるでしょう。  ６月１日は、高気圧に覆われますが、はじめ低気圧の影響を受けるため、晴れや曇りで、北部を中心に、明け方頃まで雨や雷雨の所がある見込みです。
