publishingOffice,reportDatetime,targetArea,headlineText,text
下関地方気象台,2022-02-01T04:42:00+09:00,山口県,,　山口県は、高気圧に覆われて概ね晴れですが、気圧の谷や寒気の影響により曇りの所があります。  　１日は、高気圧に覆われてはじめ晴れの所もありますが、気圧の谷や寒気の影響により概ね曇りで雪や雨となり、雷を伴う所があるでしょう。  　２日は、高気圧に覆われて概ね晴れですが、気圧の谷の影響により夜は曇りとなる所があるでしょう。
下関地方気象台,2022-02-01T10:34:00+09:00,山口県,,　山口県は、高気圧に覆われて晴れの所もありますが、気圧の谷や寒気の影響により雨や雪が降っています。  　１日は、高気圧に覆われて晴れの所もありますが、気圧の谷や寒気の影響により、はじめは雨や雪で雷を伴う所があるでしょう。  　２日は、高気圧に覆われて概ね晴れですが、気圧の谷の影響により夜は曇りとなる所があるでしょう。
下関地方気象台,2022-02-01T16:34:00+09:00,山口県,,　山口県は、寒気の影響により概ね曇りで雨や雪が降っている所があります。  　１日は、高気圧に覆われて晴れの所もありますが、寒気の影響により概ね曇りで雨や雪が降る所があるでしょう。  　２日は、高気圧に覆われて概ね晴れますが、気圧の谷や寒気の影響により曇りとなる所があるでしょう。
下関地方気象台,2022-02-02T04:38:00+09:00,山口県,,　山口県は、高気圧に覆われて概ね晴れています。  　２日は、気圧の谷や湿った空気の影響により概ね曇りとなりますが、高気圧に覆われて晴れる所もあるでしょう。  　３日は、気圧の谷や湿った空気の影響により曇りで、夜は晴れとなるでしょう。
下関地方気象台,2022-02-02T10:32:00+09:00,山口県,,　山口県は、高気圧に覆われて概ね晴れています。  　２日は、気圧の谷や湿った空気の影響により概ね曇りとなりますが、高気圧に覆われて晴れる所もあるでしょう。  　３日は、気圧の谷や湿った空気の影響により曇りで、夜は概ね晴れとなるでしょう。
下関地方気象台,2022-02-02T16:32:00+09:00,山口県,,　山口県は、高気圧に覆われて概ね晴れています。  　２日は、高気圧に覆われて晴れるでしょう。  　３日は、高気圧に覆われますが、気圧の谷や湿った空気の影響により晴れ時々曇りとなるでしょう。北部では概ね曇りとなるでしょう。
下関地方気象台,2022-02-03T04:53:00+09:00,山口県,,　山口県は、気圧の谷や寒気の影響により概ね曇りで、雪や雨が降っている所があります。  　３日は、高気圧に覆われて晴れる所もありますが、気圧の谷や寒気の影響により概ね曇りとなり、はじめ雨や雪が降る所があるでしょう。  　４日は、高気圧に覆われて晴れる所もありますが、気圧の谷や寒気の影響により概ね曇りで、夜は雪や雨の降る所があるでしょう。
下関地方気象台,2022-02-03T10:39:00+09:00,山口県,,　山口県は、気圧の谷の影響により曇りの所がありますが、高気圧に覆われて概ね晴れています。  　３日は、気圧の谷の影響により曇る所がありますが、高気圧に覆われて概ね晴れとなるでしょう。  　４日は、高気圧に覆われて晴れる所もありますが、気圧の谷や寒気の影響により概ね曇りで、夜は雪や雨の降る所があるでしょう。
下関地方気象台,2022-02-03T16:32:00+09:00,山口県,,　山口県は、気圧の谷の影響により概ね曇りとなっています。  　３日は、高気圧に覆われて晴れる所もありますが、気圧の谷の影響により概ね曇りとなるでしょう。  　４日は、高気圧に覆われて晴れる所もありますが、気圧の谷や寒気の影響により概ね曇りとなり、夜は雪や雨の降る所があるでしょう。
下関地方気象台,2022-02-04T04:52:00+09:00,山口県,,　山口県は、気圧の谷の影響により曇りとなっている所がありますが、高気圧に覆われて概ね晴れています。  　４日は、高気圧に覆われて概ね晴れますが、気圧の谷や寒気の影響により曇りとなり、夜は雪が降る所があるでしょう。  　５日は、寒気の影響により曇りで時々雪が降るでしょう。
下関地方気象台,2022-02-04T10:43:00+09:00,山口県,,　山口県は、高気圧に覆われて概ね晴れています。  　４日は、高気圧に覆われて概ね晴れますが、気圧の谷や寒気の影響により次第に曇りとなり、夜は雪や雨が降る所があるでしょう。  　５日は、寒気の影響により曇りで時々雪が降るでしょう。
下関地方気象台,2022-02-04T16:43:00+09:00,山口県,,　山口県は、高気圧に覆われて概ね晴れています。  　４日は、はじめ高気圧に覆われて概ね晴れですが、気圧の谷や寒気の影響により次第に曇りとなり雪や雨が降り雷を伴う所があるでしょう。  　５日は、寒気の影響により曇りで時々雪となり雷を伴う所があるでしょう。
下関地方気象台,2022-02-05T04:43:00+09:00,山口県,,　山口県は、冬型の気圧配置となり、寒気の影響により概ね曇りで雪が降っている所があります。  　５日は、冬型の気圧配置となり、寒気の影響により曇りや雪となり、雷を伴う所があるでしょう。  　６日は、冬型の気圧配置となり、寒気の影響により概ね曇りで昼前まで雪が降る所があるでしょう。
下関地方気象台,2022-02-05T10:43:00+09:00,山口県,,　山口県は、冬型の気圧配置となり、寒気の影響により曇りや雪となっています。  　５日は、冬型の気圧配置となり、寒気の影響により曇りや雪となるでしょう。  　６日は、冬型の気圧配置となり、寒気の影響により概ね曇りで昼前まで雪が降る所があるでしょう。
下関地方気象台,2022-02-05T16:31:00+09:00,山口県,,　山口県は、寒気の影響により曇りや雪となっています。  　５日は、寒気の影響により曇りで時々雪が降るでしょう。  　６日は、寒気の影響により概ね曇りで昼前まで時々雪が降るでしょう。
下関地方気象台,2022-02-06T04:43:00+09:00,山口県,,　山口県は、高気圧に覆われて晴れの所もありますが、寒気の影響により概ね曇りで雪や雨が降っている所があります。  　６日は、高気圧に覆われて晴れの所もありますが、寒気の影響により概ね曇りで雪や雨が降る所があるでしょう。  　７日は、高気圧に覆われて概ね晴れですが、気圧の谷の影響により次第に曇りとなるでしょう。
下関地方気象台,2022-02-06T10:43:00+09:00,山口県,,　山口県は、寒気の影響により概ね曇りで雪が降っている所があります。  　６日は、高気圧に覆われて晴れの所もありますが、寒気の影響により概ね曇りで雪が降る所があるでしょう。  　７日は、高気圧に覆われて概ね晴れですが、気圧の谷の影響により次第に曇りとなるでしょう。
下関地方気象台,2022-02-06T16:32:00+09:00,山口県,,　山口県は、高気圧に覆われて晴れている所もありますが、寒気の影響により概ね曇りとなっています。  　６日は、高気圧に覆われて晴れの所もありますが、寒気の影響により概ね曇りとなるでしょう。  　７日は、高気圧に覆われて概ね晴れですが、気圧の谷の影響により次第に曇りとなるでしょう。
下関地方気象台,2022-02-07T04:42:00+09:00,山口県,,　山口県は、寒気の影響により概ね曇りとなっていますが、高気圧に覆われて晴れている所もあります。  　７日は、高気圧に覆われてはじめ晴れる所もありますが、寒気や気圧の谷の影響により次第に曇りとなるでしょう。  　８日は、気圧の谷の影響により曇りとなりますが、高気圧に覆われて次第に晴れるでしょう。
下関地方気象台,2022-02-07T10:31:00+09:00,山口県,,　山口県は、寒気の影響により曇りの所もありますが、高気圧に覆われて概ね晴れています。  　７日は、高気圧に覆われてはじめ晴れる所もありますが、寒気や気圧の谷の影響により次第に曇りとなるでしょう。  　８日は、気圧の谷の影響により曇りとなりますが、高気圧に覆われて次第に晴れるでしょう。
下関地方気象台,2022-02-07T16:34:00+09:00,山口県,,　山口県は、気圧の谷や寒気の影響により概ね曇りとなっています。  　７日は、気圧の谷や寒気の影響により曇りでしょう。  　８日は、気圧の谷や寒気の影響により、曇りで雪や雨となる所がありますが、夜は高気圧に覆われて晴れるでしょう。
下関地方気象台,2022-02-08T04:41:00+09:00,山口県,,　山口県は、気圧の谷や寒気の影響により曇りとなっています。  　８日は、気圧の谷や寒気の影響により曇りで、昼過ぎまで雪や雨の降る所がありますが、夜は高気圧に覆われて晴れる所があるでしょう。  　９日は、気圧の谷や寒気の影響により曇りとなる所がありますが、高気圧に覆われて概ね晴れとなるでしょう。
下関地方気象台,2022-02-08T10:43:00+09:00,山口県,,　山口県は、高気圧に覆われて晴れている所もありますが、寒気の影響により概ね曇りで、雨が降っている所があります。  　８日は、高気圧に覆われて晴れる所もありますが、寒気の影響により概ね曇りで、雨が降る所があるでしょう。  　９日は、高気圧に覆われて概ね晴れとなりますが、気圧の谷や寒気の影響により曇りとなる所があるでしょう。
下関地方気象台,2022-02-08T16:33:00+09:00,山口県,,　山口県は、気圧の谷や湿った空気の影響により概ね曇りで雨の降っている所があります。  　８日は、湿った空気の影響により概ね曇りで、雨や雪の降る所があるでしょう。  　９日は、気圧の谷や湿った空気の影響により概ね曇りですが、高気圧に覆われて日中を中心に晴れとなる所があるでしょう。
下関地方気象台,2022-02-09T04:38:00+09:00,山口県,,　山口県は、高気圧に覆われて概ね晴れています。  　９日は、高気圧に覆われて概ね晴れますが、気圧の谷や湿った空気の影響により夕方から曇りとなるでしょう。 　 　１０日は、高気圧に覆われて晴れる所もありますが、気圧の谷や湿った空気の影響により概ね曇りで、朝まで雪や雨となる所があるでしょう。
下関地方気象台,2022-02-09T10:40:00+09:00,山口県,,　山口県は、高気圧に覆われて概ね晴れとなっています。  　９日は、高気圧に覆われて概ね晴れますが、気圧の谷や湿った空気の影響により次第に曇りとなるでしょう。 　 　１０日は、高気圧に覆われて晴れる所もありますが、気圧の谷や湿った空気の影響により概ね曇りで雪や雨となる所があるでしょう。
下関地方気象台,2022-02-09T16:41:00+09:00,山口県,,　山口県は、湿った空気の影響により曇りの所がありますが、高気圧に覆われて概ね晴れとなっています。  　９日は、高気圧に覆われてはじめ晴れの所もありますが、気圧の谷や湿った空気の影響により次第に曇りとなるでしょう。  　１０日は、気圧の谷や湿った空気の影響により概ね曇りで雪や雨となる所がありますが、高気圧に覆われて次第に晴れとなるでしょう。
下関地方気象台,2022-02-10T04:38:00+09:00,山口県,,　山口県は、気圧の谷や湿った空気の影響により、概ね曇りで雨や雪が降っている所があります。  　１０日は、気圧の谷や湿った空気の影響により、概ね曇りで朝は雨や雪となるでしょう。  　１１日は、気圧の谷や湿った空気の影響により、曇りで雨が降る所があるでしょう。
下関地方気象台,2022-02-10T10:34:00+09:00,山口県,,　山口県は、気圧の谷や湿った空気の影響により、曇りで雨や雪が降っている所があります。  　１０日は、気圧の谷や湿った空気の影響により、概ね曇りとなりますが、昼過ぎまで雨や雪となる所があるでしょう。  　１１日は、気圧の谷や湿った空気の影響により、概ね曇りで雨が降る所があるでしょう。
下関地方気象台,2022-02-10T16:32:00+09:00,山口県,,　山口県は、気圧の谷や湿った空気の影響により、曇りで雨が降っている所があります。  　１０日は、気圧の谷や湿った空気の影響により、概ね曇りで雨や雪が降る所があるでしょう。  　１１日は、気圧の谷や湿った空気の影響により、概ね曇りで雨や雪が降る所がありますが、高気圧に覆われて昼頃からは時々晴れとなるでしょう。
下関地方気象台,2022-02-11T04:41:00+09:00,山口県,,　山口県は、高気圧に覆われて晴れている所もありますが、湿った空気の影響により、概ね曇りで雨や雪が降っている所があります。  　１１日は、高気圧に覆われて晴れる所もありますが、湿った空気や気圧の谷の影響により概ね曇りで、雨や雪が降る所があるでしょう。  　１２日は、湿った空気や気圧の谷の影響により曇りですが、高気圧に覆われて次第に晴れとなるでしょう。
下関地方気象台,2022-02-11T10:32:00+09:00,山口県,,　山口県は、高気圧に覆われて概ね晴れていますが、湿った空気の影響により、曇りで雨が降っている所があります。  　１１日は、高気圧に覆われて概ね晴れとなりますが、湿った空気や気圧の谷の影響により曇りで、雨が降る所があるでしょう。  　１２日は、はじめ湿った空気や気圧の谷の影響により曇りとなりますが、昼頃から高気圧に覆われて晴れとなるでしょう。
下関地方気象台,2022-02-11T16:35:00+09:00,山口県,,　山口県は、高気圧に覆われて晴れている所がありますが、湿った空気や気圧の谷の影響により、曇りで雨が降っている所があります。  　１１日は、高気圧に覆われて晴れる所もありますが、湿った空気や気圧の谷の影響により曇りで雨の降る所があるでしょう。  　１２日は、はじめ湿った空気や気圧の谷の影響により曇りとなりますが、昼前から高気圧に覆われて晴れとなるでしょう。
下関地方気象台,2022-02-12T04:42:00+09:00,山口県,,　山口県は、気圧の谷の影響により、概ね曇りとなっています。  　１２日は、はじめは気圧の谷の影響により曇りですが、昼前から高気圧に覆われて次第に晴れとなるでしょう。  　１３日は、低気圧や湿った空気の影響により雨や雪が降りますが、夜は曇りとなるでしょう。
下関地方気象台,2022-02-12T10:34:00+09:00,山口県,,　山口県は、高気圧に覆われて概ね晴れとなっています。  　１２日は、高気圧に覆われて概ね晴れとなるでしょう。  　１３日は、低気圧や湿った空気の影響により雨で朝晩は曇りとなるでしょう。
下関地方気象台,2022-02-12T16:33:00+09:00,山口県,,　山口県は、高気圧に覆われて晴れとなっています。  　１２日は、高気圧に覆われてはじめ晴れますが、気圧の谷や湿った空気の影響により次第に曇りとなるでしょう。  　１３日は、低気圧や湿った空気の影響により雨ですが、夜は曇りとなるでしょう。
下関地方気象台,2022-02-13T04:38:00+09:00,山口県,,　山口県は、低気圧や湿った空気の影響で概ね雨となっています。  　１３日は、低気圧や湿った空気の影響で雨ですが、次第に曇りとなるでしょう。  　１４日は、高気圧に覆われて概ね晴れますが、気圧の谷や湿った空気の影響で、曇りとなり雨が降る所があるでしょう。
下関地方気象台,2022-02-13T10:33:00+09:00,山口県,,　山口県は、低気圧や湿った空気の影響で雨となっています。  　１３日は、低気圧や湿った空気の影響で雨ですが、次第に曇りとなるでしょう。  　１４日は、高気圧に覆われて概ね晴れますが、気圧の谷や湿った空気の影響で、曇りとなり雨が降る所があるでしょう。
下関地方気象台,2022-02-13T16:33:00+09:00,山口県,,　山口県は、湿った空気の影響で概ね曇りで雨の降っている所があります。  　１３日は、気圧の谷や湿った空気の影響で概ね曇りで雨の降る所があるでしょう。  　１４日は、高気圧に覆われて概ね晴れますが、気圧の谷や湿った空気の影響で、曇りとなり雨が降る所があるでしょう。
下関地方気象台,2022-02-14T04:50:00+09:00,山口県,,　山口県は、気圧の谷や湿った空気の影響で曇りとなっています。  　１４日は、高気圧に覆われて概ね晴れますが、気圧の谷や湿った空気の影響で朝晩は曇りとなるでしょう。  　１５日は、高気圧に覆われて晴れる所もありますが、気圧の谷や寒気の影響で概ね曇りで雨や雪が降る所があるでしょう。
下関地方気象台,2022-02-14T10:35:00+09:00,山口県,,　山口県は、気圧の谷や湿った空気の影響で曇りとなっています。  　１４日は、高気圧に覆われて概ね晴れますが、気圧の谷や湿った空気の影響で時々曇りとなるでしょう。  　１５日は、高気圧に覆われて晴れる所もありますが、気圧の谷や寒気の影響により、曇りで雨や雪が降る所があるでしょう。
下関地方気象台,2022-02-14T16:35:00+09:00,山口県,,　山口県は、高気圧に覆われて晴れています。  　１４日は、高気圧に覆われてはじめ晴れとなりますが、気圧の谷や湿った空気の影響で夜遅くは曇りとなり、雨が降る所があるでしょう。  　１５日は、高気圧に覆われて晴れる所もありますが、気圧の谷や寒気の影響により、曇りで雪や雨が降る所があるでしょう。
下関地方気象台,2022-02-15T05:35:00+09:00,山口県,,　山口県は、寒気の影響により概ね曇りとなっています。  　１５日は、高気圧に覆われて晴れる所もありますが、寒気の影響により概ね曇りで、夜は雪や雨が降る所があるでしょう。  　１６日は、寒気の影響により概ね曇りで、雷を伴い雪となる所があるでしょう。
下関地方気象台,2022-02-15T10:34:00+09:00,山口県,,　山口県は、寒気の影響により概ね曇りとなっています。  　１５日は、高気圧に覆われて晴れる所もありますが、寒気の影響により概ね曇りで、夜は雪や雨が降る所があるでしょう。  　１６日は、寒気の影響により概ね曇りで、雷を伴い雪となる所があるでしょう。
下関地方気象台,2022-02-15T16:42:00+09:00,山口県,,　山口県は、高気圧に覆われて概ね晴れていますが、寒気の影響により曇りとなっている所があります。  　１５日は、高気圧に覆われて晴れる所もありますが、寒気の影響により概ね曇りで、夜は雪や雨が降る所があるでしょう。  　１６日は、寒気の影響により概ね曇りで、雷を伴い雪となる所があるでしょう。
下関地方気象台,2022-02-16T05:30:00+09:00,山口県,,　山口県は、寒気の影響により概ね曇りで雪や雨が降っている所があります。  　１６日は、寒気の影響により概ね曇りで時々雪や雨となり、夜は雷を伴う所があるでしょう。  　１７日は、寒気の影響により概ね曇りで時々雪が降り、雷を伴う所があるでしょう。
下関地方気象台,2022-02-16T10:40:00+09:00,山口県,,　山口県は、寒気の影響により概ね曇りで雪が降っている所があります。  　１６日は、寒気の影響により概ね曇りで時々雪となり、夜は雷を伴う所があるでしょう。  　１７日は、寒気の影響により概ね曇りで時々雪が降り、雷を伴う所があるでしょう。
下関地方気象台,2022-02-16T16:38:00+09:00,山口県,,山口県は、寒気の影響により概ね曇りで雪が降っている所があります。  　１６日は、寒気の影響により、概ね曇りで夜は雪が降り、雷を伴う所があるでしょう。  　１７日は、寒気の影響により、概ね曇りで時々雪が降り、雷を伴う所があるでしょう。
下関地方気象台,2022-02-17T04:35:00+09:00,山口県,,　山口県は、寒気の影響により概ね曇りで、雪が降っている所があります。  　１７日は寒気の影響により概ね曇りや雪となり、はじめ雷を伴う所があるでしょう。  　１８日は高気圧に覆われ概ね晴れですが、寒気や気圧の谷の影響により曇りとなる所があるでしょう。
下関地方気象台,2022-02-17T10:36:00+09:00,山口県,,　山口県は、寒気の影響により概ね曇りで、雪が降っている所があります。  　１７日は寒気の影響により概ね曇りで雪が降る所があるでしょう。  　１８日は高気圧に覆われ概ね晴れですが、寒気や気圧の谷の影響により曇りとなる所があるでしょう。
下関地方気象台,2022-02-17T16:33:00+09:00,山口県,,　山口県は、寒気の影響により概ね曇りで雪が降っている所があります。  　１７日は寒気の影響により概ね曇りで雪が降る所があるでしょう。  　１８日は寒気や気圧の谷の影響により曇りで雪が降る所がありますが、高気圧に覆われて次第に晴れとなるでしょう。
下関地方気象台,2022-02-18T04:46:00+09:00,山口県,,　山口県は、寒気や気圧の谷の影響により、概ね曇りで雪が降っている所があります。  　１８日は、寒気や気圧の谷の影響により曇りで雪が降る所がありますが、高気圧に覆われて次第に晴れるでしょう。  　１９日は、低気圧の影響により、曇りで朝から夕方は雨となるでしょう。
下関地方気象台,2022-02-18T10:41:00+09:00,山口県,,　山口県は、高気圧に覆われて晴れている所もありますが、寒気の影響により、概ね曇りとなっています。  　１８日は、高気圧に覆われて概ね晴れますが、寒気の影響により曇りとなる所があるでしょう。  　１９日は、低気圧の影響により、曇りで雨や雪が降るでしょう。
下関地方気象台,2022-02-18T16:38:00+09:00,山口県,,　山口県は、高気圧に覆われて概ね晴れています。  　１８日は、高気圧に覆われて晴れるでしょう。  　１９日は、低気圧の影響により、曇りで雨や雪が降るでしょう。
下関地方気象台,2022-02-19T04:48:00+09:00,山口県,,　山口県は、湿った空気の影響により曇りで雨や雪が降っている所があります。  　１９日は、低気圧の影響により曇りで日中は雨が降るでしょう。  　２０日は、寒気の影響により曇りで雪や雨が降る所がありますが、高気圧に覆われ次第に晴れとなるでしょう。
下関地方気象台,2022-02-19T10:32:00+09:00,山口県,,　山口県は、気圧の谷の影響により雨となっています。  　１９日は、気圧の谷の影響により雨で夜は曇りとなるでしょう。  　２０日は、寒気の影響により曇りで雪や雨が降る所がありますが、高気圧に覆われ次第に晴れとなるでしょう。
下関地方気象台,2022-02-19T16:48:00+09:00,山口県,,　山口県は、低気圧の影響により概ね雨で、雪が降っている所があります。  　１９日は、低気圧の影響により雨ですが、次第に曇りとなるでしょう。  　２０日は、高気圧に覆われて晴れる所もありますが、寒気の影響により曇りで、雪や雨が降る所があるでしょう。
下関地方気象台,2022-02-20T04:43:00+09:00,山口県,,　山口県は、晴れている所もありますが、寒気の影響により、概ね曇りで雨や雪が降っている所があります。  　２０日は、寒気の影響により概ね曇りで雪や雨が降る所がありますが、高気圧に覆われて次第に晴れるでしょう。  　２１日は、高気圧に覆われて日中は晴れる所がありますが、寒気や湿った空気の影響により、概ね曇りで雪や雨が降る所があるでしょう。
下関地方気象台,2022-02-20T10:47:00+09:00,山口県,,　山口県は、晴れている所もありますが、寒気の影響により、概ね曇りで雪や雨が降っている所があります。  　２０日は、寒気の影響により概ね曇りで雪や雨が降る所がありますが、高気圧に覆われて次第に晴れるでしょう。  　２１日は、高気圧に覆われて日中は晴れる所がありますが、寒気や湿った空気の影響により、概ね曇りで雪や雨が降る所があるでしょう。
下関地方気象台,2022-02-20T16:33:00+09:00,山口県,,　山口県は、寒気の影響により、概ね曇りで雪や雨が降っている所があります。  　２０日は、寒気の影響により、概ね曇りで雪や雨が降る所があるでしょう。  　２１日は、高気圧に覆われて日中は晴れる所がありますが、寒気や湿った空気の影響により、概ね曇りで夜は雪や雨が降る所があるでしょう。
下関地方気象台,2022-02-21T04:46:00+09:00,山口県,,　山口県は、高気圧に覆われて晴れている所もありますが、寒気の影響により、曇りで雪や雨が降っている所があります。  　２１日は高気圧に覆われて晴れる所もありますが、寒気や気圧の谷の影響により曇りで、雪や雨が降る所があるでしょう。  　２２日は高気圧に覆われて晴れる所もありますが、寒気や気圧の谷の影響により曇りで、雪や雨が降る所があるでしょう。
下関地方気象台,2022-02-21T10:34:00+09:00,山口県,,　山口県は、高気圧に覆われて晴れている所もありますが、寒気の影響により、曇りで雪や雨が降っている所があります。  　２１日は、高気圧に覆われて晴れる所もありますが、寒気や気圧の谷の影響により曇りで、雪や雨が降る所があるでしょう。  　２２日は、高気圧に覆われて晴れる所もありますが、寒気や気圧の谷の影響により曇りで、雪や雨が降る所があるでしょう。
下関地方気象台,2022-02-21T16:37:00+09:00,山口県,,　山口県は、高気圧に覆われて概ね晴れています。  　２１日は、高気圧に覆われて晴れますが、気圧の谷や寒気の影響により次第に曇りとなり、雪や雨が降る所があるでしょう。  　２２日は、高気圧に覆われて晴れる所もありますが、気圧の谷や寒気の影響により概ね曇りで、雪や雨が降る所があるでしょう。
下関地方気象台,2022-02-22T04:42:00+09:00,山口県,,　山口県は、寒気の影響により概ね曇りで雪や雨が降っている所があります。  　２２日は、寒気や気圧の谷の影響により概ね曇りで、朝晩は雪や雨が降る所がありますが、日中は概ね晴れとなるでしょう。  　２３日は、気圧の谷や寒気の影響により概ね曇りで雪や雨の降る所がありますが、次第に高気圧に覆われて晴れるでしょう。
下関地方気象台,2022-02-22T10:41:00+09:00,山口県,,　山口県は、高気圧に覆われて概ね晴れていますが、寒気の影響により曇りで雪や雨が降っている所があります。  　２２日は、高気圧に覆われて晴れる所もありますが、寒気や気圧の谷の影響により概ね曇りで、雪や雨が降る所があるでしょう。  　２３日は、寒気や気圧の谷の影響により概ね曇りで雪や雨の降る所がありますが、次第に高気圧に覆われて晴れるでしょう。
下関地方気象台,2022-02-22T16:33:00+09:00,山口県,,　山口県は、寒気の影響により概ね曇りで、雪が降っている所があります。  　２２日は、寒気や気圧の谷の影響により概ね曇りで、雪が降る所があるでしょう。  　２３日は、寒気や気圧の谷の影響により概ね曇りで雪の降る所がありますが、高気圧に覆われて次第に晴れるでしょう。
下関地方気象台,2022-02-23T04:43:00+09:00,山口県,,　山口県は、高気圧に覆われて晴れている所もありますが、気圧の谷や寒気の影響により曇りで雪が降っている所があります。  　２３日は、気圧の谷や寒気の影響により概ね曇りで雪が降る所がありますが、高気圧に覆われて次第に晴れるでしょう。  　２４日は、寒気の影響により朝晩は曇りで雪が降る所がありますが、高気圧に覆われて概ね晴れとなるでしょう。
下関地方気象台,2022-02-23T10:35:00+09:00,山口県,,　山口県は、気圧の谷や寒気の影響により概ね曇りで雪や雨が降っている所があります。  　２３日は、気圧の谷や寒気の影響により概ね曇りで雪や雨が降る所がありますが、高気圧に覆われて次第に晴れるでしょう。  　２４日は、寒気の影響により朝晩は曇りで雪が降る所がありますが、高気圧に覆われて概ね晴れとなるでしょう。
下関地方気象台,2022-02-23T16:36:00+09:00,山口県,,　山口県は、気圧の谷や寒気の影響により曇りとなっています。  　２３日は、気圧の谷や寒気の影響により概ね曇りとなりますが、高気圧に覆われて晴れる所があるでしょう。  　２４日は、寒気の影響により朝晩は曇りで雪が降る所がありますが、高気圧に覆われて概ね晴れるでしょう。
下関地方気象台,2022-02-24T04:44:00+09:00,山口県,,　山口県は、寒気の影響により概ね曇りで雪が降っている所があります。  　２４日は、高気圧に覆われて概ね晴れますが、寒気の影響により朝晩は曇りで朝は雪が降る所があるでしょう。  　２５日は、高気圧に覆われて概ね晴れとなるでしょう。
下関地方気象台,2022-02-24T10:31:00+09:00,山口県,,　山口県は、高気圧に覆われて概ね晴れています。  　２４日は、高気圧に覆われて概ね晴れますが、寒気の影響により次第に曇りとなるでしょう。  　２５日は、高気圧に覆われて概ね晴れとなるでしょう。
下関地方気象台,2022-02-24T16:32:00+09:00,山口県,,　山口県は、高気圧に覆われて晴れています。  　２４日は、高気圧に覆われて晴れとなるでしょう。  　２５日は、高気圧に覆われて概ね晴れとなるでしょう。
下関地方気象台,2022-02-25T04:34:00+09:00,山口県,,　山口県は、高気圧に覆われて概ね晴れとなっていますが、湿った空気の影響により曇りとなっている所があります。  　２５日は、高気圧に覆われて概ね晴れるでしょう。 　 　２６日は、高気圧に覆われて概ね晴れますが、気圧の谷や湿った空気の影響により朝晩は曇りで夜遅くは雨が降る所があるでしょう。
下関地方気象台,2022-02-25T10:33:00+09:00,山口県,,　山口県は、高気圧に覆われて概ね晴れとなっていますが、湿った空気の影響により曇りとなっている所があります。  　２５日は、高気圧に覆われて概ね晴れるでしょう。 　 　２６日は、高気圧に覆われて概ね晴れますが、気圧の谷や湿った空気の影響により朝晩は曇りで夜遅くは雨が降る所があるでしょう。
下関地方気象台,2022-02-25T16:33:00+09:00,山口県,,　山口県は、高気圧に覆われて晴れとなっています。  　２５日は、高気圧に覆われて晴れるでしょう。 　 　２６日は、高気圧に覆われて概ね晴れますが、気圧の谷や湿った空気の影響で時々曇りとなり、夜遅くは雨が降る所があるでしょう。
下関地方気象台,2022-02-26T04:40:00+09:00,山口県,,　山口県は、高気圧に覆われて概ね晴れとなっています。  　２６日は、高気圧に覆われて概ね晴れですが、気圧の谷や湿った空気の影響により曇りとなる所があるでしょう。  　２７日は、気圧の谷や湿った空気の影響により、はじめ曇りで雨や雪が降る所がありますが、次第に高気圧に覆われて晴れるでしょう。
下関地方気象台,2022-02-26T10:38:00+09:00,山口県,,　山口県は、湿った空気の影響により概ね曇りとなっています。  　２６日は、気圧の谷や湿った空気の影響で概ね曇りとなりますが、高気圧に覆われて晴れる所があるでしょう。  　２７日は、気圧の谷や湿った空気の影響で明け方まで曇りで雨や雪が降る所がありますが、次第に高気圧に覆われて晴れるでしょう。
下関地方気象台,2022-02-26T16:35:00+09:00,山口県,,　山口県は、高気圧に覆われて概ね晴れとなっていますが、湿った空気の影響により曇りとなっている所があります。  　２６日は、高気圧に覆われて概ね晴れですが、次第に気圧の谷や湿った空気の影響で曇りとなり、夜遅くは雨や雪が降る所があるでしょう。  　２７日は、気圧の谷や湿った空気の影響ではじめ曇りで明け方まで雨や雪となり雷を伴う所がありますが、次第に高気圧に覆われて晴れるでしょう。
下関地方気象台,2022-02-27T04:43:00+09:00,山口県,,　山口県は、気圧の谷や暖かく湿った空気の影響により概ね曇りで、雨や雪が降っている所があります。  　２７日は、はじめ気圧の谷や暖かく湿った空気の影響により概ね曇りで、雷を伴って雨や雪が降る所がありますが、昼前から高気圧に覆われて晴れとなるでしょう。  　２８日は高気圧に覆われて概ね晴れですが、気圧の谷の影響で曇りとなる所があるでしょう。
下関地方気象台,2022-02-27T10:34:00+09:00,山口県,,　山口県は、高気圧に覆われて晴れとなっています。  　２７日は、高気圧に覆われて晴れとなるでしょう。  　２８日は、高気圧に覆われて晴れとなりますが、気圧の谷や湿った空気の影響で次第に曇りとなるでしょう。
下関地方気象台,2022-02-27T16:33:00+09:00,山口県,,　山口県は、高気圧に覆われて晴れとなっています。  　２７日は、高気圧に覆われて晴れとなるでしょう。  　２８日は、高気圧に覆われて晴れとなりますが、気圧の谷や湿った空気の影響で次第に曇りとなるでしょう。
下関地方気象台,2022-02-28T04:36:00+09:00,山口県,,　山口県は、高気圧に覆われて晴れとなっています。  　２８日は、高気圧に覆われて晴れとなりますが、気圧の谷や湿った空気の影響で夕方から曇りとなるでしょう。  　３月１日は、気圧の谷や前線の影響により曇りや雨となり、雷を伴う所があるでしょう。
下関地方気象台,2022-02-28T10:33:00+09:00,山口県,,　山口県は、高気圧に覆われて晴れとなっています。  　２８日は、高気圧に覆われて晴れとなりますが、気圧の谷の影響で次第に曇りとなるでしょう。  　３月１日は、前線や湿った空気の影響により曇りや雨となり、雷を伴う所があるでしょう。
下関地方気象台,2022-02-28T16:35:00+09:00,山口県,,　山口県は、晴れている所もありますが、気圧の谷の影響により概ね曇りとなっています。  　２８日は、気圧の谷の影響で曇りとなるでしょう。  　３月１日は、前線や湿った空気の影響により曇りや雨となり、雷を伴う所があるでしょう。
