publishingOffice,reportDatetime,targetArea,headlineText,text
長野地方気象台,2022-03-01T04:41:00+09:00,長野県,,　本州付近は、日本の南に中心を持つ高気圧に覆われています。一方、華中から東シナ海には前線がのびています。また、日本海には前線を伴った低気圧があって、東へ進んでいます。  　長野県は、晴れています。  　１日は、高気圧が日本のはるか東へ移動し、前線が西日本から東日本の沿岸を東へ進み、夜には前線上に低気圧が発生する見込みです。このため、晴れますが、昼前から曇りとなり、昼過ぎから次第に雨となるでしょう。標高の高い所では雪となる所もある見込みです。  　２日は、本州付近は西から高気圧に覆われますが、寒気や気圧の谷の影響を受ける見込みです。このため、曇り時々晴れで、北部と中部では朝まで雪か雨の降る所があるでしょう。
長野地方気象台,2022-03-01T10:33:00+09:00,長野県,,　東日本は、日本のはるか東に中心を持つ高気圧に覆われています。一方、東シナ海と日本海にはそれぞれ前線を伴った低気圧があって、東へ進んでいます。  　長野県は、曇りや晴れとなっています。  　１日は、低気圧が西日本から東日本の沿岸を東へと進み、また、夜には日本海から寒冷前線が南下する見込みです。このため、はじめ晴れる所もありますが、おおむね曇りで、夕方から次第に雨となるでしょう。標高の高い所では雪となる所もある見込みです。  　２日は、本州付近は西から高気圧に覆われますが、寒気や気圧の谷の影響を受ける見込みです。このため、曇り時々晴れで、北部と中部では朝まで雪や雨の降る所があるでしょう。
長野地方気象台,2022-03-01T16:34:00+09:00,長野県,,　西日本付近と日本海には、それぞれ前線を伴った低気圧があって、東へ進んでいます。  　長野県は、曇りや雨で、標高の高い所を中心に雪が降っています。  　１日は、低気圧が東日本の沿岸を東へ進み、また、日本海から寒冷前線が南下する見込みです。このため、雨で、標高の高い所では雪となる所があり、夜遅くには曇りとなるでしょう。  　２日は、本州付近は西から高気圧に覆われますが、寒気や気圧の谷の影響を受ける見込みです。このため、曇り時々晴れで、北部では朝まで雪や雨の降る所があるでしょう。
長野地方気象台,2022-03-02T04:36:00+09:00,長野県,,　北日本中心の冬型の気圧配置となっています。  　長野県は、おおむね曇りで、北部では雪や雨が降っている所があります。  　２日は、はじめ湿った空気や寒気の影響を受けますが、次第に高気圧に覆われる見込みです。このため、北部は曇り時々晴れで朝まで雪や雨の降る所があるでしょう。中部と南部は、晴れで朝晩曇りとなる見込みです。  　３日は、高気圧に覆われますが、寒気や気圧の谷の影響を受ける見込みです。このため、北部は曇り時々晴れ、中部と南部は晴れ時々曇りとなり、北部と中部では昼過ぎから雪や雨の降る所があるでしょう。
長野地方気象台,2022-03-02T10:33:00+09:00,長野県,,　本州付近は高気圧に覆われています。  　長野県は、晴れや曇りとなっています。  　２日は、高気圧に覆われますが、気圧の谷や湿った空気の影響を受ける見込みです。このため、晴れ時々曇りとなるでしょう。  　３日は、高気圧に覆われますが、寒気や気圧の谷の影響を受ける見込みです。このため、北部は曇り時々晴れ、中部と南部は晴れ時々曇りとなり、北部と中部では昼過ぎから雪や雨の降る所があるでしょう。
長野地方気象台,2022-03-02T16:33:00+09:00,長野県,,　本州付近は高気圧に覆われています。  　長野県は、おおむね晴れています。  　２日は、高気圧に覆われる見込みです。このため、おおむね晴れとなるでしょう。  　３日は、高気圧に覆われますが、寒気や気圧の谷の影響を受ける見込みです。このため、北部は曇り時々晴れ、中部と南部は晴れ時々曇りとなり、北部と中部では昼過ぎから雪や雨の降る所があるでしょう。
長野地方気象台,2022-03-03T04:37:00+09:00,長野県,,　東シナ海には高気圧があって、東へ移動しています。一方、日本海には低気圧があって、東へ進んでいます。  　長野県は、おおむね晴れています。  　３日は、高気圧に覆われますが、寒気や気圧の谷の影響を受ける見込みです。このため、北部では曇り時々晴れ、中部と南部では晴れ時々曇りで、北部と中部では昼過ぎから雪や雨の降る所があるでしょう。  　４日は、高気圧に覆われますが、午後は上空の気圧の谷の影響を受ける見込みです。このため、北部では晴れ時々曇り、中部と南部は晴れで昼過ぎから次第に曇りとなるでしょう。
長野地方気象台,2022-03-03T10:32:00+09:00,長野県,,　東シナ海に高気圧があって、東へ移動しています。一方、日本海北部に低気圧があって、東へ進んでいます。  　長野県は、おおむね晴れています。  　３日は、高気圧に覆われますが、気圧の谷や寒気の影響を受ける見込みです。このため、北部では曇り時々晴れ、中部と南部では晴れ時々曇りで、北部と中部では昼過ぎから雪や雨の降る所があるでしょう。  　４日は、高気圧に覆われますが、午後は上空の気圧の谷の影響を受ける見込みです。このため、北部では晴れ時々曇り、中部と南部は晴れで昼過ぎから時々曇りとなるでしょう。
長野地方気象台,2022-03-03T16:35:00+09:00,長野県,,　東シナ海に高気圧があって、東へ移動しています。一方、北海道の南に低気圧があって、東へ進んでいます。  　長野県は、晴れや曇りで、北部を中心に雪や雨の降っている所があります。  　３日は、高気圧に覆われますが、気圧の谷や寒気の影響を受ける見込みです。このため、北部と中部では晴れで夜は曇りとなり、夜のはじめ頃まで雪か雨の降る所があるでしょう。南部では晴れ時々曇りとなる見込みです。  　４日は、高気圧に覆われますが、午後は上空の気圧の谷の影響を受ける見込みです。このため、晴れで昼過ぎから時々曇りとなるでしょう。
長野地方気象台,2022-03-04T04:48:00+09:00,長野県,,　本州付近は高気圧に覆われています。  　長野県は、おおむね晴れています。  　４日は、高気圧に覆われますが、午後は上空の気圧の谷の影響を受ける見込みです。このため、晴れますが、昼過ぎから時々曇りとなるでしょう。  　５日は、日本海の低気圧からのびる寒冷前線が通過し、寒気の影響を受ける見込みです。このため、曇り時々晴れで、朝から雪や雨の降る所があり、南部では昼前を中心に雨や雪となるでしょう。北部では夜遅くには広い範囲で雪となる見込みです。
長野地方気象台,2022-03-04T10:32:00+09:00,長野県,,　本州付近は高気圧に覆われています。  　長野県は、晴れています。  　４日は、高気圧に覆われますが、次第に上空の気圧の谷の影響を受ける見込みです。このため、おおむね晴れますが、夜は曇りとなるでしょう。  　５日は、日本海の低気圧からのびる寒冷前線が通過し、寒気の影響を受ける見込みです。このため、曇り時々晴れで、朝から雪や雨の降る所があり、南部では昼前を中心に雨となり、標高の高い所では雪となるでしょう。また、北部では夜遅くには広い範囲で雪となる見込みです。
長野地方気象台,2022-03-04T16:32:00+09:00,長野県,,　本州付近は高気圧に覆われています。  　長野県は、晴れまたは薄曇りとなっています。  　４日は、高気圧に覆われますが、上空の気圧の谷の影響を受ける見込みです。このため、晴れますが、夜は曇りとなるでしょう。  　５日は、日本海の低気圧からのびる寒冷前線が通過し、寒気の影響を受ける見込みです。このため、曇り時々晴れで、朝から西側地域を中心に雪か雨の降る所があり、夜遅くには北部の広い範囲で雪となる見込みです。
長野地方気象台,2022-03-05T04:33:00+09:00,長野県,,　東日本は高気圧に緩やかに覆われています。また、日本海には前線を伴った低気圧があって東北東に進んでいます。  　長野県は、おおむね晴れています。  　５日は、高気圧に緩やかに覆われますが、日本海の低気圧からのびる寒冷前線が通過し、次第に寒気の影響を受ける見込みです。このため、北部では曇り時々晴れで、昼過ぎから雪の降る所があり、夜遅くには広い範囲で降るでしょう。中部と南部では晴れ時々曇りで、昼過ぎから雪か雨の降る所がある見込みです。  　６日は、冬型の気圧配置となる見込みです。このため、北部では曇り時々雪となるでしょう。中部と南部では曇り時々晴れで、雪の降る所がある見込みです。
長野地方気象台,2022-03-05T10:32:00+09:00,長野県,,　東日本は高気圧に緩やかに覆われています。一方、日本海には前線を伴った低気圧があって北東へ進んでいます。  　長野県は、おおむね晴れています。  　５日は、高気圧に緩やかに覆われますが、日本海の低気圧からのびる寒冷前線が通過し、その後冬型の気圧配置となる見込みです。このため、北部は晴れますが、次第に曇りで午後は雪の降る所があり、夜遅くには広い範囲で雪が降るでしょう。中部と南部は晴れ時々曇りで、昼過ぎから雪か雨の降る所がある見込みです。  　６日は、冬型の気圧配置となる見込みです。このため、北部は曇り時々雪となるでしょう。中部と南部は曇り時々晴れで、雪の降る所がある見込みです。
長野地方気象台,2022-03-05T16:32:00+09:00,長野県,,　日本海の低気圧からのびる寒冷前線が、北日本から西日本を通過しています。  　長野県は、曇りや晴れで雪や雨の降っている所があります。  　５日は、寒冷前線が通過し、その後冬型の気圧配置となる見込みです。このため、北部は曇り、中部と南部は曇り時々晴れで、雪の降る所があるでしょう。  　６日は、冬型の気圧配置となる見込みです。このため、北部は雪時々曇りとなるでしょう。中部と南部は曇り時々晴れで、雪の降る所がある見込みです。
長野地方気象台,2022-03-06T04:40:00+09:00,長野県,,　北海道の東の低気圧からのびる寒冷前線が伊豆諸島付近を通過し、日本付近は冬型の気圧配置が強まってきています。  　長野県は、北部では曇りまたは雪、中部と南部では晴れまたは曇りで、雪の降っている所があります。  　６日は、冬型の気圧配置が続くでしょう。このため、北部では曇り時々雪となる見込みです。中部と南部では、曇り時々晴れで、雪の降る所があるでしょう。  　７日は、大陸の高気圧が西日本から東日本へ張り出し、冬型の気圧配置は次第に緩むでしょう。このため、北部では曇りで、未明は広い範囲で雪となり、中野飯山地域や山沿いを中心に、昼前まで雪の降る所がありますが、次第に晴れてくる見込みです。中部と南部では、晴れ時々曇りで、明け方まで雪の降る所があるでしょう。
長野地方気象台,2022-03-06T10:34:00+09:00,長野県,,　日本付近は、冬型の気圧配置となっています。  　長野県は、北部では曇りまたは雪、中部と南部では曇りまたは晴れで、雪の降っている所があります。  　６日は、冬型の気圧配置が続くでしょう。このため、北部では曇り時々雪となる見込みです。中部と南部では曇り時々晴れで、雪の降る所があるでしょう。  　７日は、大陸の高気圧が西日本から東日本へ張り出し、冬型の気圧配置は次第に緩むでしょう。このため、北部では曇りで、未明は広い範囲で雪となり、中野飯山地域や山沿いを中心に、昼前まで雪の降る所がありますが、次第に晴れてくる見込みです。中部と南部では、晴れ時々曇りで、明け方まで雪の降る所があるでしょう。
長野地方気象台,2022-03-06T16:34:00+09:00,長野県,,　日本付近は、冬型の気圧配置となっています。  　長野県は、おおむね曇りで、北部を中心に雪が降っています。  　６日は、冬型の気圧配置が続くでしょう。このため、北部では曇り時々雪となる見込みです。中部と南部では曇りで夜遅く晴れとなりますが、雪の降る所があるでしょう。  　７日は、大陸の高気圧が西日本から東日本へ張り出し、冬型の気圧配置は次第に緩むでしょう。このため、北部では曇りで、未明は広い範囲で雪となり、中野飯山地域や山沿いを中心に、昼前まで雪の降る所がありますが、次第に晴れてくる見込みです。中部と南部では、晴れ時々曇りで、明け方まで雪の降る所があるでしょう。
長野地方気象台,2022-03-07T04:33:00+09:00,長野県,,　日本付近は、冬型の気圧配置となっています。  　長野県は、晴れや曇りで、北部を中心に雪の降っている所があります。  　７日は、大陸の高気圧が西日本から東日本へ張り出し、冬型の気圧配置は次第に緩むでしょう。このため、北部は曇り時々晴れで、昼前まで中野飯山地域を中心に雪の降る所がある見込みです。中部と南部は、晴れ朝晩曇りで、明け方は雪の降る所があるでしょう。  　８日は、高気圧に覆われますが、気圧の谷の影響を受ける見込みです。このため、晴れ時々曇りとなるでしょう。
長野地方気象台,2022-03-07T10:33:00+09:00,長野県,,　日本付近は、北日本中心の冬型の気圧配置となっています。  　長野県は、晴れや曇りで、北部では雪の降っている所があります。  　７日は、大陸の高気圧が西日本から東日本へ張り出し、冬型の気圧配置は次第に緩むでしょう。このため、北部は曇り時々晴れで、昼前まで中野飯山地域では雪の降る所がある見込みです。中部と南部は、晴れ時々曇りとなるでしょう。  　８日は、高気圧に覆われますが、気圧の谷の影響を受ける見込みです。このため、晴れ時々曇りとなるでしょう。
長野地方気象台,2022-03-07T16:33:00+09:00,長野県,,　西日本から東日本は、高気圧に覆われています。  　長野県は、晴れまたは薄曇りとなっています。  　７日は、高気圧に覆われますが湿った空気の影響を受ける見込みです。このため、晴れ夜は曇りとなるでしょう。  　８日は、高気圧に覆われますが、気圧の谷や湿った空気の影響を受ける見込みです。このため、北部は晴れ時々曇り、中部と南部はおおむね晴れとなるでしょう。
長野地方気象台,2022-03-08T04:37:00+09:00,長野県,,　西日本から東日本は、日本海に中心を持つ高気圧に覆われています。  　長野県は、晴れまたは曇りとなっています。  　８日は、高気圧に覆われますが、気圧の谷や湿った空気の影響を受ける見込みです。このため、北部は晴れ時々曇り、中部と南部はおおむね晴れとなるでしょう。  　９日は、高気圧に覆われますが、気圧の谷の影響を受ける見込みです。このため、晴れ時々曇りとなるでしょう。
長野地方気象台,2022-03-08T10:34:00+09:00,長野県,,　西日本から東日本は、日本海に中心を持つ高気圧に覆われています。  　長野県は、晴れまたは曇りとなっています。  　８日は、高気圧に覆われますが、気圧の谷や湿った空気の影響を受ける見込みです。このため、北部は晴れ時々曇り、中部と南部はおおむね晴れとなるでしょう。  　９日は、高気圧に覆われますが、気圧の谷の影響を受ける見込みです。このため、晴れ時々曇りとなるでしょう。
長野地方気象台,2022-03-08T16:33:00+09:00,長野県,,　西日本から東日本は、日本海に中心を持つ高気圧に覆われています。  　長野県は、晴れまたは曇りとなっています。  　８日は、高気圧に覆われますが、気圧の谷や湿った空気の影響を受ける見込みです。このため、晴れ時々曇りとなるでしょう。  　９日は、高気圧に覆われますが、気圧の谷の影響を受ける見込みです。このため、晴れ時々曇りとなるでしょう。
長野地方気象台,2022-03-09T04:37:00+09:00,長野県,,　本州付近は高気圧に覆われています。  　長野県は、おおむね晴れています。  　９日は、高気圧に覆われますが、気圧の谷の影響を受ける見込みです。このため、晴れ時々曇りとなるでしょう。  　１０日は、高気圧に覆われる見込みです。このため、おおむね晴れるでしょう。
長野地方気象台,2022-03-09T10:33:00+09:00,長野県,,　本州付近は高気圧に覆われています。  　長野県は、晴れまたは薄曇りとなっています。  　９日は、高気圧に覆われますが、気圧の谷の影響を受ける見込みです。このため、晴れますが、夕方から次第に曇りとなるでしょう。  　１０日は、高気圧に覆われる見込みです。このため、おおむね晴れるでしょう。
長野地方気象台,2022-03-09T16:32:00+09:00,長野県,,　本州付近は高気圧に覆われています。  　長野県は、晴れまたは薄曇りとなっています。  　９日は、高気圧に覆われますが、気圧の谷の影響を受ける見込みです。このため、晴れで、夜は次第に曇りとなるでしょう。  　１０日は、高気圧に覆われる見込みです。このため、おおむね晴れるでしょう。
長野地方気象台,2022-03-10T04:33:00+09:00,長野県,,　日本付近は、高気圧に覆われています。  　長野県は、晴れています。  　１０日は、高気圧に覆われる見込みです。このため、おおむね晴れるでしょう。  　１１日は、引き続き高気圧に覆われますが、湿った空気の影響を受ける見込みです。このため、晴れ時々曇りとなるでしょう。
長野地方気象台,2022-03-10T10:35:00+09:00,長野県,,　日本付近は、高気圧に覆われています。  　長野県は、晴れや薄曇りとなっています。  　１０日は、高気圧に覆われる見込みです。このため、晴れ時々曇りとなるでしょう。  　１１日は、引き続き高気圧に覆われますが、湿った空気の影響を受ける見込みです。このため、晴れ時々曇りとなるでしょう。
長野地方気象台,2022-03-10T16:32:00+09:00,長野県,,　日本付近は、高気圧に覆われています。  　長野県は、晴れています。  　１０日は、高気圧に覆われる見込みです。このため、晴れるでしょう。  　１１日は、引き続き高気圧に覆われますが、湿った空気の影響を受ける見込みです。このため、晴れ時々曇りとなるでしょう。
長野地方気象台,2022-03-11T04:39:00+09:00,長野県,,　日本付近は、高気圧に覆われています。  　長野県は、晴れています。  　１１日は、高気圧に覆われますが、サハリン付近の低気圧からのびる寒冷前線が、夜には北日本に接近する見込みです。このため、晴れ時々曇りとなるでしょう。  　１２日は、引き続き高気圧に覆われますが、寒冷前線や湿った空気の影響を受ける見込みです。このため、晴れ時々曇りとなるでしょう。
長野地方気象台,2022-03-11T10:33:00+09:00,長野県,,　日本付近は、高気圧に覆われています。  　長野県は、おおむね晴れています。  　１１日は、高気圧に覆われますが、サハリン付近の低気圧からのびる寒冷前線が、夜には北日本に接近する見込みです。このため、晴れ時々曇りとなるでしょう。  　１２日は、引き続き高気圧に覆われますが、寒冷前線や湿った空気の影響を受ける見込みです。このため、晴れ時々曇りとなるでしょう。
長野地方気象台,2022-03-11T16:33:00+09:00,長野県,,　日本付近は、高気圧に覆われています。  　長野県は、おおむね晴れています。  　１１日は、高気圧に覆われますが、サハリン付近の低気圧からのびる寒冷前線が、夜には北日本に接近する見込みです。このため、晴れ時々曇りとなるでしょう。  　１２日は、引き続き高気圧に覆われますが、寒冷前線や湿った空気の影響を受ける見込みです。このため、北部では晴れ時々曇り、中部と南部ではおおむね晴れるでしょう。
長野地方気象台,2022-03-12T04:35:00+09:00,長野県,,　本州付近は、高気圧に覆われています。  　長野県は、おおむね晴れています。  　１２日は、高気圧に覆われる見込みです。このため、おおむね晴れるでしょう。  　１３日は、高気圧に覆われますが、気圧の谷や湿った空気の影響を受ける見込みです。このため、曇り時々晴れで、南部では夜遅くに雨の降る所があるでしょう。
長野地方気象台,2022-03-12T10:32:00+09:00,長野県,,　本州付近は、高気圧に覆われています。  　長野県は、晴れています。  　１２日は、高気圧に覆われる見込みです。このため、おおむね晴れるでしょう。  　１３日は、高気圧に覆われますが、前線を伴った低気圧が日本海を東へ進み、湿った空気の影響を受ける見込みです。このため、曇り時々晴れで、南部では夜遅くに雨の降る所があるでしょう。
長野地方気象台,2022-03-12T16:32:00+09:00,長野県,,　本州付近は、高気圧に覆われています。  　長野県は、晴れています。  　１２日は、高気圧に覆われますが、夜遅くには上空の湿った空気の影響を受ける見込みです。このため、晴れで夜遅くには曇りとなるでしょう。  　１３日は、高気圧に覆われますが、前線を伴った低気圧が日本海を東へ進み、湿った空気の影響を受ける見込みです。このため、曇り時々晴れで、南部では夜遅くに雨の降る所があるでしょう。
長野地方気象台,2022-03-13T04:44:00+09:00,長野県,,　本州付近は、高気圧に覆われています。一方、朝鮮半島付近から日本海にかけて前線がのびています。  　長野県は、曇りや晴れとなっています。  　１３日は、高気圧に覆われますが、前線を伴った低気圧が日本海を東へ進み、気圧の谷や湿った空気の影響を受ける見込みです。このため、おおむね曇りで、午前中を中心に晴れ間の出る時間帯もありますが、夜遅くには、中部と南部で雨の降る所があるでしょう。  　１４日は、三陸沖の低気圧からのびる前線や湿った空気の影響を受ける見込みです。このため、曇りで、明け方まで中部と南部では広い範囲で雨となり、北部でも雨の降る所があるでしょう。その後、日中は次第に晴れてくる見込みです。
長野地方気象台,2022-03-13T10:35:00+09:00,長野県,,　本州付近は、高気圧に覆われています。一方、日本海中部には前線を伴う低気圧があって東へ進んでいます。  　長野県は、晴れや薄曇りとなっています。  　１３日は、高気圧に覆われますが、前線を伴った低気圧が日本海を東へ進み、気圧の谷や湿った空気の影響を受ける見込みです。このため、はじめ晴れや薄曇りで、夕方から曇りとなり、中部と南部では夜遅くは雨の降る所があるでしょう。  　１４日は、低気圧が三陸沖から東へ進み、前線や湿った空気の影響を受ける見込みです。このため、曇りで、明け方まで中部と南部では広い範囲で雨となり、北部でも雨の降る所があるでしょう。日中は晴れ間もある見込みです。
長野地方気象台,2022-03-13T16:34:00+09:00,長野県,,　本州付近は、高気圧に覆われています。一方、日本海中部には前線を伴う低気圧があって東へ進んでいます。  　長野県は、曇りとなっています。  　１３日は、前線を伴った低気圧が日本海を東へ進み、気圧の谷や湿った空気の影響を受ける見込みです。このため、曇りで夜遅くは雨の降る所があるでしょう。  　１４日は、低気圧が三陸沖を東へ進み、前線や湿った空気の影響を受ける見込みです。このため、曇りで、明け方まで中部と南部では広い範囲で雨となり、北部でも雨の降る所があるでしょう。日中は晴れ間もある見込みです。
長野地方気象台,2022-03-14T08:10:00+09:00,長野県,,　前線を伴った低気圧が北日本を東に進んでいます。  　長野県は、おおむね晴れています。  　１４日は、低気圧が日本の東へ進み、夜は湿った空気の影響を受ける見込みです。このため、晴れ夜は曇りとなるでしょう。  　１５日は、午前中前線が通過し、次第に高気圧に覆われるでしょう。このため、曇りで昼前から晴れますが、明け方から朝は広い範囲で雨となるでしょう。
長野地方気象台,2022-03-14T10:32:00+09:00,長野県,,　前線を伴った低気圧が三陸沖を東北東に進んでいます。  　長野県は、晴れまたは曇りとなっています。  　１４日は、低気圧が日本の東へ進み、夜は湿った空気の影響を受ける見込みです。このため、晴れますが、夜は曇りとなるでしょう。  　１５日は、午前中前線が通過し、次第に高気圧に覆われるでしょう。このため、曇りで、明け方から朝は雨となりますが、昼前から晴れる見込みです。
長野地方気象台,2022-03-14T16:32:00+09:00,長野県,,　西日本から東日本は高気圧に緩やかに覆われています。一方、朝鮮半島付近には前線を伴った低気圧があって、東へ進んでいます。  　長野県は、おおむね晴れています。  　１４日は、高気圧に緩やかに覆われますが、前線を伴った低気圧が日本海西部に進む見込みです。このため、晴れますが、夜は曇りとなるでしょう。  　１５日は、低気圧が日本海から北日本にへ進み、寒冷前線が関東甲信地方を午前中通過しますが、その後は次第に高気圧に覆われるでしょう。このため、曇りで、明け方から朝は雨となりますが、昼前から晴れる見込みです。
長野地方気象台,2022-03-15T07:22:00+09:00,長野県,,　低気圧が日本海にあって東北東へ進んでおり、前線が本州付近を通過しています。  　長野県は、おおむね曇りで、南部を中心に雨の降っている所があります。  　１５日は、前線が通過し、次第に高気圧に覆われる見込みです。このため、曇りで南部を中心に雨の降る所がありますが、昼前から次第に晴れてくるでしょう。  　１６日は、高気圧に覆われますが、湿った空気の影響を受ける見込みです。このため、北部では晴れ時々曇り、中部と南部ではおおむね晴れるでしょう。
長野地方気象台,2022-03-15T10:32:00+09:00,長野県,,　低気圧が日本海にあって北東へ進んでいます。  　長野県は、晴れや曇りとなっています。  　１５日は、次第に高気圧に覆われる見込みです。このため、おおむね晴れるでしょう。  　１６日は、高気圧に覆われますが、湿った空気の影響を受ける見込みです。このため、北部は晴れ時々曇り、中部と南部はおおむね晴れるでしょう。
長野地方気象台,2022-03-15T16:32:00+09:00,長野県,,　三陸沖には前線を伴った低気圧があって北東へ進んでいます。一方、東シナ海には高気圧があって東へ移動しています。  　長野県は、おおむね晴れています。  　１５日は、高気圧に覆われる見込みです。このため、おおむね晴れるでしょう。  　１６日は、引き続き高気圧に覆われる見込みです。このため、おおむね晴れるでしょう。
長野地方気象台,2022-03-16T04:33:00+09:00,長野県,,　西日本から東日本は、高気圧に覆われています。  　長野県は、晴れまたは曇りとなっています。  　１６日は、高気圧に覆われますが、気圧の谷や湿った空気の影響を受ける見込みです。このため、北部では晴れ時々曇り、中部と南部では晴れるでしょう。  　１７日は、高気圧に覆われますが、次第に気圧の谷の影響を受ける見込みです。このため、晴れますが、夕方から曇りとなるでしょう。
長野地方気象台,2022-03-16T10:34:00+09:00,長野県,,　西日本から東日本は、高気圧に覆われています。  　長野県は、おおむね晴れています。  　１６日は、高気圧に覆われますが、気圧の谷や湿った空気の影響を受ける見込みです。このため、北部では晴れ時々曇り、中部と南部では晴れるでしょう。  　１７日は、高気圧に覆われますが、次第に気圧の谷の影響を受ける見込みです。このため、晴れますが、夕方から曇りとなるでしょう。
長野地方気象台,2022-03-16T16:34:00+09:00,長野県,,　西日本から東日本は、高気圧に覆われています。  　長野県は、おおむね晴れています。  　１６日は、高気圧に覆われて、おおむね晴れるでしょう。  　１７日は、高気圧に覆われますが、午後から気圧の谷の影響を受ける見込みです。このため、晴れますが、昼過ぎから次第に曇りとなるでしょう。
長野地方気象台,2022-03-17T04:43:00+09:00,長野県,,　西日本から東日本は、高気圧に覆われています。  　長野県は、おおむね晴れています。  　１７日は、高気圧に覆われますが、気圧の谷や湿った空気の影響を受ける見込みです。このため、晴れますが、昼前から次第に雲りとなるでしょう。中部と南部では、夜遅くに雨や雪の降る所がある見込みです。  　１８日は、前線を伴った低気圧が日本の南を東へ進む見込みです。このため、曇り時々雨か雪となるでしょう。
長野地方気象台,2022-03-17T10:35:00+09:00,長野県,,　西日本から東日本は、高気圧に覆われています。  　長野県は、晴れや曇りとなっています。  　１７日は、高気圧に覆われますが、気圧の谷や湿った空気の影響を受ける見込みです。このため、はじめ晴れ間もありますが、おおむね雲りとなるでしょう。中部と南部では、夜遅くに雨や雪の降る所がある見込みです。  　１８日は、前線を伴った低気圧が日本の南を東へ進む見込みです。このため、曇り時々雨か雪となるでしょう。
長野地方気象台,2022-03-17T16:37:00+09:00,長野県,,　前線を伴った低気圧が華中にあって東へ進んでいます。  　長野県は、おおむね曇りで、南部では雨の降っている所があります。  　１７日は、気圧の谷や湿った空気の影響を受ける見込みです。このため、雲りで、南部を中心に雨の降る所がある見込みです。  　１８日は、前線を伴った低気圧が日本の南を東へ進む見込みです。このため、曇り時々雨か雪となるでしょう。
長野地方気象台,2022-03-18T04:38:00+09:00,長野県,,　東シナ海には前線を伴った低気圧があって東へ進んでいます。  　長野県は、雨や曇りとなっており、標高の高い所では雪の降っている所があります。  　１８日は、前線を伴った低気圧が夜には紀伊半島付近へ進む見込みです。また、気圧の谷や湿った空気の影響を受けるでしょう。このため、北部と中部では曇り時々雨となり、南部では曇り昼過ぎから雨となる見込みです。標高の高い所では雪となるでしょう。  　１９日は、低気圧が三陸沖を北上し、夜には西高東低の気圧配置となる見込みです。このため、北部では曇り時々雪や雨となるでしょう。中部と南部では曇り時々晴れで、未明は雨や雪となる見込みです。
長野地方気象台,2022-03-18T10:41:00+09:00,長野県,,　東シナ海には前線を伴った低気圧があって東へ進んでいます。  　長野県は、雨や曇りとなっており、標高の高い所では雪の降っている所があります。  　１８日は、前線を伴った低気圧が夜には紀伊半島付近へ進む見込みです。このため、北部と中部では雨時々曇りとなり、南部ではおおむね雨となるでしょう。標高の高い所では雪となる見込みです。  　１９日は、低気圧が三陸沖を北上し、西高東低の気圧配置となる見込みです。このため、北部では曇り時々雪や雨となるでしょう。中部と南部では曇り時々晴れで、未明は雨や雪となる見込みです。
長野地方気象台,2022-03-18T16:35:00+09:00,長野県,,　四国沖には前線を伴った低気圧があって東北東へ進んでいます。  　長野県は、雨で、標高の高い所では雪の降っている所があります。  　１８日は、前線を伴った低気圧が紀伊半島付近へ進む見込みです。このため、おおむね雨で、標高の高い所では雪となるでしょう。  　１９日は、低気圧が三陸沖を北上し、西高東低の気圧配置となる見込みです。このため、北部では曇り時々雪か雨となるでしょう。中部と南部では曇りや晴れで、朝晩を中心に雨や雪の降る所があり、未明は広い範囲で降る見込みです。
長野地方気象台,2022-03-19T04:43:00+09:00,長野県,,　関東の東には前線を伴った低気圧があって北東へ進んでいます。  　長野県は、曇りや雨で、標高の高い所では雪の降っている所があります。  　１９日は、低気圧が三陸沖を北上し、西高東低の気圧配置となる見込みです。このため、北部では曇りで朝晩中心に雪か雨となるでしょう。中部と南部では曇りや晴れで、朝晩を中心に雨や雪の降る所がある見込みです。  　２０日は、はじめ西高東低の気圧配置となりますが、次第に高気圧に覆われるでしょう。また、寒気や湿った空気の影響を受ける見込みです。このため、北部では曇りで昼過ぎから時々晴れとなり、山沿いや中野飯山地域を中心に昼前まで雪の降る所があるでしょう。中部と南部では晴れ時々曇りとなる見込みです。
長野地方気象台,2022-03-19T10:32:00+09:00,長野県,,　三陸沖には前線を伴った低気圧があって北東へ進んでいます。  　長野県は、晴れまたは曇りとなっています。  　１９日は、次第に西高東低の気圧配置となりますが、午後は気圧の谷や上空の寒気の影響を受ける見込みです。このため、北部では曇りで、夕方から雪か雨となるでしょう。中部と南部では曇り時々晴れで、夕方は雨か雪となる見込みです。  　２０日は、はじめ西高東低の気圧配置となりますが、次第に高気圧に覆われるでしょう。また、寒気や湿った空気の影響を受ける見込みです。このため、北部では、曇りで山沿いや中野飯山地域を中心に昼前まで雪の降る所がありますが、昼過ぎから時々晴れるでしょう。中部と南部では晴れ時々曇りとなる見込みです。
長野地方気象台,2022-03-19T16:34:00+09:00,長野県,,　三陸沖には前線を伴った低気圧があって北東へ進んでいます。  　長野県は、曇りまたは雨で、標高の高い所では雪となっています。  　１９日は、西高東低の気圧配置となりますが、気圧の谷や上空の寒気の影響を受ける見込みです。このため、雨か雪となりますが、夜遅くには曇りとなるでしょう。  　２０日は、はじめ西高東低の気圧配置となりますが、次第に高気圧に覆われるでしょう。また、寒気や湿った空気の影響を受ける見込みです。このため、北部では、曇り時々晴れで、明け方は一時雪か雨が降り、山沿いや中野飯山地域を中心に、昼前まで雪か雨の降る所があるでしょう。中部と南部では晴れ時々曇りとなりますが、中部では明け方まで雪か雨の降る所がある見込みです。
長野地方気象台,2022-03-20T04:36:00+09:00,長野県,,　日本付近は、西高東低の気圧配置となっています。  　長野県は、晴れや曇りで、北部を中心に雨の降っている所があり、標高の高い所では雪となっています。  　２０日は、西高東低の気圧配置は次第に緩み、高気圧に覆われますが、寒気や湿った空気の影響を受ける見込みです。このため、北部では曇り時々晴れで、昼前まで雪か雨の降る所があるでしょう。中部と南部では晴れ時々曇りとなりますが、中部では朝まで雪か雨の降る所がある見込みです。  　２１日は、日本海を移動する高気圧に覆われますが、寒気や湿った空気の影響を受ける見込みです。このため、北部では曇り時々晴れで、明け方まで雪の降る所があるでしょう。中部と南部では晴れで、朝晩を中心に曇りとなる見込みです。
長野地方気象台,2022-03-20T10:32:00+09:00,長野県,,　日本付近は、西高東低の気圧配置となっています。  　長野県は、曇りや晴れで、北部では雪や雨の降っている所があります。  　２０日は、次第に高気圧に覆われますが、寒気や湿った空気の影響を受ける見込みです。このため、北部では、午後は晴れ間もありますが、おおむね曇りで昼前まで雪や雨の降る所があるでしょう。中部は曇り時々晴れ、南部は晴れ夜曇りとなる見込みです。  　２１日は、高気圧に覆われますが、寒気や湿った空気の影響を受ける見込みです。このため、北部は曇り時々晴れで、明け方まで雪の降る所があるでしょう。中部と南部は晴れで、朝晩を中心に曇りとなる見込みです。
長野地方気象台,2022-03-20T16:32:00+09:00,長野県,,　西日本から東日本は、黄海の高気圧に覆われています。  　長野県は、晴れや曇りとなっています。  　２０日は、高気圧に覆われますが、寒気や湿った空気の影響を受ける見込みです。このため、晴れで夜は次第に雲が広がるでしょう。  　２１日は、高気圧に覆われますが、寒気や気圧の谷の影響を受ける見込みです。このため、北部は曇り時々晴れで、朝まで雪の降る所があるでしょう。中部と南部は晴れで、朝晩を中心に曇りとなる見込みです。
長野地方気象台,2022-03-21T04:47:00+09:00,長野県,,　西日本から東日本は、黄海の高気圧に覆われています。一方、伊豆諸島付近は気圧の谷となっています。  　長野県は、曇りとなっています。  　２１日は、高気圧に覆われますが、寒気や気圧の谷の影響を受ける見込みです。このため、曇り時々晴れで、昼前まで北部の山沿いや中野飯山地域を中心に雪の降る所がある見込みです。  　２２日は、房総半島沖に発生した低気圧が東へ進み、湿った空気の影響を受ける見込みです。このため、曇りで、昼前から昼過ぎは、北部と中部で雪か雨、南部では雨か雪となるでしょう。
長野地方気象台,2022-03-21T10:33:00+09:00,長野県,,　西日本から東日本は、黄海の高気圧に覆われています。一方、伊豆諸島付近は気圧の谷となっています。  　長野県は、おおむね晴れています。  　２１日は、高気圧に覆われますが、寒気や気圧の谷の影響を受ける見込みです。このため、晴れ時々曇りとなるでしょう。  　２２日は、房総半島沖に発生する低気圧が東へ進み、湿った空気の影響を受ける見込みです。このため、曇りで、昼前から昼過ぎは、北部と中部で雪か雨、南部では雨か雪となるでしょう。
長野地方気象台,2022-03-21T16:34:00+09:00,長野県,,　西日本から東日本は、日本海の高気圧に覆われています。一方、伊豆諸島付近は気圧の谷となっています。  　長野県は、晴れや曇りとなっています。  　２１日は、高気圧に覆われますが、寒気や気圧の谷の影響を受ける見込みです。このため、はじめ晴れている所も、夜は次第に曇りとなるでしょう。  　２２日は、関東の南東海上に発生する低気圧が東へ進み、湿った空気や寒気の影響を受ける見込みです。このため、曇りで、昼前から昼過ぎは雪か雨となるでしょう。
長野地方気象台,2022-03-22T04:38:00+09:00,長野県,,　西日本から東日本は、気圧の谷となっています。  　長野県は、曇りで雪や雨の降っている所があります。  　２２日は、関東の東の低気圧や湿った空気の影響を受ける見込みです。このため、曇りで、朝から昼過ぎは雪や雨となりますが、夜は次第に晴れるでしょう。  　２３日は、気圧の谷や湿った空気の影響の影響を受ける見込みです。このため、おおむね曇りで、夜は雪や雨の降る所があるでしょう。
長野地方気象台,2022-03-22T10:35:00+09:00,長野県,,　九州の南には前線を伴った低気圧があって東へ進んでいます。また、関東の東には別の低気圧があって東へ進んでいます。  　長野県は、雨や雪となっています。  　２２日は、関東の東の低気圧や湿った空気の影響を受ける見込みです。このため、雪か雨で夕方から次第に曇りとなり、後晴れるでしょう。  　２３日は、気圧の谷や湿った空気の影響を受ける見込みです。このため、おおむね曇りで、夜は雪や雨の降る所があるでしょう。
長野地方気象台,2022-03-22T16:33:00+09:00,長野県,,　日本の南には前線を伴った低気圧があって東へ進んでいます。また、関東の東には別の低気圧があって東へ進んでいます。  　長野県は、おおむね曇りとなっています。  　２２日は、湿った空気の影響を受ける見込みです。このため、曇りで夜晴れとなるでしょう。  　２３日は、北日本に中心を持つ高気圧に覆われますが、気圧の谷や湿った空気の影響を受ける見込みです。このため、曇りで、夜は雪や雨の降る所がある見込みです。
長野地方気象台,2022-03-23T04:40:00+09:00,長野県,,　本州付近は、日本海に中心を持つ高気圧に覆われています。  　長野県は、曇りや晴れとなっています。  　２３日は、北日本に中心を持つ高気圧に覆われますが、気圧の谷や湿った空気の影響を受ける見込みです。このため、北部と中部では晴れ昼前から曇り、南部ではおおむね曇りとなり、夜は雪や雨の降る所があるでしょう。  　２４日は、東シナ海の高気圧に覆われますが、上空の寒気や湿った空気の影響を受ける見込みです。このため、北部では曇り昼前から時々晴れ、中部と南部では晴れ昼過ぎまで時々曇りとなるでしょう。また、北部と中部では明け方まで雪の降る所がある見込みです。
長野地方気象台,2022-03-23T10:32:00+09:00,長野県,,　本州付近は、日本海に中心を持つ高気圧に覆われています。  　長野県は、曇りや晴れとなっています。  　２３日は、高気圧に覆われますが、気圧の谷や湿った空気の影響を受ける見込みです。このため、南部を中心にはじめ晴れる所もありますが、おおむね曇りで、夜は雪や雨の降る所があるでしょう。  　２４日は、東シナ海に中心を持つ高気圧に覆われますが、上空の寒気や湿った空気の影響を受ける見込みです。このため、北部では曇り昼前から時々晴れ、中部と南部では晴れ昼過ぎまで時々曇りとなるでしょう。また、北部と中部では明け方まで雪の降る所がある見込みです。
長野地方気象台,2022-03-23T16:33:00+09:00,長野県,,　三陸沖に中心を持つ高気圧が、東へ移動しています。  　長野県は、曇りとなっています。  　２３日は、気圧の谷や湿った空気の影響を受ける見込みです。このため、曇りで夜は雪や雨の降る所があり、南部では広い範囲で降るでしょう。  　２４日は、東シナ海に中心を持つ高気圧に覆われますが、上空の寒気や湿った空気の影響を受ける見込みです。このため、北部では曇りで明け方まで雪の降る所がありますが、昼前から晴れるでしょう。中部と南部ではおおむね晴れますが、明け方まで曇りで雪の降る所がある見込みです。
長野地方気象台,2022-03-24T04:44:00+09:00,長野県,,　東シナ海に中心を持つ高気圧が東へ移動しています。  　長野県は、曇りや晴れとなっています。  　２４日は、高気圧に覆われますが、朝までは湿った空気の影響を受ける見込みです。このため、晴れますが北部では朝まで曇りとなるでしょう。  　２５日は、高気圧に覆われる見込みです。このため、晴れるでしょう。
長野地方気象台,2022-03-24T10:32:00+09:00,長野県,,　東シナ海に中心を持つ高気圧が東へ移動しています。  　長野県は、おおむね晴れています。  　２４日は、高気圧に覆われる見込みです。このため、晴れるでしょう。  　２５日も引き続き、高気圧に覆われる見込みです。このため、晴れるでしょう。
長野地方気象台,2022-03-24T16:32:00+09:00,長野県,,　本州付近は高気圧に覆われていますが、気圧の谷の影響を受けています。  　長野県は、晴れまたは曇りで、北部では雪や雨の降っている所があります。  　２４日は、高気圧に覆われますが、はじめ気圧の谷の影響を受ける見込みです。このため、北部では晴れ時々曇りで、夜のはじめ頃まで雪か雨の降る所があるでしょう。中部と南部では晴れる見込みです。  　２５日は、高気圧に覆われる見込みです。このため、晴れるでしょう。
長野地方気象台,2022-03-25T04:34:00+09:00,長野県,,　本州付近は広く高気圧に覆われています。  　長野県は、晴れています。  　２５日は、高気圧が日本の東へ移動し、引き続き東日本を覆う見込みです。このため、おおむね晴れるでしょう。  　２６日は、前線を伴った低気圧が九州の西から四国沖へ進む見込みです。このため、曇りで、北部と中部では昼過ぎから時々雨、南部では昼過ぎから雨となるでしょう。
長野地方気象台,2022-03-25T10:32:00+09:00,長野県,,　本州付近は広く高気圧に覆われています。  　長野県は、晴れています。  　２５日は、高気圧が日本の東へ移動し、引き続き東日本を覆う見込みです。このため、おおむね晴れるでしょう。  　２６日は、低気圧が発達しながら日本海を東北東に進み、また、別の低気圧が九州の西から四国沖へ進む見込みです。このため、曇りで、北部と中部では昼過ぎから時々雨、南部では昼過ぎから雨となるでしょう。
長野地方気象台,2022-03-25T16:34:00+09:00,長野県,,　本州付近は広く高気圧に覆われています。  　長野県は、おおむね晴れとなっています。  　２５日は、はじめ高気圧に覆われ晴れますが、高気圧の中心が日本の東へ移動し、湿った空気の影響を受ける見込みです。このため、晴れで夜遅くには曇りとなるでしょう。  　２６日は、低気圧が日本海と西日本の太平洋側をそれぞれ東よりに進む見込みです。このため、曇りで、午後は南部を中心に広く雨となるでしょう。
長野地方気象台,2022-03-26T04:38:00+09:00,長野県,,　日本の東の高気圧の縁をまわって南海上から湿った空気が本州付近に流れ込んでいます。  　長野県は、曇りとなっています。  　２６日は、低気圧が日本海と西日本の太平洋側をそれぞれ東よりに進む見込みです。このため、曇りで、北部と中部では昼過ぎ一時雨、南部では昼過ぎから雨となるでしょう。  　２７日は、はじめ低気圧が東日本の南岸を通過し、その後は次第に高気圧に覆われる見込みです。このため、晴れ時々曇りで、未明は雨の降る所があるでしょう。
長野地方気象台,2022-03-26T10:39:00+09:00,長野県,,　前線を伴った低気圧が朝鮮半島付近にあって、東北東へ進んでいます。また、九州付近にも前線を伴った別の低気圧があって、東へ進んでいます。  　長野県は、曇りで、雨の降っている所があります。  　２６日は、低気圧が日本海と西日本の太平洋側をそれぞれ東よりに進む見込みです。このため、曇りで、北部と中部では昼過ぎ一時雨、南部では昼過ぎから雨となるでしょう。  　２７日は、はじめ低気圧が東日本の南岸を通過し、その後は次第に高気圧に覆われる見込みです。このため、晴れ時々曇りで、未明は雨の降る所があるでしょう。
長野地方気象台,2022-03-26T16:33:00+09:00,長野県,,　日本海には前線を伴った低気圧があって、東北東へ進んでいます。また、四国付近にも前線を伴った別の低気圧があって、東へ進んでいます。  　長野県は、雨や曇りとなっています。  　２６日は、低気圧が日本海と西日本付近をそれぞれ東よりに進む見込みです。このため、雨で、北部と中部では、夜は次第に曇りとなるでしょう。  　２７日は、はじめ低気圧が関東の南岸を通過し、その後、次第に高気圧に覆われる見込みです。このため、晴れ時々曇りで、未明は雨の降る所があるでしょう。
長野地方気象台,2022-03-27T04:33:00+09:00,長野県,,　前線を伴った低気圧がオホーツク海にあって、北東へ進んでいます。また、関東地方付近にも前線を伴った低気圧があって、東北東へ進んでいます。  　長野県は、曇りで雨の降っている所があります。  　２７日は、はじめ気圧の谷や湿った空気の影響を受けますが、次第に高気圧に覆われる見込みです。このため、北部は曇り時々晴れで、昼前まで雨の降る所があるでしょう。中部と南部は、晴れ時々曇りとなる見込みです。  　２８日は、高気圧に覆われますが、気圧の谷や湿った空気の影響を受ける見込みです。このため、北部は曇り時々晴れで、朝まで雨や雪の降る所があるでしょう。中部は晴れ時々曇り、南部は曇り時々晴れとなる見込みです。
長野地方気象台,2022-03-27T10:33:00+09:00,長野県,,　低気圧がオホーツク海と三陸沖にあって、ともに北東に進んでいます。また、大陸に高気圧があって西日本に張り出しています。  　長野県は、曇りまたは晴れで、雨の降っている所があります。  　２７日は、はじめ気圧の谷や湿った空気の影響を受けますが、次第に高気圧に覆われる見込みです。このため、北部と中部は曇り時々晴れで、北部では昼前まで雨の降る所があるでしょう。南部は、晴れ時々曇りとなる見込みです。  　２８日は、高気圧に覆われますが、気圧の谷や湿った空気の影響を受ける見込みです。このため、北部は曇り時々晴れで、朝まで雨や雪の降る所があるでしょう。中部は晴れ時々曇り、南部は曇り時々晴れとなる見込みです。
長野地方気象台,2022-03-27T16:34:00+09:00,長野県,,　大陸の高気圧が、西日本から東日本に張り出しています。  　長野県は、晴れています。  　２７日は、高気圧に覆われる見込みです。このため、晴れるでしょう。  　２８日は、高気圧に覆われますが、気圧の谷や湿った空気の影響を受ける見込みです。このため、晴れますが、朝晩を中心に曇りとなるでしょう。北部では朝まで雨や雪の降る所がある見込みです。
長野地方気象台,2022-03-28T04:42:00+09:00,長野県,,　黄海には高気圧があって東南東へ移動しています。一方、気圧の谷が北陸地方を通過しています。  　長野県は、曇りや晴れで、雨や雪の降っている所があります。  　２８日は、高気圧に覆われますが、気圧の谷や湿った空気の影響を受ける見込みです。このため、北部では曇り時々晴れで、朝まで雨か雪の降る所があるでしょう。中部では晴れ朝晩曇り、南部では曇り昼前から昼過ぎは晴れる見込みです。  　２９日は、高気圧が日本の東へ移動し、気圧の谷や湿った空気の影響を受ける見込みです。このため、北部では晴れ時々曇り、中部では曇り時々晴れ、南部では曇りとなるでしょう。
長野地方気象台,2022-03-28T12:02:00+09:00,長野県,,　黄海付近には高気圧があって西日本から東日本へ張り出してきています。  　長野県は、晴れや曇りとなっています。  　２８日は、高気圧に覆われますが、上空の気圧の谷や湿った空気の影響を受ける見込みです。このため、北部ではおおむね曇り、中部と南部では晴れ時々曇りとなるでしょう。  　２９日は、高気圧が東へ移動し、南からの湿った空気の影響を受ける見込みです。このため、北部では晴れ時々曇り、中部では曇り時々晴れ、南部では、おおむね曇りとなるでしょう。
長野地方気象台,2022-03-28T16:32:00+09:00,長野県,,　日本海に中心を持つ高気圧に覆われています。  　長野県は、おおむね曇りとなっています。  　２８日は、上空の気圧の谷や湿った空気の影響を受ける見込みです。このため、おおむね曇りとなるでしょう。  　２９日は、高気圧が日本の東へ移動し、南からの湿った空気の影響を受ける見込みです。このため、北部と中部では曇り時々晴れ、南部ではおおむね曇りで、夜は雨の降る所があるでしょう。
長野地方気象台,2022-03-29T04:39:00+09:00,長野県,,　関東甲信地方は、日本付近に中心を持つ高気圧に覆われています。一方、伊豆諸島付近は気圧の谷となっています。  　長野県は、おおむね曇りとなっています。  　２９日は、高気圧に覆われますが、気圧の谷や湿った空気の影響を受ける見込みです。このため、北部と中部では曇り時々晴れ、南部ではおおむね曇りで、夜は雨の降る所があるでしょう。  　３０日は、高気圧に覆われますが、気圧の谷や湿った空気の影響を受ける見込みです。このため、北部と中部では晴れ時々曇り、南部では曇り時々晴れとなるでしょう。
長野地方気象台,2022-03-29T10:33:00+09:00,長野県,,　日本付近は三陸沖に中心を持つ高気圧に覆われています。一方、東海道沖は気圧の谷となっています。  　長野県は、曇りとなっています。  　２９日は、気圧の谷や湿った空気の影響を受ける見込みです。このため、曇りで、南部では夜は雨の降る所があるでしょう。  　３０日は、東海上に中心を持つ高気圧に緩やかに覆われますが、気圧の谷や湿った空気の影響を受ける見込みです。このため、北部と中部では晴れ時々曇り、南部では曇り時々晴れとなるでしょう。
長野地方気象台,2022-03-29T16:32:00+09:00,長野県,,　日本付近は日本の東に中心を持つ高気圧に覆われています。一方、東海道沖は気圧の谷となっています。  　長野県は、曇りで、南部では雨の降っている所があります。  　２９日は、気圧の谷や湿った空気の影響を受ける見込みです。このため、曇りで北部では夜遅く晴れ、南部では雨の降る所があるでしょう。  　３０日は、東海上に中心を持つ高気圧に緩やかに覆われますが、気圧の谷や湿った空気の影響を受ける見込みです。このため、北部と中部では晴れ時々曇り、南部では曇り時々晴れとなるでしょう。
長野地方気象台,2022-03-30T04:35:00+09:00,長野県,,　日本付近は日本の東に中心を持つ高気圧に覆われています。  　長野県は、晴れまたは曇りとなっています。  　３０日は、東海上に中心を持つ高気圧に緩やかに覆われますが、上空の気圧の谷や湿った空気の影響を受ける見込みです。このため、北部と中部では晴れ時々曇り、南部では曇り時々晴れとなるでしょう。  　３１日は、前線が東日本から西日本を南下する見込みです。このため、北部では曇りで、昼過ぎから時々雨となるでしょう。中部と南部ではおおむね曇りで、昼過ぎから夕方は雨の降る所がある見込みです。
長野地方気象台,2022-03-30T10:36:00+09:00,長野県,,　日本付近は日本のはるか東に中心を持つ高気圧に覆われています。  　長野県は、おおむね晴れています。  　３０日は、高気圧に緩やかに覆われますが、気圧の谷や湿った空気の影響を受ける見込みです。このため、北部と中部ではおおむね晴れ、南部では晴れ時々曇りとなるでしょう。  　３１日は、前線が本州付近を南下する見込みです。このため、曇りで、北部では昼過ぎから時々雨、中部では昼過ぎから夕方は雨の降る所があり、南部では昼過ぎから夕方は雨となるでしょう。
長野地方気象台,2022-03-30T16:38:00+09:00,長野県,,　日本付近は日本のはるか東に中心を持つ高気圧に覆われています。  　長野県は、おおむね晴れています。  　３０日は、高気圧に緩やかに覆われますが、気圧の谷や湿った空気の影響を受ける見込みです。このため、晴れで夜遅くは曇りとなるでしょう。  　３１日は、前線が本州付近を南下する見込みです。このため、曇りで、昼前から昼過ぎは雨となり、北部では夜遅くは雪の降る所があるでしょう。
長野地方気象台,2022-03-31T04:34:00+09:00,長野県,,　東日本は日本の南に中心を持つ高気圧に緩やかに覆われています。また、対馬海峡から日本海を通って東北地方に前線がのびています。  　長野県は、曇りや晴れとなっています。  　３１日は、前線が本州付近を南下する見込みです。このため、曇りで昼過ぎ一時雨となり、北部では夜遅くに雪の降る所があるでしょう。  　４月１日は、はじめ沿岸部を中心に前線や気圧の谷の影響を受けますが、次第に高気圧に覆われる見込みです。このため、北部では曇りで昼前から晴れ、中部と南部では晴れで朝晩曇りとなり、朝まで雪や雨の降る所があるでしょう。
長野地方気象台,2022-03-31T10:35:00+09:00,長野県,,　前線が西日本から東日本を通って日本の東にのびています。  　長野県は、おおむね曇りで、雨の降っている所があります。  　３１日は、前線が本州付近を南下する見込みです。このため、曇りで雨の降る所があるでしょう。北部では夜には雪の降る所がある見込みです。  　４月１日は、はじめ前線や気圧の谷の影響を受けますが、次第に高気圧に覆われる見込みです。このため、北部では曇りで昼前から晴れ、中部と南部では晴れで朝晩曇りとなり、朝まで雪や雨の降る所があるでしょう。
長野地方気象台,2022-03-31T16:36:00+09:00,長野県,,　前線が西日本から東日本を通って日本の東にのびています。  　長野県は、おおむね曇りとなっています。  　３１日は、寒気や湿った空気の影響を受ける見込みです。このため、曇りで、北部では夜遅くには雪や雨の降る所がある見込みです。  　４月１日は、はじめ前線や気圧の谷の影響を受けますが、次第に高気圧に覆われる見込みです。このため、はじめ曇りで南部を中心に雨や雪の降る所がありますが、その後は次第に晴れるでしょう。
