publishingOffice,reportDatetime,targetArea,headlineText,text
室蘭地方気象台,2022-07-01T04:37:00+09:00,胆振・日高地方,,　北海道付近は、２日にかけて千島近海から日本の東に中心を移す高気圧が張り出し、１日は前線が東北北部に停滞するでしょう。  　胆振・日高地方の１日３時の天気は、曇りとなっています。  　１日は、前線が東北北部に停滞するため、曇りでしょう。  　２日は、曇りの見込みです。  　海の波の高さは、１日から２日にかけて、１メートルでしょう。  ＜天気変化等の留意点＞ 　胆振東部では、１日は前線が東北北部に停滞するため、曇りでしょう。１日６時から２日６時までの２４時間降水量は３ミリの見込みです。
室蘭地方気象台,2022-07-01T10:38:00+09:00,胆振・日高地方,,　北海道付近は、２日にかけて千島近海から日本の東に中心を移す高気圧に緩やかに覆われますが、２日は次第に気圧の谷が近づく見込みです。東北北部に停滞する前線は、１日夜にかけて不明瞭となるでしょう。  　胆振・日高地方の１日９時の天気は、曇りで雨の降っている所があります。  　１日は、前線が東北北部に停滞するため、曇りでしょう。  　２日は、曇りの見込みです。  　海の波の高さは、１日から２日にかけて、１メートルでしょう。  ＜天気変化等の留意点＞ 　胆振東部では、１日は前線が東北北部に停滞するため、曇りでしょう。１日１２時から２日１２時までの２４時間降水量は３ミリの見込みです。
室蘭地方気象台,2022-07-01T16:34:00+09:00,胆振・日高地方,,　北海道付近は、２日にかけて千島近海から日本の東に中心を移す高気圧に緩やかに覆われますが、２日は次第に気圧の谷が近づく見込みです。東北北部に停滞する前線は、次第に不明瞭となるでしょう。  　胆振・日高地方の１日１５時の天気は、曇りで雨の降っている所があります。  　１日夜は、曇りで雨の降る所があるでしょう。  　２日は、湿った空気が流入するため、曇りで雨の降る所がある見込みです。  　海の波の高さは、１日夜から２日にかけて、１メートルでしょう。  ＜天気変化等の留意点＞ 　胆振東部では、２日は湿った空気が流入するため曇りで雨の降る所があるでしょう。１日１８時から２日１８時までの２４時間降水量は５ミリの見込みです。
室蘭地方気象台,2022-07-02T04:39:00+09:00,胆振・日高地方,,　北海道付近は、３日にかけて気圧の谷の中となり、３日は暖かく湿った空気が流入するため、大気の状態が不安定となる見込みです。  　胆振・日高地方の２日３時の天気は、曇りで雨の降っている所があります。  　２日は、気圧の谷の中となるため、曇りで雨の降る所があるでしょう。  　３日は、胆振地方は曇り時々晴れ、日高地方は曇りの見込みです。  　海の波の高さは、２日から３日にかけて、１メートルから１．５メートルとやや高いでしょう。  ＜天気変化等の留意点＞ 　胆振東部では、２日は気圧の谷の中となるため、曇りで雨の降る所があるでしょう。２日６時から３日６時までの２４時間降水量は５ミリの見込みです。
室蘭地方気象台,2022-07-02T10:38:00+09:00,胆振・日高地方,,　北海道付近は、３日にかけて気圧の谷の中となり、３日は暖かく湿った空気が流入するため、大気の状態が不安定となる見込みです。  　胆振・日高地方の２日９時の天気は、曇りで雨の降っている所があります。  　２日は、気圧の谷の中となるため、曇りで雨の降る所があるでしょう。  　３日は、胆振地方は曇り時々晴れ、日高地方は曇りの見込みです。  　海の波の高さは、２日から３日にかけて、１メートルから１．５メートルとやや高いでしょう。  ＜天気変化等の留意点＞ 　胆振東部では、２日は気圧の谷の中となるため、曇りで雨の降る所があるでしょう。２日１２時から３日１２時までの２４時間降水量は５ミリの見込みです。
室蘭地方気象台,2022-07-02T16:37:00+09:00,胆振・日高地方,,　北海道付近は、３日にかけて気圧の谷の中となりますが、３日は気圧の傾きが大きくなり、また、暖かく湿った空気が流入するため大気の状態が不安定となるでしょう。  　胆振・日高地方の２日１５時の天気は、曇りで雨の降っている所があります。  　２日夜は、曇りでしょう。  　３日は、気圧の谷の中となるため、曇りのち時々晴れの見込みです。  　海の波の高さは、２日夜から３日にかけて、１メートルから１．５メートルとやや高いでしょう。  ＜天気変化等の留意点＞ 　胆振東部では、３日は気圧の谷の中となるため、曇りのち時々晴れでしょう。２日１８時から３日１８時までの２４時間降水量は５ミリの見込みです。
室蘭地方気象台,2022-07-03T04:32:00+09:00,胆振・日高地方,,　北海道付近は、４日にかけて気圧の谷の中でしょう。また、３日は気圧の傾きが大きくなり、４日にかけて大気の状態が不安定となる見込みです。  　胆振・日高地方の３日３時の天気は、晴れまたは曇りとなっています。  　３日は、気圧の谷の中となるため、曇り時々晴れでしょう。  　４日は、曇り時々晴れ所により雨で雷を伴う見込みです。  　海の波の高さは、３日から４日にかけて１メートルでしょう。  ＜天気変化等の留意点＞ 　胆振東部では、３日は気圧の谷の中となるため、曇り時々晴れでしょう。
室蘭地方気象台,2022-07-03T10:39:00+09:00,胆振・日高地方,,　北海道付近は、４日にかけて気圧の谷の中となる見込みです。また、３日は気圧の傾きが大きく、４日にかけて大気の状態が不安定でしょう。  　胆振・日高地方の３日９時の天気は、おおむね晴れとなっています。  　３日は、気圧の谷の中ですが、晴れのち曇りでしょう。  　４日は、曇り時々晴れ所により雨で雷を伴う見込みです。  　海の波の高さは、３日から４日にかけて１メートルでしょう。  ＜天気変化等の留意点＞ 　胆振東部では、３日は気圧の谷の中ですが、晴れのち曇りでしょう。
室蘭地方気象台,2022-07-03T16:38:00+09:00,胆振・日高地方,,　北海道付近は、４日にかけて気圧の谷の中で、上空寒気の影響で大気の状態が非常に不安定となる見込みです。  　胆振・日高地方の３日１５時の天気は、おおむね晴れとなっています。  　３日夜は、晴れのち曇りでしょう。  　４日は、気圧の谷の中で、曇り所により雨で雷を伴う見込みです。  　海の波の高さは、３日夜から４日にかけて１メートルでしょう。  ＜天気変化等の留意点＞ 　胆振東部では、４日は気圧の谷の中で、曇り所により雨で雷を伴うでしょう。３日１８時から４日１８時までの２４時間降水量は２０ミリの見込みです。
室蘭地方気象台,2022-07-04T04:36:00+09:00,胆振・日高地方,,　北海道付近は、５日にかけて気圧の谷の中となり、４日は上空の寒気の影響を受けるため大気の状態が非常に不安定となるでしょう。５日も大気の不安定な状態が続く見込みです。  　胆振・日高地方の４日３時の天気は、晴れまたは曇りとなっています。  　４日は、気圧の谷の中となるため、曇りのち一時雨で所により雷を伴うでしょう。  　５日は、曇り時々晴れで、雷を伴い雨の降る所がある見込みです。  　海の波の高さは、４日から５日にかけて、１メートルでしょう。  ＜天気変化等の留意点＞ 　胆振東部では、４日は気圧の谷の中となるため、曇りのち一時雨で所により雷を伴うでしょう。４日６時から５日６時までの２４時間降水量は３０ミリの見込みです。
室蘭地方気象台,2022-07-04T10:35:00+09:00,胆振・日高地方,,　北海道付近は、５日にかけて気圧の谷の中となり、４日は上空の寒気の影響を受けるため大気の状態が非常に不安定となるでしょう。５日も大気の不安定な状態が続く見込みです。  　胆振・日高地方の４日９時の天気は、晴れまたは曇りとなっています。  　４日は、気圧の谷の中となるため、晴れのち一時雨で所により雷を伴うでしょう。  　５日は、曇り時々晴れで、雷を伴い雨の降る所がある見込みです。  　海の波の高さは、４日から５日にかけて、１メートルでしょう。  ＜天気変化等の留意点＞ 　胆振東部では、４日は気圧の谷の中となるため、晴れのち一時雨で所により雷を伴うでしょう。４日１２時から５日１２時までの２４時間降水量は３０ミリの見込みです。
室蘭地方気象台,2022-07-04T16:35:00+09:00,胆振・日高地方,,　北海道付近は、５日にかけて気圧の谷の中となり、４日夜は上空の寒気の影響を受けるため大気の状態が非常に不安定でしょう。５日も大気の不安定な状態が続く見込みです。  　胆振・日高地方の４日１５時の天気は、曇りで雨の降っている所があります。  　４日夜は、曇り時々雨で、所により雷を伴うでしょう。  　５日は、気圧の谷の中となるため、胆振地方は曇り所により雨、日高地方は曇り未明雨で、ともに所により雷を伴う見込みです。  　海の波の高さは、４日夜から５日にかけて、１メートルでしょう。  ＜天気変化等の留意点＞ 　胆振東部では、５日は気圧の谷の中となるため、曇り所により雨で、雷を伴うでしょう。４日１８時から５日１８時までの２４時間降水量は４０ミリの見込みです。
室蘭地方気象台,2022-07-05T04:39:00+09:00,胆振・日高地方,,　北海道付近は、５日は気圧の谷の中で大気の状態が不安定でしょう。６日は千島近海から高気圧が張り出す見込みです。  　胆振・日高地方の５日３時の天気は、曇りまたは晴れで雨の降っている所があります。  　５日は、気圧の谷の中で、胆振地方では曇り所により雨、日高地方では曇り一時雨で、ともに雷を伴う所があるでしょう。  　６日は、曇り所により雨の見込みです。  　海の波の高さは、５日から６日にかけて、１メートルでしょう。  ＜天気変化等の留意点＞ 　胆振東部では、５日は気圧の谷の中で、曇りで雷を伴い雨の降る所があるでしょう。５日６時から６日６時までの２４時間降水量は４０ミリの見込みです。
室蘭地方気象台,2022-07-05T10:37:00+09:00,胆振・日高地方,,　北海道付近は、５日は気圧の谷の中で上空に寒気が流入するため、大気の状態が不安定でしょう。６日は千島近海から高気圧が張り出す見込みです。  　胆振・日高地方の５日９時の天気は、曇りで雨の降っている所があります。  　５日は、気圧の谷の中となるため、曇りで雷を伴い雨の降る所があるでしょう。  　６日は、曇りで雨の降る所がある見込みです。  　海の波の高さは、５日から６日にかけて、１メートルでしょう。  ＜天気変化等の留意点＞ 　胆振東部では、５日は気圧の谷の中となるため、曇りで雷を伴い雨の降る所があるでしょう。５日１２時から６日１２時までの２４時間降水量は４０ミリの見込みです。
室蘭地方気象台,2022-07-05T16:37:00+09:00,胆振・日高地方,,　北海道付近は、５日夜は気圧の谷の中で上空に寒気が流入しているため、大気の状態が不安定でしょう。６日は千島近海から高気圧が張り出す見込みです。  　胆振・日高地方の５日１５時の天気は、曇りで雨の降っている所があります。  　５日夜は、曇りで雷を伴い雨の降る所があるでしょう。  　６日は、高気圧が張り出すため、曇りの見込みです。  　海の波の高さは、５日夜から６日にかけて、１メートルでしょう。  ＜天気変化等の留意点＞ 　胆振東部では、６日は高気圧が張り出すため、曇りでしょう。５日１８時から６日１８時までの２４時間降水量は３０ミリの見込みです。
室蘭地方気象台,2022-07-06T04:34:00+09:00,胆振・日高地方,,　北海道付近は、７日にかけて千島近海から高気圧が張り出すでしょう。  　胆振・日高地方の６日３時の天気は、曇りとなっています。  　６日は、千島近海から高気圧が張り出すため、胆振地方は曇り、日高地方は曇り時々晴れでしょう。  　７日は、胆振地方は曇り、日高地方は曇り時々晴れの見込みです。  　海の波の高さは、６日から７日にかけて、１メートルから１．５メートルとやや高いでしょう。  ＜天気変化等の留意点＞ 　胆振東部では、６日は千島近海から高気圧が張り出すため、曇りでしょう。６日６時から７日６時までの２４時間降水量は、３ミリの見込みです。
室蘭地方気象台,2022-07-06T10:34:00+09:00,胆振・日高地方,,　北海道付近は、７日にかけて千島近海の高気圧に緩やかに覆われる見込みです。  　胆振・日高地方の６日９時の天気は、曇りとなっています。  　６日は、千島近海から高気圧が張り出すため、曇りでしょう。  　７日は、胆振地方は曇り、日高地方は曇り時々晴れの見込みです。  　海の波の高さは、６日から７日にかけて、１メートルから１．５メートルとやや高いでしょう。  ＜天気変化等の留意点＞ 　胆振東部では、６日は千島近海から高気圧が張り出すため、曇りでしょう。６日１２時から７日１２時までの２４時間降水量は、３ミリの見込みです。
室蘭地方気象台,2022-07-06T16:34:00+09:00,胆振・日高地方,,　北海道付近は、７日にかけて千島近海の高気圧に緩やかに覆われる見込みです。  　胆振・日高地方の６日１５時の天気は、おおむね曇りとなっています。  　６日夜は、曇りでしょう。  　７日は、千島近海から高気圧が張り出すため、胆振地方は曇り、日高地方は曇り時々晴れの見込みです。  　海の波の高さは、６日夜から７日にかけて、１メートルから１．５メートルとやや高いでしょう。  ＜天気変化等の留意点＞ 　胆振東部では、７日は千島近海から高気圧が張り出すため、曇りでしょう。６日１８時から７日１８時までの２４時間降水量は、３ミリの見込みです。
室蘭地方気象台,2022-07-07T04:41:00+09:00,胆振・日高地方,,　北海道付近は、８日にかけて千島近海から日本の東に中心を移す高気圧に覆われるでしょう。  　胆振・日高地方の７日３時の天気は、曇りとなっています。  　７日は、千島近海から高気圧が張り出すため、胆振地方は曇り、日高地方は曇り時々晴れでしょう。  　８日は、胆振地方は曇り、日高地方は曇り時々晴れの見込みです。  　海の波の高さは、７日から８日にかけて、１メートルから２メートルとやや高いでしょう。  ＜天気変化等の留意点＞ 　胆振東部では、７日は千島近海から高気圧が張り出すため、曇りでしょう。７日６時から８日６時までの２４時間降水量は、３ミリの見込みです。
室蘭地方気象台,2022-07-07T10:37:00+09:00,胆振・日高地方,,　北海道付近は、８日にかけて千島近海から日本の東へ中心を移す高気圧に覆われるでしょう。  　胆振・日高地方の７日９時の天気は、晴れまたは曇りとなっています。  　７日は、千島近海の高気圧に覆われるため、胆振地方は曇り、日高地方は晴れのち曇りでしょう。  　８日は、胆振地方は曇り、日高地方は曇り時々晴れの見込みです。  　海の波の高さは、７日から８日にかけて、１メートルから２メートルとやや高いでしょう。  ＜天気変化等の留意点＞ 　胆振東部では、７日は千島近海の高気圧に覆われるため、曇りでしょう。７日１２時から８日１２時までの２４時間降水量は３ミリの見込みです。
室蘭地方気象台,2022-07-07T16:38:00+09:00,胆振・日高地方,,　北海道付近は、８日にかけて日本の東に中心を持つ高気圧に覆われるでしょう。  　胆振・日高地方の７日１５時の天気は、晴れまたは曇りとなっています。  　７日夜は、曇りでしょう。  　８日は、日本の東に中心を持つ高気圧に覆われるため、胆振地方は曇り、日高地方は曇りのち時々晴れの見込みです。  　海の波の高さは、７日夜から８日にかけて、１メートルから２メートルとやや高いでしょう。  ＜天気変化等の留意点＞ 　胆振東部では、８日は日本の東に中心を持つ高気圧に覆われるため、曇りでしょう。
室蘭地方気象台,2022-07-08T04:35:00+09:00,胆振・日高地方,,　北海道付近は、９日にかけて日本の東に中心を持つ高気圧に覆われますが、９日は夜にかけて関東の東を北上する低気圧を含む気圧の谷が近づく見込みです。  　胆振・日高地方の８日３時の天気は、曇りで雨の降っている所があります。  　８日は、湿った空気が流入するため、胆振地方は曇り所により雨、日高地方では曇り時々晴れでしょう。  　９日は、胆振地方は曇りのち雨、日高地方では曇りのち一時雨の見込みです。  　海の波の高さは、８日は１．５メートルのち２メートルとやや高いでしょう。９日は、胆振地方は２メートルのち２．５メートルとやや高く、日高地方では２．５メートルのち３メートルと高くなるでしょう。  ＜天気変化等の留意点＞ 　胆振東部では、８日は湿った空気が流入するため、曇りでしょう。
室蘭地方気象台,2022-07-08T10:39:00+09:00,胆振・日高地方,,　北海道付近は、９日にかけて日本の東に中心を持つ高気圧に覆われますが、９日は夜にかけて関東の東を北上する低気圧を含む気圧の谷が近づく見込みです。  　胆振・日高地方の８日９時の天気は、曇りで雨の降っている所があります。  　８日は、湿った空気が流入するため、曇りで、胆振地方では雨の降る所があるでしょう。  　９日は、胆振地方は曇りのち雨、日高地方では曇りのち一時雨の見込みです。  　海の波の高さは、８日は１．５メートルのち２メートルとやや高いでしょう。９日は、胆振地方は２メートルのち２．５メートルとやや高く、日高地方では２．５メートルのち３メートルと高くなるでしょう。  ＜天気変化等の留意点＞ 　胆振東部では、８日は湿った空気が流入するため、曇りでしょう。８日１２時から９日１２時までの２４時間降水量は３ミリの見込みです。
室蘭地方気象台,2022-07-08T16:38:00+09:00,胆振・日高地方,,　北海道付近は、９日にかけて日本の東に中心を持つ高気圧に覆われますが、９日は夜にかけて関東の東を北上する低気圧を含む気圧の谷が近づく見込みです。  　胆振・日高地方の８日１５時の天気は、曇りまたは晴れで雨の降っている所があります。  　８日夜は、曇りで、胆振地方では雨の降る所があるでしょう。  　９日は、低気圧を含む気圧の谷が近づくため、胆振地方は曇りのち時々雨、日高地方では曇り一時雨の見込みです。  　海の波の高さは、８日夜は１．５メートルから２メートルとやや高いでしょう。９日は、胆振地方は１．５メートルのち２．５メートルとやや高く、日高地方では２メートルのち３メートルと高くなるでしょう。  ＜天気変化等の留意点＞ 　胆振東部では、９日は低気圧を含む気圧の谷が近づくため、曇りのち時々雨でしょう。８日１８時から９日１８時までの２４時間降水量は１０ミリの見込みです。
室蘭地方気象台,2022-07-09T04:37:00+09:00,胆振・日高地方,,　北海道付近は、９日は日本の東に中心を持つ高気圧が張り出しますが、暖かく湿った空気が流入するため大気の状態が不安定となるでしょう。１０日は、低気圧を含む気圧の谷の中となる見込みです。また、１０日にかけて気圧の傾きが急となるでしょう。  　胆振・日高地方の９日３時の天気は、曇りとなっています。  　９日は、暖かく湿った空気が流入するため、曇りで雨の降る所があるでしょう。  　１０日は、胆振地方は曇り一時雨、日高地方は曇り時々雨の見込みです。  　海の波の高さは、９日は、胆振地方は１．５メートルのち２メートルとやや高く、日高地方では２メートルのち３メートルと高くなるでしょう。１０日は、胆振地方は２メートルとやや高く、日高地方は４メートルとしけ、のち２メートルの見込みです。  ＜天気変化等の留意点＞ 　胆振東部では、９日は暖かく湿った空気が流入するため、曇りで雨の降る所があるでしょう。９日６時から１０日６時までの２４時間降水量は２０ミリの見込みです。
室蘭地方気象台,2022-07-09T10:37:00+09:00,胆振・日高地方,,　北海道付近は、９日は日本の東に中心を持つ高気圧が張り出しますが、暖かく湿った空気が流入するため大気の状態が不安定となるでしょう。１０日は、低気圧を含む気圧の谷の中となる見込みです。また、１０日にかけて気圧の傾きが急となるでしょう。  　胆振・日高地方の９日９時の天気は、おおむね曇りで雨の降っている所があります。  　９日は、暖かく湿った空気が流入するため、曇りで雨の降る所があるでしょう。  　１０日は、胆振地方は曇り一時雨、日高地方は曇り時々雨の見込みです。  　海の波の高さは、９日は、胆振地方は２メートルとやや高く、日高地方では２．５メートルのち３メートルと高くなるでしょう。１０日は、胆振地方は２メートルとやや高く、日高地方は４メートルとしけ、のち２メートルの見込みです。  ＜天気変化等の留意点＞ 　胆振東部では、９日は暖かく湿った空気が流入するため、曇りで雨の降る所があるでしょう。９日１２時から１０日１２時までの２４時間降水量は２０ミリの見込みです。
室蘭地方気象台,2022-07-09T16:34:00+09:00,胆振・日高地方,,　北海道付近は、１０日にかけて低気圧を含む気圧の谷の中となるでしょう。暖かく湿った空気が流入するため大気の状態が不安定で、気圧の傾きが大きい見込みです。  　胆振・日高地方の９日１５時の天気は、おおむね曇りとなっています。  　９日夜は、曇りで雨の降る所があるでしょう。  　１０日は、暖かく湿った空気が流入するため、胆振地方は曇り一時雨、日高地方は雨時々曇りの見込みです。  　海の波の高さは、９日夜は、胆振地方は２．５メートルとやや高く、日高地方は３メートルと高いでしょう。１０日は、胆振地方は２メートルとやや高く、日高地方は４メートルとしけ、のち２メートルの見込みです。  ＜天気変化等の留意点＞ 　胆振東部では、１０日は暖かく湿った空気が流入するため、曇り一時雨でしょう。９日１８時から１０日１８時までの２４時間降水量は３０ミリの見込みです。
室蘭地方気象台,2022-07-10T04:38:00+09:00,胆振・日高地方,,　北海道付近は、１０日から１１日にかけて低気圧を含む気圧の谷の中で、１０日は気圧の傾きが大きく、暖かく湿った空気が流入するため大気の状態が不安定でしょう。  　胆振・日高地方の１０日３時の天気は、曇りで雨の降っている所があります。  　１０日は、低気圧を含む気圧の谷の中で、胆振地方は曇り一時雨、日高地方は曇り時々雨でしょう。  　１１日は、曇りで雨の降る所がある見込みです。  　海の波の高さは、１０日は、胆振地方は２メートルのち１．５メートルとやや高く、日高地方は４メートルとしけ、のち２．５メートルでしょう。１１日は、１メートルから２メートルとやや高い見込みです。  ＜天気変化等の留意点＞ 　胆振東部では、１０日は低気圧を含む気圧の谷の中で、曇り一時雨でしょう。１０日６時から１１日６時までの２４時間降水量は２０ミリの見込みです。
室蘭地方気象台,2022-07-10T10:38:00+09:00,胆振・日高地方,,　北海道付近は、１０日から１１日にかけて低気圧を含む気圧の谷の中で、１０日は暖かく湿った空気が流入するため大気の状態が不安定でしょう。  　胆振・日高地方の１０日９時の天気は、晴れまたは曇りで雨の降っている所があります。  　１０日は、低気圧を含む気圧の谷の中となるため、胆振地方は晴れのち曇り所により雨、日高地方は曇り時々雨で、ともに雷を伴う所があるでしょう。  　１１日は、曇りで雨の降る所がある見込みです。  　海の波の高さは、１０日は、胆振地方では２メートルのち１．５メートルとやや高く、日高地方は４メートルとしけ、のち２．５メートルでしょう。１１日は、１メートルから２メートルとやや高い見込みです。  ＜天気変化等の留意点＞ 　胆振東部では、１０日は低気圧を含む気圧の谷の中となるため、晴れのち曇りで雷を伴い雨の降る所があるでしょう。１０日１２時から１１日１２時までの２４時間降水量は２０ミリの見込みです。
室蘭地方気象台,2022-07-10T16:37:00+09:00,胆振・日高地方,,　北海道付近は、１１日にかけて低気圧を含む気圧の谷の中で、暖かく湿った空気が流入するため大気の状態が不安定でしょう。  　胆振・日高地方の１０日１５時の天気は、曇りまたは晴れで雨の降っている所があります。  　１０日夜は、胆振地方は曇り所により雨、日高地方は曇り時々雨で、ともに雷を伴う所があるでしょう。  　１１日は、低気圧を含む気圧の谷の中となるため、曇りで雨の降る所がある見込みです。  　海の波の高さは、１０日夜は、胆振地方では２メートルとやや高く、日高地方では３メートルと高くのち２．５メートルでしょう。１１日は、１メートルから２メートルとやや高い見込みです。  ＜天気変化等の留意点＞ 　胆振東部では、１１日は低気圧を含む気圧の谷の中となるため、曇りで雨の降る所があるでしょう。１０日１８時から１１日１８時までの２４時間降水量は４０ミリの見込みです。
室蘭地方気象台,2022-07-11T04:36:00+09:00,胆振・日高地方,,　北海道付近は、１１日は低気圧を含む気圧の谷の中となり、１２日は日本海から気圧の谷がのびるでしょう。１２日にかけて暖かく湿った空気が流入するため大気の状態が不安定となる見込みです。  　胆振・日高地方の１１日３時の天気は、曇りまたは晴れで雨の降っている所があります。  　１１日は、低気圧を含む気圧の谷の中となるため、胆振地方は曇り時々晴れ、日高地方は曇りで、所により雷を伴って雨が降るでしょう。  　１２日は、曇りで、所により雷を伴って雨が降るでしょう。  　海の波の高さは、１１日から１２日にかけて１メートルから１．５メートルとやや高い見込みです。  ＜天気変化等の留意点＞ 　胆振東部では、１１日は低気圧を含む気圧の谷の中となるため、曇り時々晴れで、所により雷を伴って雨が降るでしょう。１１日６時から１２日６時までの２４時間降水量は３０ミリの見込みです。
室蘭地方気象台,2022-07-11T10:35:00+09:00,胆振・日高地方,,　北海道付近は、１２日にかけて気圧の谷の中となり、大気の状態が不安定となるでしょう。  　胆振・日高地方の１１日９時の天気は、曇りまたは晴れで雨の降っている所があります。  　１１日は、気圧の谷の中となるため、胆振地方は曇り時々晴れ、日高地方は曇りで、ともに所により雷を伴い雨が降るでしょう。  　１２日は、曇りで、所により雷を伴い雨が降る見込みです。  　海の波の高さは、１１日から１２日にかけて１メートルから１．５メートルとやや高いでしょう。  ＜天気変化等の留意点＞ 　胆振東部では、１１日は気圧の谷の中となるため、曇り時々晴れで、所により雷を伴い雨が降るでしょう。１１日１２時から１２日１２時までの２４時間降水量は３０ミリの見込みです。
室蘭地方気象台,2022-07-11T16:34:00+09:00,胆振・日高地方,,　北海道付近は、１２日にかけて気圧の谷の中で大気の状態が不安定となるでしょう。  　胆振・日高地方の１１日１５時の天気は、曇りで雨の降っている所があります。  　１１日夜は、曇りで所により雷を伴い雨が降るでしょう。  　１２日は、気圧の谷の中となるため、胆振地方は曇りのち一時雨、日高地方では、曇り所により雨で、ともに雷を伴う所がある見込みです。  　海の波の高さは、１１日夜から１２日にかけて１メートルから１．５メートルとやや高いでしょう。  ＜天気変化等の留意点＞ 　胆振東部では、１２日は気圧の谷の中となるため、曇りのち一時雨で、所により雷を伴うでしょう。１１日１８時から１２日１８時までの２４時間降水量は４０ミリの見込みです。
室蘭地方気象台,2022-07-12T04:40:00+09:00,胆振・日高地方,,　北海道付近は、１３日にかけて気圧の谷の中となり、暖かく湿った空気が流入するため、大気の状態が不安定となるでしょう。  　胆振・日高地方の１２日３時の天気は、曇りで雨の降っている所があります。  　１２日は、気圧の谷の中となるため、胆振地方は曇りのち雨、日高地方は曇り所により雨で、ともに雷を伴う所があるでしょう。  　１３日は、胆振地方は曇り一時雨、日高地方は曇り所により雨で、ともに雷を伴う所がある見込みです。  　海の波の高さは、１２日から１３日にかけて１．５メートルとやや高いでしょう。  ＜天気変化等の留意点＞ 　胆振東部では、１２日は気圧の谷の中となるため、曇りのち雨で雷を伴う所があるでしょう。１２日６時から１３日６時までの２４時間降水量は４０ミリの見込みです。
室蘭地方気象台,2022-07-12T10:38:00+09:00,胆振・日高地方,,　北海道付近は、１３日にかけて気圧の谷の中となり、暖かく湿った空気が流入するため、大気の状態が不安定となるでしょう。  　胆振・日高地方の１２日９時の天気は、おおむね曇りで雨の降っている所があります。  　１２日は、気圧の谷の中となるため、胆振地方は曇りのち雨、日高地方は曇り所により雨で、ともに雷を伴う所があるでしょう。  　１３日は、胆振地方は曇り一時雨、日高地方は曇り所により雨で、ともに雷を伴う所がある見込みです。  　海の波の高さは、１２日から１３日にかけて１．５メートルとやや高いでしょう。  ＜天気変化等の留意点＞ 　胆振東部では、１２日は気圧の谷の中となるため、曇りのち雨で雷を伴う所があるでしょう。１２日１２時から１３日１２時までの２４時間降水量は４０ミリの見込みです。
室蘭地方気象台,2022-07-12T16:39:00+09:00,胆振・日高地方,,　北海道付近は、１３日にかけて気圧の谷の中となり、暖かく湿った空気が流入するため、大気の状態が不安定となるでしょう。  　胆振・日高地方の１２日１５時の天気は、おおむね曇りで雨の降っている所があります。  　１２日夜は、胆振地方は曇りのち雨、日高地方は曇り所により雨で、ともに雷を伴う所があるでしょう。  　１３日は、気圧の谷の中となるため、胆振地方は曇り一時雨、日高地方は曇り所により雨で、ともに雷を伴う所がある見込みです。  　海の波の高さは、１２日夜から１３日にかけて１．５メートルとやや高いでしょう。  ＜天気変化等の留意点＞ 　胆振東部では、１３日は気圧の谷の中となるため、曇り一時雨で雷を伴う所があるでしょう。１２日１８時から１３日１８時までの２４時間降水量は４０ミリの見込みです。
室蘭地方気象台,2022-07-13T04:35:00+09:00,胆振・日高地方,,　北海道付近は、１３日は気圧の谷の中で、上空に寒気が流入するため大気の状態が不安定となるでしょう。１４日はオホーツク海から張り出す高気圧に緩やかに覆われる見込みです。  　胆振・日高地方の１３日３時の天気は、曇りまたは雨となっています。  　１３日は、気圧の谷の中となるため、胆振地方は雨のち曇り、日高地方は曇り所により雨で、ともに雷を伴う所があるでしょう。  　１４日は、曇りで雨の降る所がある見込みです。  　海の波の高さは、１３日から１４日にかけて１メートルから２メートルとやや高いでしょう。  ＜天気変化等の留意点＞ 　胆振東部では、１３日は気圧の谷の中となるため、雨のち曇りで雷を伴う所があるでしょう。１３日６時から１４日６時までの２４時間降水量は２０ミリの見込みです。
室蘭地方気象台,2022-07-13T10:37:00+09:00,胆振・日高地方,,　北海道付近は、１３日は気圧の谷の中で、上空に寒気が流入するため大気の状態が不安定でしょう。１４日はオホーツク海から張り出す高気圧に緩やかに覆われる見込みです。  　胆振・日高地方の１３日９時の天気は、曇りで雨の降っている所があります。  　１３日は、気圧の谷の中となるため、胆振地方は雨のち曇り、日高地方は曇り所により雨で、ともに雷を伴う所があるでしょう。  　１４日は、曇りで雨の降る所がある見込みです。  　海の波の高さは、１３日から１４日にかけて１メートルから２メートルとやや高いでしょう。  ＜天気変化等の留意点＞ 　胆振東部では、１３日は気圧の谷の中となるため、雨のち曇りで雷を伴う所があるでしょう。１３日１２時から１４日１２時までの２４時間降水量は２０ミリの見込みです。
室蘭地方気象台,2022-07-13T16:37:00+09:00,胆振・日高地方,,　北海道付近は、１３日夜は気圧の谷の中で、上空に寒気が流入するため大気の状態が不安定でしょう。１４日はオホーツク海から張り出す高気圧に緩やかに覆われる見込みです。  　胆振・日高地方の１３日１５時の天気は、曇りで雨の降っている所があります。  　１３日夜は、曇りで、雷を伴い雨の降る所があるでしょう。  　１４日は、高気圧に覆われますが、湿った空気の流入により、曇りの見込みです。  　海の波の高さは、１３日夜から１４日にかけて１メートルから２メートルとやや高いでしょう。  ＜天気変化等の留意点＞ 　胆振東部では、１４日は高気圧に覆われますが、湿った空気の流入により曇りでしょう。１３日１８時から１４日１８時までの２４時間降水量は２０ミリの見込みです。
室蘭地方気象台,2022-07-14T04:36:00+09:00,胆振・日高地方,,　北海道付近は、１４日はオホーツク海から張り出す高気圧に覆われるでしょう。１５日は次第に日本海の低気圧を含む気圧の谷の中となり、気圧の傾きが急となる見込みです。  　胆振・日高地方の１４日３時の天気は、曇りとなっています。  　１４日は、オホーツク海から張り出す高気圧に覆われるため、胆振地方は曇り、日高地方は曇り時々晴れでしょう。  　１５日は、曇りのち雨の見込みです。  　海の波の高さは、１４日は１メートルから１．５メートルとやや高いでしょう。１５日２メートルのち３メートルと高くなる見込みです。  ＜天気変化等の留意点＞ 　胆振東部では、１４日はオホーツク海から張り出す高気圧に覆われるため、曇りでしょう。
室蘭地方気象台,2022-07-14T10:36:00+09:00,胆振・日高地方,,　北海道付近は、１４日はオホーツク海から張り出す高気圧に覆われるでしょう。１５日は次第に日本海の低気圧を含む気圧の谷の中となり、気圧の傾きが急となる見込みです。  　胆振・日高地方の１４日９時の天気は、おおむね曇りとなっています。  　１４日は、オホーツク海から張り出す高気圧に覆われるため、曇りでしょう。  　１５日は、曇りのち雨の見込みです。  　海の波の高さは、１４日は１．５メートルとやや高いでしょう。１５日２メートルのち３メートルと高くなる見込みです。  ＜天気変化等の留意点＞ 　胆振東部では、１４日はオホーツク海から張り出す高気圧に覆われるため、曇りでしょう。
室蘭地方気象台,2022-07-14T16:34:00+09:00,胆振・日高地方,,　北海道付近は、１４日夜はオホーツク海から高気圧が張り出すでしょう。１５日は次第に日本海の低気圧を含む気圧の谷の中となり、気圧の傾きが急となる見込みです。また、１５日にかけて暖かく湿った空気が流入するため大気の状態が不安定でしょう。  　胆振・日高地方の１４日１５時の天気は、おおむね曇りとなっています。  　１４日夜は、曇りですが、日高東部では夜遅くに雨が降るでしょう。  　１５日は、暖かく湿った空気が流入するため、胆振地方は曇りのち一時雨、日高地方は曇り所により雨の見込みです。  　海の波の高さは、１４日夜は１．５メートルとやや高いでしょう。１５日は２メートルのち３メートルと高くなる見込みです。  ＜天気変化等の留意点＞ 　胆振東部では、暖かく湿った空気が流入するため、曇りのち一時雨でしょう。１４日１８時から１５日１８時までの２４時間降水量は５ミリの見込みです。
室蘭地方気象台,2022-07-15T04:44:00+09:00,胆振・日高地方,,　北海道付近は、１５日はオホーツク海から高気圧が張り出していますが、午後には日本海の低気圧を含む気圧の谷の中となるでしょう。１６日は気圧の谷の中となる見込みです。このため、気圧の傾きが大きく、大気の状態が不安定となるでしょう。  　胆振・日高地方の１５日３時の天気は、曇りまたは晴れで雨の降っている所があります。  　１５日は、低気圧を含む気圧の谷の中となるため、胆振地方は曇りのち雨、日高地方は曇り所により雨でしょう。  　１６日は、胆振地方は曇り時々雨、日高地方は曇りのち一時雨の見込みです。  　海の波の高さは、１５日は２メートルのち３メートルと高くなるでしょう。１６日は３メートルと高い見込みです。  ＜天気変化等の留意点＞ 　胆振東部では、１５日は低気圧を含む気圧の谷の中となるため、曇りのち雨でしょう。１５日６時から１６日６時までの２４時間降水量は５ミリの見込みです。
室蘭地方気象台,2022-07-15T10:38:00+09:00,胆振・日高地方,,　北海道付近は、１５日は、はじめオホーツク海から高気圧が張り出しますが、１６日にかけて次第に日本海の低気圧を含む気圧の谷の中となるでしょう。このため、気圧の傾きが大きく、大気の状態が不安定となる見込みです。  　胆振・日高地方の１５日９時の天気は、おおむね曇りで雨の降っている所があります。  　１５日は、低気圧を含む気圧の谷の中となるため、胆振地方は曇りのち雨、日高地方は曇り所により雨でしょう。  　１６日は、胆振地方は曇り時々雨、日高地方は曇りのち一時雨の見込みです。  　海の波の高さは、１５日は２．５メートルのち３メートルと高くなるでしょう。１６日は３メートルと高い見込みです。  ＜天気変化等の留意点＞ 　胆振東部では、１５日は低気圧を含む気圧の谷の中となるため、曇りのち雨でしょう。１５日１２時から１６日１２時までの２４時間降水量は１０ミリの見込みです。
室蘭地方気象台,2022-07-15T16:38:00+09:00,胆振・日高地方,,　北海道付近は、１６日にかけて低気圧を含む気圧の谷の中となり、気圧の傾きが大きく、暖かく湿った空気が流入するため、大気の状態が不安定となる見込みです。  　胆振・日高地方の１５日１５時の天気は、おおむね曇りで雨の降っている所があります。  　１５日夜は、胆振地方は曇り時々雨、日高地方は曇りで雨の降る所があるでしょう。  　１６日は、低気圧を含む気圧の谷の中となるため、胆振地方は曇り時々雨、日高地方は曇りのち雨の見込みです。  　海の波の高さは、１５日夜から１６日にかけて３メートルと高いでしょう。  ＜天気変化等の留意点＞ 　胆振東部では、１６日は低気圧を含む気圧の谷の中となるため、曇り時々雨でしょう。１５日１８時から１６日１８時までの２４時間降水量は２０ミリの見込みです。
室蘭地方気象台,2022-07-16T04:41:00+09:00,胆振・日高地方,,　北海道付近は、１７日にかけて低気圧を含む気圧の谷の中となり、気圧の傾きが大きいでしょう。また、暖かく湿った空気が流入するため、大気の状態が不安定となる見込みです。  　胆振・日高地方の１６日３時の天気は、曇りまたは雨となっています。  　１６日は、低気圧を含む気圧の谷の中となるため、胆振地方は雨時々曇り、日高地方は曇りのち雨でしょう。ともに、夜遅くには雷を伴い激しく降る所がある見込みです。  　１７日は、雨で、雷を伴い激しく降る所があるでしょう。  　海の波の高さは、１６日から１７日にかけて３メートルと高いでしょう。  ＜天気変化等の留意点＞ 　胆振東部では、１６日は低気圧を含む気圧の谷の中となるため、雨時々曇りで、夜遅くには雷を伴って激しく降る所があるでしょう。１６日６時から１７日６時までの２４時間降水量は８０ミリの見込みです。
室蘭地方気象台,2022-07-16T10:35:00+09:00,胆振・日高地方,,　北海道付近は、１６日は気圧の谷の中で、１７日は夜にかけて低気圧や前線が近づくでしょう。また、１７日にかけて気圧の傾きが大きく、暖かく湿った空気が流入するため大気の状態が不安定となる見込みです。  　胆振・日高地方の１６日９時の天気は、雨または曇りとなっています。  　１６日は、低気圧を含む気圧の谷の中となるため、雨時々曇りで雷を伴い激しく降る所がある見込みです。  　１７日は、雨で雷を伴い激しく降る所があるでしょう。  　海の波の高さは、１６日から１７日にかけて３メートルと高いでしょう。  ＜天気変化等の留意点＞ 　胆振東部では、１６日は低気圧を含む気圧の谷の中となるため、雨時々曇りで雷を伴い激しく降る所があるでしょう。１６日１２時から１７日１２時までの２４時間降水量は１００ミリの見込みです。
室蘭地方気象台,2022-07-16T16:34:00+09:00,胆振・日高地方,,　北海道付近は、１７日にかけて気圧の谷の中で、１７日夜は低気圧や前線が近づくでしょう。また、１７日にかけて気圧の傾きが大きく、暖かく湿った空気が流入するため大気の状態が不安定となる見込みです。  　胆振・日高地方の１６日１５時の天気は、曇りまたは雨となっています。  　１６日夜は、曇り時々雨で雷を伴い激しく降る所があるでしょう。  　１７日は、低気圧を含む気圧の谷の中となるため、雨で雷を伴い激しく降る所がある見込みです。  　海の波の高さは、１６日夜から１７日にかけて３メートルと高いでしょう。  ＜天気変化等の留意点＞ 　胆振東部では、１７日は低気圧を含む気圧の谷の中となるため、雨で雷を伴い激しく降る所があるでしょう。１６日１８時から１７日１８時までの２４時間降水量は８０ミリの見込みです。
室蘭地方気象台,2022-07-17T04:38:00+09:00,胆振・日高地方,,　北海道付近は、１８日にかけて前線を伴った低気圧が通過し、暖かく湿った空気が流入するため、大気の状態が不安定となるでしょう。また、１７日は気圧の傾きが大きい見込みです。  　胆振・日高地方の１７日３時の天気は、曇りで雨の降っている所があります。  　１７日は、低気圧が通過するため、胆振地方は曇り時々雨、日高地方は雨時々曇りで、ともに雷を伴い激しく降る所があるでしょう。  　１８日は、曇りで雷を伴い雨の降る所がある見込みです。  　海の波の高さは、１７日は、胆振地方では３メートルと高くのち２メートル、日高地方では３メートルと高いでしょう。１８日は、１メートルから２．５メートルとやや高いでしょう。  ＜天気変化等の留意点＞ 　胆振東部では、１７日は低気圧が通過するため、曇り時々雨で雷を伴い激しく降る所があるでしょう。１７日６時から１８日６時までの２４時間降水量は８０ミリの見込みです。
室蘭地方気象台,2022-07-17T10:39:00+09:00,胆振・日高地方,,　北海道付近は、１８日にかけて前線を伴った低気圧が通過し、暖かく湿った空気が流入するため、大気の状態が不安定となるでしょう。また、１７日は気圧の傾きが大きい見込みです。  　胆振・日高地方の１７日９時の天気は、曇りで雨の降っている所があります。  　１７日は、低気圧が通過するため、胆振地方は曇り時々雨、日高地方は雨時々曇りで、ともに雷を伴い激しく降る所があるでしょう。  　１８日は、曇りで雷を伴い雨の降る所がある見込みです。  　海の波の高さは、１７日は、胆振地方は２．５メートルのち２メートルとやや高く、日高地方は３メートルと高いでしょう。１８日は、１メートルから２．５メートルとやや高いでしょう。  ＜天気変化等の留意点＞ 　胆振東部では、１７日は低気圧が通過するため、曇り時々雨で雷を伴い激しく降る所があるでしょう。１７日１２時から１８日１２時までの２４時間降水量は７０ミリの見込みです。
室蘭地方気象台,2022-07-17T16:37:00+09:00,胆振・日高地方,,　北海道付近は、１８日にかけて前線を伴った低気圧が通過し、暖かく湿った空気が流入するため、大気の状態が不安定となるでしょう。また、１７日は気圧の傾きが大きい見込みです。  　胆振・日高地方の１７日１５時の天気は、雨となっています。  　１７日夜は、雨でしょう。  　１８日は、低気圧が通過するため、曇りで雷を伴い雨の降る所がある見込みです。  　海の波の高さは、１７日夜から１８日にかけて、１メートルから２メートルとやや高いでしょう。  ＜天気変化等の留意点＞ 　胆振東部では、１８日は低気圧が通過するため、曇りで雷を伴い雨の降る所があるでしょう。１７日１８時から１８日１８時までの２４時間降水量は３０ミリの見込みです。
室蘭地方気象台,2022-07-18T04:34:00+09:00,胆振・日高地方,,　北海道付近は、１９日にかけて低気圧を含む気圧の谷の中となるでしょう。また、暖かく湿った空気が流入するため、大気の状態が不安定となる見込みです。  　胆振・日高地方の１８日３時の天気は、曇りで雨の降っている所があります。  　１８日は、気圧の谷の中となるため、曇りで雷を伴い雨の降る所があるでしょう。  　１９日は、曇りのち一時雨の見込みです。  　海の波の高さは、１８日から１９日にかけて、１メートルから１．５メートルとやや高いでしょう。  ＜天気変化等の留意点＞ 　胆振東部では、１８日は気圧の谷の中となるため、曇りで雷を伴い雨の降る所があるでしょう。１８日６時から１９日６時までの２４時間降水量は２０ミリの見込みです。
室蘭地方気象台,2022-07-18T10:37:00+09:00,胆振・日高地方,,　北海道付近は、１９日にかけて低気圧を含む気圧の谷の中となるでしょう。また、暖かく湿った空気が流入するため、大気の状態が不安定となる見込みです。  　胆振・日高地方の１８日９時の天気は、晴れまたは曇りとなっています。  　１８日は、気圧の谷の中となるため、曇り時々晴れで雷を伴い雨の降る所があるでしょう。  　１９日は、曇りのち一時雨の見込みです。  　海の波の高さは、１８日から１９日にかけて、１メートルから１．５メートルとやや高いでしょう。  ＜天気変化等の留意点＞ 　胆振東部では、１８日は気圧の谷の中となるため、曇り時々晴れで雷を伴い雨の降る所があるでしょう。１８日１２時から１９日１２時までの２４時間降水量は３０ミリの見込みです。
室蘭地方気象台,2022-07-18T16:37:00+09:00,胆振・日高地方,,　北海道付近は、１９日にかけて低気圧を含む気圧の谷の中となるでしょう。暖かく湿った空気が流入するため、大気の状態が不安定となる見込みです。  　胆振・日高地方の１８日１５時の天気は、晴れまたは曇りとなっています。  　１８日夜は、曇り時々晴れで雷を伴い雨の降る所があるでしょう。  　１９日は、気圧の谷の中となるため、胆振地方は曇りのち一時雨、日高地方は曇り所により雨で、ともに雷を伴う所がある見込みです。  　海の波の高さは、１８日夜から１９日にかけて、１メートルから１．５メートルとやや高いでしょう。  ＜天気変化等の留意点＞ 　胆振東部では、１９日は気圧の谷の中となるため、曇りのち一時雨で雷を伴う所があるでしょう。１８日１８時から１９日１８時までの２４時間降水量は２０ミリの見込みです。
室蘭地方気象台,2022-07-19T04:38:00+09:00,胆振・日高地方,,　北海道付近は、１９日は気圧の谷の中で、夜には日本海から低気圧が近づくでしょう。２０日は三陸沖を東進する低気圧を含む気圧の谷の中となる見込みです。また、２０日にかけて暖かく湿った空気が流入するため、大気の状態が不安定となるでしょう。  　胆振・日高地方の１９日３時の天気は、曇りで雨の所があります。  　１９日は、低気圧が近づくため、曇りのち雨で雷を伴う所があるでしょう。  　２０日は、雨のち曇りで、雷を伴い激しく降る所がある見込みです。  　海の波の高さは、１９日から２０日にかけて、１メートルから２メートルとやや高いでしょう。  ＜天気変化等の留意点＞ 　胆振東部では、１９日は低気圧が近づくため、曇りのち雨で雷を伴う所があるでしょう。１９日６時から２０日６時までの２４時間降水量は４０ミリの見込みです。
室蘭地方気象台,2022-07-19T10:34:00+09:00,胆振・日高地方,,　北海道付近は、１９日は気圧の谷の中で、夜には日本海から低気圧が近づくでしょう。２０日は三陸沖を東進する低気圧を含む気圧の谷の中となる見込みです。また、２０日にかけて暖かく湿った空気が流入するため、大気の状態が不安定となるでしょう。  　胆振・日高地方の１９日９時の天気は、曇りまたは晴れとなっています。  　１９日は、低気圧が近づくため、曇りのち雨で雷を伴う所があるでしょう。  　２０日は、雨のち曇りで、雷を伴い激しく降る所がある見込みです。  　海の波の高さは、１９日から２０日にかけて、１メートルから２メートルとやや高いでしょう。  ＜天気変化等の留意点＞ 　胆振東部では、１９日は低気圧が近づくため、曇りのち雨で雷を伴う所があるでしょう。１９日１２時から２０日１２時までの２４時間降水量は８０ミリの見込みです。
室蘭地方気象台,2022-07-19T16:35:00+09:00,胆振・日高地方,,　北海道付近は、２０日にかけて低気圧を含む気圧の谷の中で、暖かく湿った空気が流入するため、大気の状態が不安定でしょう。  　胆振・日高地方の１９日１５時の天気は、曇りまたは晴れとなっています。  　１９日夜は、曇りのち雨で、夜遅くには雷を伴い激しく降る所があるでしょう。  　２０日は、低気圧を含む気圧の谷の中となるため、胆振地方は雨のち曇り、日高地方は曇り時々雨で、明け方まで雷を伴い激しく降る所がある見込みです。  　海の波の高さは、１９日夜から２０日にかけて、１メートルから２．５メートルとやや高いでしょう。  ＜天気変化等の留意点＞ 　胆振東部では、２０日は低気圧を含む気圧の谷の中となるため、雨のち曇りで、未明は雷を伴い激しく降る所があるでしょう。１９日１８時から２０日１８時までの２４時間降水量は８０ミリの見込みです。
室蘭地方気象台,2022-07-20T04:46:00+09:00,胆振・日高地方,,　北海道付近は、２０日は低気圧を含む気圧の谷の中で、暖かく湿った空気が流入し大気の状態が不安定でしょう。２１日は気圧の谷の中ですが、次第に高気圧の張り出しの中となる見込みです。  　胆振・日高地方の２０日３時の天気は、雨となっています。  　２０日は、低気圧を含む気圧の谷の中で、雨のち曇り、所により雷を伴い激しく降るでしょう。  　２１日は、胆振地方は晴れ時々曇り、日高地方は曇り時々晴れ所により雨の見込みです。  　海の波の高さは、２０日から２１日にかけて、１メートルから２．５メートルとやや高いでしょう。  ＜天気変化等の留意点＞ 　胆振東部では、２０日は低気圧を含む気圧の谷の中で、雨のち曇り、所により雷を伴い激しく降るでしょう。２０日６時から２１日６時までの２４時間降水量は５０ミリの見込みです。
室蘭地方気象台,2022-07-20T10:39:00+09:00,胆振・日高地方,,　北海道付近は、２０日は低気圧を含む気圧の谷の中で、暖かく湿った空気が流入し大気の状態が不安定でしょう。２１日は気圧の谷の中ですが、次第に高気圧の張り出しの中となる見込みです。  　胆振・日高地方の２０日９時の天気は、おおむね雨となっています。  　２０日は、低気圧を含む気圧の谷の中で、胆振地方は曇りで雷を伴い雨の降る所があり、日高地方は雨のち曇りで雷を伴う所があるでしょう。  　２１日は、胆振地方は晴れ時々曇り、日高地方は曇り時々晴れ所により雨の見込みです。  　海の波の高さは、２０日から２１日にかけて、１メートルから２メートルとやや高いでしょう。  ＜天気変化等の留意点＞ 　胆振東部では、２０日は低気圧を含む気圧の谷の中で、曇りで雷を伴い雨の降る所があるでしょう。２０日１２時から２１日１２時までの２４時間降水量は４０ミリの見込みです。
室蘭地方気象台,2022-07-20T16:39:00+09:00,胆振・日高地方,,　北海道付近は、２０日夜にかけて低気圧を含む気圧の谷の中で、暖かく湿った空気が流入し大気の状態が不安定でしょう。２１日も気圧の谷の中ですが、次第に高気圧の張り出しの中となる見込みです。  　胆振・日高地方の２０日１５時の天気は、雨または曇りとなっています。  　２０日夜は、雨のち曇りで所により雷を伴い激しく降る所があるでしょう。  　２１日は、気圧の谷の中で、曇りで所により雨の見込みです。  　海の波の高さは、２０日夜から２１日にかけて、１メートルから１．５メートルとやや高いでしょう。  ＜天気変化等の留意点＞ 　胆振東部では、２１日は気圧の谷の中で、曇りで所により雨でしょう。２０日１８時から２１日１８時までの２４時間降水量は３０ミリの見込みです。
室蘭地方気象台,2022-07-21T04:36:00+09:00,胆振・日高地方,,　北海道付近は、２１日は気圧の谷の中でしょう。２２日は前線を伴った低気圧が日本海から近づく見込みです。  　胆振・日高地方の２１日３時の天気は、おおむね曇りとなっています。  　２１日は、気圧の谷の中のため、曇り時々晴れで、所によって雨が降るでしょう。  　２２日は、胆振地方は曇り所により夜遅く雨、日高地方は曇り夜遅く雨の見込みです。  　海の波の高さは、２１日から２２日かけて、１メートルから１．５メートルとやや高いでしょう。  ＜天気変化等の留意点＞ 　胆振東部では、２１日は気圧の谷の中のため、曇り時々晴れで、所によって昼前から夕方まで雨が降るでしょう。２１日６時から２２日６時までの２４時間降水量は１０ミリの見込みです。
室蘭地方気象台,2022-07-21T10:34:00+09:00,胆振・日高地方,,　北海道付近は、２１日は気圧の谷の中でしょう。２２日は前線を伴った低気圧が日本海から近づく見込みです。  　胆振・日高地方の２１日９時の天気は、曇りまたは晴れで霧の所があります。  　２１日は、気圧の谷の中のため、曇り時々晴れで、所により雨が降るでしょう。  　２２日は、胆振地方は曇り所により夜遅く雨、日高地方は曇り夜遅く雨の見込みです。  　海の波の高さは、２１日から２２日かけて、１メートルから１．５メートルとやや高いでしょう。  ＜天気変化等の留意点＞ 　胆振東部では、２１日は気圧の谷の中のため、曇り時々晴れで、所により夕方まで雨が降るでしょう。２１日１２時から２２日１２時までの２４時間降水量は１０ミリの見込みです。
室蘭地方気象台,2022-07-21T16:34:00+09:00,胆振・日高地方,,　北海道付近は、日本の東の高気圧の圏内ですが、２２日は前線を伴った低気圧が日本海から近づくでしょう。  　胆振・日高地方の２１日１５時の天気は、晴れまたは曇りとなっています。  　２１日夜は、晴れのち曇りで、日高地方では雨の降る所があるでしょう。  　２２日は、気圧の谷の中のため、曇りのち雨の見込みです。  　海の波の高さは、２１日夜から２２日かけて、１メートルから１．５メートルとやや高いでしょう。  ＜天気変化等の留意点＞ 　胆振東部では、２２日は気圧の谷の中のため、曇りのち雨でしょう。２１日１８時から２２日１８時までの２４時間降水量は２０ミリの見込みです。
室蘭地方気象台,2022-07-22T04:37:00+09:00,胆振・日高地方,,　北海道付近は、日本海にある前線を伴った低気圧が、２２日夜にかけて近づき、２３日夜には北海道の南海上に進む見込みです。低気圧や前線に向かって暖かく湿った空気が流入するため、大気の状態が不安定となるでしょう。  　胆振・日高地方の２２日３時の天気は、曇りとなっています。  　２２日は、低気圧が近づくため、曇りのち雨でしょう。  　２３日は、雨で雷を伴い激しく降る所がある見込みです。  　海の波の高さは、２２日から２３日かけて、１メートルから２．５メートルとやや高いでしょう。  ＜天気変化等の留意点＞ 　胆振東部では、２２日は低気圧が近づくため、曇りのち雨でしょう。２２日６時から２３日６時までの２４時間降水量は６０ミリの見込みです。
室蘭地方気象台,2022-07-22T10:38:00+09:00,胆振・日高地方,,　北海道付近は、日本海にある前線を伴った低気圧が、２２日夜にかけて近づき、２３日夜には北海道の南海上に進む見込みです。低気圧や前線に向かって暖かく湿った空気が流入するため、大気の状態が不安定となるでしょう。  　胆振・日高地方の２２日９時の天気は、曇りとなっています。  　２２日は、低気圧が近づくため、曇りのち雨でしょう。  　２３日は、雨で雷を伴い激しく降る所がある見込みです。  　海の波の高さは、２２日から２３日にかけて、１メートルから２．５メートルとやや高いでしょう。  ＜天気変化等の留意点＞ 　胆振東部では、２２日は低気圧が近づくため、曇りのち雨でしょう。２２日１２時から２３日１２時までの２４時間降水量は５０ミリの見込みです。
室蘭地方気象台,2022-07-22T16:40:00+09:00,胆振・日高地方,,　北海道付近は、２２日は低気圧を含む気圧の谷の中でしょう。２３日は低気圧が前線を伴って北海道の南海上へ進む見込みです。低気圧や前線に向かって暖かく湿った空気が流入するため、２３日にかけて大気の状態が不安定となるでしょう。  　胆振・日高地方の２２日１５時の天気は、曇りで雨の降っている所があります。  　２２日夜は、雨でしょう。  　２３日は、低気圧が近づくため、雨時々曇りで、雷を伴い激しく降る所がある見込みです。  　海の波の高さは、２２日夜は１．５メートルのち２メートルとやや高いでしょう。２３日は、胆振地方は２．５メートルのち１．５メートルとやや高い見込みです。日高地方は３メートルと高く、のち２メートルでしょう。  ＜天気変化等の留意点＞ 　胆振東部では、２３日は低気圧が近づくため、雨時々曇りで、雷を伴う所があるでしょう。２２日１８時から２３日１８時までの２４時間降水量は６０ミリの見込みです。
室蘭地方気象台,2022-07-23T04:43:00+09:00,胆振・日高地方,,　北海道付近は、２４日にかけて低気圧や前線を含む気圧の谷の中となり、気圧の傾きが大きく、暖かく湿った空気が流入するため大気の状態が不安定となるでしょう。２４日は夜にかけて次第に高気圧に覆われてくる見込みです。  　胆振・日高地方の２３日３時の天気は、雨となっています。  　２３日は、低気圧や前線を含む気圧の谷の中となるため、胆振地方では雨のち曇り、日高地方では雨時々曇りで、ともに雷を伴い激しく降る所があるでしょう。  　２４日は、曇りのち時々晴れの見込みです。  　海の波の高さは、２３日は胆振地方では２メートルとやや高くのち１メートル、日高地方では３メートルと高くのち２メートルとなるでしょう。２４日は胆振地方では１メートル、日高地方では１．５メートルとやや高い見込みです。  ＜天気変化等の留意点＞ 　胆振東部では、２３日は低気圧や前線を含む気圧の谷の中となるため、雨のち曇りで雷を伴う所があるでしょう。２３日６時から２４日６時までの２４時間降水量は４０ミリの見込みです。
室蘭地方気象台,2022-07-23T10:39:00+09:00,胆振・日高地方,,　北海道付近は、２４日にかけて低気圧や前線を含む気圧の谷の中となり、気圧の傾きが大きく、暖かく湿った空気が流入するため大気の状態が不安定となるでしょう。２４日は夜にかけて次第に高気圧に覆われてくる見込みです。  　胆振・日高地方の２３日９時の天気は、曇りで雨の降っている所があります。  　２３日は、低気圧や前線を含む気圧の谷の中となるため、曇り一時雨で雷を伴う所があるでしょう。  　２４日は、曇りのち時々晴れの見込みです。  　海の波の高さは、２３日は、胆振地方では１．５メートルとやや高く、日高地方では３メートルと高くのち２メートルでしょう。２４日は、１メートルから１．５メートルとやや高い見込みです。  ＜天気変化等の留意点＞ 　胆振東部では、２３日は低気圧や前線を含む気圧の谷の中となるため、曇り一時雨で雷を伴う所があるでしょう。２３日１２時から２４日１２時までの２４時間降水量は１５ミリの見込みです。
室蘭地方気象台,2022-07-23T16:38:00+09:00,胆振・日高地方,,　北海道付近は、２４日にかけて低気圧や前線を含む気圧の谷の中となり、暖かく湿った空気が流入するため大気の状態が不安定となるでしょう。２４日は夜にかけて次第に高気圧に覆われてくる見込みです。  　胆振・日高地方の２３日１５時の天気は、曇りまたは晴れで雨の降っている所があります。  　２３日夜は、曇りで雨の降る所があるでしょう。  　２４日は、次第に高気圧に覆われるため、曇りのち時々晴れの見込みです。  　海の波の高さは、２３日夜から２４日にかけて、１メートルから２．５メートルとやや高いでしょう。  ＜天気変化等の留意点＞ 　胆振東部では、２４日は次第に高気圧に覆われるため、曇りのち時々晴れでしょう。２３日１８時から２４日１８時までの２４時間降水量は５ミリの見込みです。
室蘭地方気象台,2022-07-24T04:36:00+09:00,胆振・日高地方,,　北海道付近は、２４日は気圧の谷の中ですが、夜には高気圧に覆われてくるでしょう。２５日は高気圧に覆われる見込みです。  　胆振・日高地方の２４日３時の天気は、曇りで雨の降っている所があります。  　２４日は、次第に高気圧に覆われるため、曇りのち晴れでしょう。  　２５日は、晴れ時々曇りの見込みです。  　海の波の高さは、２４日から２５日にかけて、１メートルから１．５メートルとやや高いでしょう。  ＜天気変化等の留意点＞ 　胆振東部では、２４日は次第に高気圧に覆われるため、曇りのち晴れでしょう。
室蘭地方気象台,2022-07-24T10:36:00+09:00,胆振・日高地方,,　北海道付近は、２４日は気圧の谷の中ですが、夜には高気圧に覆われてくるでしょう。２５日は高気圧に覆われる見込みです。  　胆振・日高地方の２４日９時の天気は、おおむね曇りとなっています。  　２４日は、次第に高気圧に覆われるため、曇り時々晴れでしょう。  　２５日は、晴れ時々曇りの見込みです。  　海の波の高さは、２４日から２５日にかけて、１メートルから１．５メートルとやや高いでしょう。  ＜天気変化等の留意点＞ 　胆振東部では、２４日は次第に高気圧に覆われるため、曇り時々晴れでしょう。
室蘭地方気象台,2022-07-24T16:34:00+09:00,胆振・日高地方,,　北海道付近は、２５日にかけて高気圧に覆われますが、２５日夜には日本海から低気圧が近づく見込みです。  　胆振・日高地方の２４日１５時の天気は、おおむね曇りとなっています。  　２４日夜は、曇りでしょう。  　２５日は、高気圧に覆われるため、晴れ時々曇りの見込みです。  　海の波の高さは、２４日夜から２５日にかけて、１メートルから１．５メートルとやや高いでしょう。  ＜天気変化等の留意点＞ 　胆振東部では、２５日は高気圧に覆われるため、晴れ時々曇りでしょう。
室蘭地方気象台,2022-07-25T04:46:00+09:00,胆振・日高地方,,　北海道付近は、２５日は高気圧に覆われるでしょう。２６日は低気圧を含む気圧の谷の中となり、大気の状態が不安定となる見込みです。  　胆振・日高地方の２５日３時の天気は、晴れまたは曇りとなっています。  　２５日は、高気圧に覆われるため、胆振地方では曇り時々晴れ、日高地方では晴れでしょう。  　２６日は、胆振地方では曇り一時雨、日高地方では曇り所により雨の見込みです。  　海の波の高さは、２５日から２６日にかけて、１メートルでしょう。  ＜天気変化等の留意点＞ 　胆振東部では、２５日は高気圧に覆われるため、曇り時々晴れでしょう。２５日６時から２６日６時までの２４時間降水量は５ミリの見込みです。
室蘭地方気象台,2022-07-25T10:37:00+09:00,胆振・日高地方,,　北海道付近は、２５日は高気圧に覆われるでしょう。２６日は低気圧を含む気圧の谷の中となり、大気の状態が不安定となる見込みです。  　胆振・日高地方の２５日９時の天気は、晴れまたは曇りとなっています。  　２５日は、高気圧に覆われるため、胆振地方では曇り時々晴れ、日高地方では晴れでしょう。  　２６日は、胆振地方では曇り一時雨、日高地方では曇り所により雨の見込みです。  　海の波の高さは、２５日から２６日にかけて、１メートルでしょう。  ＜天気変化等の留意点＞ 　胆振東部では、２５日は高気圧に覆われるため、曇り時々晴れでしょう。２５日１２時から２６日１２時までの２４時間降水量は５ミリの見込みです。
室蘭地方気象台,2022-07-25T16:36:00+09:00,胆振・日高地方,,　北海道付近は、２５日夜は高気圧に覆われるでしょう。２６日は低気圧を含む気圧の谷の中となり、大気の状態が不安定となる見込みです。  　胆振・日高地方の２５日１５時の天気は、晴れとなっています。  　２５日夜は、晴れのち曇りでしょう。  　２６日は、気圧の谷の中となるため、曇りで雨の降る所がある見込みです。  　海の波の高さは、２５日夜から２６日にかけて、１メートルでしょう。  ＜天気変化等の留意点＞ 　胆振東部では、２６日は気圧の谷の中となるため、曇りで雨の降る所があるでしょう。２５日１８時から２６日１８時までの２４時間降水量は５ミリの見込みです。
室蘭地方気象台,2022-07-26T04:39:00+09:00,胆振・日高地方,,　北海道付近は、２７日にかけて、低気圧を含む気圧の谷の中で、大気の状態が不安定となるでしょう。  　胆振・日高地方の２６日３時の天気は、曇りまたは晴れとなっています。  　２６日は、気圧の谷の中となるため、曇り時々晴れでしょう。  　２７日は、曇り時々晴れの見込みです。  　海の波の高さは、２６日から２７日にかけて、１メートルでしょう。  ＜天気変化等の留意点＞ 　胆振東部では、２６日は気圧の谷の中となるため、曇りでしょう。２６日６時から２７日６時までの２４時間降水量は３ミリの見込みです。
室蘭地方気象台,2022-07-26T10:34:00+09:00,胆振・日高地方,,　北海道付近は、２７日にかけて、低気圧を含む気圧の谷の中で、大気の状態が不安定となるでしょう。  　胆振・日高地方の２６日９時の天気は、晴れまたは曇りとなっています。  　２６日は、低気圧を含む気圧の谷の中となるため、曇り時々晴れでしょう。  　２７日は、胆振地方は曇り時々晴れ、日高地方では晴れ時々曇りの見込みです。  　海の波の高さは、２６日から２７日にかけて、１メートルでしょう。  ＜天気変化等の留意点＞ 　胆振東部では、２６日は低気圧を含む気圧の谷の中となるため、曇り時々晴れでしょう。２６日１２時から２７日１２時までの２４時間降水量は３ミリの見込みです。
室蘭地方気象台,2022-07-26T16:34:00+09:00,胆振・日高地方,,　北海道付近は、２７日にかけて、低気圧を含む気圧の谷の中で、大気の状態が不安定となるでしょう。  　胆振・日高地方の２６日１５時の天気は、曇りまたは晴れとなっています。  　２６日夜は、曇り時々晴れでしょう。  　２７日は、低気圧を含む気圧の谷の中となるため、曇り時々晴れで、雷を伴い雨の降る所がある見込みです。  　海の波の高さは、２６日夜から２７日にかけて、１メートルでしょう。  ＜天気変化等の留意点＞ 　胆振東部では、２７日は低気圧を含む気圧の谷の中となるため、曇り時々晴れで雷を伴い雨の降る所があるでしょう。２６日１８時から２７日１８時までの２４時間降水量は２０ミリの見込みです。
室蘭地方気象台,2022-07-27T04:38:00+09:00,胆振・日高地方,,　北海道付近は、２８日にかけて気圧の谷の中で、２７日は大気の状態が不安定となるでしょう。  　胆振・日高地方の２７日３時の天気は、おおむね曇りとなっています。  　２７日は、気圧の谷の中となるため、曇り時々晴れで、雷を伴い雨の降る所があるでしょう。  　２８日は、晴れ時々曇りの見込みです。  　海の波の高さは、２７日から２８日にかけて、１メートルでしょう。  ＜天気変化等の留意点＞ 　胆振東部では、２７日は気圧の谷の中となるため、曇り時々晴れで雷を伴い雨の降る所があるでしょう。２７日６時から２８日６時までの２４時間降水量は４０ミリの見込みです。
室蘭地方気象台,2022-07-27T10:36:00+09:00,胆振・日高地方,,　北海道付近は、２８日にかけて気圧の谷の中で、２７日は大気の状態が不安定となるでしょう。  　胆振・日高地方の２７日９時の天気は、曇りで雨の降っている所があります。  　２７日は、気圧の谷の中となるため、曇り時々晴れで、雷を伴い激しい雨の降る所があるでしょう。  　２８日は、晴れ時々曇りの見込みです。  　海の波の高さは、２７日から２８日にかけて、１メートルでしょう。  ＜天気変化等の留意点＞ 　胆振東部では、２７日は気圧の谷の中となるため、曇り時々晴れで雷を伴い雨の降る所があるでしょう。２７日１２時から２８日１２時までの２４時間降水量は２０ミリの見込みです。
室蘭地方気象台,2022-07-27T16:38:00+09:00,胆振・日高地方,,　北海道付近は、２８日にかけて気圧の谷の中となり、暖かく湿った空気が流入するため、大気の状態が不安定でしょう。２８日夜には高気圧に覆われてくる見込みです。  　胆振・日高地方の２７日１５時の天気は、曇りまたは晴れで雨の降っている所があります。  　２７日夜は、曇り時々晴れで、雷を伴い激しい雨の降る所があるでしょう。  　２８日は、気圧の谷の中となるため、晴れ時々曇りの見込みです。  　海の波の高さは、２７日夜から２８日にかけて、１メートルでしょう。  ＜天気変化等の留意点＞ 　胆振東部では、２８日は気圧の谷の中となるため、晴れ時々曇りでしょう。２７日１８時から２８日１８時までの２４時間降水量は１０ミリの見込みです。なお、２８日は真夏日となる所があるため、体調管理に注意してください。
室蘭地方気象台,2022-07-28T04:34:00+09:00,胆振・日高地方,,　北海道付近は、２８日は気圧の谷の中で、暖かく湿った空気が流入するため、大気の状態が不安定でしょう。２９日は次第に日本海の高気圧に覆われてくる見込みです。  　胆振・日高地方の２８日３時の天気は、曇りまたは晴れで霧の所があります。  　２８日は気圧の谷の中のため、晴れ時々曇りで、日高地方では雨の降る所があるでしょう。  　２９日は、晴れ時々曇りの見込みです。  　海の波の高さは、２８日から２９日にかけて、１メートルでしょう。  ＜天気変化等の留意点＞ 　胆振東部では、２８日は気圧の谷の中のため、晴れ時々曇りでしょう。なお、２８日は真夏日となる所があるため、体調管理に注意してください。
室蘭地方気象台,2022-07-28T10:37:00+09:00,胆振・日高地方,,　北海道付近は、２８日は気圧の谷の中で、暖かく湿った空気が流入するため、大気の状態が不安定でしょう。２９日は次第に日本海の高気圧に覆われる見込みです。  　胆振・日高地方の２８日９時の天気は、晴れまたは曇りとなっています。  　２８日は、気圧の谷の中のため、晴れ時々曇りで、日高地方では雨の降る所があるでしょう。  　２９日は、晴れ時々曇りの見込みです。  　海の波の高さは、２８日から２９日にかけて、１メートルでしょう。  ＜天気変化等の留意点＞ 　胆振東部では、２８日は気圧の谷の中のため、晴れ時々曇りでしょう。なお、２８日は真夏日となる所があるため、体調管理に注意してください。
室蘭地方気象台,2022-07-28T16:36:00+09:00,胆振・日高地方,,　北海道付近は、２８日夜は気圧の谷の中で、暖かく湿った空気が流入するため、大気の状態が不安定でしょう。２９日は次第に日本海の高気圧に覆われる見込みです。  　胆振・日高地方の２８日１５時の天気は、晴れまたは曇りとなっています。  　２８日夜は、胆振地方は晴れのち曇り、日高地方は曇り時々晴れで雷を伴い雨の降る所があるでしょう。  　２９日は、高気圧に覆われるため、晴れ時々曇りの見込みです。  　海の波の高さは、２８日夜から２９日にかけて、１メートルでしょう。  ＜天気変化等の留意点＞ 　胆振東部では、２９日は高気圧に覆われるため、晴れ時々曇りでしょう。なお、２９日は真夏日となる所があるため、体調管理に注意してください。
室蘭地方気象台,2022-07-29T04:37:00+09:00,胆振・日高地方,,　北海道付近は、３０日にかけて日本海から日本の東へ中心を移す高気圧に覆われるでしょう。３０日は気圧の傾きが次第に大きくなる見込みです。  　胆振・日高地方の２９日３時の天気は、曇りまたは晴れとなっています。  　２９日は、高気圧に覆われるため、晴れ時々曇りでしょう。  　３０日は、晴れ時々曇りの見込みです。  　海の波の高さは、２９日から３０日にかけて、１メートルから１．５メートルとやや高いでしょう。  ＜天気変化等の留意点＞ 　胆振東部では、２９日は高気圧に覆われるため、晴れ時々曇りでしょう。なお、２９日は真夏日となる所があるため、体調管理に注意してください。
室蘭地方気象台,2022-07-29T10:35:00+09:00,胆振・日高地方,,　北海道付近は、３０日にかけて日本海から日本の東に中心を移す高気圧に覆われるでしょう。３０日は気圧の傾きが次第に大きくなる見込みです。  　胆振・日高地方の２９日９時の天気は、曇りまたは晴れとなっています。  　２９日は、高気圧に覆われるため、晴れ時々曇りでしょう。  　３０日は、晴れ時々曇りの見込みです。  　海の波の高さは、２９日から３０日にかけて、１メートルから１．５メートルとやや高いでしょう。  ＜天気変化等の留意点＞ 　胆振東部では、２９日は高気圧に覆われるため、晴れ時々曇りでしょう。なお、２９日は真夏日となる所があるため、体調管理に注意してください。
室蘭地方気象台,2022-07-29T16:34:00+09:00,胆振・日高地方,,　北海道付近は、３０日にかけて日本の東に中心をもつ高気圧に覆われるでしょう。３０日は気圧の傾きが次第に大きくなる見込みです。  　胆振・日高地方の２９日１５時の天気は、おおむね晴れています。  　２９日夜は、晴れのち曇りでしょう。  　３０日は、高気圧に覆われるため、晴れ時々曇りの見込みです。  　海の波の高さは、２９日夜から３０日にかけて、１メートルから１．５メートルとやや高いでしょう。  ＜天気変化等の留意点＞ 　胆振東部では、３０日は高気圧に覆われるため、晴れ時々曇りでしょう。なお、３０日は真夏日となる所があるため、体調管理に注意してください。
室蘭地方気象台,2022-07-30T04:39:00+09:00,胆振・日高地方,,　北海道付近は、３０日は高気圧に覆われますが、３１日は千島近海に進む低気圧からのびる前線が通過するため、気圧の傾きが大きくなるでしょう。  　胆振・日高地方の３０日３時の天気は、晴れまたは曇りとなっています。  　３０日は、高気圧に覆われるため、晴れ時々曇りでしょう。  　３１日は、胆振地方は曇り時々晴れ、日高地方は晴れのち曇りの見込みです。  　海の波の高さは、３０日から３１日にかけて、１メートルから１．５メートルとやや高いでしょう。  ＜天気変化等の留意点＞ 　胆振東部では、３０日は高気圧に覆われるため、晴れ時々曇りでしょう。なお、３０日は真夏日となる所があるため、体調管理に注意してください。
室蘭地方気象台,2022-07-30T10:38:00+09:00,胆振・日高地方,,　北海道付近は、３０日は高気圧に覆われますが、３１日は千島近海に進む低気圧からのびる前線が通過する見込みです。また、３１日にかけて気圧の傾きが大きくなるでしょう。  　胆振・日高地方の３０日９時の天気は、曇りまたは晴れとなっています。  　３０日は、高気圧に覆われるため、胆振地方では晴れ時々曇り、日高地方では晴れでしょう。  　３１日は、胆振地方は曇り時々晴れ、日高地方は晴れのち曇りの見込みです。  　海の波の高さは、３０日から３１日にかけて、１メートルから１．５メートルとやや高いでしょう。  ＜天気変化等の留意点＞ 　胆振東部では、３０日は高気圧に覆われるため、晴れ時々曇りでしょう。なお、３０日は真夏日となる所があるため、体調管理に注意してください。
室蘭地方気象台,2022-07-30T16:37:00+09:00,胆振・日高地方,,　北海道付近は、３０日夜は高気圧に覆われますが、３１日は千島近海に進む低気圧からのびる前線が通過する見込みです。また、３１日にかけて気圧の傾きが大きいでしょう。  　胆振・日高地方の３０日１５時の天気は、曇りまたは晴れとなっています。  　３０日夜は、胆振地方は曇り、日高地方は晴れのち曇りでしょう。  　３１日は、気圧の谷の中となるため、胆振地方は曇り、日高地方は曇り時々晴れの見込みです。  　海の波の高さは、３０日夜から３１日にかけて、１メートルから１．５メートルとやや高いでしょう。  ＜天気変化等の留意点＞ 　胆振東部では、３１日は気圧の谷の中となるため、曇りでしょう。なお、３１日は真夏日となる所があるため、体調管理に注意してください。
室蘭地方気象台,2022-07-31T04:38:00+09:00,胆振・日高地方,,　北海道付近は、３１日は千島近海に進む低気圧からのびる前線が通過するでしょう。８月１日は気圧の谷の中となり、暖かく湿った空気が流入するため大気の状態が不安定となる見込みです。  　胆振・日高地方の３１日３時の天気は、晴れまたは曇りとなっています。  　３１日は、気圧の谷の中となるため、胆振地方は曇り時々晴れ、日高地方は晴れのち曇りでしょう。  　８月１日は、胆振地方は曇りのち雨、日高地方は曇りのち一時雨の見込みです。  　海の波の高さは、３１日から８月１日にかけて、胆振地方では１メートルですが、日高地方は１．５メートルから２メートルとやや高い見込みです。  ＜天気変化等の留意点＞ 　胆振東部では、３１日は気圧の谷の中となるため、曇り時々晴れでしょう。なお、３１日は真夏日となる所があるため、体調管理に注意してください。
室蘭地方気象台,2022-07-31T10:35:00+09:00,胆振・日高地方,,　北海道付近は、３１日は千島近海に進む低気圧からのびる前線が通過するでしょう。８月１日は気圧の谷の中となり、暖かく湿った空気が流入するため大気の状態が不安定となる見込みです。  　胆振・日高地方の３１日９時の天気は、曇りまたは晴れとなっています。  　３１日は、気圧の谷の中となるため、曇り時々晴れでしょう。  　８月１日は、胆振地方は曇りのち雨、日高地方は曇りのち一時雨の見込みです。  　海の波の高さは、３１日から８月１日にかけて、胆振地方では１メートルですが、日高地方は１．５メートルから２メートルとやや高い見込みです。  ＜天気変化等の留意点＞ 　胆振東部では、３１日は気圧の谷の中となるため、曇り時々晴れでしょう。なお、３１日は真夏日となる所があるため、体調管理に注意してください。
室蘭地方気象台,2022-07-31T16:35:00+09:00,胆振・日高地方,,　北海道付近は、８月１日にかけて気圧の谷の中となり、１日夜には前線を伴った低気圧が日本海から近づくでしょう。このため、暖かく湿った空気が流入し大気の状態が不安定となる見込みです。  　胆振・日高地方の３１日１５時の天気は、曇りまたは晴れとなっています。  　３１日夜は、曇りでしょう。  　８月１日は、気圧の谷の中となるため、胆振地方は曇りのち雨、日高地方は曇りのち一時雨の見込みです。  　海の波の高さは、３１日夜から８月１日にかけて１メートルから２メートルとやや高い見込みです。  ＜天気変化等の留意点＞ 　胆振東部では、８月１日は気圧の谷の中となるため、曇りのち雨でしょう。３１日１８時から８月１日１８時までの２４時間降水量は２０ミリの見込みです。
