publishingOffice,reportDatetime,targetArea,headlineText,text
山形地方気象台,2022-06-01T04:34:00+09:00,山形県,,低気圧が北海道付近にあって、北東へ進んでいます。  山形県は、曇りで、雨の降っている所があります。  １日は、次第に高気圧に覆われますが、気圧の谷や湿った空気の影響により、晴れや曇りで、明け方まで雨の降る所があるでしょう。  ２日は、気圧の谷や上空の寒気の影響により、曇りで、午後は雨や雷雨となる所が多い見込みです。
山形地方気象台,2022-06-01T10:33:00+09:00,山形県,,本州付近は、高気圧に覆われています。一方、低気圧が北海道付近にあって、北東へ進んでいます。  山形県は、晴れや曇りとなってます。  １日は、高気圧に覆われますが、気圧の谷や湿った空気の影響により、晴れや曇りでしょう。  ２日は、気圧の谷や上空の寒気の影響により、曇りで、午後は雨や雷雨となる所が多い見込みです。
山形地方気象台,2022-06-01T16:33:00+09:00,山形県,,高気圧が本州付近を緩やかに覆っています。一方、日本海は、気圧の谷となっています。  山形県は、概ね晴れています。  １日夜は、高気圧に覆われますが、気圧の谷や湿った空気の影響により、晴れや曇りでしょう。  ２日は、上空に寒気を伴った低気圧の影響により、大気の状態が非常に不安定となるため、曇りで、午後は、雨が降る所が多くなり、雷を伴い激しく降る所もあるでしょう。
山形地方気象台,2022-06-02T04:38:00+09:00,山形県,,高気圧が本州付近を緩やかに覆っています。一方、日本海は、気圧の谷となっています。  山形県は、晴れや曇りとなっています。  ２日は、上空に寒気を伴った低気圧の影響により、大気の状態が非常に不安定となるため、曇りや雨で、午後は雷を伴って激しく降る所があるでしょう。  ３日は、上空の寒気や気圧の谷の影響により、大気の状態が非常に不安定となるため、曇りや雨で、雷を伴って激しく降る所がある見込みです。
山形地方気象台,2022-06-02T10:33:00+09:00,山形県,,高気圧が本州付近を緩やかに覆っています。一方、日本海は、気圧の谷となっています。  山形県は、曇りや晴れで、雨や雷雨となっている所があります。  ２日は、上空に寒気を伴った低気圧の影響により、曇りや雨で、雷を伴い激しく降る所があるでしょう。  ３日は、上空の寒気や気圧の谷の影響により、曇りや雨で、午後は雷を伴い激しく降る所がある見込みです。
山形地方気象台,2022-06-02T16:39:00+09:00,山形県,,上空に寒気を伴った低気圧が日本海にあって、東へ進んでいます。  山形県は、曇りや晴れで、雨や雷雨となっている所があります。  ２日夜は、上空に寒気を伴った低気圧の影響により、曇りや雨で、雷を伴い激しく降る所があるでしょう。  ３日は、上空の寒気や気圧の谷の影響により、曇りや雨で、午後は雷を伴い激しく降る所がある見込みです。
山形地方気象台,2022-06-03T04:35:00+09:00,山形県,,低気圧が三陸沖にあって、東へ進んでいます。また、日本海は気圧の谷となっています。  山形県は、曇りや晴れで、雨の降っている所があります。  ３日は、上空に寒気を伴った気圧の谷の影響により、曇りや雨で、雷を伴い激しく降る所があるでしょう。  ４日は、寒気や湿った空気の影響を受けますが、次第に高気圧に覆われるため、曇りや晴れとなる見込みです。
山形地方気象台,2022-06-03T10:38:00+09:00,山形県,,日本海は気圧の谷となっています。  山形県は、雨で雷を伴っている所があります。  ３日は、上空に寒気を伴った気圧の谷の影響により、雨や曇りで、雷を伴い激しく降る所があるでしょう。  ４日は、寒気や湿った空気の影響を受けますが、次第に高気圧に覆われるため、曇りや晴れの見込みです。
山形地方気象台,2022-06-03T16:36:00+09:00,山形県,,東北地方は気圧の谷となっています。  山形県は、曇りや晴れで、雨や雷雨となっている所があります。  ３日夜は、上空に寒気を伴った気圧の谷の影響により、曇りで、雨や雷雨となる所があるでしょう。  ４日は、寒気や湿った空気の影響を受けますが、次第に高気圧に覆われるため、晴れや曇りの見込みです。
山形地方気象台,2022-06-04T04:33:00+09:00,山形県,,東北地方は気圧の谷となっています。  山形県は、曇りで、雨の降っている所があります。  ４日は、寒気や湿った空気の影響を受けますが、次第に高気圧に覆われるため、曇りや晴れとなるでしょう。  ５日は、高気圧に覆われますが、気圧の谷や湿った空気の影響で、曇りや晴れとなる見込みです。
山形地方気象台,2022-06-04T10:33:00+09:00,山形県,,東北地方は気圧の谷となっています。一方、オホーツク海に高気圧があって、ほとんど停滞しています。  山形県は、晴れや曇りとなっています。  ４日は、次第に高気圧に覆われますが、寒気や湿った空気の影響により、曇りや晴れでしょう。  ５日は、気圧の谷や湿った空気の影響で、曇りや晴れとなる見込みです。
山形地方気象台,2022-06-04T16:32:00+09:00,山形県,,北日本は気圧の谷となっています。一方、オホーツク海に高気圧があって、日本海へ張り出しています。  山形県は、晴れや曇りとなっています。  ４日夜は、寒気や湿った空気の影響により、曇りでしょう。  ５日は、気圧の谷や湿った空気の影響により、曇りや晴れの見込みです。
山形地方気象台,2022-06-05T04:38:00+09:00,山形県,,北日本は気圧の谷となっています。一方、高気圧がオホーツク海にあって、日本海へ張り出しています。  山形県は、曇りとなっています。  ５日は、高気圧に覆われますが、気圧の谷や湿った空気の影響により、曇りや晴れでしょう。  ６日は、低気圧や湿った空気の影響により、雨や曇りの見込みです。
山形地方気象台,2022-06-05T10:33:00+09:00,山形県,,北日本は気圧の谷となっています。一方、高気圧がオホーツク海にあって、日本海へ張り出しています。  山形県は、晴れや曇りとなっています。  ５日は、高気圧に覆われますが、気圧の谷や湿った空気の影響により、曇りや晴れでしょう。  ６日は、低気圧や湿った空気の影響により、雨や曇りの見込みです。
山形地方気象台,2022-06-05T16:33:00+09:00,山形県,,高気圧がオホーツク海にあって、北日本へ張り出しています。  山形県は、概ね晴れています。  ５日夜は、気圧の谷や湿った空気の影響により、曇りでしょう。  ６日は、低気圧や湿った空気の影響により、曇りで、朝から雨の所が多くなる見込みです。
山形地方気象台,2022-06-06T04:34:00+09:00,山形県,,低気圧が西日本にあって、東へ進んでいます。  山形県は、曇りとなっています。  ６日は、低気圧や湿った空気の影響により、曇りで、次第に雨の降る所が多くなるでしょう。  ７日は、低気圧や湿った空気の影響により、雨の降る所が多い見込みです。
山形地方気象台,2022-06-06T10:38:00+09:00,山形県,,低気圧が四国付近にあって、東へ進んでいます。  山形県は、雨となっています。  ６日は、低気圧や気圧の谷の影響により、雨でしょう。  ７日は、低気圧や気圧の谷の影響により、雨の見込みです。
山形地方気象台,2022-06-06T16:36:00+09:00,山形県,,低気圧が紀伊半島付近にあって、東北東へ進んでいます。  山形県は、雨の降っている所が多くなっています。  ６日夜は、低気圧や気圧の谷の影響により、雨でしょう。  ７日は、低気圧や気圧の谷の影響により、雨で、夕方からは曇る所が多い見込みです。
山形地方気象台,2022-06-07T04:46:00+09:00,山形県,,低気圧が関東の東にあって、東北東へ進んでいます。また、別の低気圧が能登半島付近にあって、ほとんど停滞しています。  山形県は、雨となっています。  ７日は、低気圧の影響により、雨で、夕方からは曇る所が多い見込みです。  ８日は、気圧の谷の影響により、曇りや雨でしょう。
山形地方気象台,2022-06-07T10:39:00+09:00,山形県,,低気圧が日本の東にあって、東北東へ進んでいます。また、別の低気圧が佐渡付近にあって、ほとんど停滞しています。  山形県は、雨の降っている所が多くなっています。  ７日は、低気圧や湿った空気の影響により、雨で、夕方からは曇る所が多いでしょう。  ８日は、気圧の谷や湿った空気の影響により、曇りで昼過ぎまで時々雨が降る見込みです。
山形地方気象台,2022-06-07T16:33:00+09:00,山形県,,低気圧が日本の東にあって、東北東へ進んでいます。また、別の低気圧が佐渡付近にあって、ほとんど停滞しています。  山形県は、雨の降っている所が多くなっています。  ７日夜は、低気圧や湿った空気の影響により、曇りで雨の降る所があるでしょう。  ８日は、気圧の谷や湿った空気の影響により、曇り時々雨の見込みです。
山形地方気象台,2022-06-08T04:58:00+09:00,山形県,,低気圧が、佐渡付近にあって、ゆっくり東へ進んでいます。  山形県は、雨の降っている所が多くなっています。  ８日は、低気圧や湿った空気の影響により、雨や曇りでしょう。  ９日は、気圧の谷や湿った空気の影響により、曇りで、雨や雷雨となる所がある見込みです。
山形地方気象台,2022-06-08T10:37:00+09:00,山形県,,低気圧が、日本海にあって、ゆっくり東へ進んでいます。一方、高気圧が、北海道付近を覆っています。  山形県は、曇りで、雨の降っている所があります。  ８日は、低気圧や湿った空気の影響により、曇りや雨でしょう。  ９日は、気圧の谷や湿った空気の影響により、曇りで、雨や雷雨となる所がある見込みです。
山形地方気象台,2022-06-08T16:38:00+09:00,山形県,,気圧の谷が東北地方を通過中です。一方、高気圧が、北海道付近に張り出しています。  山形県は、曇りで、雨の降っている所があります。  ８日夜は、気圧の谷や湿った空気の影響により、曇りで、夜のはじめ頃にかけて雨の降る所があるでしょう。  ９日は、気圧の谷や湿った空気の影響により、曇りで、昼過ぎから夜のはじめ頃にかけて、雨や雷雨となる所がある見込みです。
山形地方気象台,2022-06-09T04:46:00+09:00,山形県,,東北地方は気圧の谷となっています。  山形県は、曇りで、雨の降っている所があります。  ９日は、気圧の谷や上空の寒気の影響により、曇りで、昼過ぎから夜のはじめ頃にかけて雨や雷雨となる所があるでしょう。  １０日は、気圧の谷や上空の寒気の影響により、曇りや雨で、昼前から夜のはじめ頃にかけて雷を伴う所がある見込みです。
山形地方気象台,2022-06-09T10:34:00+09:00,山形県,,東北地方は気圧の谷となっています。一方、高気圧が日本海にあって、ほとんど停滞しています。  山形県は、曇りや晴れとなっています。  ９日は、気圧の谷や上空の寒気の影響により、曇りや晴れで、昼過ぎから夜のはじめ頃にかけて雨や雷雨となる所があるでしょう。  １０日は、気圧の谷や上空の寒気の影響により、曇りや雨で、昼前から夜のはじめ頃にかけて雷を伴う所がある見込みです。
山形地方気象台,2022-06-09T19:25:00+09:00,山形県,,高気圧が日本海にあって、ほとんど停滞しています。  山形県は、晴れています。  ９日夜は、高気圧に覆われるため、晴れるでしょう。  １０日は、気圧の谷や上空の寒気の影響により、曇りや雨で、昼前から夜のはじめ頃にかけて、雷を伴う所がある見込みです。
山形地方気象台,2022-06-10T04:44:00+09:00,山形県,,東北地方は気圧の谷となっています。一方、高気圧が日本海にあって、ほとんど停滞しています。  山形県は、晴れや曇りとなっています。  １０日は、気圧の谷や上空の寒気の影響により、曇りや雨で、朝から夜のはじめ頃にかけて、雷を伴って激しく降る所があるでしょう。  １１日は、高気圧に覆われますが、気圧の谷や上空の寒気の影響により、曇りや晴れで、昼過ぎから夜のはじめ頃にかけて、雨や雷雨となる所がある見込みです。
山形地方気象台,2022-06-10T10:36:00+09:00,山形県,,東北地方は気圧の谷となっています。一方、高気圧が日本海にあって、ほとんど停滞しています。  山形県は、曇りや晴れで、雨の降っている所があります。  １０日は、気圧の谷や上空の寒気の影響により、雨や曇りで、夜のはじめ頃にかけて、雷を伴って激しく降る所があるでしょう。  １１日は、高気圧に覆われますが、気圧の谷や上空の寒気の影響により、曇りや晴れで、昼過ぎから夜のはじめ頃にかけて、雨や雷雨となる所がある見込みです。
山形地方気象台,2022-06-10T16:34:00+09:00,山形県,,東北地方は気圧の谷となっています。一方、高気圧が日本海にあって、ほとんど停滞しています。  山形県は、曇りや晴れで、雨の降っている所があります。  １０日夜は、気圧の谷や上空の寒気の影響により、曇りで、雨や雷雨の所があるでしょう。  １１日は、高気圧に覆われますが、気圧の谷や上空の寒気の影響により、曇りや晴れで、午後は雨や雷雨となる所がある見込みです。
山形地方気象台,2022-06-11T04:36:00+09:00,山形県,,東北地方は気圧の谷となっています。一方、高気圧が日本海にあって、ほとんど停滞しています。  山形県は、曇りとなっています。  １１日は、高気圧に覆われますが、気圧の谷や上空の寒気の影響により、曇りや晴れで、午後は雨や雷雨となる所があるでしょう。  １２日は、低気圧の影響により、雨で、昼過ぎから曇る所が多い見込みです。
山形地方気象台,2022-06-11T10:42:00+09:00,山形県,,高気圧が、東北地方を緩やかに覆っています。一方、低気圧が東シナ海にあって、東北東へ進んでいます。  山形県は、晴れや曇りとなっています。  １１日は、高気圧に覆われますが、気圧の谷や上空の寒気の影響により、晴れや曇りで、午後は雨や雷雨の所があるでしょう。  １２日は、低気圧の影響により、雨で、昼過ぎから曇る所が多い見込みです。
山形地方気象台,2022-06-11T16:45:00+09:00,山形県,,低気圧が、四国の南にあって、東北東へ進んでいます。  山形県は、曇りや晴れで、雨や雷雨となっている所があります。  １１日夜は、気圧の谷や上空の寒気の影響により、曇りで、雨の降る所があるでしょう。また、雷を伴い激しく降る所がある見込みです。  １２日は、低気圧や気圧の谷の影響により、雨や曇りで、雷を伴う所があるでしょう。
山形地方気象台,2022-06-12T04:43:00+09:00,山形県,,低気圧が伊豆諸島付近にあって、発達しながら東北東へ進んでいます。一方、高気圧が日本海にあって、東へ移動しています。  山形県は、曇りや晴れとなっています。  １２日は、低気圧や上空の寒気の影響により、曇りや雨で、雷を伴って激しく降る所がある見込みです。  １３日は、湿った空気の影響により、曇りですが、次第に高気圧に覆われるため、午後は晴れるでしょう。
山形地方気象台,2022-06-12T10:33:00+09:00,山形県,,低気圧が、日本の東にあって、発達しながら東北東へ進んでいます。一方、高気圧が日本海にあって、ほとんど停滞しています。  山形県は、曇りや晴れで、雨の降っている所があります。  １２日は、低気圧や上空の寒気の影響により、曇りや雨で、雷を伴って激しく降る所があるでしょう。  １３日は、湿った空気の影響により、曇りですが、次第に高気圧に覆われるため、午後は晴れる見込みです。
山形地方気象台,2022-06-12T19:44:00+09:00,山形県,,高気圧が日本海にあって、ほとんど停滞しています。一方、低気圧が日本の東にあって、発達しながら東北東へ進んでいます。  山形県は、晴れや曇りとなっています。  １２日夜は、高気圧に覆われますが、気圧の谷や上空の寒気の影響により、晴れや曇りでしょう。  １３日は、高気圧に覆われますが、湿った空気の影響により、晴れや曇りの見込みです。
山形地方気象台,2022-06-13T04:42:00+09:00,山形県,,低気圧が日本の東にあって、東北東へ進んでいます。一方、高気圧が日本海にあって、ほとんど停滞しています。  山形県は、曇りや晴れとなっています。  １３日は、気圧の谷の影響を受けますが、次第に高気圧に覆われるため、曇りで、午後は晴れるでしょう。  １４日は、高気圧に覆われますが、気圧の谷や湿った空気の影響により、晴れで、夜は曇りとなる見込みです。
山形地方気象台,2022-06-13T10:36:00+09:00,山形県,,低気圧が日本の東にあって、東北東へ進んでいます。一方、高気圧が日本海にあって、ほとんど停滞しています。  山形県は、晴れや曇りとなっています。  １３日は、高気圧に覆われるため、概ね晴れるでしょう。  １４日は、高気圧に覆われて晴れますが、気圧の谷や湿った空気の影響により、夜は曇りとなる見込みです。
山形地方気象台,2022-06-13T16:36:00+09:00,山形県,,低気圧が日本の東にあって、東北東へ進んでいます。一方、高気圧が日本海にあって、北東へ移動しています。  山形県は、概ね晴れています。  １３日夜は、高気圧に覆われるため、晴れや曇りでしょう。  １４日は、高気圧に覆われるため、概ね晴れる見込みです。
山形地方気象台,2022-06-14T06:58:00+09:00,山形県,,日本海は気圧の谷となっています。一方、高気圧がオホーツク海にあって、ゆっくり南へ移動しています。  山形県は、曇りとなっています。  １４日は、気圧の谷の影響により、曇りや晴れでしょう。  １５日は、前線や低気圧の影響で、曇りや雨となる見込みです。
山形地方気象台,2022-06-14T10:33:00+09:00,山形県,,高気圧がオホーツク海にあって、ゆっくり南へ移動しています。一方、前線が華南から日本の南へのびています。  山形県は、曇りや晴れとなっています。  １４日は、高気圧に覆われますが、気圧の谷の影響により、曇りや晴れでしょう。  １５日は、前線や低気圧の影響で、曇りや雨となる見込みです。
山形地方気象台,2022-06-14T16:32:00+09:00,山形県,,高気圧が千島近海にあって、ゆっくり南へ移動しています。一方、前線が華南から日本の南へのびています。  山形県は、曇りや晴れとなっています。  １４日夜は、気圧の谷の影響により、曇りでしょう。  １５日は、前線や低気圧の影響により、曇りや雨となる見込みです。
山形地方気象台,2022-06-15T04:41:00+09:00,山形県,,低気圧が紀伊半島の南にあって、東北東へ進んでいます。  山形県は、曇りとなっています。  １５日は、低気圧や前線の影響により、曇りや雨となるでしょう。  １６日は、気圧の谷や湿った空気の影響により、曇りや雨の見込みです。
山形地方気象台,2022-06-15T10:33:00+09:00,山形県,,低気圧が四国の南にあって、東北東へ進んでいます。また、別の低気圧が日本海西部にあって東北東へ進んでいます。  山形県は、曇りで雨の降っている所があります。  １５日は、低気圧や湿った空気の影響により、曇りや雨となるでしょう。  １６日は、気圧の谷や湿った空気の影響により、曇りや雨の見込みです。
山形地方気象台,2022-06-15T16:33:00+09:00,山形県,,低気圧が紀伊半島沖にあって、東北東へ進んでいます。また、別の低気圧が日本海にあって東北東へ進んでいます。  山形県は、曇りで雨の降っている所があります。  １５日夜は、低気圧や湿った空気の影響により、曇りや雨でしょう。  １６日は、気圧の谷や湿った空気の影響により、曇りで昼過ぎから時々晴れますが、雨の降る所がある見込みです。
山形地方気象台,2022-06-16T04:37:00+09:00,山形県,,低気圧が日本海にあって、北東へ進んでいます。  山形県は、曇りで、雨の降っている所があります。  １６日は、低気圧や湿った空気の影響により、曇りや晴れで、雨の降る所があるでしょう。  １７日は、気圧の谷や湿った空気の影響により、曇りや晴れで、朝まで雨の降る所が多い見込みです。
山形地方気象台,2022-06-16T10:42:00+09:00,山形県,,低気圧が日本海にあって、北東へ進んでいます。一方、高気圧が、日本のはるか東にあって、南東へ移動しています。  山形県は、曇りや晴れとなっています。  １６日は、気圧の谷や湿った空気の影響により、曇りや晴れで、雨の降る所があるでしょう。  １７日は、気圧の谷や湿った空気の影響により、曇りや晴れで、朝まで雨の降る所が多い見込みです。
山形地方気象台,2022-06-16T16:39:00+09:00,山形県,,低気圧が日本海北部にあって、北東へ進んでいます。  山形県は、曇りや晴れで、雨の降っている所があります。  １６日夜は、気圧の谷や湿った空気の影響により、曇りや晴れで、雨の降る所があるでしょう。  １７日は、気圧の谷や湿った空気の影響により、曇りや晴れですが、朝まで雨の降る所が多い見込みです。
山形地方気象台,2022-06-17T08:02:00+09:00,山形県,,低気圧が千島近海にあって、北東へ進んでいます。  山形県は、曇りで、雨の降っている所があります。  １７日は、気圧の谷や湿った空気の影響により、曇りで、昼前まで雨の降る所がありますが、次第に晴れるでしょう。  １８日は、高気圧に緩やかに覆われますが、湿った空気の影響により、晴れや曇りの見込みです。
山形地方気象台,2022-06-17T10:33:00+09:00,山形県,,北日本は気圧の谷となっています。  山形県は、曇りや晴れで、雨の降っている所があります。  １７日は、気圧の谷や湿った空気の影響により、曇りで、昼前は雨の降る所がありますが、午後は晴れる所が多くなるでしょう。  １８日は、高気圧に緩やかに覆われますが、湿った空気の影響により、晴れや曇りとなる見込みです。
山形地方気象台,2022-06-17T16:36:00+09:00,山形県,,東北地方は緩やかに高気圧に覆われています。  山形県は、晴れや曇りとなっています。  １７日夜は、高気圧に覆われますが、気圧の谷や湿った空気の影響により、晴れや曇りでしょう。  １８日は、高気圧に覆われますが、湿った空気の影響により、晴れや曇りの見込みです。
山形地方気象台,2022-06-18T04:45:00+09:00,山形県,,高気圧が、東北地方を緩やかに覆っています。  山形県は、晴れとなっています。  １８日は、高気圧に覆われるため、晴れるでしょう。  １９日は、気圧の谷の影響により、曇りで、雷を伴い激しく雨の降る所がある見込みです。
山形地方気象台,2022-06-18T10:35:00+09:00,山形県,,高気圧が、東北地方を緩やかに覆っています。  山形県は、概ね晴れています。  １８日は、高気圧に覆われるため、晴れるでしょう。  １９日は、気圧の谷の影響により、曇りで、雷を伴い激しい雨の降る所がある見込みです。
山形地方気象台,2022-06-18T16:35:00+09:00,山形県,,高気圧が、東北地方を緩やかに覆っています。一方、前線が日本の南に停滞しています。  山形県は、曇りや晴れとなっています。  １８日夜は、高気圧に覆われるため、晴れや曇りでしょう。  １９日は、気圧の谷や上空の寒気の影響により、曇りで、雷を伴い激しい雨の降る所がある見込みです。
山形地方気象台,2022-06-19T04:50:00+09:00,山形県,,高気圧が、東北地方を緩やかに覆っています。  山形県は、晴れや曇りとなっています。  １９日は、上空の寒気や湿った空気の影響により、曇りで、雷を伴い激しい雨の降る所があるでしょう。  ２０日は、気圧の谷や湿った空気の影響により、曇りや雨の見込みです。
山形地方気象台,2022-06-19T10:35:00+09:00,山形県,,高気圧が、東北地方を緩やかに覆っています。  山形県は、晴れや曇りで、雨の降っている所があります。  １９日は、上空の寒気や湿った空気の影響により、曇りや晴れで、雷を伴い激しい雨の降る所があるでしょう。  ２０日は、気圧の谷や湿った空気の影響により、曇りや雨の見込みです。
山形地方気象台,2022-06-19T16:38:00+09:00,山形県,,北日本は気圧の谷となっています。  山形県は、曇りや晴れで、雨の降っている所があります。  １９日夜は、上空の寒気や湿った空気の影響により、曇りで、雨や雷雨となる所があるでしょう。  ２０日は、気圧の谷や湿った空気の影響により、曇りや晴れで、昼前まで雨の降る所がある見込みです。
山形地方気象台,2022-06-20T04:38:00+09:00,山形県,,北日本は気圧の谷となっています。  山形県は、曇りや晴れで、雨の降っている所があります。  ２０日は、気圧の谷や湿った空気の影響により、曇りで、昼前にかけて雨の降る所がありますが、午後は高気圧に覆われるため、次第に晴れるでしょう。  ２１日は、高気圧に覆われるため、晴れや曇りの見込みです。
山形地方気象台,2022-06-20T10:33:00+09:00,山形県,,東北地方は緩やかに高気圧に覆われています。一方、低気圧が北海道付近にあって東へ進んでいます。  山形県は、曇りや晴れとなっています。  ２０日は、高気圧に覆われるため、晴れや曇りでしょう。  ２１日は、高気圧に覆われるため、晴れや曇りの見込みです。
山形地方気象台,2022-06-20T16:33:00+09:00,山形県,,東北地方は高気圧に緩やかに覆われています。一方、気圧の谷が東北南部を通過中です。  山形県は、晴れや曇りとなっています。  ２０日夜は、高気圧に覆われるため、晴れや曇りでしょう。  ２１日は、高気圧に覆われるため、晴れや曇りの見込みです。
山形地方気象台,2022-06-21T04:34:00+09:00,山形県,,東北地方は、高気圧に緩やかに覆われています。  山形県は、曇りや晴れとなっています。  ２１日は、高気圧に覆われるため、晴れや曇りでしょう。  ２２日は、気圧の谷や湿った空気の影響により、曇りや晴れの見込みです。
山形地方気象台,2022-06-21T10:38:00+09:00,山形県,,高気圧が、日本海にあって、東へ移動しています。  山形県は、概ね晴れています。  ２１日は、高気圧に覆われるため、晴れるでしょう。  ２２日は、気圧の谷や湿った空気の影響により、曇りや晴れの見込みです。
山形地方気象台,2022-06-21T16:39:00+09:00,山形県,,高気圧が、三陸沖にあって、南東へ移動しています。  山形県は、晴れや曇りとなっています。  ２１日夜は、高気圧に覆われますが、気圧の谷や湿った空気の影響により、曇りや晴れでしょう。  ２２日は、気圧の谷や湿った空気の影響を受けますが、高気圧に覆われるため、晴れや曇りの見込みです。
山形地方気象台,2022-06-22T04:36:00+09:00,山形県,,高気圧が三陸沖にあって、南東へ移動しています。  山形県は、晴れや曇りとなっています。  ２２日は、高気圧に覆われて、晴れや曇りでしょう。  ２３日は、気圧の谷や湿った空気の影響により、曇る見込みです。
山形地方気象台,2022-06-22T10:33:00+09:00,山形県,,高気圧が日本の東にあって、東へ移動しています。  山形県は、概ね晴れています。  ２２日は、高気圧に覆われるため、概ね晴れるでしょう。  ２３日は、気圧の谷や湿った空気の影響により、曇りの見込みです。
山形地方気象台,2022-06-22T16:33:00+09:00,山形県,,高気圧が日本の東にあって、東へ移動しています。  山形県は、晴れや曇りとなっています。  ２２日夜は、高気圧に覆われますが、気圧の谷や湿った空気の影響を受けるため、晴れや曇りでしょう。  ２３日は、気圧の谷や湿った空気の影響により、曇りの見込みです。
山形地方気象台,2022-06-23T04:48:00+09:00,山形県,,高気圧が、オホーツク海にあって、北日本を覆っています。  山形県は、曇りや晴れとなっています。  ２３日は、高気圧に覆われますが、気圧の谷や湿った空気の影響により、晴れや曇りでしょう。  ２４日は、日本海を北東へ進む低気圧や気圧の谷の影響により、曇りや晴れで、夜は雨の降る所が多くなる見込みです。
山形地方気象台,2022-06-23T10:35:00+09:00,山形県,,高気圧が、千島近海にあって、北日本を覆っています。  山形県は、曇りで雨の降っている所があります。  ２３日は、気圧の谷や湿った空気の影響により、曇りで、夕方にかけて雨の降る所があるでしょう。  ２４日は、日本海を北東へ進む低気圧や気圧の谷の影響により、曇りで、夜は雨の降る所が多くなる見込みです。
山形地方気象台,2022-06-23T16:36:00+09:00,山形県,,低気圧が、中国東北区にあって、東北東へ進んでいます。  山形県は、曇りや晴れとなっています。  ２３日夜は、気圧の谷や湿った空気の影響により、曇りでしょう。  ２４日は、日本海を北東へ進む低気圧や気圧の谷の影響により、曇りや雨の見込みです。
山形地方気象台,2022-06-24T04:43:00+09:00,山形県,,前線を伴った低気圧が、日本海にあって、東北東へ進んでいます。  山形県は、曇りで、雨の降っている所があります。  ２４日は、低気圧や前線の影響により、曇りや雨でしょう。  ２５日は、前線や気圧の谷の影響により、曇りや雨で、明け方まで激しく降る所がある見込みです。
山形地方気象台,2022-06-24T10:33:00+09:00,山形県,,前線を伴った低気圧が、日本海にあって、東北東へ進んでいます。  山形県は、曇りで、雨の降っている所があります。  ２４日は、低気圧や前線の影響により、曇りや雨でしょう。  ２５日は、前線や気圧の谷の影響により、曇りや雨で、明け方まで激しく降る所がある見込みです。
山形地方気象台,2022-06-24T16:40:00+09:00,山形県,,前線を伴った低気圧が、日本海北部にあって、東北東へ進んでいます。  山形県は、曇りで、雨の降っている所があります。  ２４日夜は、低気圧や前線の影響により、曇りや雨で、夜遅くは激しく降る所があるでしょう。  ２５日は、前線や気圧の谷の影響により、曇りや雨で、未明は激しく降る所がある見込みです。
山形地方気象台,2022-06-25T04:39:00+09:00,山形県,,前線が東北地方を通過しています。  山形県は、雨の降っている所が多くなっています。  ２５日は、前線や湿った空気の影響により、曇りや雨で、明け方は激しく降る所があるでしょう。  ２６日は、前線や湿った空気の影響により、曇りや雨の見込みです。
山形地方気象台,2022-06-25T10:42:00+09:00,山形県,,前線が東北地方を通過中ですが、前線の活動は弱まっています。  山形県は、曇りや晴れとなっています。  ２５日は、前線や湿った空気の影響により、曇りや晴れでしょう。  ２６日は、前線や湿った空気の影響により、曇りや晴れで、雨の所がある見込みです。
山形地方気象台,2022-06-25T19:47:00+09:00,山形県,,東北地方は高気圧に緩やかに覆われていますが、湿った空気の影響を受けている所もあります。  山形県は、晴れや曇りとなっています。  ２５日夜は、気圧の谷や湿った空気の影響により、曇りや晴れで、雨や雷雨の所があるでしょう。  ２６日は、気圧の谷や湿った空気の影響により、曇りや雨で、明け方まで雷を伴う所がある見込みです。
山形地方気象台,2022-06-26T04:44:00+09:00,山形県,,北日本は気圧の谷となっています。  山形県は、晴れや曇りとなっています。  ２６日は、気圧の谷や湿った空気の影響により、曇りや晴れで、夜は庄内を中心に雨が降るでしょう。  ２７日は、気圧の谷や湿った空気の影響により、曇りや雨で、昼過ぎから夕方は雷を伴う所がある見込みです。
山形地方気象台,2022-06-26T10:42:00+09:00,山形県,,高気圧が、本州付近を覆っています。一方、北日本は気圧の谷となっています。  山形県は、晴れや曇りとなっています。  ２６日は、高気圧に覆われますが、気圧の谷や湿った空気の影響を受けるため、晴れや曇りで、夜は雨の降る所があるでしょう。  ２７日は、気圧の谷や湿った空気の影響により、曇りや雨で、昼過ぎから夕方は雷を伴う所がある見込みです。
山形地方気象台,2022-06-26T16:51:00+09:00,山形県,,高気圧が、本州付近を覆っています。一方、低気圧が沿海州付近にあって、東へ進んでいます。  山形県は、晴れや曇りとなっています。  ２６日夜は、気圧の谷や湿った空気の影響により、曇りや雨でしょう。  ２７日は、気圧の谷や湿った空気の影響により、雨や曇りで、雷を伴い激しく降る所がある見込みです。
山形地方気象台,2022-06-27T04:48:00+09:00,山形県,,北日本は気圧の谷となっています。一方、高気圧が西日本から東日本へ張り出しています。  山形県は、雨で雷雨となっている所があります。  ２７日は、気圧の谷や湿った空気の影響により、雨や曇りで、雷を伴い激しく降る所があるでしょう。  ２８日は、気圧の谷や湿った空気の影響により、曇りや雨で、雷を伴い激しく降る所がある見込みです。
山形地方気象台,2022-06-27T10:41:00+09:00,山形県,,北日本は気圧の谷となっています。一方、高気圧が西日本から東日本へ張り出しています。  山形県は、雨で雷雨となっている所があります。  ２７日は、気圧の谷や湿った空気の影響により、雨や曇りで、雷を伴い激しく降る所があるでしょう。  ２８日は、気圧の谷や湿った空気の影響により、曇りや雨で、雷を伴い激しく降る所がある見込みです。
山形地方気象台,2022-06-27T16:47:00+09:00,山形県,,北日本は気圧の谷となっています。  山形県は、雨や雷雨となっています。  ２７日夜は、気圧の谷や湿った空気の影響により、雨で、雷を伴い激しく降る所があるでしょう。  ２８日は、気圧の谷や湿った空気の影響により、曇りや雨で、雷を伴い激しく降る所がある見込みです。
山形地方気象台,2022-06-28T04:59:00+09:00,山形県,,低気圧が中国東北区にあって、前線が日本海へのびています。一方、高気圧が西日本から東日本へ張り出しています。  山形県は、曇りで雨の降っている所があります。  ２８日は、前線や湿った空気の影響により、曇りや雨で、雷を伴う所があるでしょう。  ２９日は、高気圧に覆われて、晴れや曇りの見込みです。
山形地方気象台,2022-06-28T10:35:00+09:00,山形県,,低気圧が中国東北区にあって、前線が日本海へのびています。一方、高気圧が西日本から東日本へ張り出しています。  山形県は、曇りで、雨の降っている所があります。  ２８日は、前線や湿った空気の影響により、曇りや晴れで、夕方にかけて雨や雷雨となる所があるでしょう。  ２９日は、高気圧に覆われて、晴れや曇りですが、湿った空気の影響により、朝から昼前にかけて雨の降る所がある見込みです。
山形地方気象台,2022-06-28T16:40:00+09:00,山形県,,低気圧が中国東北区にあって、前線が北日本へのびています。一方、高気圧が西日本から東日本へ張り出しています。  山形県は、晴れや曇りとなっています。  ２８日夜は、高気圧に覆われるため、晴れや曇りでしょう。  ２９日は、高気圧に覆われて、晴れや曇りですが、湿った空気の影響により、朝から雨の降る所がある見込みです。
山形地方気象台,2022-06-29T04:44:00+09:00,山形県,,低気圧が日本海北部にあって、前線が北日本へのびています。一方、高気圧が西日本から東日本へ張り出しています。  山形県は、曇りとなっています。  ２９日は、高気圧に覆われるため、晴れや曇りでしょう。  ３０日は、前線や湿った空気の影響により、曇りで、庄内や最上を中心に雨が降りますが、村山や置賜では、晴れる所もある見込みです。
山形地方気象台,2022-06-29T10:36:00+09:00,山形県,,前線が日本海から北海道にのびています。一方、高気圧が本州付近に張り出しています。  山形県は、晴れや曇りとなっています。  ２９日は、高気圧に覆われるため、晴れや曇りでしょう。  ３０日は、前線や湿った空気の影響により、曇りで、庄内や最上を中心に雨が降りますが、村山や置賜では、晴れる所もある見込みです。
山形地方気象台,2022-06-29T16:39:00+09:00,山形県,,前線が日本海から北海道にのびています。一方、高気圧が本州付近に張り出しています。  山形県は、晴れや曇りとなっています。  ２９日夜は、高気圧に覆われるため、晴れや曇りですが、前線や湿った空気の影響により、雨の降る所があるでしょう。  ３０日は、前線や湿った空気の影響により、曇りで、庄内や最上を中心に雨が降りますが、村山や置賜では、晴れる所もある見込みです。
山形地方気象台,2022-06-30T04:36:00+09:00,山形県,,前線が日本海から北海道付近にのびています。一方、高気圧が本州付近に張り出しています。  山形県は、曇りや雨となっています。  ３０日は、前線や湿った空気の影響により、曇りで、庄内や最上を中心に雨の降る所が多い見込みです。村山や置賜では、晴れる所もあるでしょう。  ７月１日は、前線や湿った空気の影響により、曇りで、庄内や最上を中心に雨の降る所が多いですが、次第に高気圧に覆われるため、午後は晴れる所もある見込みです。
山形地方気象台,2022-06-30T10:33:00+09:00,山形県,,前線が東北北部に停滞しています。一方、高気圧が本州付近に張り出しています。  山形県は、曇りや晴れで、雨の降っている所があります。  ３０日は、前線や湿った空気の影響により、曇りや晴れで、雨の降る所があるでしょう。  ７月１日は、前線や湿った空気の影響により、曇りで、庄内や最上を中心に雨の降る所が多いですが、次第に高気圧に覆われるため、午後は晴れる見込みです。
山形地方気象台,2022-06-30T16:33:00+09:00,山形県,,前線が東北北部に停滞しています。一方、高気圧が本州付近に張り出しています。  山形県は、曇りや晴れで、雨の降っている所があります。  ３０日夜は、前線や湿った空気の影響により、曇りや晴れで、雨の降る所があるでしょう。  ７月１日は、前線や湿った空気の影響により、曇りや雨で、次第に高気圧に覆われるため、午後は時々晴れる見込みです。
