publishingOffice,reportDatetime,targetArea,headlineText,text
甲府地方気象台,2022-01-01T04:37:00+09:00,山梨県,,　日本付近は、冬型の気圧配置となっています。  　山梨県は、晴れています。  　１日は、冬型の気圧配置は次第に緩む見込みです。このため、晴れるでしょう。  　２日は、日本の南の高気圧に覆われますが、関東の南の気圧の谷の影響を受ける見込みです。このため、晴れますが、東部・富士五湖では明け方から朝にかけて曇りとなるでしょう。
甲府地方気象台,2022-01-01T10:34:00+09:00,山梨県,,　日本付近は、冬型の気圧配置となっています。  　山梨県は、晴れています。  　１日は、冬型の気圧配置は次第に緩む見込みです。このため、晴れるでしょう。  　２日は、日本の南の高気圧に覆われますが、関東沿岸の気圧の谷の影響を受ける見込みです。このため、晴れますが、東部・富士五湖では明け方から朝にかけて曇りとなるでしょう。
甲府地方気象台,2022-01-01T16:34:00+09:00,山梨県,,　日本付近は、冬型の気圧配置となっています。  　山梨県は、晴れています。  　１日は、冬型の気圧配置は次第に緩む見込みです。このため、晴れるでしょう。  　２日は、日本の南の高気圧に覆われますが、関東沿岸の気圧の谷の影響を受ける見込みです。このため、晴れますが、東部・富士五湖では明け方から朝にかけて曇りとなるでしょう。
甲府地方気象台,2022-01-02T04:34:00+09:00,山梨県,,　東日本は、東シナ海の高気圧に緩やかに覆われています。  　山梨県は、晴れや曇りとなっています。  　２日は、日本の南の高気圧に覆われますが、気圧の谷の影響を受ける見込みです。このため、中・西部では晴れますが、東部・富士五湖では、曇りで昼前から晴れるでしょう。  　３日は、高気圧に緩やかに覆われるため、晴れる見込みです。
甲府地方気象台,2022-01-02T10:40:00+09:00,山梨県,,　西日本から東日本は、高気圧に緩やかに覆われています。  　山梨県は、晴れています。  　２日は、日本の南の高気圧に覆われるため、晴れるでしょう。  　３日も、高気圧に緩やかに覆われるため、晴れる見込みです。
甲府地方気象台,2022-01-02T16:37:00+09:00,山梨県,,　日本の南に高気圧があって、東南東へ移動しています。一方、寒冷前線が日本海を南下しています。  　山梨県は、晴れています。  　２日から３日にかけて、高気圧に覆われるため、晴れるでしょう。
甲府地方気象台,2022-01-03T04:37:00+09:00,山梨県,,　本州付近は、北日本中心の冬型の気圧配置となっています。  　山梨県は、晴れています。  　３日は、北日本中心の冬型の気圧配置となるため、晴れるでしょう。  　４日は、冬型の気圧配置が強まるため、晴れる見込みです。
甲府地方気象台,2022-01-03T10:35:00+09:00,山梨県,,　本州付近は、北日本中心の冬型の気圧配置となっています。  　山梨県は、晴れています。  　３日は、北日本中心の冬型の気圧配置となるため、晴れるでしょう。  　４日は、冬型の気圧配置が強まるため、晴れる見込みです。
甲府地方気象台,2022-01-03T16:35:00+09:00,山梨県,,　北日本中心の冬型の気圧配置となっています。  　山梨県は、晴れています。  　３日は、北日本中心の冬型の気圧配置となるため、晴れるでしょう。  　４日は、冬型の気圧配置が強まるため、晴れる見込みです。
甲府地方気象台,2022-01-04T04:47:00+09:00,山梨県,,　日本付近は、冬型の気圧配置となっています。  　山梨県は、おおむね晴れています。  　４日は、冬型の気圧配置が強まるため、晴れるでしょう。  　５日は、冬型の気圧配置は次第に緩みますが、伊豆諸島付近は気圧の谷となる見込みです。このため、晴れで、夜は曇りとなるでしょう。
甲府地方気象台,2022-01-04T10:33:00+09:00,山梨県,,　日本付近は、冬型の気圧配置となっています。  　山梨県は、おおむね晴れています。  　４日は、冬型の気圧配置が強まるため、晴れるでしょう。  　５日は、冬型の気圧配置は次第に緩み、伊豆諸島付近は気圧の谷となる見込みです。このため、晴れで夜は曇りとなるでしょう。
甲府地方気象台,2022-01-04T16:32:00+09:00,山梨県,,　日本付近は、冬型の気圧配置となっています。  　山梨県は、おおむね晴れています。  　４日は、冬型の気圧配置のため、晴れるでしょう。  　５日は、冬型の気圧配置となり晴れますが、湿った空気の影響により、夜は曇りとなる見込みです。
甲府地方気象台,2022-01-05T04:40:00+09:00,山梨県,,　日本付近は、冬型の気圧配置となっています。  　山梨県は、晴れています。  　５日は、冬型の気圧配置は次第に緩みますが、気圧の谷や湿った空気の影響を受けるため、晴れで、夜は曇りとなるでしょう。  　６日は、高気圧に緩やかに覆われますが、湿った空気や寒気の影響を受けるため、曇りで、夜は晴れる見込みです。
甲府地方気象台,2022-01-05T10:32:00+09:00,山梨県,,　日本付近は、冬型の気圧配置となっています。  　山梨県は、晴れています。  　５日は、冬型の気圧配置は次第に緩みますが、気圧の谷や湿った空気の影響を受けるため、晴れで夜は曇りとなるでしょう。  　６日は、高気圧に緩やかに覆われますが、湿った空気や寒気の影響を受けるため、曇りで夜は晴れる見込みです。
甲府地方気象台,2022-01-05T16:32:00+09:00,山梨県,,　日本付近は、冬型の気圧配置となっています。  　山梨県は、晴れています。  　５日は、冬型の気圧配置が次第に緩みますが、気圧の谷や湿った空気の影響を受けるため、晴れで夜は曇りとなるでしょう。  　６日は、高気圧に緩やかに覆われますが、湿った空気や寒気の影響を受ける見込みです。このため、中・西部では、曇り時々晴れで昼前から夕方は雪や雨の降る所があるでしょう。東部・富士五湖では、曇りで昼前から夕方は雪の降る所がある見込みです。
甲府地方気象台,2022-01-06T04:43:00+09:00,山梨県,,　大陸の高気圧が、日本付近へ張り出しています。一方、東シナ海には前線を伴った低気圧があって、東へ進んでいます。  　山梨県は、曇りや晴れとなっています。  　６日は、高気圧に緩やかに覆われますが、日本の南を東へ進む低気圧の影響により、曇りで昼前から夕方にかけて雪や雨の降る所があるでしょう。  　７日は、次第に冬型の気圧配置となるため、晴れる見込みです。
甲府地方気象台,2022-01-06T10:49:00+09:00,山梨県,,　日本の南に前線を伴った低気圧があって、東へ進んでいます。  　山梨県は、曇りで、雪や雨の降っている所があります。  　６日は、日本の南を東へ進む低気圧の影響により、曇りで夕方にかけて雪や雨の降る所があるでしょう。  　７日は、次第に冬型の気圧配置となるため、晴れる見込みです。
甲府地方気象台,2022-01-06T16:38:00+09:00,山梨県,,　日本の南に前線を伴った低気圧があって、東へ進んでいます。  　山梨県は、曇りで、雪の降っている所があります。  　６日は、日本の南を東へ進む低気圧の影響により、曇りで、東部・富士五湖では夕方まで雪の降る所があるでしょう。夜には次第に晴れる見込みです。  　７日は、次第に冬型の気圧配置となるため、晴れますが、東部・富士五湖では夜は曇りとなるでしょう。
甲府地方気象台,2022-01-07T04:33:00+09:00,山梨県,,　日本の東には前線を伴った低気圧があって、東北東へ進んでいます。一方、大陸から高気圧が西日本へ張り出しています。  　山梨県は、おおむね晴れています。  　７日は、冬型の気圧配置となるため晴れますが、湿った空気の影響により、東部・富士五湖では、夜は曇りとなるでしょう。  　８日は、緩やかに高気圧に覆われて晴れますが、気圧の谷や湿った空気の影響を受けるため、東部・富士五湖では、時々曇りとなる見込みです。
甲府地方気象台,2022-01-07T10:42:00+09:00,山梨県,,　日本付近は、冬型の気圧配置となっています。また、伊豆諸島付近は気圧の谷となっています。  　山梨県は、晴れています。  　７日は、冬型の気圧配置は次第に緩むでしょう。このため、晴れますが、東部・富士五湖では、湿った空気の影響で夜は曇りとなるでしょう。  　８日は、緩やかに高気圧に覆われて晴れますが、気圧の谷や湿った空気の影響を受けるため、東部・富士五湖では、時々曇りとなる見込みです。
甲府地方気象台,2022-01-07T16:40:00+09:00,山梨県,,　北日本中心の冬型の気圧配置となっています。また、伊豆諸島付近は気圧の谷となっています。  　山梨県は、晴れています。  　７日は、冬型の気圧配置は次第に緩み、高気圧に覆われるでしょう。このため、晴れますが、東部・富士五湖では、湿った空気の影響で夜遅くは曇りとなるでしょう。  　８日は、緩やかに高気圧に覆われますが、気圧の谷や湿った空気の影響を受ける見込みです。このため、中・西部では晴れとなり、東部・富士五湖では曇りで昼前から時々晴れとなるでしょう。
甲府地方気象台,2022-01-08T04:46:00+09:00,山梨県,,　西日本から東日本は高気圧に覆われています。また、伊豆諸島付近は気圧の谷となっています。  　山梨県は、晴れまたは曇りとなっています。  　８日は、高気圧に覆われますが、気圧の谷や湿った空気の影響を受ける見込みです。このため、中・西部では晴れとなり、東部・富士五湖では晴れ時々曇りとなるでしょう。  　９日は、高気圧に緩やかに覆われますが、気圧の谷や伊豆諸島付近へ進む低気圧の影響を受ける見込みです。このため、晴れで夕方から曇りとなるでしょう。
甲府地方気象台,2022-01-08T10:36:00+09:00,山梨県,,　西日本から東日本は高気圧に覆われています。また、伊豆諸島付近は気圧の谷となっています。  　山梨県は、晴れています。  　８日は、高気圧に覆われるため、晴れるでしょう。  　９日は、高気圧に緩やかに覆われますが、北日本を前線が通過し、夜は低気圧が伊豆諸島付近へ進んで、湿った空気の影響を受ける見込みです。このため、晴れで夕方から曇りとなるでしょう。
甲府地方気象台,2022-01-08T16:35:00+09:00,山梨県,,　西日本から東日本は高気圧に覆われています。また、伊豆諸島付近は気圧の谷となっています。  　山梨県は、おおむね晴れています。  　８日は、高気圧に覆われるため晴れますが、気圧の谷や湿った空気の影響を受けるため、夜のはじめ頃は曇りとなるでしょう。  　９日は、高気圧に緩やかに覆われますが、北日本を前線が通過し、夜は低気圧が伊豆諸島付近へ進むため、湿った空気の影響を受ける見込みです。このため、晴れで夕方から曇りとなるでしょう。
甲府地方気象台,2022-01-09T04:46:00+09:00,山梨県,,　日本の東に高気圧があって、東へ移動しています。一方、千島近海に低気圧があって東へ進んでおり、低気圧からのびる寒冷前線が北日本を通過しています。また、日本の南に低気圧があって、東へ進んでいます。  　山梨県は、晴れています。  　９日は、高気圧に覆われるため晴れますが、日本の南を低気圧が東へ進むため、夕方から曇りとなるでしょう。  　１０日は、日本海から三陸沖へ移動する高気圧に覆われますが、湿った空気の影響を受けるでしょう。このため、中・西部では晴れで朝晩は曇りとなり、東部・富士五湖では曇りで昼前から夕方は晴れとなる見込みです。
甲府地方気象台,2022-01-09T10:39:00+09:00,山梨県,,　東日本は、日本のはるか東の高気圧に緩やかに覆われています。一方、千島近海には低気圧があって東へ進んでおり、低気圧からのびる寒冷前線が北日本を通過しています。また、日本の南には低気圧があって、東へ進んでいます。  　山梨県は、晴れています。  　９日は、高気圧に覆われるため晴れますが、日本の南を低気圧が東へ進むため、夕方から曇りとなるでしょう。  　１０日は、日本海から三陸沖へ移動する高気圧に覆われますが、湿った空気の影響を受ける見込みです。このため、中・西部は晴れで朝晩は曇りとなり、東部・富士五湖は曇りで昼前から夕方は晴れるでしょう。
甲府地方気象台,2022-01-09T16:35:00+09:00,山梨県,,　東日本は、日本のはるか東の高気圧に緩やかに覆われています。一方、日本の南には低気圧があって、東へ進んでいます。  　山梨県は、薄曇りとなっています。  　９日は、日本の南を低気圧が東へ進むため、曇りとなるでしょう。  　１０日は、日本海から三陸沖へ移動する高気圧に覆われますが、湿った空気の影響を受ける見込みです。このため、中・西部は晴れで朝晩は曇りとなり、東部・富士五湖は曇りで昼前から夕方は晴れるでしょう。
甲府地方気象台,2022-01-10T04:37:00+09:00,山梨県,,　大陸の高気圧が、西日本から東日本へ張り出しています。一方、日本の南には低気圧があって、東北東へ進んでいます。  　山梨県は、曇りや晴れとなっています。  　１０日は、高気圧に緩やかに覆われますが、気圧の谷や湿った空気の影響を受けるでしょう。このため、中・西部では晴れで朝晩は曇りとなり、東部・富士五湖では曇りで昼前から夕方は晴れとなる見込みです。  　１１日は、日本海と本州南岸で発生した低気圧が、急速に発達しながら北東へ進むでしょう。このため、曇り時々雨か雪となる見込みです。
甲府地方気象台,2022-01-10T10:33:00+09:00,山梨県,,　大陸の高気圧が、西日本から東日本へ張り出しています。一方、日本の東には低気圧があって、東北東へ進んでいます。  　山梨県は、晴れや曇りとなっています。  　１０日は、高気圧に緩やかに覆われますが、気圧の谷や湿った空気の影響を受ける見込みです。このため、中・西部では、晴れで夜は曇りとなり、東部・富士五湖では、曇りで昼過ぎから夕方は晴れとなるでしょう。  　１１日は、日本海と本州南岸で発生した低気圧が、急速に発達しながら北東へ進む見込みです。このため、曇り時々雨か雪となるでしょう。
甲府地方気象台,2022-01-10T16:35:00+09:00,山梨県,,　大陸の高気圧が、本州付近へ張り出しています。一方、関東地方の南海上は気圧の谷となっています。  　山梨県は、晴れや曇りとなっています。  　１０日は、高気圧に緩やかに覆われますが、気圧の谷や湿った空気の影響を受ける見込みです。このため、中・西部では、晴れで夜曇りとなり、東部・富士五湖では、曇りとなるでしょう。  　１１日は、日本海と日本の南で発生した低気圧が、急速に発達しながら北東へ進む見込みです。このため、雨か雪で夕方から曇りとなるでしょう。
甲府地方気象台,2022-01-11T04:52:00+09:00,山梨県,,　日本海には前線を伴った低気圧があって、東へ進んでいます。また、東海道沖から伊豆諸島付近は気圧の谷となっています。  　山梨県は、曇りで、雨や雪の降っている所があります。  　１１日は、日本海の低気圧と日本の南に発生する低気圧が、急速に発達しながら北東へ進む見込みです。このため、曇りで、朝から昼過ぎにかけて雨や雪となるでしょう。  　１２日は、冬型の気圧配置が強まるため、晴れる見込みです。
甲府地方気象台,2022-01-11T10:39:00+09:00,山梨県,,　日本海と紀伊半島沖には前線を伴った低気圧があって、東北東へ進んでいます。また、関東地方沿岸は気圧の谷となっています。  　山梨県は、雨や曇りとなっています。  　１１日は、日本海と本州南岸の低気圧が、急速に発達しながら北東へ進む見込みです。このため、雨や雪で、夜にはおおむね曇りとなるでしょう。  　１２日は、冬型の気圧配置が強まるため、晴れる見込みです。
甲府地方気象台,2022-01-11T16:33:00+09:00,山梨県,,　日本海北部と関東の東には前線を伴った低気圧があって、北東へ進んでいます。  　山梨県は、おおむね雨となっています。  　１１日は、低気圧は急速に発達しながら北日本へ進み、本州付近は次第に冬型の気圧配置となる見込みです。このため、雨や雪で、夜はおおむね曇りとなるでしょう。  　１２日は、冬型の気圧配置が強まるため、晴れる見込みです。
甲府地方気象台,2022-01-12T04:34:00+09:00,山梨県,,　日本付近は冬型の気圧配置となっています。  　山梨県は、晴れや曇りとなっています。  　１２日は、冬型の気圧配置が強まるため、晴れるでしょう。  　１３日は、冬型の気圧配置が続きますが、気圧の谷や湿った空気の影響を受けるため、晴れ時々曇りとなる見込みです。
甲府地方気象台,2022-01-12T10:40:00+09:00,山梨県,,　日本付近は強い冬型の気圧配置となっています。  　山梨県は、晴れています。  　１２日は、強い冬型の気圧配置が続き、晴れるでしょう。  　１３日は、冬型の気圧配置が続き、午後は上空に強い寒気が流れ込む見込みです。このため、晴れ時々曇りとなる見込みです。
甲府地方気象台,2022-01-12T16:34:00+09:00,山梨県,,　日本付近は冬型の気圧配置となっています。  　山梨県は、晴れています。  　１２日は、冬型の気圧配置が続き、晴れるでしょう。  　１３日は、冬型の気圧配置が続き、午後は上空に強い寒気が流れ込む見込みです。このため、晴れ時々曇りとなる見込みです。
甲府地方気象台,2022-01-13T04:50:00+09:00,山梨県,,　日本付近は冬型の気圧配置となっています。  　山梨県は、おおむね曇りとなっています。  　１３日は、午後から上空に強い寒気が流れ込み、冬型の気圧配置が強まるため、晴れ時々曇りとなるでしょう。  　１４日は、強い冬型の気圧配置となるため、晴れる見込みです。
甲府地方気象台,2022-01-13T10:41:00+09:00,山梨県,,　日本付近は冬型の気圧配置となっています。  　山梨県は、おおむね晴れています。  　１３日は、午後から上空に強い寒気が流れ込み、冬型の気圧配置が強まる見込みです。このため、晴れ時々曇りとなり、中・西部では夕方から雪の降る所があるでしょう。  　１４日は、強い冬型の気圧配置となるため、晴れる見込みです。
甲府地方気象台,2022-01-13T16:36:00+09:00,山梨県,,　日本付近は冬型の気圧配置となっています。  　山梨県は、晴れや曇りで、弱い雪の降っている所があります。  　１３日は、上空に強い寒気が流れ込み、冬型の気圧配置が強まる見込みです。このため、晴れで夜は曇りとなり、中・西部では雪の降る所があるでしょう。  　１４日は、強い冬型の気圧配置のため、晴れる見込みです。
甲府地方気象台,2022-01-14T04:40:00+09:00,山梨県,,　日本付近は、強い冬型の気圧配置となっています。  　山梨県は、おおむね晴れています。  　１４日は、強い冬型の気圧配置が続くため、晴れるでしょう。  　１５日は、冬型の気圧配置は次第に緩み、高気圧に覆われますが、気圧の谷の影響を受けるため、晴れで昼過ぎから時々曇りとなる見込みです。
甲府地方気象台,2022-01-14T10:34:00+09:00,山梨県,,　日本付近は、強い冬型の気圧配置となっています。  　山梨県は、晴れています。  　１４日は、強い冬型の気圧配置が続くため、晴れるでしょう。  　１５日は、冬型の気圧配置は次第に緩み、高気圧に覆われますが、気圧の谷の影響を受けるため、晴れで昼過ぎから時々曇りとなる見込みです。
甲府地方気象台,2022-01-14T16:35:00+09:00,山梨県,,　日本付近は、冬型の気圧配置となっています。  　山梨県は、晴れています。  　１４日は、冬型の気圧配置が続くため、晴れるでしょう。  　１５日は、冬型の気圧配置は次第に緩み、高気圧に覆われますが、気圧の谷の影響を受けるため、晴れで昼前から時々曇りとなる見込みです。
甲府地方気象台,2022-01-15T04:38:00+09:00,山梨県,,　日本付近は、冬型の気圧配置となっています。  　山梨県は、晴れています。  　１５日は、冬型の気圧配置は次第に緩み、高気圧に覆われますが、気圧の谷の影響を受けるため、晴れで昼過ぎから時々曇りとなるでしょう。  　１６日は、高気圧に緩やかに覆われるため、晴れるでしょう。
甲府地方気象台,2022-01-15T10:32:00+09:00,山梨県,,　東日本から西日本は華中に中心を持つ高気圧に覆われています。  　山梨県は、晴れや曇りとなっています。  　１５日は、高気圧に覆われますが、気圧の谷の影響により、曇り時々晴れとなるでしょう。  　１６日は、高気圧に緩やかに覆われるため、晴れる見込みです。
甲府地方気象台,2022-01-15T16:32:00+09:00,山梨県,,　本州付近は華中に中心を持つ高気圧に覆われています。  　山梨県は、晴れや曇りとなっています。  　１５日は、高気圧に覆われますが、気圧の谷の影響を受ける見込みです。このため、晴れ時々曇りとなるでしょう。  　１６日は、高気圧に緩やかに覆われるため、晴れる見込みです。
甲府地方気象台,2022-01-16T04:39:00+09:00,山梨県,,　本州付近は、大陸から張り出す高気圧に緩やかに覆われています。一方、日本海には低気圧があって東に進んでいます。  　山梨県は、おおむね晴れています。  　１６日は、高気圧に緩やかに覆われるため、晴れるでしょう。  　１７日は、冬型の気圧配置となるため、晴れる見込みです。
甲府地方気象台,2022-01-16T10:36:00+09:00,山梨県,,　西日本から東日本は、高気圧に緩やかに覆われています。一方、日本海には前線を伴った低気圧があって東北東に進んでいます。  　山梨県は、晴れています。  　１６日は、高気圧に緩やかに覆われるため、晴れるでしょう。  　１７日は、冬型の気圧配置となるため、晴れる見込みです。
甲府地方気象台,2022-01-16T16:36:00+09:00,山梨県,,　東日本は、高気圧に緩やかに覆われています。一方、日本海には前線を伴った低気圧があって北東に進んでいます。  　山梨県は、晴れています。  　１６日は、高気圧に緩やかに覆われるため、晴れるでしょう。  　１７日は、冬型の気圧配置となるため、おおむね晴れる見込みです。
甲府地方気象台,2022-01-17T04:33:00+09:00,山梨県,,　日本付近は冬型の気圧配置となっています。  　山梨県は、おおむね晴れています。  　１７日は、冬型の気圧配置となるため、おおむね晴れるでしょう。  　１８日は、冬型の気圧配置が強まるため晴れますが、気圧の谷や湿った空気の影響により、明け方から朝は曇りとなる見込みです。
甲府地方気象台,2022-01-17T10:36:00+09:00,山梨県,,　日本付近は冬型の気圧配置となっています。  　山梨県は、薄曇りとなっています。  　１７日は、冬型の気圧配置となるため、おおむね晴れるでしょう。  　１８日は、冬型の気圧配置が強まるため晴れますが、気圧の谷や湿った空気の影響により、明け方から朝は中・西部では雲が広がりやすいでしょう。
甲府地方気象台,2022-01-17T16:34:00+09:00,山梨県,,　日本付近は冬型の気圧配置となっています。  　山梨県は、おおむね晴れています。  　１７日は、冬型の気圧配置となるため、晴れるでしょう。  　１８日は、冬型の気圧配置が強まるため、おおむね晴れる見込みです。
甲府地方気象台,2022-01-18T04:49:00+09:00,山梨県,,　日本付近は冬型の気圧配置が強まっています。  　山梨県は、おおむね晴れています。  　１８日は、強い冬型の気圧配置となるため、晴れるでしょう。  　１９日は、冬型の気圧配置が続きますが、気圧の谷や湿った空気の影響を受けるため、晴れで昼過ぎから時々曇りとなる見込みです。
甲府地方気象台,2022-01-18T10:35:00+09:00,山梨県,,　日本付近は強い冬型の気圧配置となっています。また、伊豆諸島付近は気圧の谷となっています。  　山梨県は、晴れています。  　１８日は、強い冬型の気圧配置のため、晴れるでしょう。  　１９日は、冬型の気圧配置が続き、気圧の谷や湿った空気の影響を受けるため、晴れで昼過ぎから時々曇りとなる見込みです。
甲府地方気象台,2022-01-18T16:34:00+09:00,山梨県,,　日本付近は冬型の気圧配置となっています。また、伊豆諸島付近は気圧の谷となっています。  　山梨県は、晴れています。  　１８日は、冬型の気圧配置のため、晴れるでしょう。  　１９日は、冬型の気圧配置が続き、気圧の谷や湿った空気の影響を受けるため、晴れで昼前から時々曇りとなる見込みです。
甲府地方気象台,2022-01-19T04:38:00+09:00,山梨県,,　日本付近は冬型の気圧配置となっています。また、伊豆諸島付近は気圧の谷となっています。  　山梨県は、晴れています。  　１９日は、冬型の気圧配置は次第に緩み、大陸から日本の南に張り出す高気圧に覆われますが、気圧の谷や湿った空気の影響を受ける見込みです。このため、晴れ時々曇りとなるでしょう。  　２０日は、冬型の気圧配置が次第に強まりますが、気圧の谷や湿った空気の影響も受ける見込みです。このため、晴れ時々曇りとなるでしょう。
甲府地方気象台,2022-01-19T10:36:00+09:00,山梨県,,　西日本から東日本は、冬型の気圧配置が緩んできました。また、伊豆諸島付近は気圧の谷となっています。  　山梨県は、おおむね晴れています。  　１９日は、冬型の気圧配置は緩みますが、気圧の谷や湿った空気の影響を受けるため、晴れ時々曇りとなるでしょう。  　２０日は、冬型の気圧配置が次第に強まりますが、気圧の谷や湿った空気の影響を受けるため、晴れ時々曇りとなる見込みです。
甲府地方気象台,2022-01-19T16:34:00+09:00,山梨県,,　西日本から東日本は、冬型の気圧配置が緩んでいます。また、伊豆諸島付近は気圧の谷となっています。  　山梨県は、晴れや曇りとなっています。  　１９日は、冬型の気圧配置は緩みますが、気圧の谷や湿った空気の影響を受けるため、晴れで夜のはじめ頃は曇りとなるでしょう。  　２０日は、冬型の気圧配置が次第に強まりますが、気圧の谷や湿った空気の影響を受けるため、晴れ時々曇りとなる見込みです。
甲府地方気象台,2022-01-20T04:40:00+09:00,山梨県,,　日本付近は、冬型の気圧配置となっています。また、伊豆諸島付近は気圧の谷となっています。  　山梨県は、おおむね晴れています。  　２０日は、冬型の気圧配置が次第に強まりますが、気圧の谷や湿った空気の影響を受けるため、晴れ時々曇りとなるでしょう。  　２１日は、冬型の気圧配置が続くため、晴れる見込みです。
甲府地方気象台,2022-01-20T10:36:00+09:00,山梨県,,　日本付近は、冬型の気圧配置となっています。また、伊豆諸島付近は気圧の谷となっています。  　山梨県は、おおむね晴れています。  　２０日は、冬型の気圧配置が強まりますが、気圧の谷や湿った空気の影響を受けるため、晴れ時々曇りで、昼過ぎから夕方は雪の降る所があるでしょう。  　２１日は、冬型の気圧配置が続くため、晴れる見込みです。
甲府地方気象台,2022-01-20T16:35:00+09:00,山梨県,,　日本付近は冬型の気圧配置となっています。また、関東の東海上や伊豆諸島付近は気圧の谷となっています。  　山梨県は、おおむね晴れています。  　２０日は、冬型の気圧配置が強まるため、おおむね晴れるでしょう。  　２１日は、冬型の気圧配置が続くため、晴れる見込みです。
甲府地方気象台,2022-01-21T04:36:00+09:00,山梨県,,　日本付近は、冬型の気圧配置となっています。また、伊豆諸島付近は気圧の谷となっています。  　山梨県は、晴れています。  　２１日は、冬型の気圧配置が続くため、晴れるでしょう。  　２２日は、冬型の気圧配置が次第に緩み、高気圧に覆われるため晴れますが、気圧の谷や湿った空気の影響により、東部・富士五湖では夜は曇りとなる見込みです。
甲府地方気象台,2022-01-21T10:34:00+09:00,山梨県,,　日本付近は、冬型の気圧配置となっています。また、伊豆諸島付近は気圧の谷となっています。  　山梨県は、晴れています。  　２１日は、冬型の気圧配置が続くため、晴れるでしょう。  　２２日は、冬型の気圧配置が次第に緩み、高気圧に覆われるため晴れますが、気圧の谷や湿った空気の影響により、東部・富士五湖では夜は曇りとなる見込みです。
甲府地方気象台,2022-01-21T16:34:00+09:00,山梨県,,　日本付近は、冬型の気圧配置となっています。また、伊豆諸島付近は気圧の谷となっています。  　山梨県は、晴れています。  　２１日は、冬型の気圧配置が続くため、晴れるでしょう。  　２２日は、冬型の気圧配置が次第に緩み、高気圧に覆われるため晴れますが、気圧の谷や湿った空気の影響により、東部・富士五湖では夜は曇りとなる見込みです。
甲府地方気象台,2022-01-22T04:37:00+09:00,山梨県,,　日本付近は冬型の気圧配置となっています。また、伊豆諸島付近は気圧の谷となっています。  　山梨県は、晴れています。  　２２日は、冬型の気圧配置は次第に緩み、高気圧に覆われるため晴れますが、気圧の谷や湿った空気の影響を受けるため、東部・富士五湖では夜は曇りとなるでしょう。  　２３日は、緩やかに高気圧に覆われますが、関東の南東海上には低気圧が発生し、東へ進む見込みです。このため、晴れ時々曇りとなるでしょう。
甲府地方気象台,2022-01-22T10:37:00+09:00,山梨県,,　本州付近は、高気圧に覆われています。一方、伊豆諸島付近は気圧の谷となっています。  　山梨県は、晴れています。  　２２日は、高気圧に覆われるため晴れますが、気圧の谷や湿った空気の影響を受けるため、東部・富士五湖では夜は曇りとなるでしょう。  　２３日は、緩やかに高気圧に覆われますが、関東の南東海上で低気圧が発生して東へ進み、午後は伊豆諸島付近は気圧の谷となる見込みです。このため、晴れ時々曇りとなるでしょう。
甲府地方気象台,2022-01-22T16:35:00+09:00,山梨県,,　本州付近は、西日本に中心を持つ高気圧に覆われています。一方、伊豆諸島付近は気圧の谷となっています。  　山梨県は、晴れています。  　２２日は、高気圧に覆われるため晴れますが、気圧の谷や湿った空気の影響を受けるため、東部・富士五湖では夜は雲が広がりやすいでしょう。  　２３日は、緩やかに高気圧に覆われますが、伊豆諸島付近は気圧の谷となる見込みです。このため、晴れで昼過ぎから曇りとなるでしょう。
甲府地方気象台,2022-01-23T04:59:00+09:00,山梨県,,　東日本は、高気圧に緩やかに覆われています。一方、関東地方沿岸は気圧の谷となっています。  　山梨県は、おおむね晴れています。  　２３日は、緩やかに高気圧に覆われますが、気圧の谷や湿った空気の影響を受ける見込みです。このため、晴れ昼前から曇りで、夜遅く雪か雨となるでしょう。  　２４日は、高気圧に覆われますが、気圧の谷や湿った空気の影響を受ける見込みです。このため、晴れ明け方まで曇りで、未明は雨か雪となるでしょう。
甲府地方気象台,2022-01-23T10:40:00+09:00,山梨県,,　東日本は、高気圧に緩やかに覆われています。一方、伊豆諸島付近は気圧の谷となっています。  　山梨県は、薄曇りとなっています。  　２３日は、緩やかに高気圧に覆われますが、気圧の谷や湿った空気の影響を受ける見込みです。このため、曇りで、夜遅くは雪か雨となるでしょう。  　２４日は、高気圧に覆われますが、気圧の谷や湿った空気の影響を受ける見込みです。このため、晴れ明け方まで曇りで、未明は雪か雨の降る所があるでしょう。
甲府地方気象台,2022-01-23T16:38:00+09:00,山梨県,,　前線が華中から九州の南へのびています。また、伊豆諸島付近は気圧の谷となっています。  　山梨県は、曇りとなっています。  　２３日は、気圧の谷や湿った空気の影響を受ける見込みです。このため、曇りで、夜遅くは雪か雨となるでしょう。  　２４日は、高気圧に覆われますが、気圧の谷や湿った空気の影響を受ける見込みです。このため、曇りで未明は雪か雨の降る所がありますが、昼前から晴れるでしょう。
甲府地方気象台,2022-01-24T04:40:00+09:00,山梨県,,　前線が東シナ海から九州の南を通って伊豆諸島付近にのびており、前線上の紀伊半島の南には低気圧があって、東へ進んでいます。  　山梨県は、曇りとなっています。  　２４日は、伊豆諸島付近を低気圧が通過し、大陸の高気圧が次第に本州付近に張り出す見込みです。このため、曇りで、昼前から晴れるでしょう。  　２５日は、高気圧に覆われますが、気圧の谷や湿った空気の影響により、中・西部では晴れ時々曇り、東部・富士五湖では曇りで昼過ぎまで時々晴れとなる見込みです。
甲府地方気象台,2022-01-24T10:35:00+09:00,山梨県,,　前線が日本の南にあり、前線上の伊豆諸島南部付近には低気圧があって、東へ進んでいます。  　山梨県は、薄曇りとなっています。  　２４日は、低気圧や前線が日本の南東海上を進み、大陸の高気圧が次第に本州付近へ張り出す見込みです。このため、曇りで、昼過ぎから晴れるでしょう。  　２５日は、高気圧に覆われますが、気圧の谷や湿った空気の影響により、中・西部は晴れ時々曇り、東部・富士五湖は曇りで昼過ぎまで時々晴れとなる見込みです。
甲府地方気象台,2022-01-24T16:37:00+09:00,山梨県,,　大陸の高気圧が日本付近へ張り出しています。  　山梨県は、晴れています。  　２４日は、高気圧に覆われるため、晴れるでしょう。  　２５日は、高気圧に覆われますが、気圧の谷や湿った空気の影響により、中・西部は晴れ時々曇り、東部・富士五湖は曇りで昼過ぎまで時々晴れとなる見込みです。
甲府地方気象台,2022-01-25T04:39:00+09:00,山梨県,,　大陸の高気圧が日本付近へ張り出しています。一方、東海道沖は気圧の谷となっています。  　山梨県は、おおむね晴れています。  　２５日は、高気圧に覆われ晴れますが、気圧の谷や湿った空気の影響で昼過ぎから次第に曇りとなるでしょう。  　２６日は、伊豆諸島付近を低気圧が通過し、次第に高気圧に覆われる見込みです。このため、中・西部では晴れで明け方まで曇りとなり、東部・富士五湖では曇りで昼前から晴れるでしょう。
甲府地方気象台,2022-01-25T10:39:00+09:00,山梨県,,　日本海の高気圧が本州付近を覆っています。一方、東海道沖は気圧の谷となっています。  　山梨県は、薄曇りとなっています。  　２５日は、高気圧に覆われますが、東海道沖は気圧の谷となっており、夜までに低気圧が発生する見込みです。このため、晴れで午後は次第に曇りとなり、東部・富士五湖では、夜は雪や雨の降る所があるでしょう。  　２６日は、伊豆諸島付近を低気圧が通過し、次第に高気圧に覆われる見込みです。このため、中・西部では晴れで明け方まで曇りとなり、東部・富士五湖では曇りで昼前から晴れるでしょう。
甲府地方気象台,2022-01-25T16:32:00+09:00,山梨県,,　日本海には高気圧があって東に移動しています。一方、東海道沖から伊豆諸島付近にかけては気圧の谷となっています。  　山梨県は、晴れや曇りとなっています。  　２５日は、高気圧に覆われますが、夜までに東海道沖に低気圧が発生する見込みです。このため、はじめ晴れますが、夜は曇りとなり、東部・富士五湖では、雪や雨の降る所があるでしょう。  　２６日は、朝にかけて伊豆諸島付近を低気圧が通過し、その後次第に高気圧に覆われる見込みです。このため、曇りで昼前から晴れとなるでしょう。
甲府地方気象台,2022-01-26T04:40:00+09:00,山梨県,,　伊豆諸島付近と日本海には低気圧があって、ともに東へ進んでいます。  　山梨県は、曇りとなっています。  　２６日は、伊豆諸島付近の低気圧が日本の東へ進み、次第に高気圧に覆われるため、曇りで昼前から晴れるでしょう。  　２７日は、冬型の気圧配置となるため晴れますが、湿った空気や気圧の谷の影響により夜は曇りとなる見込みです。
甲府地方気象台,2022-01-26T10:36:00+09:00,山梨県,,　関東の東と日本海には低気圧があって、ともに東へ進んでいます。  　山梨県は、晴れや曇りとなっています。  　２６日は、関東の東の低気圧が日本の東へ進み、次第に高気圧に覆われるため晴れますが、東部・富士五湖では時々曇りとなるでしょう。  　２７日は、冬型の気圧配置となるため晴れますが、湿った空気や気圧の谷の影響により夜は曇りとなる見込みです。
甲府地方気象台,2022-01-26T16:35:00+09:00,山梨県,,　日本の東と日本海には低気圧があって、ともに東へ進んでいます。一方、伊豆諸島付近は気圧の谷となっています。  　山梨県は、おおむね晴れています。  　２６日は、高気圧に緩やかに覆われ晴れますが、気圧の谷や湿った空気の影響により、東部・富士五湖では夜遅く曇りとなるでしょう。  　２７日は、冬型の気圧配置となるため晴れますが、気圧の谷や湿った空気の影響により、中・西部では夜曇り、東部・富士五湖では朝晩曇りとなる見込みです。
甲府地方気象台,2022-01-27T04:36:00+09:00,山梨県,,　大陸の高気圧が東シナ海へ張り出しています。一方、伊豆諸島付近は気圧の谷となっています。  　山梨県は、おおむね晴れています。  　２７日は、冬型の気圧配置となりますが、気圧の谷や湿った空気の影響を受ける見込みです。このため、中・西部では晴れで夜曇りとなり、東部・富士五湖では、晴れ時々曇りとなるでしょう。  　２８日は、冬型の気圧配置は緩み、気圧の谷や湿った空気の影響を受ける見込みです。このため、中・西部では、おおむね晴れますが、東部・富士五湖では、晴れ時々曇りとなるでしょう。
甲府地方気象台,2022-01-27T10:36:00+09:00,山梨県,,　日本付近は冬型の気圧配置となっています。一方、伊豆諸島付近は気圧の谷となっています。  　山梨県は、おおむね晴れています。  　２７日は、冬型の気圧配置が続きますが、気圧の谷や湿った空気の影響を受けるため、中・西部では晴れ夜曇りとなり、東部・富士五湖では晴れ夕方から曇りとなるでしょう。  　２８日は、東日本では冬型の気圧配置は緩み、気圧の谷や湿った空気の影響を受ける見込みです。このため、中・西部では、おおむね晴れますが、東部・富士五湖では、晴れ時々曇りとなるでしょう。
甲府地方気象台,2022-01-27T16:35:00+09:00,山梨県,,　北日本中心の冬型の気圧配置となっています。一方、伊豆諸島付近は気圧の谷となっています。  　山梨県は、晴れまたは曇りとなっています。  　２７日は、北日本を中心に冬型の気圧配置が続きますが、気圧の谷や湿った空気の影響を受けるため、中・西部では晴れ夜曇りで、東部・富士五湖では曇りとなるでしょう。  　２８日は、北日本を中心に冬型の気圧配置が続きますが、気圧の谷や湿った空気の影響を受けるため、中・西部では晴れで昼前まで時々曇りとなり、東部・富士五湖では曇りで昼過ぎから時々晴れる見込みです。
甲府地方気象台,2022-01-28T04:50:00+09:00,山梨県,,　日本付近は、冬型の気圧配置となっています。また、伊豆諸島付近は気圧の谷となっています。  　山梨県は、おおむね曇りとなっています。  　２８日は、冬型の気圧配置となりますが、気圧の谷や湿った空気の影響を受けるため、中・西部では曇りで昼前から晴れ、東部・富士五湖では曇りで昼過ぎから時々晴れる見込みです。  　２９日は、冬型の気圧配置が続きますが、気圧の谷や湿った空気の影響を受けるため、中・西部では晴れで昼前まで時々曇り、東部・富士五湖では曇りで昼過ぎから晴れる見込みです。
甲府地方気象台,2022-01-28T10:37:00+09:00,山梨県,,　日本付近は、冬型の気圧配置となっています。また、伊豆諸島付近は気圧の谷となっています。  　山梨県は、おおむね晴れています。  　２８日は、冬型の気圧配置が続くため晴れますが、気圧の谷や湿った空気の影響を受けるため、東部・富士五湖では時々曇りとなるでしょう。  　２９日は、冬型の気圧配置が続きますが、気圧の谷や湿った空気の影響を受けるため、中・西部は晴れで昼前まで時々曇り、東部・富士五湖は曇りで昼過ぎから晴れとなる見込みです。
甲府地方気象台,2022-01-28T16:37:00+09:00,山梨県,,　日本付近は、冬型の気圧配置となっています。また、伊豆諸島付近は気圧の谷となっています。  　山梨県は、晴れや曇りとなっています。  　２８日は、冬型の気圧配置が続きますが、気圧の谷や湿った空気の影響を受けるため、晴れで夜は次第に曇りとなるでしょう。  　２９日は、冬型の気圧配置が続きますが、気圧の谷や湿った空気の影響を受けるため、中・西部は晴れ昼前まで時々曇り、東部・富士五湖は晴れ昼過ぎまで時々曇りとなる見込みです。
甲府地方気象台,2022-01-29T04:37:00+09:00,山梨県,,　日本付近は、北日本を中心に冬型の気圧配置となっています。また、伊豆諸島付近は気圧の谷となっています。  　山梨県は、おおむね曇りとなっています。  　２９日は、北日本を中心に冬型の気圧配置が続きますが、気圧の谷や湿った空気の影響により、曇りで昼過ぎから晴れるでしょう。  　３０日は、冬型の気圧配置が続きますが、気圧の谷や湿った空気の影響により、中・西部では晴れ時々曇りとなり、東部・富士五湖では晴れで昼過ぎから曇りとなる見込みです。
甲府地方気象台,2022-01-29T10:38:00+09:00,山梨県,,　日本付近は、北日本を中心に冬型の気圧配置となっています。また、伊豆諸島付近は気圧の谷となっています。  　山梨県は、曇りや晴れとなっています。  　２９日は、北日本を中心に冬型の気圧配置が続きますが、気圧の谷や湿った空気の影響を受けるため、曇りで夕方から晴れるでしょう。  　３０日は、冬型の気圧配置が続きますが、伊豆諸島付近は気圧の谷となり、午後は湿った空気の影響を受ける見込みです。このため、中・西部は晴れ時々曇り、東部・富士五湖は晴れで昼過ぎから曇りとなるでしょう。
甲府地方気象台,2022-01-29T16:37:00+09:00,山梨県,,　日本付近は、北日本を中心に冬型の気圧配置となっています。また、伊豆諸島付近から日本の東は気圧の谷となっています。  　山梨県は、おおむね晴れています。  　２９日は、北日本を中心に冬型の気圧配置が続きますが、気圧の谷や湿った空気の影響を受けるため、晴れ時々曇りとなるでしょう。  　３０日は、冬型の気圧配置が続きますが、気圧の谷や湿った空気の影響を受ける見込みです。このため、中・西部は晴れ時々曇り、東部・富士五湖は晴れで昼過ぎから曇りとなるでしょう。
甲府地方気象台,2022-01-30T04:42:00+09:00,山梨県,,　日本付近は、冬型の気圧配置となっています。また、伊豆諸島付近は気圧の谷となっています。  　山梨県は、おおむね曇りとなっています。  　３０日は、冬型の気圧配置が続き、気圧の谷の影響を受ける見込みです。このため、曇り時々晴れで、夕方から夜のはじめ頃にかけて雪の降る所があるでしょう。  　３１日は、冬型の気圧配置が続き、気圧の谷の影響を受ける見込みです。このため、中・西部では晴れ時々曇りとなり、東部・富士五湖では曇りで昼前から晴れるでしょう。
甲府地方気象台,2022-01-30T10:32:00+09:00,山梨県,,　日本付近は冬型の気圧配置となっています。また、伊豆諸島付近は気圧の谷となっています。  　山梨県は、おおむね曇りとなっています。  　３０日は、冬型の気圧配置が続き、気圧の谷の影響を受ける見込みです。このため、おおむね曇りで、夕方から夜のはじめ頃にかけて雪の降る所があるでしょう。中・西部では時々晴れる見込みです。  　３１日は、冬型の気圧配置が続き、気圧の谷の影響を受ける見込みです。このため、中・西部では晴れ時々曇りとなり、東部・富士五湖では曇りで昼前から晴れるでしょう。
甲府地方気象台,2022-01-30T16:33:00+09:00,山梨県,,　日本付近は冬型の気圧配置となっています。また、伊豆諸島付近は気圧の谷となっています。  　山梨県は、おおむね曇りとなっています。  　３０日は、冬型の気圧配置が続きますが、気圧の谷の影響を受ける見込みです。このため、曇りで夜のはじめ頃まで雪の降る所があるでしょう。  　３１日は、冬型の気圧配置が続き、おおむね晴れますが、気圧の谷や湿った空気の影響により、東部・富士五湖では明け方まで曇りとなる見込みです。
甲府地方気象台,2022-01-31T04:45:00+09:00,山梨県,,　北日本から東日本を中心に冬型の気圧配置となっています。また、伊豆諸島付近は気圧の谷となっています。  　山梨県は、曇りや晴れとなっています。  　３１日は、冬型の気圧配置が続くため、晴れるでしょう。  　２月１日は、北日本中心の冬型の気圧配置となるため晴れますが、日本海を東へ進む低気圧や湿った空気の影響により、中・西部では夕方から夜のはじめ頃にかけて曇りとなる見込みです。
甲府地方気象台,2022-01-31T10:36:00+09:00,山梨県,,　本州付近は冬型の気圧配置となっています。また、伊豆諸島付近は気圧の谷となっています。  　山梨県は、晴れとなっています。  　３１日は、冬型の気圧配置が続くため、晴れるでしょう。  　２月１日は、北日本中心の冬型の気圧配置となるため晴れますが、午後は日本海から北陸地方へ進む低気圧や湿った空気の影響により、中・西部では夕方から夜のはじめ頃にかけて曇りとなる見込みです。
甲府地方気象台,2022-01-31T16:39:00+09:00,山梨県,,　本州付近は冬型の気圧配置となっています。また、伊豆諸島付近は気圧の谷となっています。  　山梨県は、晴れとなっています。  　３１日は、冬型の気圧配置が続くため、晴れるでしょう。  　２月１日は、北日本中心の冬型の気圧配置となるため晴れますが、低気圧や湿った空気の影響により、中・西部では昼過ぎから時々曇りとなり、夜は雪の降る所がある見込みです。
