publishingOffice,reportDatetime,targetArea,headlineText,text
熊谷地方気象台,2022-06-01T04:35:00+09:00,埼玉県,,　高気圧が西日本から東日本を覆っています。一方、伊豆諸島付近は気圧の谷となっています。  　埼玉県は、晴れています。  　１日は、高気圧に覆われるため晴れますが、湿った空気や上空の寒気の影響を受けるため、昼過ぎから曇る見込みです。秩父地方では夜遅くに雨の降る所があるでしょう。  　２日は、高気圧に覆われますが、気圧の谷や上空の寒気の影響を受ける見込みです。このため、曇り朝から昼過ぎ晴れで、北部と秩父地方では夕方から雷を伴い雨の降る所があるでしょう。
熊谷地方気象台,2022-06-01T10:34:00+09:00,埼玉県,,　西日本付近に中心を持つ高気圧が西日本から東日本を覆っています。一方、伊豆諸島付近は気圧の谷となっています。  　埼玉県は、晴れています。  　１日は、高気圧に覆われますが、湿った空気や上空の寒気の影響を受ける見込みです。このため、北部と南部は晴れ時々曇りとなるでしょう。秩父地方は、晴れで夜は曇りとなり、夜遅くには雨の降る所がある見込みです。  　２日は、高気圧に覆われますが、気圧の谷や上空の寒気の影響を受けるため、曇りで朝から昼過ぎは晴れますが、夕方から雨や雷雨となる所があるでしょう。
熊谷地方気象台,2022-06-01T16:35:00+09:00,埼玉県,,　本州付近は高気圧に覆われています。一方、伊豆諸島付近は気圧の谷となっています。  　埼玉県は、曇りとなっています。  　１日は、高気圧に覆われますが、湿った空気や上空の寒気の影響を受けるため、曇り時々晴れで、秩父地方は、夜遅くは雨の降る所があるでしょう。  　２日は、高気圧に覆われますが、気圧の谷や上空の寒気の影響を受ける見込みです。このため、南部と北部は曇りで朝から昼過ぎ晴れ、秩父地方は曇りで朝から昼前は晴れるでしょう。埼玉県では午後は雨や雷雨となり、夕方から夜のはじめ頃は激しく降る所がある見込みです。
熊谷地方気象台,2022-06-02T04:47:00+09:00,埼玉県,,　本州付近は高気圧に覆われています。一方、東海道沖は気圧の谷となっています。  　埼玉県は、おおむね晴れています。  　２日は、高気圧に覆われるため晴れますが、午後は気圧の谷や上空の寒気の影響を受ける見込みです。このため、南部と北部は夕方から曇り、秩父地方は昼過ぎから曇りとなるでしょう。埼玉県では午後は雨や雷雨となり、夕方から夜のはじめ頃は激しく降る所がある見込みです。  　３日は、高気圧に緩やかに覆われますが、気圧の谷や上空の寒気の影響を受けるでしょう。このため、曇り時々晴れで昼過ぎから夕方は雨となり、雷を伴い激しく降る所がある見込みです。
熊谷地方気象台,2022-06-02T10:36:00+09:00,埼玉県,,　本州付近は高気圧に覆われています。  　埼玉県は、晴れています。  　２日は、高気圧に覆われますが、上空の寒気の影響を受ける見込みです。このため、晴れで昼過ぎから次第に曇りとなり、夕方から夜のはじめ頃には雷を伴い激しい雨の降る所があるでしょう。  　３日は、高気圧に緩やかに覆われますが、気圧の谷や上空の寒気の影響を受ける見込みです。このため、曇り時々晴れで、昼過ぎから夕方は雨となり、雷を伴い激しく降る所があるでしょう。
熊谷地方気象台,2022-06-02T16:34:00+09:00,埼玉県,,　本州付近は高気圧に緩やかに覆われています。  　埼玉県は、晴れや曇りで、雨の降っている所があります。  　２日は、高気圧に緩やかに覆われますが、上空の寒気の影響を受ける見込みです。このため、晴れのち曇りで、夜のはじめ頃まで雷を伴って激しい雨の降る所があるでしょう。  　３日は、高気圧に緩やかに覆われますが、気圧の谷や上空の寒気の影響を受ける見込みです。このため曇り時々晴れで、昼過ぎから夕方は雨となり、雷を伴って激しく降る所があるでしょう。
熊谷地方気象台,2022-06-03T04:42:00+09:00,埼玉県,,　本州付近は高気圧に覆われています。  　埼玉県は、曇りや晴れとなっています。  　３日は、はじめ高気圧に覆われますが、気圧の谷や上空の寒気の影響を受ける見込みです。このため、曇りで昼過ぎから夕方は雨となり、雷を伴って激しく降る所があるでしょう。  　４日は、高気圧に覆われますが、湿った空気の影響を受けるため、晴れで朝晩は曇りとなる見込みです。
熊谷地方気象台,2022-06-03T10:36:00+09:00,埼玉県,,　本州付近は高気圧に覆われています。  　埼玉県は、おおむね曇りとなっています。  　３日は、高気圧に覆われますが、気圧の谷や上空の寒気の影響を受ける見込みです。このため、曇りで昼過ぎから夕方にかけて雨となり、雷を伴って激しく降る所があるでしょう。  　４日は、高気圧に覆われますが、湿った空気の影響を受けるため、晴れで朝晩は曇りとなる見込みです。
熊谷地方気象台,2022-06-03T16:49:00+09:00,埼玉県,,　東日本は気圧の谷となっています。  　埼玉県は、曇りや雨で、雷雨となっている所があります。  　３日は、気圧の谷や上空の寒気の影響を受ける見込みです。このため、おおむね曇りで、夕方は雨で雷を伴い激しく降る所があるでしょう。  　４日は、高気圧に覆われますが、湿った空気の影響を受ける見込みです。このため、晴れで朝晩は曇る見込みです。
熊谷地方気象台,2022-06-04T04:34:00+09:00,埼玉県,,　本州付近は日本の南に中心を持つ高気圧に覆われています。  　埼玉県は、曇りや晴れとなっています。  　４日は、高気圧に覆われますが、湿った空気の影響を受ける見込みです。このため、晴れで朝晩は曇りとなるでしょう。  　５日は、高気圧の中心が日本の東に移動し、気圧の谷や湿った空気の影響を受ける見込みです。このため、曇りで夜は雨となるでしょう。
熊谷地方気象台,2022-06-04T10:37:00+09:00,埼玉県,,　本州付近は高気圧に覆われています。  　埼玉県は、晴れとなっています。  　４日は、高気圧に覆われるため晴れますが、湿った空気の影響を受けるため、夜は曇りとなるでしょう。  　５日は、日本の東の高気圧に覆われますが、気圧の谷や湿った空気の影響を受ける見込みです。このため、曇りで夜は雨となるでしょう。
熊谷地方気象台,2022-06-04T16:37:00+09:00,埼玉県,,　本州付近は高気圧に覆われています。  　埼玉県は、晴れています。  　４日は、高気圧に覆われますが、湿った空気の影響を受ける見込みです。このため、晴れで、夜は次第に曇るでしょう。  　５日は、日本の東の高気圧に覆われますが、気圧の谷や湿った空気の影響を受ける見込みです。このため、南部と北部は曇り夜雨となり、秩父地方は曇り夕方から雨となるでしょう。埼玉県では、昼過ぎから雷雨となる所がある見込みです。
熊谷地方気象台,2022-06-05T04:43:00+09:00,埼玉県,,　本州付近は高気圧に覆われていますが、東日本は気圧の谷となっています。また、東シナ海の前線上には低気圧があって、東へ進んでいます。  　埼玉県は、曇りとなっています。  　５日は、日本の東の高気圧に覆われますが、気圧の谷や湿った空気の影響を受ける見込みです。このため、南部と北部は曇りで夜は雨となり、秩父地方は曇りで夕方から雨となるでしょう。埼玉県では、昼過ぎから雷雨となる所がある見込みです。  　６日は、低気圧や前線の影響を受けるため、雨となるでしょう。
熊谷地方気象台,2022-06-05T10:36:00+09:00,埼玉県,,　本州付近は高気圧に覆われていますが、関東地方の沿岸は気圧の谷となっています。また、黄海には前線を伴った低気圧があって、東へ進んでいます。  　埼玉県は、晴れや曇りとなっています。  　５日は、高気圧に覆われますが、気圧の谷や湿った空気の影響を受ける見込みです。このため、南部と北部は晴れ後曇りで夜は雨となり、秩父地方は晴れ後曇りで夕方から雨となるでしょう。埼玉県では、昼過ぎから雷雨となる所がある見込みです。  　６日は、低気圧や前線の影響を受けるため、雨となるでしょう。
熊谷地方気象台,2022-06-05T16:36:00+09:00,埼玉県,,　関東甲信地方は気圧の谷となっています。また、東シナ海には前線を伴った低気圧があって、東へ進んでいます。  　埼玉県は、曇りで、雨の降っている所があります。  　５日は、気圧の谷や湿った空気の影響を受ける見込みです。このため、曇り夜雨で、雷を伴う所があるでしょう。  　６日は、低気圧や前線の影響を受けるため、雨となる見込みです。
熊谷地方気象台,2022-06-06T04:37:00+09:00,埼玉県,,　前線を伴った低気圧が九州付近にあって、東へ進んでいます。  　埼玉県は、雨となっています。  　６日は、低気圧や前線の影響を受ける見込みです。このため、雨でしょう。  　７日は、低気圧や湿った空気の影響を受ける見込みです。このため、曇り昼過ぎから時々雨となるでしょう。
熊谷地方気象台,2022-06-06T10:34:00+09:00,埼玉県,,　前線を伴った低気圧が四国付近にあって、東北東へ進んでいます。  　埼玉県は、雨となっています。  　６日は、低気圧や前線の影響を受けるため、雨となるでしょう。  　７日は、低気圧や湿った空気の影響を受けるため、曇りで昼過ぎから時々雨となる見込みです。
熊谷地方気象台,2022-06-06T16:34:00+09:00,埼玉県,,　前線を伴った低気圧が東海道沖にあって、東北東へ進んでいます。  　埼玉県は、雨となっています。  　６日は、低気圧や前線の影響を受けるため、雨となるでしょう。  　７日は、低気圧や湿った空気の影響を受けるため、北部と南部は曇りで雨の降る所があるでしょう。秩父地方は、曇りで昼過ぎから時々雨となる見込みです。
熊谷地方気象台,2022-06-07T04:45:00+09:00,埼玉県,,　前線を伴った低気圧が関東の東にあって、東北東へ進んでいます。また、別の低気圧が能登半島付近にあって、ほとんど停滞しています。  　埼玉県は、曇りで雨の降っている所があります。  　７日は、低気圧や湿った空気の影響を受ける見込みです。このため、南部と北部は曇りで夜のはじめ頃は一時雨となるでしょう。秩父地方は曇りで昼過ぎから時々雨となる見込みです。  　８日は、気圧の谷や湿った空気の影響を受けるため、曇り時々雨となるでしょう。
熊谷地方気象台,2022-06-07T10:33:00+09:00,埼玉県,,　日本の東に前線を伴った低気圧があって、東北東へ進んでいます。また、佐渡沖には別の低気圧があって、ほとんど停滞しています。  　埼玉県は、曇りや雨となっています。  　７日は、低気圧や湿った空気の影響を受ける見込みです。このため、南部と北部は、曇りで夜のはじめ頃は雨となり、秩父地方では曇り時々雨となるでしょう。  　８日は、気圧の谷や湿った空気の影響で、曇り時々雨となる見込みです。
熊谷地方気象台,2022-06-07T16:32:00+09:00,埼玉県,,　日本の東に前線を伴った低気圧があって、東北東へ進んでいます。また、佐渡沖には別の低気圧があって、ほとんど停滞しています。  　埼玉県は、雨や曇りとなっています。  　７日は、低気圧や湿った空気の影響で、おおむね雨となるでしょう。  　８日は、気圧の谷や湿った空気の影響で、曇り時々雨となる見込みです。
熊谷地方気象台,2022-06-08T04:34:00+09:00,埼玉県,,　佐渡付近には低気圧があって東へゆっくり進んでおり、東日本は気圧の谷となっています。  　埼玉県は、曇りや雨となっています。  　８日は、気圧の谷や湿った空気の影響で、曇り時々雨となるでしょう。  　９日は、気圧の谷や湿った空気の影響で、南部と北部は曇りで未明は雨となるでしょう。秩父地方は、曇りで昼前から昼過ぎは晴れますが、昼過ぎから雨の降る所がある見込みです。
熊谷地方気象台,2022-06-08T10:36:00+09:00,埼玉県,,　低気圧が東北地方をゆっくり東へ進んでいます。また、伊豆諸島付近にも低気圧があってゆっくり東北東へ進んでおり、関東甲信地方は気圧の谷となっています。  　埼玉県は、曇りで雨が降っている所があります。  　８日は、気圧の谷や湿った空気の影響で、曇りで夕方から雨となるでしょう。  　９日は、気圧の谷や湿った空気の影響で、南部と北部は曇りで未明は雨となるでしょう。秩父地方は、曇りで昼前から昼過ぎは晴れますが、昼過ぎから雨の降る所がある見込みです。
熊谷地方気象台,2022-06-08T16:35:00+09:00,埼玉県,,　関東甲信地方は気圧の谷となっています。  　埼玉県は、曇りで、雨となっている所があります。  　８日は、気圧の谷や湿った空気の影響で、南部と北部は曇りで夜は雨となるでしょう。秩父地方は雨となる見込みです。  　９日は、気圧の谷や湿った空気の影響で、南部と北部は曇りで朝晩は雨となるでしょう。秩父地方は曇りで昼過ぎから時々雨となり、雷雨となる所がある見込みです。
熊谷地方気象台,2022-06-09T04:36:00+09:00,埼玉県,,　関東の東海上に低気圧があり、東へ進んでいます。  　埼玉県は、曇りで雨の降っている所があります。  　９日は、気圧の谷や湿った空気の影響を受ける見込みです。このため、曇りで夕方から次第に雨となり、雷を伴う所があるでしょう。  　１０日も、気圧の谷や湿った空気の影響を受ける見込みです。このため、南部と北部では、曇りで夜のはじめ頃まで雨の降る所があるでしょう。秩父地方では、曇りで夕方は雨となり、雷を伴う所がある見込みです。
熊谷地方気象台,2022-06-09T10:37:00+09:00,埼玉県,,　関東の東海上に低気圧があり、東へ進んでいます。一方、日本海には高気圧があってほとんど停滞しています。  　埼玉県は、曇りで雨が降っている所があります。  　９日は、高気圧に覆われますが、気圧の谷や湿った空気の影響を受ける見込みです。このため、曇りで夕方から次第に雨となり、秩父地方では昼過ぎから、南部と北部では夕方から雷を伴う所があるでしょう。  　１０日は、気圧の谷や湿った空気の影響で、南部と北部では、曇りで夜のはじめ頃まで雨の降る所がある見込みです。秩父地方では、曇り夕方一時雨で、昼過ぎから夜のはじめ頃雷を伴う所があるでしょう。
熊谷地方気象台,2022-06-09T16:42:00+09:00,埼玉県,,　関東の東海上には低気圧があり、東へ進んでいます。一方、日本海には高気圧があってほとんど停滞しています。  　埼玉県は、曇りや晴れで、雨の降っている所があります。  　９日は、高気圧に覆われますが、気圧の谷や湿った空気の影響を受けるため、南部は晴れのち曇り、北部は曇りで、雨や雷雨となる所があるでしょう。秩父地方では、曇り夜雨で、雷を伴う所がある見込みです。  　１０日は、高気圧に緩やかに覆われますが、気圧の谷や湿った空気の影響を受けるため、南部と北部では、曇りで夜のはじめ頃まで雨の降る所があるでしょう。秩父地方では、曇り夕方一時雨の見込みです。埼玉県では、昼過ぎから夜のはじめ頃まで雷を伴った雨の降る所があるでしょう。
熊谷地方気象台,2022-06-10T04:44:00+09:00,埼玉県,,　日本海には高気圧があってほとんど停滞しています。  　埼玉県は、おおむね曇りで、弱い雨の降っている所があります。  　１０日は、高気圧に緩やかに覆われますが、気圧の谷や湿った空気の影響を受けるでしょう。このため、南部と北部は、曇り昼過ぎ晴れで、雨や雷雨となる所がある見込みです。秩父地方は、曇り夕方一時雨で、昼過ぎから夜のはじめ頃にかけて雨や雷雨となる所があるでしょう。  　１１日は、気圧の谷や湿った空気の影響を受ける見込みです。このため、南部と北部は、曇りで昼過ぎから雨や雷雨となる所があるでしょう。秩父地方は、曇り昼過ぎから雨で、昼過ぎから夜のはじめ頃にかけて雨や雷雨となる所がある見込みです。
熊谷地方気象台,2022-06-10T10:39:00+09:00,埼玉県,,　高気圧が日本海にあって、ほとんど停滞しています。また、別の高気圧が日本のはるか東にあって、北日本から東日本を緩やかに覆っています。  　埼玉県は、曇りとなっています。  　１０日は、高気圧に緩やかに覆われますが、気圧の谷や湿った空気の影響を受けるため、南部と北部は、曇り昼過ぎ晴れで、雨や雷雨となる所がある見込みです。秩父地方は、曇り夕方一時雨で、昼過ぎから夕方にかけて雷を伴い激しい雨の降る所があるでしょう。  　１１日は、気圧の谷や湿った空気の影響を受けるため、このため、南部と北部は、曇りで昼過ぎから雨や雷雨となる所があるでしょう。秩父地方は、曇り昼過ぎから時々雨で、昼過ぎから夜のはじめ頃にかけて雨や雷雨となる所がある見込みです。
熊谷地方気象台,2022-06-10T16:39:00+09:00,埼玉県,,　高気圧が日本海にあって、ほとんど停滞しています。また、別の高気圧が日本のはるか東にあって、北日本から東日本を緩やかに覆っています。  　埼玉県は、曇りで、雨や雷雨となっている所があります。  　１０日は、高気圧に緩やかに覆われますが、気圧の谷や湿った空気の影響により、南部と北部は、曇りで雨や雷雨となる所があるでしょう。秩父地方では、雨で夜は曇りとなり、夕方まで雷を伴い激しい雨の降る所がある見込みです。  　１１日は、気圧の谷や湿った空気の影響を受けるため、南部と北部は、曇りで昼過ぎから雨や雷雨となる所があるでしょう。秩父地方は、曇り昼過ぎから時々雨で、昼過ぎから夜のはじめ頃にかけて雷を伴う所がある見込みです。
熊谷地方気象台,2022-06-11T04:40:00+09:00,埼玉県,,　高気圧が日本海にあって、ほとんど停滞しています。一方、華南から日本の南には前線が停滞しており、前線上の東シナ海には低気圧があって東北東へ進んでいます。  　埼玉県は、曇りとなっています。  　１１日は、気圧の谷や湿った空気の影響を受けるため、南部と北部では、曇りで、昼過ぎから雨や雷雨となる所があるでしょう。秩父地方では、曇り昼過ぎから時々雨で、昼過ぎから夜のはじめ頃にかけて雷を伴う所がある見込みです。  　１２日は、低気圧が伊豆諸島を通過し、北東へ進むでしょう。このため、雨で、昼前から次第に曇りとなる見込みです。
熊谷地方気象台,2022-06-11T10:36:00+09:00,埼玉県,,　華南から日本の南には前線が停滞しており、前線上の東シナ海には低気圧があって東北東へ進んでいます。  　埼玉県は、曇りとなっています。  　１１日は、気圧の谷や湿った空気の影響を受けるため、南部と北部は曇りで夜は雨となり、昼過ぎから夜のはじめ頃は雷を伴う所があるでしょう。秩父地方は、曇り時々雨で昼過ぎから夜のはじめ頃は雷を伴う所がある見込みです。  　１２日は、低気圧が伊豆諸島を通過し、北東へ進む見込みです。このため、雨で昼前から次第に曇りとなるでしょう。
熊谷地方気象台,2022-06-11T16:35:00+09:00,埼玉県,,　華南から日本の南には前線が停滞しており、前線上の四国の南には低気圧があって東北東へ進んでいます。  　埼玉県は、曇りで雨の降っている所があります。  　１１日は、気圧の谷や湿った空気の影響を受けるため、北部と南部は、曇りで夜は雨となり、夜のはじめ頃まで雷を伴う所があるでしょう。秩父地方は、雨で夜のはじめ頃まで雷を伴う所がある見込みです。  　１２日は、低気圧が伊豆諸島を通過し、北東へ進む見込みです。このため、雨で夕方から曇りとなるでしょう。
熊谷地方気象台,2022-06-12T04:47:00+09:00,埼玉県,,　前線を伴った低気圧が八丈島付近を東北東へ進んでいます。また、日本海には高気圧があって東へ移動しています。  　埼玉県は、曇りや雨となっています。  　１２日は、前線を伴った低気圧は日本の東を東北東へ進み、日中は上空の寒気や湿った空気の影響を受ける見込みです。このため、曇り時々雨で、昼前から夕方は雷を伴う所があるでしょう。  　１３日は、高気圧に覆われるため晴れますが、気圧の谷や湿った空気の影響を受けるため、夕方から曇りで、秩父地方では夜は雨の降る所がある見込みです。
熊谷地方気象台,2022-06-12T10:34:00+09:00,埼玉県,,　前線を伴った低気圧が日本の東を東北東へ進んでいます。また、日本海には高気圧があってほとんど停滞しています。  　埼玉県は、おおむね曇りとなっています。  　１２日は、前線を伴った低気圧が日本の東を東北東へ進み、日中は上空の寒気や湿った空気の影響を受ける見込みです。このため、曇りで昼過ぎは雨となり、夕方まで雷を伴う所があるでしょう。  　１３日は、高気圧に覆われますが、気圧の谷や湿った空気の影響を受ける見込みです。このため、晴れで夕方から曇りとなり、秩父地方では夜は雨の降る所があるでしょう。
熊谷地方気象台,2022-06-12T16:34:00+09:00,埼玉県,,　前線を伴った低気圧が日本の東を東北東へ進んでいます。また、日本海には高気圧があってほとんど停滞しています。  　埼玉県は、晴れや曇りとなっています。  　１２日は、次第に高気圧に覆われますが、上空の寒気や湿った空気の影響を受ける見込みです。このため、晴れ時々曇りで、夕方は雨や雷雨となる所があるでしょう。  　１３日は、高気圧に覆われますが、気圧の谷や湿った空気の影響を受けるため、晴れで夕方から曇りとなる見込みです。
熊谷地方気象台,2022-06-13T04:42:00+09:00,埼玉県,,　日本海に中心を持つ高気圧に覆われています。また、伊豆諸島付近は気圧の谷となっています。  　埼玉県は、晴れや曇りとなっています。  　１３日は、高気圧に覆われますが、気圧の谷や湿った空気の影響を受ける見込みです。このため、晴れ時々曇りとなりますが、秩父地方では夜は雨の降る所があるでしょう。  　１４日は、前線上の低気圧が西日本の南岸を東北東へ進む見込みです。このため、曇りで夜は雨となるでしょう。
熊谷地方気象台,2022-06-13T10:36:00+09:00,埼玉県,,　日本海に中心を持つ高気圧に覆われています。また、伊豆諸島付近は気圧の谷となっています。  　埼玉県は、おおむね晴れています。  　１３日は、高気圧に覆われますが、気圧の谷や湿った空気の影響を受けるため、晴れで夜は曇りとなり、秩父地方では夜雨の降る所があるでしょう。  　１４日は、前線上の低気圧が西日本の南岸を東北東へ進む見込みです。このため、曇りで夜は雨となるでしょう。
熊谷地方気象台,2022-06-13T16:38:00+09:00,埼玉県,,　本州付近は、日本海に中心を持つ高気圧に覆われています。一方、前線上の低気圧が東シナ海を東北東へ進んでいます。  　埼玉県は、曇りや晴れとなっています。  　１３日は、高気圧に覆われますが、気圧の谷や湿った空気の影響を受けるため、曇りで、秩父地方では夜雨の降る所があるでしょう。  　１４日は、前線上の低気圧が西日本の南岸を東北東へ進む見込みです。このため、南部と北部では曇りで夜は雨となるでしょう。秩父地方では、曇りで夕方から雨となる見込みです。
熊谷地方気象台,2022-06-14T04:40:00+09:00,埼玉県,,　オホーツク海の高気圧が北日本を覆っています。一方、前線が華南から日本の南にのびており、前線上の東シナ海には低気圧があって、東へ進んでいます。  　埼玉県は、曇りや雨となっています。  　１４日は、前線上の低気圧が西日本の南岸を東へ進む見込みです。このため、南部と北部では、曇りで夜は雨となるでしょう。秩父地方では、曇り時々雨となる見込みです。  　１５日は、前線上の低気圧が東日本の南岸を東北東へ進み、伊豆諸島付近を通過する見込みです。このため、雨で夕方から曇りとなるでしょう。
熊谷地方気象台,2022-06-14T10:34:00+09:00,埼玉県,,　オホーツク海の高気圧が北日本を覆っています。一方、前線が華南から日本の南にのびており、前線上の四国の南には低気圧があって、東へ進んでいます。  　埼玉県は曇りで、雨の降っている所があります。  　１４日は、前線上の低気圧が西日本の南岸を東へ進む見込みです。このため、南部と北部では曇り夜雨、秩父地方では曇り時々雨となるでしょう。  　１５日は、前線上の低気圧が東日本の南岸を東北東へ進み、伊豆諸島付近を通過する見込みです。このため、雨夕方曇りとなるでしょう。
熊谷地方気象台,2022-06-14T16:35:00+09:00,埼玉県,,　千島近海の高気圧が北日本を覆っています。一方、前線が華南から日本の南にのびており、前線上の四国の南には低気圧があって、東へ進んでいます。  　埼玉県は、おおむね雨となっています。  　１４日は、前線上の低気圧が西日本の南岸を東へ進む見込みです。このため、雨でしょう。  　１５日は、前線上の低気圧が東日本の南岸を東北東へ進み、伊豆諸島付近を通過する見込みです。このため、雨夕方から曇りでしょう。
熊谷地方気象台,2022-06-15T04:48:00+09:00,埼玉県,,　前線が華南から日本の南にのびており、前線上の紀伊半島の南には低気圧があって、東北東へ進んでいます。  　埼玉県は、雨や曇りとなっています。  　１５日は、前線上の低気圧が東日本の南岸を東北東へ進み、伊豆諸島付近を通過する見込みです。このため、雨で夕方から曇りとなるでしょう。  　１６日は、高気圧に覆われますが、気圧の谷や湿った空気の影響を受けるため、曇りで昼前から晴れる見込みです。
熊谷地方気象台,2022-06-15T10:40:00+09:00,埼玉県,,　梅雨前線が華南から伊豆諸島付近にのびています。  　埼玉県は、雨となっています。  　１５日は、前線の影響を受ける見込みです。このため、雨昼過ぎから曇りとなるでしょう。  　１６日は、前線上の低気圧が伊豆諸島付近を通過し、気圧の谷や湿った空気の影響を受ける見込みです。このため、曇り昼前から晴れとなるでしょう。
熊谷地方気象台,2022-06-15T16:38:00+09:00,埼玉県,,　梅雨前線が伊豆諸島付近に停滞しています。  　埼玉県は、曇りとなっています。  　１５日は、前線の影響を受ける見込みです。このため、曇りとなるでしょう。  　１６日は、前線上の低気圧が日本の東へ進み、気圧の谷や湿った空気の影響を受ける見込みです。このため、曇りで昼前から時々晴れるでしょう。
熊谷地方気象台,2022-06-16T04:40:00+09:00,埼玉県,,　日本の南には前線が停滞しています。一方、小笠原諸島には高気圧があって、東日本へ張り出しています。  　埼玉県は、曇りとなっています。  　１６日は、高気圧に緩やかに覆われますが、気圧の谷や湿った空気の影響を受ける見込みです。このため、曇り時々晴れでしょう。  　１７日は、高気圧に緩やかに覆われますが、前線や気圧の谷の影響を受ける見込みです。このため、曇り時々晴れでしょう。１７日は、高温が予想されるため、熱中症など健康管理に注意してください。
熊谷地方気象台,2022-06-16T10:35:00+09:00,埼玉県,,　日本の南には前線が停滞しています。  　埼玉県は、曇りとなっています。  　１６日は、気圧の谷や湿った空気の影響を受けるため、曇りとなるでしょう。  　１７日は、高気圧に緩やかに覆われますが、気圧の谷や湿った空気の影響を受けるため、曇り時々晴れとなる見込みです。
熊谷地方気象台,2022-06-16T16:33:00+09:00,埼玉県,,　日本の南には前線が停滞しています。  　埼玉県は、曇りとなっています。  　１６日は、気圧の谷や湿った空気の影響を受けるため、曇りとなるでしょう。  　１７日は、高気圧に緩やかに覆われますが、気圧の谷や湿った空気の影響を受けるため、曇りで昼前から時々晴れますが、夕方から夜のはじめ頃は雨の降る所があるでしょう。
熊谷地方気象台,2022-06-17T04:42:00+09:00,埼玉県,,　日本の南には前線が停滞しています。  　埼玉県は、曇りとなっています。  　１７日は、高気圧に緩やかに覆われますが、前線や気圧の谷の影響を受ける見込みです。このため、曇り時々晴れで、夕方から夜のはじめ頃は雨の降る所があるでしょう。  　１８日は、高気圧に緩やかに覆われますが、前線や湿った空気の影響を受ける見込みです。このため、曇りで昼過ぎまで時々晴れるでしょう。
熊谷地方気象台,2022-06-17T10:33:00+09:00,埼玉県,,　日本の南には前線が停滞しています。  　埼玉県は、曇りとなっています。  　１７日は、高気圧に緩やかに覆われますが、前線や気圧の谷の影響を受ける見込みです。このため、曇り時々晴れで、夕方から夜のはじめ頃は雨の降る所があるでしょう。  　１８日は、高気圧に緩やかに覆われますが、前線や湿った空気の影響を受ける見込みです。このため、曇りで昼過ぎまで時々晴れるでしょう。
熊谷地方気象台,2022-06-17T16:34:00+09:00,埼玉県,,　本州付近は、高気圧に緩やかに覆われています。一方、日本の南には前線が停滞しています。  　埼玉県は、おおむね晴れとなっています。  　１７日は、高気圧に緩やかに覆われますが、前線や気圧の谷の影響を受ける見込みです。このため、晴れ時々曇りで、夜のはじめ頃は雨の降る所があるでしょう。  　１８日は、高気圧に緩やかに覆われますが、前線や湿った空気の影響を受ける見込みです。このため、曇りで昼過ぎまで時々晴れるでしょう。
熊谷地方気象台,2022-06-18T04:46:00+09:00,埼玉県,,　本州付近は、高気圧に覆われています。一方、日本の南には前線が停滞しています。  　埼玉県は、おおむね曇りとなっています。  　１８日は、高気圧に覆われますが、前線や湿った空気の影響を受ける見込みです。このため、曇りで昼過ぎまで時々晴れとなり、夕方から雨の降る所があるでしょう。  　１９日は、高気圧に覆われますが、前線や湿った空気の影響を受ける見込みです。このため、曇り後晴れで、南部は明け方まで、北部と秩父地方は未明まで雨となるでしょう。
熊谷地方気象台,2022-06-18T10:40:00+09:00,埼玉県,,　日本の南には梅雨前線が停滞しています。  　埼玉県は、曇りとなっています。  　１８日は、前線や湿った空気の影響を受ける見込みです。このため、曇りで、夕方から雨となる所があるでしょう。  　１９日は、前線や湿った空気の影響を受ける見込みです。このため、曇り後晴れで、南部は明け方まで、北部と秩父地方は未明まで雨となるでしょう。
熊谷地方気象台,2022-06-18T16:40:00+09:00,埼玉県,,　梅雨前線が日本の南に停滞し、前線上の低気圧が紀伊水道付近にあって東へ進んでいます。  　埼玉県は、曇りとなっています。  　１８日は、前線や低気圧の影響を受ける見込みです。このため、南部では曇りで夜遅く雨となるでしょう。北部と秩父地方では、曇りで雨の降る所がある見込みです。  　１９日は、高気圧に緩やかに覆われますが、前線や湿った空気の影響を受ける見込みです。このため、曇り時々晴れで、南部では未明は雨となるでしょう。埼玉県では、昼過ぎから夜のはじめ頃にかけて、雨や雷雨となる所がある見込みです。
熊谷地方気象台,2022-06-19T04:34:00+09:00,埼玉県,,　梅雨前線が日本の南に停滞し、前線上の低気圧が関東の東海上を東北東へ進んでいます。  　埼玉県は、おおむね晴れとなっています。  　１９日は、高気圧に緩やかに覆われますが、上空の寒気や湿った空気の影響を受ける見込みです。このため、晴れ時々曇りで、昼過ぎから夜のはじめ頃は雨や雷雨となる所があるでしょう。  　２０日は、高気圧に緩やかに覆われますが、湿った空気の影響を受ける見込みです。このため、晴れ時々曇りで、昼過ぎから夜のはじめ頃は雨の降る所があるでしょう。秩父地方では雷を伴う所がある見込みです。
熊谷地方気象台,2022-06-19T10:35:00+09:00,埼玉県,,　本州付近は高気圧に緩やかに覆われています。一方、梅雨前線が日本の南に停滞し、前線上の低気圧が日本の東を東北東へ進んでいます。  　埼玉県は、晴れています。  　１９日は、高気圧に緩やかに覆われますが、上空の寒気や湿った空気の影響を受ける見込みです。このため、晴れ時々曇りで、昼過ぎから夜のはじめ頃にかけて雨や雷雨となる所があるでしょう。  　２０日は、高気圧に緩やかに覆われますが、前線や湿った空気の影響を受ける見込みです。このため、晴れ時々曇りで、南部と北部では、夕方から夜のはじめ頃にかけて雨の降る所があるでしょう。秩父地方では、昼過ぎから夜のはじめ頃にかけて雨や雷雨となる所がある見込みです。
熊谷地方気象台,2022-06-19T16:35:00+09:00,埼玉県,,　本州付近は高気圧に緩やかに覆われています。一方、梅雨前線が日本の南に停滞し、前線上の低気圧が日本の東を東北東へ進んでいます。  　埼玉県は、晴れや曇りで、秩父地方を中心に雨の降っている所があります。  　１９日は、高気圧に緩やかに覆われますが、上空の寒気や湿った空気の影響を受ける見込みです。このため、南部と北部では、晴れ夜のはじめ頃曇りで、秩父地方では、曇り夜遅く晴れでしょう。埼玉県では、夜のはじめ頃まで雨や雷雨となる所がある見込みです。  　２０日は、高気圧に緩やかに覆われますが、前線や湿った空気の影響を受ける見込みです。このため、晴れ時々曇りで、昼過ぎから夜のはじめ頃まで雨や雷雨となる所があるでしょう。
熊谷地方気象台,2022-06-20T04:47:00+09:00,埼玉県,,　本州付近は高気圧に緩やかに覆われています。一方、梅雨前線が日本の南に停滞しています。  　埼玉県は、曇りとなっています。  　２０日は、高気圧に緩やかに覆われますが、前線や湿った空気の影響を受ける見込みです。このため、南部と北部では、曇り時々晴れで、昼過ぎから夜のはじめ頃にかけて雨や雷雨となる所があるでしょう。秩父地方では、曇り時々晴れで、夕方から夜のはじめ頃にかけて雷を伴った激しい雨の降る所があるでしょう。  　２１日は、高気圧に緩やかに覆われますが、前線や湿った空気の影響を受ける見込みです。このため、曇りで、昼過ぎから夜のはじめ頃にかけて雨や雷雨となる所があるでしょう。
熊谷地方気象台,2022-06-20T10:37:00+09:00,埼玉県,,　本州付近は高気圧に緩やかに覆われています。一方、梅雨前線が日本の南に停滞しています。  　埼玉県は、薄曇りとなっています。  　２０日は、高気圧に緩やかに覆われますが、前線や湿った空気の影響を受ける見込みです。このため、南部と北部では、曇り時々晴れで、昼過ぎから夜のはじめ頃にかけて雨や雷雨となる所があるでしょう。秩父地方では、曇り時々晴れで、夕方から夜のはじめ頃にかけて雷を伴った激しい雨の降る所がある見込みです。  　２１日は、高気圧に緩やかに覆われますが、前線や湿った空気の影響を受けるでしょう。このため、曇りで、昼過ぎから夜のはじめ頃にかけて雨や雷雨となる所がある見込みです。
熊谷地方気象台,2022-06-20T16:39:00+09:00,埼玉県,,　本州付近は高気圧に緩やかに覆われています。一方、梅雨前線が日本の南に停滞しています。  　埼玉県は、薄曇りとなっています。  　２０日は、高気圧に緩やかに覆われますが、前線や湿った空気の影響を受ける見込みです。このため、南部と北部では、晴れ夜曇りで、夜のはじめ頃にかけて雨や雷雨となる所があるでしょう。秩父地方では、晴れ夜曇りで、夜のはじめ頃にかけて雷を伴った激しい雨の降る所がある見込みです。  　２１日は、高気圧に緩やかに覆われますが、前線や湿った空気の影響を受けるでしょう。このため、曇りで夜のはじめ頃まで雨の降る所がある見込みです。秩父地方では雷を伴う所があるでしょう。
熊谷地方気象台,2022-06-21T04:41:00+09:00,埼玉県,,　梅雨前線が日本の南に停滞しています。  　埼玉県は、曇りとなっています。  　２１日は、前線や湿った空気の影響を受ける見込みです。このため、曇りで夜のはじめ頃まで雨の降る所があるでしょう。秩父地方では雷を伴う所がある見込みです。  　２２日は、前線や湿った空気の影響を受ける見込みです。このため、曇りで昼前から夕方にかけて雨でしょう。
熊谷地方気象台,2022-06-21T10:33:00+09:00,埼玉県,,　梅雨前線が日本の南に停滞しています。  　埼玉県は、おおむね曇りとなっています。  　２１日は、前線や湿った空気の影響を受けるため、曇りで雨の降る所があるでしょう。秩父地方は、雷を伴う所がある見込みです。  　２２日は、前線や湿った空気の影響を受けるため、曇りで昼前から夕方は雨となるでしょう。
熊谷地方気象台,2022-06-21T17:57:00+09:00,埼玉県,,　梅雨前線が本州の南岸に停滞しています。  　埼玉県は、曇りで雨の降っている所があります。  　２１日は、前線や湿った空気の影響を受けるため、曇りで、雷を伴って雨の降る所があるでしょう。  　２２日は、前線や湿った空気の影響を受けるため、曇りで朝晩は雨となるでしょう。
熊谷地方気象台,2022-06-22T04:45:00+09:00,埼玉県,,　梅雨前線が本州の南岸に停滞しています。  　埼玉県は、曇りで雨の降っている所があります。  　２２日は、前線や湿った空気の影響を受けるため、曇りで、雨の降る所があるでしょう。  　２３日は、気圧の谷や湿った空気の影響を受けるため、曇りで、朝晩は雨の降る所がある見込みです。
熊谷地方気象台,2022-06-22T10:41:00+09:00,埼玉県,,　梅雨前線が本州の南岸に停滞しています。  　埼玉県は、おおむね曇りとなっています。  　２２日は、前線や湿った空気の影響を受けるため、曇りで雨の降る所があるでしょう。  　２３日は、気圧の谷や湿った空気の影響を受けるため、曇りで朝晩は雨の降る所がある見込みです。
熊谷地方気象台,2022-06-22T16:37:00+09:00,埼玉県,,　東海道沖から日本の東にかけて梅雨前線が停滞しています。  　埼玉県は、曇りで雨の降っている所があります。  　２２日は、前線や湿った空気の影響を受けるため、曇りで雨の降る所があるでしょう。秩父地方では、雷を伴う所がある見込みです。  　２３日は、気圧の谷や湿った空気の影響を受けるでしょう。このため、曇りで朝晩は雨の降る所がある見込みです。
熊谷地方気象台,2022-06-23T04:42:00+09:00,埼玉県,,　伊豆諸島付近から日本の東にかけて梅雨前線が停滞しています。  　埼玉県は、曇りや雨となっています。  　２３日は、気圧の谷や湿った空気の影響を受ける見込みです。このため、南部と北部は、曇りで朝晩は雨の降る所があるでしょう。秩父地方は、曇りで明け方まで雨となる見込みです。  　２４日は、高気圧に覆われますが、気圧の谷や湿った空気の影響を受けるため、曇りで昼前から時々晴れとなるでしょう。
熊谷地方気象台,2022-06-23T10:36:00+09:00,埼玉県,,　関東の南東海上から日本の東には梅雨前線が停滞しています。  　埼玉県は、曇りで雨の降っている所があります。  　２３日は、高気圧に覆われますが、気圧の谷や湿った空気の影響を受けるため、曇りで夜のはじめ頃まで雨の降る所があるでしょう。  　２４日は、高気圧に覆われますが、はじめ湿った空気の影響を受ける見込みです。このため、曇りで昼前から時々晴れとなるでしょう。
熊谷地方気象台,2022-06-23T16:36:00+09:00,埼玉県,,　日本の東には梅雨前線が停滞しています。  　埼玉県は、曇りで、雨の降っている所があります。  　２３日は、湿った空気の影響を受ける見込みです。このため、曇りで、雨の降る所があるでしょう。  　２４日は、高気圧に覆われますが、気圧の谷や湿った空気の影響を受ける見込みです。このため、曇りで昼前から時々晴れとなるでしょう。
熊谷地方気象台,2022-06-24T04:37:00+09:00,埼玉県,,　日本海中部には前線を伴った低気圧があって、東北東に進んでいます。  　埼玉県は、おおむね曇りとなっています。  　２４日は、高気圧に緩やかに覆われますが、低気圧や前線に向かう湿った空気の影響を受ける見込みです。このため、曇り時々晴れとなるでしょう。  　２５日は、高気圧に緩やかに覆われますが、日本海側には前線が停滞し、湿った空気の影響を受ける見込みです。このため、晴れ時々曇りとなるでしょう。
熊谷地方気象台,2022-06-24T10:34:00+09:00,埼玉県,,　東日本は太平洋高気圧に緩やかに覆われています。一方、日本海北部には前線を伴った低気圧があって、東北東に進んでいます。  　埼玉県は、曇りや晴れとなっています。  　２４日は、高気圧に緩やかに覆われますが、低気圧や前線に向かう湿った空気の影響を受ける見込みです。このため、曇り時々晴れでしょう。  　２５日は、高気圧に緩やかに覆われますが、日本海側には前線が停滞し、湿った空気や気圧の谷の影響を受ける見込みです。このため、晴れ時々曇りでしょう。
熊谷地方気象台,2022-06-24T16:33:00+09:00,埼玉県,,　東日本は太平洋高気圧に緩やかに覆われています。一方、日本海北部には前線を伴った低気圧があって、東北東に進んでいます。  　埼玉県は、晴れています。  　２４日は、高気圧に緩やかに覆われますが、低気圧や前線に向かう湿った空気の影響を受ける見込みです。このため、晴れ夜のはじめ頃曇りでしょう。  　２５日は、高気圧に緩やかに覆われますが、日本海側には前線が停滞し、気圧の谷や湿った空気の影響を受ける見込みです。このため、晴れ時々曇りで、昼過ぎから夜のはじめ頃にかけて雨や雷雨となる所があるでしょう。
熊谷地方気象台,2022-06-25T04:49:00+09:00,埼玉県,,　東日本は太平洋高気圧に緩やかに覆われています。一方、前線を伴った低気圧がサハリン付近にあって、北東へ進んでいます。  　埼玉県は、晴れや曇りで、雨の降っている所があります。  　２５日は、高気圧に緩やかに覆われますが、前線に向かう湿った空気の影響を受ける見込みです。このため、晴れ昼過ぎから時々曇りで、夜のはじめ頃まで雨や雷雨となる所があるでしょう。埼玉県では、２５日は、熱中症の危険性が極めて高い気象状況になることが予測されます。外出はなるべく避け、室内をエアコン等で涼しい環境にして過ごしてください。  　２６日は、高気圧に緩やかに覆われますが、気圧の谷や湿った空気の影響を受ける見込みです。このため、晴れ時々曇りで、昼過ぎから夜のはじめ頃まで雨や雷雨となる所があるでしょう。
熊谷地方気象台,2022-06-25T10:35:00+09:00,埼玉県,,　東日本は高気圧に覆われています。一方、サハリン付近の低気圧から前線が北日本を通り日本海沿岸にのびています。  　埼玉県は、晴れています。  　２５日は、高気圧に覆われますが、前線に向かう湿った空気の影響を受ける見込みです。このため、晴れ時々曇りで、昼過ぎから夜のはじめ頃まで雨や雷雨となる所があるでしょう。埼玉県では、２５日は、熱中症の危険性が極めて高い気象状況になることが予測されます。外出はなるべく避け、室内をエアコン等で涼しい環境にして過ごしてください。  　２６日は、高気圧に覆われますが、気圧の谷や湿った空気の影響を受ける見込みです。このため、晴れ時々曇りで、昼過ぎから夜のはじめ頃まで雨や雷雨となる所があるでしょう。
熊谷地方気象台,2022-06-25T16:37:00+09:00,埼玉県,,　東日本は高気圧に覆われています。一方、前線が日本海沿岸にのびています。  　埼玉県は、晴れや曇りとなっています。  　２５日は、高気圧に覆われますが、前線に向かう湿った空気の影響を受ける見込みです。このため、南部と北部は晴れ時々曇りで、秩父地方は曇り夜遅く晴れとなるでしょう。埼玉県では、夜のはじめ頃まで雨や雷雨となる所がある見込みです。  　２６日は、高気圧に覆われますが、寒気を伴った気圧の谷や湿った空気の影響を受ける見込みです。このため、晴れ時々曇りで、昼過ぎから夜のはじめ頃は雨や雷雨となる所があるでしょう。
熊谷地方気象台,2022-06-26T04:38:00+09:00,埼玉県,,　本州付近は太平洋高気圧に覆われています。  　埼玉県は、晴れや曇りとなっています。  　２６日は、高気圧に覆われますが、寒気を伴った気圧の谷や湿った空気の影響を受ける見込みです。このため、南部と北部では晴れ時々曇り、秩父地方では曇り時々晴れとなるでしょう。また、昼過ぎから夜のはじめ頃は雨や雷雨となり、北部では激しく降る所がある見込みです。  　２７日は、高気圧に覆われますが、上空の寒気や湿った空気の影響を受ける見込みです。このため、晴れ時々曇りで、北部と秩父地方では昼過ぎから夜のはじめ頃、雨や雷雨となる所があるでしょう。
熊谷地方気象台,2022-06-26T10:36:00+09:00,埼玉県,,　本州付近は太平洋高気圧に覆われています。  　埼玉県は、晴れや曇りとなっています。  　２６日は、高気圧に覆われますが、寒気を伴った気圧の谷や湿った空気の影響を受ける見込みです。このため、南部と北部は晴れ時々曇り、秩父地方は曇り時々晴れとなるでしょう。また、昼過ぎから夜のはじめ頃は雨や雷雨となり、北部では激しく降る所がある見込みです。  　２７日は、高気圧に覆われますが、上空の寒気や湿った空気の影響を受ける見込みです。このため、晴れ時々曇りで、昼過ぎから夜のはじめ頃は雨や雷雨となる所があるでしょう。
熊谷地方気象台,2022-06-26T16:36:00+09:00,埼玉県,,　本州付近は太平洋高気圧に覆われています。  　埼玉県は、曇りや晴れとなっています。  　２６日は、高気圧に覆われますが、上空の寒気や湿った空気の影響を受ける見込みです。このため、南部と北部は晴れ時々曇り、秩父地方は曇りで夜遅くは晴れとなるでしょう。また、雨や雷雨となる所がある見込みです。  　２７日は、高気圧に覆われますが、寒気を伴った気圧の谷や湿った空気の影響を受ける見込みです。このため、晴れ時々曇りで、昼過ぎから雨や雷雨となる所があるでしょう。秩父地方では、昼過ぎから夕方は激しく降る所がある見込みです。
熊谷地方気象台,2022-06-27T04:41:00+09:00,埼玉県,,　太平洋高気圧が西日本から東日本に張り出しています。  　埼玉県は、晴れとなっています。  　２７日は、高気圧に覆われますが、寒気を伴った気圧の谷や湿った空気の影響を受ける見込みです。このため、晴れ時々曇りで、昼過ぎから雨や雷雨となる所があるでしょう。秩父地方では、昼過ぎから夕方は激しく降る所がある見込みです。  　２８日は、高気圧に覆われますが、湿った空気の影響を受ける見込みです。このため、晴れ時々曇りで、昼過ぎから夜のはじめ頃は雨の降る所があるでしょう。
熊谷地方気象台,2022-06-27T10:41:00+09:00,埼玉県,,　太平洋高気圧が西日本から東日本に張り出しています。  　埼玉県は、晴れています。  　２７日は、高気圧に覆われますが、寒気を伴った気圧の谷や湿った空気の影響を受ける見込みです。このため、晴れのち曇りで、昼過ぎから雨や雷雨となる所があるでしょう。秩父地方では、激しく降る所がある見込みです。  　２８日は、高気圧に覆われますが、湿った空気の影響を受けるでしょう。このため、晴れ時々曇りで、昼過ぎから夜のはじめ頃は雨の降る所がある見込みです。
熊谷地方気象台,2022-06-27T16:34:00+09:00,埼玉県,,　太平洋高気圧が西日本から東日本に張り出しています。  　埼玉県は、曇りや晴れで、雨の降っている所があります。  　２７日は、高気圧に覆われますが、寒気を伴った気圧の谷や湿った空気の影響を受ける見込みです。このため、曇りのち晴れで、雨や雷雨となる所があるでしょう。秩父地方では、夕方まで激しく降る所がある見込みです。  　２８日は、高気圧に覆われますが、湿った空気の影響を受けるでしょう。このため、晴れ時々曇りで、昼過ぎから夜のはじめ頃は雨や雷雨となる所がある見込みです。
熊谷地方気象台,2022-06-28T04:40:00+09:00,埼玉県,,　太平洋高気圧が西日本から東日本へ張り出しています。  　埼玉県は、晴れや曇りとなっています。  　２８日は、高気圧に覆われますが、上空の寒気や湿った空気の影響を受ける見込みです。このため、晴れ時々曇りで、昼過ぎから夜のはじめ頃は雨や雷雨となる所があるでしょう。  　２９日は、高気圧に覆われて晴れますが、湿った空気の影響を受けるため、朝晩は曇りとなる見込みです。
熊谷地方気象台,2022-06-28T10:39:00+09:00,埼玉県,,　太平洋高気圧が西日本から東日本へ張り出しています。  　埼玉県は、晴れています。  　２８日は、高気圧に覆われますが、湿った空気の影響を受ける見込みです。このため、南部と北部では、晴れ夕方から曇り、秩父地方では、晴れ昼過ぎから夕方曇りとなるでしょう。埼玉県では、昼過ぎから夜のはじめ頃にかけて雨や雷雨となる所がある見込みです。  　２９日は、高気圧に覆われますが、湿った空気の影響を受けるため、晴れで朝晩は曇りとなるでしょう。
熊谷地方気象台,2022-06-28T16:37:00+09:00,埼玉県,,　太平洋高気圧が西日本から東日本へ張り出しています。  　埼玉県は、晴れています。  　２８日は、高気圧に覆われますが、湿った空気の影響を受ける見込みです。このため、晴れで夜のはじめ頃曇りとなり、雨や雷雨となる所があるでしょう。  　２９日は、高気圧に覆われるため、晴れる見込みです。埼玉県では、２９日は、熱中症の危険性が極めて高い気象状況になることが予測されます。外出はなるべく避け、室内をエアコン等で涼しい環境にして過ごしてください。
熊谷地方気象台,2022-06-29T04:34:00+09:00,埼玉県,,　太平洋高気圧が西日本から東日本へ張り出しています。  　埼玉県は、おおむね晴れとなっています。  　２９日は、高気圧に覆われるため、晴れるでしょう。埼玉県では、２９日は、熱中症の危険性が極めて高い気象状況になることが予測されます。外出はなるべく避け、室内をエアコン等で涼しい環境にして過ごしてください。  　３０日は、高気圧に覆われますが、湿った空気の影響を受ける見込みです。このため、晴れ時々曇りで、秩父地方では夕方から夜のはじめ頃は雨の降る所があるでしょう。
熊谷地方気象台,2022-06-29T10:36:00+09:00,埼玉県,,　太平洋高気圧が西日本から東日本へ張り出しています。  　埼玉県は、晴れています。  　２９日は、高気圧に覆われ、晴れでしょう。埼玉県では、２９日は、熱中症の危険性が極めて高い気象状況になることが予測されます。外出はなるべく避け、室内をエアコン等で涼しい環境にして過ごしてください。  　３０日は、高気圧に覆われますが、湿った空気の影響を受ける見込みです。このため、晴れ時々曇りで、秩父地方では夕方から夜のはじめ頃は雨の降る所があるでしょう。
熊谷地方気象台,2022-06-29T16:33:00+09:00,埼玉県,,　太平洋高気圧が東日本から西日本へ張り出しています。  　埼玉県は、晴れています。  　２９日は、高気圧に覆われ、晴れでしょう。  　３０日は、高気圧に覆われますが、湿った空気の影響を受ける見込みです。このため、晴れ夜曇りで、秩父地方では夕方から夜のはじめ頃にかけて雨の降る所があるでしょう。埼玉県では、３０日は、熱中症の危険性が極めて高い気象状況になることが予測されます。外出はなるべく避け、室内をエアコン等で涼しい環境にして過ごしてください。
熊谷地方気象台,2022-06-30T04:42:00+09:00,埼玉県,,　太平洋高気圧が西日本から東日本へ張り出しています。  　埼玉県は、晴れています。  　３０日は、高気圧に覆われますが、湿った空気の影響を受ける見込みです。このため、晴れ夕方から曇りで、秩父地方では昼過ぎから夜のはじめ頃にかけて雨の降る所があるでしょう。埼玉県では、３０日は、熱中症の危険性が極めて高い気象状況になることが予測されます。外出はなるべく避け、室内をエアコン等で涼しい環境にして過ごしてください。  　７月１日は、高気圧に覆われますが、湿った空気の影響を受ける見込みです。このため、南部と北部は晴れ、秩父地方は晴れ時々曇りで昼過ぎから夜のはじめ頃にかけて雨の降る所があるでしょう。
熊谷地方気象台,2022-06-30T10:37:00+09:00,埼玉県,,　西日本から東日本は、太平洋高気圧に覆われています。  　埼玉県は、晴れています。  　３０日は、高気圧に覆われますが、湿った空気の影響を受ける見込みです。このため、晴れ夕方から曇りで、秩父地方では昼過ぎから夜のはじめ頃にかけて雨の降る所があるでしょう。埼玉県では、３０日は、熱中症の危険性が極めて高い気象状況になることが予測されます。外出はなるべく避け、室内をエアコン等で涼しい環境にして過ごしてください。  　７月１日は、高気圧に覆われますが、湿った空気の影響を受ける見込みです。このため、南部と北部は晴れ、秩父地方は晴れ時々曇りで昼過ぎから夜のはじめ頃にかけて雨の降る所があるでしょう。
熊谷地方気象台,2022-06-30T19:29:00+09:00,埼玉県,,　西日本から東日本は、太平洋高気圧に覆われています。  　埼玉県は、晴れや曇りで、秩父地方では雨の降っている所があります。  　３０日は、高気圧に覆われますが、湿った空気の影響を受ける見込みです。このため、晴れや曇りで、北部と秩父地方では夜遅くにかけて雨や雷雨となる所があるでしょう。  　７月１日は、高気圧に覆われますが、湿った空気の影響を受ける見込みです。このため、南部と北部は晴れ、秩父地方は晴れ昼過ぎから時々曇りで昼過ぎから夜のはじめ頃にかけて雨の降る所があるでしょう。埼玉県では、７月１日は、熱中症の危険性が極めて高い気象状況になることが予測されます。外出はなるべく避け、室内をエアコン等で涼しい環境にして過ごしてください。
