publishingOffice,reportDatetime,targetArea,headlineText,text
銚子地方気象台,2022-05-01T04:49:00+09:00,千葉県,,　本州付近は気圧の谷となっています。  　千葉県は、曇りとなっています。  　１日は、気圧の谷や湿った空気の影響により、曇りで夜は雨となるでしょう。  　２日は、高気圧に覆われますが、上空の寒気や湿った空気の影響を受けるため、曇り時々晴れで、未明は雨の降る所がある見込みです。  　千葉県の太平洋沿岸の海上では、１日から２日にかけて、うねりを伴い波が高いでしょう。船舶は高波に注意してください。  ＜天気変化等の留意点＞ 　１日は、うねりを伴い波が高くなる所がある見込みです。海岸での作業に注意してください。
銚子地方気象台,2022-05-01T10:35:00+09:00,千葉県,,　本州付近は気圧の谷となっており、日本海中部と紀伊半島の南には低気圧があって、東北東と東へ進んでいます。  　千葉県は、曇りで雨の降っている所があります。  　１日は、気圧の谷や湿った空気の影響により、曇り夜雨となるでしょう。  　２日は、高気圧に覆われますが、上空の寒気や湿った空気の影響を受けるため、曇り時々晴れで、未明は雨の降る所がある見込みです。  　千葉県の太平洋沿岸の海上では、１日から２日にかけて、うねりを伴い波が高いでしょう。船舶は高波に注意してください。  ＜天気変化等の留意点＞ 　１日は、うねりを伴い波が高くなる所がある見込みです。海岸での作業に注意してください。
銚子地方気象台,2022-05-01T16:40:00+09:00,千葉県,,　本州付近は気圧の谷となっており、日本海と東海道沖には低気圧があって、東北東と東へ進んでいます。  　千葉県は、曇りで雨の降っている所があります。  　１日は、気圧の谷や湿った空気の影響により、曇り夜雨となるでしょう。  　２日は、高気圧に覆われますが、上空の寒気や湿った空気の影響を受けるため、曇り時々晴れで、未明は雨の降る所がある見込みです。  　千葉県の太平洋沿岸の海上では、１日から２日にかけて、うねりを伴い波が高いでしょう。船舶は高波に注意してください。  ＜天気変化等の留意点＞ 　２日は、強風やうねりを伴い波が高くなる所がある見込みです。飛散物、海岸での作業に注意してください。
銚子地方気象台,2022-05-02T04:38:00+09:00,千葉県,,　関東の東海上には低気圧があって、東北東へ進んでいます。一方、大陸から高気圧が東日本へ張り出しています。  　千葉県は、おおむね晴れとなっています。  　２日は、高気圧に覆われますが、上空の寒気や湿った空気の影響を受けるため、晴れで昼過ぎから曇り、夕方からは雨の降る所があるでしょう。  　３日は、高気圧が日本の南へ進み本州付近を広く覆いますが、気圧の谷の影響を受ける見込みです。このため、晴れで明け方まで曇りとなる見込みです。  　千葉県の太平洋沿岸の海上では、２日から３日にかけて、うねりを伴い波が高いでしょう。船舶は高波に注意してください。  ＜天気変化等の留意点＞ 　２日は、うねりを伴い波が高くなる所がある見込みです。海岸での作業に注意してください。
銚子地方気象台,2022-05-02T10:33:00+09:00,千葉県,,　大陸から高気圧が東日本へ張り出しています。一方、伊豆諸島付近は気圧の谷となっています。  　千葉県は、曇りや晴れとなっています。  　２日は、高気圧に覆われますが、上空の寒気や湿った空気の影響を受けるため、晴れで昼過ぎから曇りとなり、夕方から雨や雷雨となる所があるでしょう。  　３日は、高気圧が日本の南へ移動し本州付近を広く覆いますが、気圧の谷の影響を受けるため、晴れで明け方まで曇りとなる見込みです。  　千葉県の太平洋沿岸の海上では、２日から３日にかけて、うねりを伴い波が高いでしょう。船舶は高波に注意してください。  ＜天気変化等の留意点＞ 　２日は、雷雨になる所がある見込みです。急な強い雨、落雷、突風、降ひょうに注意してください。うねりを伴い波が高くなる所がある見込みです。海岸での作業に注意してください。
銚子地方気象台,2022-05-02T16:33:00+09:00,千葉県,,　大陸から高気圧が本州付近へ張り出していますが、東日本は気圧の谷となっています。  　千葉県は、曇りや晴れで雨の降っている所があります。  　２日は、上空の寒気や湿った空気の影響を受けるため、曇りで雨や雷雨となる所があるでしょう。  　３日は、高気圧が日本の南へ移動し本州付近を広く覆いますが、気圧の谷の影響を受けるため、晴れで明け方まで曇りとなる見込みです。  　千葉県の太平洋沿岸の海上では、２日から３日にかけて、うねりを伴い波が高いでしょう。船舶は高波に注意してください。  ＜天気変化等の留意点＞ 　３日は、うねりを伴い波が高くなる所がある見込みです。海岸での作業に注意してください。
銚子地方気象台,2022-05-03T07:12:00+09:00,千葉県,,　本州付近は緩やかに高気圧に覆われています。一方、関東地方沿岸は気圧の谷となっています。  　千葉県は、おおむね晴れています。  　３日は、高気圧に覆われますが、気圧の谷の影響を受けるため、晴れ時々曇りとなるでしょう。  　４日は、高気圧に覆われて、晴れる見込みです。  　千葉県の太平洋沿岸の海上では、３日から４日にかけて、うねりを伴い波がやや高いでしょう。
銚子地方気象台,2022-05-03T10:34:00+09:00,千葉県,,　本州付近は緩やかに高気圧に覆われています。一方、関東地方の南海上は気圧の谷となっています。  　千葉県は、晴れや曇りとなっています。  　３日は、高気圧に覆われますが、気圧の谷の影響を受けるため、曇り夕方から晴れとなるでしょう。  　４日は、高気圧に覆われて、晴れる見込みです。  　千葉県の太平洋沿岸の海上では、３日から４日にかけて、うねりを伴い波がやや高いでしょう。
銚子地方気象台,2022-05-03T16:36:00+09:00,千葉県,,　本州付近は、東シナ海に中心を持つ高気圧に覆われています。  　千葉県は、晴れや曇りとなっています。  　３日は、高気圧に覆われるため、晴れとなるでしょう。  　４日は、高気圧に覆われるため、晴れとなる見込みです。  　千葉県の太平洋沿岸の海上では、３日から４日にかけて、うねりを伴い波が高いでしょう。船舶は高波に注意してください。  ＜天気変化等の留意点＞ 　４日は、強風やうねりを伴い波が高くなる所がある見込みです。飛散物、海岸での作業に注意してください。
銚子地方気象台,2022-05-04T04:35:00+09:00,千葉県,,　本州付近は、日本の南に中心を持つ高気圧に覆われています。  　千葉県は、晴れとなっています。  　４日は、高気圧に覆われるため、晴れとなるでしょう。  　５日は、高気圧に覆われますが、上空の気圧の谷の影響により、晴れ時々曇りとなる見込みです。  　千葉県の太平洋沿岸の海上では、４日は、うねりを伴い波がやや高いでしょう。５日は、波がやや高い見込みです。  ＜天気変化等の留意点＞ 　４日は、強風や波がやや高くなる所がある見込みです。飛散物、海岸での作業に注意してください。
銚子地方気象台,2022-05-04T10:34:00+09:00,千葉県,,　本州付近は、日本の東に中心を持つ高気圧に覆われています。  　千葉県は、晴れています。  　４日は、高気圧に覆われて、晴れるでしょう。  　５日は、高気圧に覆われますが、上空の気圧の谷の影響により、晴れ時々曇りとなる見込みです。  　千葉県の太平洋沿岸の海上では、４日は、うねりを伴い波がやや高いでしょう。５日は、波がやや高い見込みです。  ＜天気変化等の留意点＞ 　４日は、強風や波がやや高くなる所がある見込みです。飛散物、海岸での作業に注意してください。
銚子地方気象台,2022-05-04T16:34:00+09:00,千葉県,,　本州付近は、日本の東に中心を持つ高気圧に覆われています。  　千葉県は、晴れています。  　４日は、高気圧に覆われて、晴れるでしょう。  　５日は、高気圧に覆われますが、上空の気圧の谷の影響により、晴れ時々曇りとなる見込みです。  　千葉県の太平洋沿岸の海上では、４日は、うねりを伴い波がやや高いでしょう。５日は、波がやや高い見込みです。
銚子地方気象台,2022-05-05T04:36:00+09:00,千葉県,,　本州付近は、日本の東に中心を持つ高気圧に覆われています。  　千葉県は、晴れや曇りとなっています。  　５日は、高気圧に覆われますが、上空の気圧の谷や寒気の影響を受けるため、晴れ時々曇りとなるでしょう。  　６日は、高気圧に覆われますが、湿った空気の影響を受けるため、曇り時々晴れとなる見込みです。  　千葉県の太平洋沿岸の海上では、５日から６日にかけて、波がやや高いでしょう。
銚子地方気象台,2022-05-05T10:36:00+09:00,千葉県,,　本州付近は、日本の東に中心を持つ高気圧に覆われています。  　千葉県は、晴れています。  　５日は、高気圧に覆われますが、上空の気圧の谷や寒気の影響を受けるため、晴れ時々曇りとなるでしょう。  　６日は、高気圧に覆われますが、湿った空気の影響を受けるため、曇り時々晴れとなる見込みです。  　千葉県の太平洋沿岸の海上では、５日から６日にかけて、波がやや高いでしょう。
銚子地方気象台,2022-05-05T16:35:00+09:00,千葉県,,　日本付近は、日本の東に中心を持つ高気圧に覆われています。  　千葉県は、晴れています。  　５日は、高気圧に覆われますが、湿った空気の影響を受けるため、晴れで夜は曇りとなるでしょう。  　６日は、高気圧に覆われますが、湿った空気の影響を受けるため、晴れで朝晩は曇りとなる見込みです。  　千葉県の太平洋沿岸の海上では、５日から６日にかけて、波がやや高いでしょう。
銚子地方気象台,2022-05-06T08:11:00+09:00,千葉県,,　本州付近は、日本の東に中心を持つ高気圧に覆われています。  　千葉県は、曇りや晴れとなっています。  　６日は、高気圧に覆われますが、湿った空気の影響を受けるため、曇り夕方まで時々晴れで、夜遅くは雨の降る所があるでしょう。  　７日は、前線や湿った空気の影響を受けるため、曇りで昼前まで時々雨となる見込みです。  　千葉県の太平洋沿岸の海上では、６日は、波がやや高いでしょう。７日は、うねりを伴い波が高い見込みです。船舶は高波に注意してください。
銚子地方気象台,2022-05-06T10:45:00+09:00,千葉県,,　本州付近は、日本の東に中心を持つ高気圧に覆われています。また、前線を伴った低気圧が日本の南を東北東へ進んでいます。  　千葉県は、薄曇りとなっています。  　６日は、高気圧に覆われますが、湿った空気の影響を受けるため、曇り昼過ぎから夕方晴れで、夜遅くは雨の降る所があるでしょう。  　７日は、前線を伴った低気圧や湿った空気の影響を受けるため、曇りで昼前まで時々雨となる見込みです。  　千葉県の太平洋沿岸の海上では、６日は、波がやや高いでしょう。７日は、うねりを伴い波が高い見込みです。船舶は高波に注意してください。
銚子地方気象台,2022-05-06T16:34:00+09:00,千葉県,,　本州付近は、日本のはるか東に中心を持つ高気圧に覆われています。また、前線を伴った低気圧が日本の南を東北東へ進んでいます。  　千葉県は、おおむね曇りとなっています。  　６日は、湿った空気の影響を受けるため、曇りで夜遅くは雨の降る所があるでしょう。  　７日は、前線を伴った低気圧や湿った空気の影響を受けるため、曇り時々雨となる見込みです。  　千葉県の太平洋沿岸の海上では、６日は、波がやや高いでしょう。７日は、うねりを伴い波が高い見込みです。船舶は高波に注意してください。  ＜天気変化等の留意点＞ 　７日は、うねりを伴い波が高くなる所がある見込みです。海岸での作業に注意してください。
銚子地方気象台,2022-05-07T04:38:00+09:00,千葉県,,　本州付近は、日本のはるか東に中心を持つ高気圧に覆われています。一方、前線を伴った低気圧が日本の南を東北東へ進んでいます。  　千葉県は、雨や曇りとなっています。  　７日は、低気圧が日本の南を東北東へ進む見込みです。このため、曇り時々雨となるでしょう。  　８日は、高気圧に覆われますが、気圧の谷や湿った空気の影響を受けるでしょう。このため、曇り昼過ぎから時々晴れとなる見込みです。  　千葉県の太平洋沿岸の海上では、７日から８日にかけて、うねりを伴い波が高いでしょう。船舶は高波に注意してください。  ＜天気変化等の留意点＞ 　７日は、うねりを伴い波が高くなる所がある見込みです。海岸での作業に注意してください。
銚子地方気象台,2022-05-07T10:33:00+09:00,千葉県,,　本州付近は、日本のはるか東に中心を持つ高気圧に覆われています。一方、前線を伴った低気圧が日本の東を東北東へ進んでいます。  　千葉県は、雨や曇りとなっています。  　７日は、低気圧が日本の東を東北東へ進むため、雨で昼過ぎから曇りとなるでしょう。  　８日は、高気圧に覆われますが、気圧の谷や湿った空気の影響を受けるため、曇りで昼過ぎから時々晴れとなる見込みです。  　千葉県の太平洋沿岸の海上では、７日から８日にかけて、うねりを伴い波が高いでしょう。船舶は高波に注意してください。  ＜天気変化等の留意点＞ 　７日は、うねりを伴い波が高くなる所がある見込みです。海岸での作業に注意してください。
銚子地方気象台,2022-05-07T16:33:00+09:00,千葉県,,　前線を伴った低気圧が日本の東を東北東へ進んでいます。  　千葉県は、曇りで雨の降っている所があります。  　７日は、日本の東を北東へ進む低気圧の影響を受けるため、曇りで夜のはじめ頃まで雨の降る所があるでしょう。  　８日は、高気圧に覆われますが、気圧の谷や湿った空気の影響を受けるため、曇りで昼前から夕方は晴れとなる見込みです。  　千葉県の太平洋沿岸の海上では、７日から８日にかけて、うねりを伴い波が高いでしょう。船舶は高波に注意してください。  ＜天気変化等の留意点＞ 　８日は、うねりを伴い波が高くなる所がある見込みです。海岸での作業に注意してください。
銚子地方気象台,2022-05-08T07:31:00+09:00,千葉県,,　西日本から東日本は、高気圧に覆われています。一方、伊豆諸島付近は気圧の谷となっています。  　千葉県は、おおむね曇りとなっています。  　８日は、日本海に中心を持つ高気圧に覆われますが、気圧の谷や湿った空気の影響を受けるため、晴れや曇りとなるでしょう。  　９日は、気圧の谷や湿った空気の影響を受けるため、曇りで昼過ぎから時々雨となる見込みです。  　千葉県の太平洋沿岸の海上では、８日は、うねりを伴い波が高いでしょう。船舶は高波に注意してください。９日は、うねりを伴い波がやや高い見込みです。  ＜天気変化等の留意点＞ 　８日は、うねりを伴い波が高くなる所がある見込みです。海岸での作業に注意してください。
銚子地方気象台,2022-05-08T10:33:00+09:00,千葉県,,　高気圧が日本海西部にあって、本州付近を覆っています。一方、伊豆諸島付近は気圧の谷となっています。  　千葉県は、曇りや晴れとなっています。  　８日は、高気圧に覆われますが、気圧の谷や湿った空気の影響を受けるため、曇り時々晴れとなるでしょう。  　９日は、気圧の谷や湿った空気の影響を受けるため、曇りで昼過ぎから時々雨となる見込みです。  　千葉県の太平洋沿岸の海上では、８日は、うねりを伴い波が高いでしょう。船舶は高波に注意してください。９日は、うねりを伴い波がやや高い見込みです。  ＜天気変化等の留意点＞ 　８日は、うねりを伴い波が高くなる所がある見込みです。海岸での作業に注意してください。
銚子地方気象台,2022-05-08T16:33:00+09:00,千葉県,,　伊豆諸島付近は気圧の谷となっています。一方、高気圧が日本海西部にあって、本州付近を覆っています。  　千葉県は、おおむね曇りとなっています。  　８日は、気圧の谷や湿った空気の影響を受けるため、曇りとなるでしょう。  　９日は、気圧の谷や湿った空気の影響で、曇りで昼過ぎから時々雨となる見込みです。  　千葉県の太平洋沿岸の海上では、８日から９日にかけて、うねりを伴い波が高いでしょう。船舶は高波に注意してください。  ＜天気変化等の留意点＞ 　９日は、うねりを伴い波が高くなる所がある見込みです。海岸での作業に注意してください。
銚子地方気象台,2022-05-09T04:38:00+09:00,千葉県,,　本州付近に中心を持つ高気圧に覆われています。一方、伊豆諸島付近は気圧の谷となっています。  　千葉県は、曇りで雨の降っている所があります。  　９日は、気圧の谷や湿った空気の影響により、曇りで昼前から雨となり、昼過ぎから雷を伴う所があるでしょう。  　１０日は、気圧の谷や湿った空気の影響により、曇りで未明は雨となる見込みです。  　千葉県の太平洋沿岸の海上では、９日から１０日にかけて、うねりを伴い波が高いでしょう。船舶は高波に注意してください。  ＜天気変化等の留意点＞ 　９日は、雷雨になる所がある見込みです。急な強い雨、落雷、突風、降ひょうに注意してください。強風やうねりを伴い波が高くなる所がある見込みです。飛散物、海岸での作業に注意してください。
銚子地方気象台,2022-05-09T10:35:00+09:00,千葉県,,　本州付近は高気圧に覆われています。一方、伊豆諸島付近は気圧の谷となっています。  　千葉県は、雨や曇りとなっています。  　９日は、気圧の谷や湿った空気の影響により、雨で昼過ぎから雷を伴う所があるでしょう。  　１０日は、気圧の谷や湿った空気の影響により、曇りで未明は雨で、明け方まで雷を伴う所がある見込みです。  　千葉県の太平洋沿岸の海上では、９日から１０日にかけて、うねりを伴い波が高いでしょう。船舶は高波に注意してください。  ＜天気変化等の留意点＞ 　９日は、雷雨になる所がある見込みです。急な強い雨、落雷、突風、降ひょうに注意してください。強風やうねりを伴い波が高くなる所がある見込みです。飛散物、海岸での作業に注意してください。
銚子地方気象台,2022-05-09T16:36:00+09:00,千葉県,,　東日本は気圧の谷となっています。  　千葉県は、雨や曇りとなっています。  　９日は、気圧の谷や湿った空気の影響により、雨で雷を伴う所があるでしょう。  　１０日は、気圧の谷や湿った空気の影響により、曇りで未明は雨で、明け方まで雷を伴う所がある見込みです。  　千葉県の太平洋沿岸の海上では、９日から１０日にかけて、うねりを伴い波が高いでしょう。船舶は高波に注意してください。  ＜天気変化等の留意点＞ 　１０日は、雷雨になる所がある見込みです。急な強い雨、落雷、突風、降ひょうに注意してください。強風やうねりを伴い波が高くなる所がある見込みです。飛散物、海岸での作業に注意してください。
銚子地方気象台,2022-05-10T04:36:00+09:00,千葉県,,　東日本の南岸は気圧の谷となっています。一方、高気圧が日本海にあって、東へ移動しています。  　千葉県は、曇りで雨の降っている所があります。  　１０日は、高気圧に覆われますが、気圧の谷や湿った空気の影響により、曇り時々晴れで、明け方は雨の降る所があるでしょう。  　１１日は、気圧の谷や湿った空気の影響により、曇りで昼過ぎから夕方雨となる見込みです。  　千葉県の太平洋沿岸の海上では、１０日は、うねりを伴い波が高いでしょう。船舶は高波に注意してください。１１日は、うねりを伴い波がやや高い見込みです。  ＜天気変化等の留意点＞ 　１０日は、うねりを伴い波が高くなる所がある見込みです。海岸での作業に注意してください。
銚子地方気象台,2022-05-10T10:34:00+09:00,千葉県,,　高気圧が日本海にあって、東へ移動しています。一方、伊豆諸島付近は気圧の谷となっています。  　千葉県は、おおむね晴れとなっています。  　１０日は、高気圧に覆われますが、気圧の谷や湿った空気の影響により、晴れ時々曇りとなるでしょう。  　１１日は、気圧の谷や湿った空気の影響により、曇りで昼過ぎから夕方は雨となる見込みです。  　千葉県の太平洋沿岸の海上では、１０日は、うねりを伴い波が高いでしょう。船舶は高波に注意してください。１１日は、うねりを伴い波がやや高い見込みです。  ＜天気変化等の留意点＞ 　１０日は、うねりを伴い波が高くなる所がある見込みです。海岸での作業に注意してください。
銚子地方気象台,2022-05-10T16:34:00+09:00,千葉県,,　本州付近は、高気圧に覆われています。  　千葉県は、おおむね晴れています。  　１０日は、高気圧に覆われますが、湿った空気の影響により、晴れで夜遅くは曇りとなるでしょう。  　１１日は、日本の東の高気圧に緩やかに覆われますが、気圧の谷や湿った空気の影響を受ける見込みです。このため、曇りで昼過ぎからは雨の降る所があるでしょう。  　千葉県の太平洋沿岸の海上では、１０日から１１日にかけて、うねりを伴い波が高いでしょう。船舶は高波に注意してください。  ＜天気変化等の留意点＞ 　１１日は、うねりを伴い波が高くなる所がある見込みです。海岸での作業に注意してください。
銚子地方気象台,2022-05-11T04:38:00+09:00,千葉県,,　日本の東に中心を持つ高気圧に覆われています。  　千葉県は、おおむね曇りとなっています。  　１１日は、気圧の谷や湿った空気の影響を受けるため、曇りとなるでしょう。  　１２日は、華中から四国の南へのびる前線や湿った空気の影響を受けるため、曇りで夕方から雨の降る所がある見込みです。  　千葉県の太平洋沿岸の海上では、１１日から１２日にかけて、うねりを伴い波がやや高いでしょう。
銚子地方気象台,2022-05-11T10:41:00+09:00,千葉県,,　東日本は日本の東に中心を持つ高気圧に覆われています。また、前線が華南から南西諸島を通って日本の南にのびています。  　千葉県は、曇りや晴れとなっています。  　１１日は、高気圧に緩やかに覆われますが、気圧の谷や湿った空気の影響を受けるため、曇りで昼過ぎ晴れとなるでしょう。  　１２日は、前線や湿った空気の影響を受けるため、曇りで夕方から雨の降る所がある見込みです。  　千葉県の太平洋沿岸の海上では、１１日から１２日にかけて、うねりを伴い波がやや高いでしょう。
銚子地方気象台,2022-05-11T16:38:00+09:00,千葉県,,　東日本は日本の東に中心を持つ高気圧に覆われています。また、前線が華南から奄美地方へのびています。  　千葉県は、曇りや晴れとなっています。  　１１日は、高気圧に緩やかに覆われますが、気圧の谷や湿った空気の影響を受けるため、曇りで晴れる所があるでしょう。  　１２日は、前線や湿った空気の影響を受けるため、曇りで夜遅くは雨となる見込みです。  　千葉県の太平洋沿岸の海上では、１１日から１２日にかけて、うねりを伴い波がやや高いでしょう。
銚子地方気象台,2022-05-12T04:35:00+09:00,千葉県,,　東日本は日本の東に中心を持つ高気圧に覆われています。また、東シナ海には前線を伴った低気圧があって、東北東へ進んでいます。  　千葉県は、おおむね曇りとなっています。  　１２日は、前線や湿った空気の影響を受けるため、曇りで、夜遅くは雨となるでしょう。  　１３日は、前線や低気圧の影響を受けるため、雨で、夜は雷を伴い激しく降る所がある見込みです。  　千葉県の太平洋沿岸の海上では、１２日は、うねりを伴い波がやや高いでしょう。１３日は、波が高い見込みです。船舶は高波に注意してください。
銚子地方気象台,2022-05-12T10:33:00+09:00,千葉県,,　東日本は日本の東に中心を持つ高気圧に覆われています。また、九州の西には前線を伴った低気圧があって、東北東へ進んでいます。  　千葉県は、曇りで雨の降っている所があります。  　１２日は、前線や湿った空気の影響を受けるため、曇りで、夜遅くは雨となるでしょう。  　１３日は、前線や低気圧の影響を受けるため、雨で、夜は雷を伴い激しく降る所がある見込みです。  　千葉県の太平洋沿岸の海上では、１２日は、うねりを伴い波がやや高いでしょう。１３日は、波が高い見込みです。船舶は高波に注意してください。
銚子地方気象台,2022-05-12T16:33:00+09:00,千葉県,,　九州付近には前線を伴った低気圧があって、東北東へ進んでいます。  　千葉県は、雨となっています。  　１２日は、前線や湿った空気の影響を受けるため、雨となるでしょう。  　１３日は、前線や低気圧の影響を受けるため、雨で、朝から雷を伴い激しく降る所がある見込みです。  　千葉県の太平洋沿岸の海上では、１２日は、うねりを伴い波がやや高いでしょう。１３日は、波が高い見込みです。船舶は高波に注意してください。  ＜天気変化等の留意点＞ 　１３日は、雷を伴い激しい雨の降る所がある見込みです。土砂災害、低地への浸水、河川の増水、落雷、突風、降ひょうに注意してください。強風や波が高くなる所がある見込みです。飛散物、海岸での作業に注意してください。
銚子地方気象台,2022-05-13T04:44:00+09:00,千葉県,,　前線上の低気圧が四国沖にあって、東北東へ進んでいます。  　千葉県は、雨となっています。  　１３日は、前線や低気圧の影響を受けるため、雨で昼前から雷を伴い激しく降る所があるでしょう。  　１４日は、前線が東日本の太平洋沿岸から次第に南下するため、雨で朝から昼前は雷を伴い激しく降る所がありますが、昼過ぎから曇りとなる見込みです。  　千葉県の太平洋沿岸の海上では、１３日は、波が高いでしょう。１４日は、うねりを伴い波が高い見込みです。船舶は高波に注意してください。  ＜天気変化等の留意点＞ 　１３日は、雷を伴い激しい雨の降る所がある見込みです。土砂災害、低地への浸水、河川の増水、落雷、突風、降ひょうに注意してください。強風や波が高くなる所がある見込みです。飛散物、海岸での作業に注意してください。
銚子地方気象台,2022-05-13T10:34:00+09:00,千葉県,,　紀伊半島付近には前線を伴った低気圧があって、東北東へ進んでいます。  　千葉県は、雨となっています。  　１３日は、前線や低気圧の影響を受けるため、雨で夜雷を伴い激しく降る所があるでしょう。  　１４日は、前線が東日本の太平洋沿岸から次第に南下するため、雨で朝から昼前は雷を伴い激しく降る所がありますが、昼過ぎから曇りとなる見込みです。  　千葉県の太平洋沿岸の海上では、１３日は、波が高いでしょう。１４日は、うねりを伴い波が高い見込みです。船舶は高波に注意してください。  ＜天気変化等の留意点＞ 　１３日は、雷を伴い激しい雨の降る所がある見込みです。土砂災害、低地への浸水、河川の増水、落雷、突風、降ひょうに注意してください。強風や波が高くなる所がある見込みです。飛散物、海岸での作業に注意してください。
銚子地方気象台,2022-05-13T16:33:00+09:00,千葉県,,　前線が華南から九州の南を通って伊豆諸島付近にのびており、前線上の東海道沖に低気圧があって、東北東へ進んでいます。  　千葉県は、雨となっています。  　１３日は、前線や低気圧の影響を受けるため、雨で雷を伴うでしょう。  　１４日は、前線が東日本の太平洋沿岸から次第に南下するため、雨昼過ぎから曇りで、朝から昼前は雷を伴い激しく降る所がある見込みです。  　千葉県の太平洋沿岸の海上では、１３日は、波が高いでしょう。１４日は、うねりを伴い波が高い見込みです。船舶は高波に注意してください。  ＜天気変化等の留意点＞ 　１４日は、雷を伴い激しい雨の降る所がある見込みです。土砂災害、低地への浸水、河川の増水、落雷、突風、降ひょうに注意してください。強風やうねりを伴い波が高くなる所がある見込みです。飛散物、海岸での作業に注意してください。
銚子地方気象台,2022-05-14T04:34:00+09:00,千葉県,,　前線が華南から東日本を通って日本の東にのびており、前線上の低気圧が紀伊半島付近にあって、東北東へ進んでいます。  　千葉県は、雨となっています。  　１４日は、前線や低気圧の影響により、雨昼過ぎから曇りで、朝から昼前は雷を伴い激しく降る所があるでしょう。  　１５日は、気圧の谷や湿った空気の影響を受けるため、曇りで夜遅くは雨の降る所がある見込みです。  　千葉県の太平洋沿岸の海上では、１４日は、うねりを伴いしけとなるでしょう。１５日は、うねりを伴い波が高い見込みです。船舶は高波に注意してください。  ＜天気変化等の留意点＞ 　１４日は、雷を伴い激しい雨の降る所がある見込みです。土砂災害、低地への浸水、河川の増水、落雷、突風、降ひょうに注意してください。強風やうねりを伴いしけとなる所がある見込みです。飛散物、海岸での作業に注意してください。
銚子地方気象台,2022-05-14T11:36:00+09:00,千葉県,,　前線上の低気圧が関東付近にあって、北東へ進んでいます。  　千葉県は、曇りとなっています。  　１４日は、前線や低気圧の影響により、曇りとなるでしょう。  　１５日は、気圧の谷や湿った空気の影響を受けるため、曇りで、夜遅くは雨の降る所がある見込みです。  　千葉県の太平洋沿岸の海上では、１４日は、うねりを伴いしけとなるでしょう。１５日は、うねりを伴い波が高い見込みです。船舶は高波に注意してください。  ＜天気変化等の留意点＞ 　１４日は、土砂災害に注意してください。うねりを伴いしけとなる所がある見込みです。海岸での作業に注意してください。
銚子地方気象台,2022-05-14T16:39:00+09:00,千葉県,,　前線が南西諸島から関東付近を通り日本の東へのびています。  　千葉県は、おおむね曇りとなっています。  　１４日は、前線や湿った空気の影響を受けるため、曇りで夜は雨の降る所があるでしょう。  　１５日は、気圧の谷や湿った空気の影響を受けるため、曇りで朝晩は雨の降る所がある見込みです。  　千葉県の太平洋沿岸の海上では、１４日から１５日にかけて、うねりを伴い波が高いでしょう。船舶は高波に注意してください。  ＜天気変化等の留意点＞ 　１５日は、うねりを伴い波が高くなる所がある見込みです。海岸での作業に注意してください。
銚子地方気象台,2022-05-15T04:35:00+09:00,千葉県,,　前線が南西諸島から日本の東へのびており、前線上の伊豆諸島付近には低気圧があって東に進んでいます。  　千葉県は、曇りで雨の降っている所があります。  　１５日は、高気圧に覆われますが、気圧の谷や湿った空気の影響を受けるため、曇りで夜は雨の降る所があるでしょう。  　１６日は、伊豆諸島の南の前線上を低気圧が北東に進むため、曇り時々雨となる見込みです。  　千葉県の太平洋沿岸の海上では、１５日は、うねりを伴い波が高いでしょう。船舶は高波に注意してください。１６日は、うねりを伴い波がやや高い見込みです。  ＜天気変化等の留意点＞ 　１５日は、うねりを伴い波が高くなる所がある見込みです。海岸での作業に注意してください。
銚子地方気象台,2022-05-15T10:38:00+09:00,千葉県,,　前線が南西諸島から日本の東へのびており、前線上の日本の東には低気圧があって東に進んでいます。一方、東シナ海には高気圧があって東へ移動しています。  　千葉県は、曇りとなっています。  　１５日は、高気圧に覆われますが、気圧の谷や湿った空気の影響を受ける見込みです。このため、曇りで夜は雨の降る所があるでしょう。  　１６日は、伊豆諸島の南の前線上を低気圧が北東に進む見込みです。このため、曇り時々雨となるでしょう。  　千葉県の太平洋沿岸の海上では、１５日は、うねりを伴い波が高いでしょう。船舶は高波に注意してください。１６日は、うねりを伴い波がやや高い見込みです。  ＜天気変化等の留意点＞ 　１５日は、うねりを伴い波が高くなる所がある見込みです。海岸での作業に注意してください。
銚子地方気象台,2022-05-15T16:37:00+09:00,千葉県,,　前線が南西諸島から日本の東へのびており、前線上の日本の東には低気圧があって東に進んでいます。一方、東シナ海には高気圧があって東へ移動しています。  　千葉県は、曇りとなっています。  　１５日は、気圧の谷や湿った空気の影響を受ける見込みです。このため、曇りで、夜は雨の降る所があるでしょう。  　１６日は、伊豆諸島の南の前線上を低気圧が東北東に進む見込みです。このため、雨で朝晩は曇りとなるでしょう。  　千葉県の太平洋沿岸の海上では、１５日は、うねりを伴い波がやや高いでしょう。１６日は、波がやや高い見込みです。
銚子地方気象台,2022-05-16T04:42:00+09:00,千葉県,,　前線が沖縄の南から日本の南を通り日本の東へのびています。  　千葉県は、雨となっています。  　１６日は、前線上に発生した低気圧が伊豆諸島の南を東北東に進むため、雨となるでしょう。  　１７日は、気圧の谷や湿った空気の影響を受けるため、曇りで、未明は雨の降る所がある見込みです。  　千葉県の太平洋沿岸の海上では、１６日から１７日にかけて、波がやや高いでしょう。
銚子地方気象台,2022-05-16T10:35:00+09:00,千葉県,,　前線が沖縄の南から日本の南を通って日本の東にのびており、日本の南には前線上の低気圧があって、東北東へ進んでいます。  　千葉県は、雨となっています。  　１６日は、前線上の低気圧が伊豆諸島の南を東北東へ進むため、雨となるでしょう。  　１７日は、気圧の谷や湿った空気の影響を受けるため、曇りで未明は雨の降る所がある見込みです。  　千葉県の太平洋沿岸の海上では、１６日から１７日にかけて、波がやや高いでしょう。  ＜天気変化等の留意点＞ 　１６日は、土砂災害に注意してください。
銚子地方気象台,2022-05-16T16:37:00+09:00,千葉県,,　前線が沖縄の南から日本の南を通って日本の東にのびており、伊豆諸島の南東には前線上の低気圧があって、東北東へ進んでいます。  　千葉県は、雨や曇りとなっています。  　１６日は、前線上の低気圧の影響で、雨で夜は曇りとなるでしょう。  　１７日は、気圧の谷や湿った空気の影響を受けるため、曇りとなる見込みです。  　千葉県の太平洋沿岸の海上では、１６日から１７日にかけて、波がやや高いでしょう。
銚子地方気象台,2022-05-17T04:36:00+09:00,千葉県,,　前線が、沖縄の南から日本の南を通って日本の東にのびており、前線上の日本の東には低気圧があって、東北東へ進んでいます。  　千葉県は、曇りで雨の降っている所があります。  　１７日は、高気圧に覆われますが、気圧の谷や湿った空気の影響を受けるため、曇りで夕方まで雨の降る所があるでしょう。  　１８日は、高気圧に覆われますが、湿った空気や上空の寒気の影響を受けるため、曇りで昼過ぎから時々晴れとなる見込みです。  　千葉県の太平洋沿岸の海上では、１７日から１８日にかけて、波がやや高いでしょう。
銚子地方気象台,2022-05-17T10:33:00+09:00,千葉県,,　前線が、沖縄の南から日本の南を通って日本の東にのびています。  　千葉県は、おおむね雨となっています。  　１７日は、気圧の谷や湿った空気の影響を受けるため、曇りで昼過ぎ一時雨となるでしょう。  　１８日は、高気圧に覆われますが、湿った空気の影響を受けるため、曇りで昼過ぎから時々晴れとなる見込みです。  　千葉県の太平洋沿岸の海上では、１７日から１８日にかけて、波がやや高いでしょう。
銚子地方気象台,2022-05-17T16:33:00+09:00,千葉県,,　前線が、沖縄の南から日本の南を通って日本の東にのびています。  　千葉県は、おおむね雨となっています。  　１７日は、気圧の谷や湿った空気の影響を受けるため、曇りで雨の降る所があるでしょう。  　１８日は、高気圧に覆われますが、湿った空気の影響を受けるため、曇りで昼過ぎから時々晴れとなる見込みです。  　千葉県の太平洋沿岸の海上では、１７日から１８日にかけて、波がやや高いでしょう。
銚子地方気象台,2022-05-18T04:41:00+09:00,千葉県,,　日本付近は高気圧に覆われています。一方、日本の南には前線が停滞しています。  　千葉県は、曇りや晴れとなっています。  　１８日は、高気圧に覆われますが、湿った空気の影響を受けるため、晴れ時々曇りとなるでしょう。  　１９日は、高気圧に覆われますが、気圧の谷や湿った空気の影響を受けるため、晴れ朝晩曇りとなる見込みです。  　千葉県の太平洋沿岸の海上では、１８日から１９日にかけて、波がやや高いでしょう。
銚子地方気象台,2022-05-18T10:33:00+09:00,千葉県,,　日本付近は高気圧に覆われています。  　千葉県は、晴れや曇りとなっています。  　１８日は、高気圧に覆われますが、湿った空気や上空の寒気の影響を受けるため、晴れ時々曇りとなるでしょう。  　１９日は、高気圧に覆われますが、気圧の谷や湿った空気の影響を受けるため、晴れ朝晩曇りとなる見込みです。  　千葉県の太平洋沿岸の海上では、１８日から１９日にかけて、波がやや高いでしょう。
銚子地方気象台,2022-05-18T16:33:00+09:00,千葉県,,　日本付近は高気圧に覆われています。  　千葉県は、おおむね晴れとなっています。  　１８日は、高気圧に覆われますが、湿った空気や上空の寒気の影響を受けるため、晴れ夜遅く曇りとなるでしょう。  　１９日は、高気圧に覆われますが、気圧の谷や湿った空気の影響を受けるため、晴れ朝晩曇りとなる見込みです。  　千葉県の太平洋沿岸の海上では、１８日から１９日にかけて、波がやや高いでしょう。
銚子地方気象台,2022-05-19T04:35:00+09:00,千葉県,,　本州付近は高気圧に覆われています。  　千葉県は、おおむね晴れとなっています。  　１９日は、高気圧に覆われますが、気圧の谷や湿った空気の影響を受けるため、晴れ朝晩曇りとなるでしょう。  　２０日は、高気圧に覆われますが、気圧の谷や湿った空気の影響を受けるため、曇り時々晴れとなる見込みです。  　千葉県の太平洋沿岸の海上では、１９日から２０日にかけて、波がやや高いでしょう。
銚子地方気象台,2022-05-19T10:34:00+09:00,千葉県,,　本州付近は高気圧に覆われています。  　千葉県は、晴れています。  　１９日は、高気圧に覆われますが、気圧の谷や湿った空気の影響を受けるため、晴れで夜は曇りとなるでしょう。  　２０日は、高気圧に覆われますが、気圧の谷や湿った空気の影響を受けるため、曇り時々晴れとなる見込みです。  　千葉県の太平洋沿岸の海上では、１９日から２０日にかけて、波がやや高いでしょう。
銚子地方気象台,2022-05-19T16:34:00+09:00,千葉県,,　本州付近は高気圧に覆われています。  　千葉県は、晴れや曇りとなっています。  　１９日は、高気圧に覆われますが、気圧の谷や湿った空気の影響を受けるため、晴れで夜は曇りとなるでしょう。  　２０日は、高気圧に覆われますが、気圧の谷や湿った空気の影響を受けるため、曇り時々晴れとなる見込みです。  　千葉県の太平洋沿岸の海上では、１９日から２０日にかけて、波がやや高いでしょう。
銚子地方気象台,2022-05-20T04:32:00+09:00,千葉県,,　本州付近は高気圧に覆われていますが、上空は気圧の谷となっています。  　千葉県は、曇りや晴れとなっています。  　２０日は、高気圧に覆われますが、上空の気圧の谷や湿った空気の影響を受けるため、曇り時々晴れとなるでしょう。  　２１日は、日本の南の前線が北上し、東日本は気圧の谷となるため、曇りで、朝から雨の降る所がある見込みです。  　千葉県の太平洋沿岸の海上では、２０日から２１日にかけて、波がやや高いでしょう。
銚子地方気象台,2022-05-20T10:33:00+09:00,千葉県,,　本州付近は高気圧に覆われていますが、上空は気圧の谷となっています。  　千葉県は、曇りや晴れとなっています。  　２０日は、上空の気圧の谷や湿った空気の影響を受けるため、曇りとなるでしょう。  　２１日は、日本の南の前線が北上し、東日本は気圧の谷となるため、曇りで、朝から雨の降る所がある見込みです。  　千葉県の太平洋沿岸の海上では、２０日から２１日にかけて、波がやや高いでしょう。
銚子地方気象台,2022-05-20T16:34:00+09:00,千葉県,,　本州付近は高気圧に覆われていますが、上空は気圧の谷となっています。  　千葉県は、おおむね曇りとなっています。  　２０日は、上空の気圧の谷や湿った空気の影響を受けるため、曇りとなるでしょう。  　２１日は、日本の南の前線が北上し、湿った空気の影響を受けるため、曇りで、昼前から時々雨となる見込みです。  　千葉県の太平洋沿岸の海上では、２０日から２１日にかけて、波がやや高いでしょう。
銚子地方気象台,2022-05-21T04:41:00+09:00,千葉県,,　東シナ海には、前線を伴った低気圧があって、東へ進んでいます。  　千葉県は、曇りとなっています。  　２１日は、日本の南を前線を伴った低気圧が東北東に進み、湿った空気の影響を受けるため、曇り時々雨となるでしょう。  　２２日は、低気圧や湿った空気の影響を受けるため、雨で昼前から曇りとなる見込みです。  　千葉県の太平洋沿岸の海上では、２１日は、波がやや高いでしょう。２２日は、うねりを伴い波がやや高い見込みです。
銚子地方気象台,2022-05-21T10:38:00+09:00,千葉県,,　前線を伴った低気圧が九州の南にあって、東北東へ進んでいます。また、東日本には、千島の東の高気圧の縁をたどる湿った空気が流れ込んでいます。  　千葉県は、曇りや雨で、雷を伴って強い雨の降っている所があります。  　２１日は、日本の南を前線を伴った低気圧が東北東に進み、気圧の谷や湿った空気の影響を受けるため、曇り時々雨で、夕方まで雷を伴う所があるでしょう。  　２２日は、前線を伴った低気圧が日本の東へ進みますが、気圧の谷や湿った空気の影響を受けるため、雨で昼前から曇りとなる見込みです。  　千葉県の太平洋沿岸の海上では、２１日は、波がやや高いでしょう。２２日は、うねりを伴い波がやや高い見込みです。  ＜天気変化等の留意点＞ 　２１日は、雷雨になる所がある見込みです。急な強い雨、落雷、突風、降ひょうに注意してください。
銚子地方気象台,2022-05-21T16:36:00+09:00,千葉県,,　前線を伴った低気圧が、日本の南を東北東へ進んでいます。また、日本のはるか東の高気圧の縁を回る湿った空気が東日本に流れ込んでいます。  　千葉県は、曇りで雨の降っている所があります。  　２１日は、前線を伴った低気圧が日本の南を東北東へ進み、気圧の谷や湿った空気の影響を受けるため、曇りで夜は雨となり、雷を伴う所があるでしょう。  　２２日は、前線を伴った低気圧が日本の東へ進みますが、気圧の谷や湿った空気の影響を受けるため、雨で昼前から曇りとなり、昼前までは雷を伴う所がある見込みです。  　千葉県の太平洋沿岸の海上では、２１日は、波がやや高いでしょう。２２日は、うねりを伴い波がやや高い見込みです。  ＜天気変化等の留意点＞ 　２２日は、雷雨になる所がある見込みです。急な強い雨、落雷、突風、降ひょうに注意してください。
銚子地方気象台,2022-05-22T04:35:00+09:00,千葉県,,　前線を伴った低気圧が、伊豆諸島付近を東北東へ進んでいます。  　千葉県は、雨や曇りとなっています。  　２２日は、前線を伴った低気圧が日本の東へ進み、高気圧に緩やかに覆われますが、気圧の谷や湿った空気の影響を受ける見込みです。このため、雨で昼前から曇りとなり、昼前までは雷を伴う所があるでしょう。  　２３日は、はじめ気圧の谷の影響を受けますが、次第に高気圧に覆われるため、曇りで昼過ぎから夕方は晴れ、朝までは雨や雷雨となる所があるでしょう。  　千葉県の太平洋沿岸の海上では、２２日から２３日にかけて、うねりを伴い波がやや高いでしょう。  ＜天気変化等の留意点＞ 　２２日は、雷雨になる所がある見込みです。落雷、突風、降ひょうに注意してください。
銚子地方気象台,2022-05-22T10:33:00+09:00,千葉県,,　前線を伴った低気圧が、日本の東を東北東へ進んでいます。  　千葉県は、曇りで雨の降っている所があります。  　２２日は、前線を伴った低気圧が日本の東を東北東へ進む見込みです。また、気圧の谷や湿った空気の影響を受けるため、曇りで昼前まで雨の降る所があるでしょう。  　２３日は、気圧の谷の影響を受けますが、次第に高気圧に覆われるため、曇り昼過ぎから夕方晴れで、昼前まで雨や雷雨となる所がある見込みです。  　千葉県の太平洋沿岸の海上では、２２日から２３日にかけて、うねりを伴い波がやや高いでしょう。
銚子地方気象台,2022-05-22T16:33:00+09:00,千葉県,,　東シナ海には高気圧があってゆっくり東へ移動しています。一方、東日本は気圧の谷となっています。  　千葉県は、曇りや晴れで、雨の降っている所があります。  　２２日は、気圧の谷や湿った空気の影響を受けるため、曇りで雨の降る所があるでしょう。  　２３日は、気圧の谷や上空の寒気の影響を受けますが、次第に高気圧に覆われるため、曇り昼過ぎから夕方晴れで、昼前まで雨や雷雨となる所がある見込みです。  　千葉県の太平洋沿岸の海上では、２２日から２３日にかけて、うねりを伴い波がやや高いでしょう。  ＜天気変化等の留意点＞ 　２３日は、雷雨になる所がある見込みです。急な強い雨、落雷、竜巻などの激しい突風、降ひょうに注意してください。
銚子地方気象台,2022-05-23T04:45:00+09:00,千葉県,,　東シナ海には高気圧があって東北東へ移動しています。一方、佐渡付近には低気圧があって東へ進んでいます。  　千葉県は、曇りで、雨や雷雨となっている所があります。  　２３日は、気圧の谷や上空の寒気の影響を受けますが、次第に高気圧に覆われるため、曇り昼過ぎから時々晴れで、昼前まで雨や雷雨となる所があるでしょう。  　２４日は、高気圧に覆われますが、気圧の谷や湿った空気の影響を受けるため、晴れ時々曇りとなる見込みです。  　千葉県の太平洋沿岸の海上では、２３日から２４日にかけて、うねりを伴い波がやや高いでしょう。  ＜天気変化等の留意点＞ 　２３日は、雷雨になる所がある見込みです。急な強い雨、落雷、突風、降ひょうに注意してください。
銚子地方気象台,2022-05-23T10:34:00+09:00,千葉県,,　東シナ海には高気圧があって、ほとんど停滞しています。一方、新潟県付近には低気圧があって東へ進んでいます。  　千葉県は、晴れや曇り、雨の降っている所があります。  　２３日は、気圧の谷や上空の寒気の影響を受けますが、次第に高気圧に覆われるため、曇り時々晴れで、昼前まで雨の降る所があるでしょう。  　２４日は、高気圧に覆われますが、気圧の谷や湿った空気の影響を受けるため、晴れ時々曇りとなる見込みです。  　千葉県の太平洋沿岸の海上では、２３日から２４日にかけて、うねりを伴い波がやや高いでしょう。
銚子地方気象台,2022-05-23T16:33:00+09:00,千葉県,,　日本海に中心を持つ高気圧に覆われています。  　千葉県は、晴れや曇りとなっています。  　２３日は、高気圧に覆われますが、気圧の谷や湿った空気の影響で、晴れ夜遅く曇りとなるでしょう。  　２４日は、高気圧に覆われますが、気圧の谷や湿った空気の影響を受けるため、晴れ時々曇りとなる見込みです。  　千葉県の太平洋沿岸の海上では、２３日から２４日にかけて、うねりを伴い波がやや高いでしょう。
銚子地方気象台,2022-05-24T04:34:00+09:00,千葉県,,　本州付近は高気圧に覆われています。  　千葉県は、おおむね曇りとなっています。  　２４日は、高気圧に覆われますが、湿った空気の影響を受けるため、晴れで朝晩曇りとなるでしょう。  　２５日は、高気圧に覆われますが、湿った空気の影響を受けるため、曇り時々晴れとなる見込みです。  　千葉県の太平洋沿岸の海上では、２４日から２５日にかけて、うねりを伴い波がやや高いでしょう。
銚子地方気象台,2022-05-24T10:43:00+09:00,千葉県,,　本州付近は高気圧に覆われています。  　千葉県は、おおむね晴れています。  　２４日は、高気圧に覆われて、おおむね晴れるでしょう。  　２５日は、高気圧に覆われますが、湿った空気や上空の寒気の影響を受ける見込みです。このため、曇り時々晴れとなるでしょう。  　千葉県の太平洋沿岸の海上では、２４日から２５日にかけて、うねりを伴い波がやや高いでしょう。
銚子地方気象台,2022-05-24T16:35:00+09:00,千葉県,,　本州付近は高気圧に覆われています。  　千葉県は、晴れています。  　２４日は、高気圧に覆われますが、湿った空気の影響を受ける見込みです。このため、晴れ時々曇りとなるでしょう。  　２５日は、高気圧に覆われますが、湿った空気や上空の寒気の影響を受ける見込みです。このため、晴れ時々曇りとなるでしょう。  　千葉県の太平洋沿岸の海上では、２４日から２５日にかけて、うねりを伴い波がやや高いでしょう。
銚子地方気象台,2022-05-25T06:18:00+09:00,千葉県,,　本州付近は高気圧に覆われています。  　千葉県は、おおむね晴れとなっています。  　２５日は、高気圧に覆われますが、湿った空気や上空の寒気の影響を受けるため、晴れで昼過ぎから時々曇りとなるでしょう。  　２６日は、気圧の谷が接近し、湿った空気の影響を受けるため、曇りとなるでしょう。  　千葉県の太平洋沿岸の海上では、２５日から２６日にかけて、うねりを伴い波がやや高いでしょう。
銚子地方気象台,2022-05-25T10:34:00+09:00,千葉県,,　本州付近は、日本の東の高気圧に覆われています。  　千葉県は、おおむね晴れとなっています。  　２５日は、高気圧に覆われますが、湿った空気や上空の寒気の影響を受ける見込みです。このため、晴れ時々曇りとなるでしょう。  　２６日は、気圧の谷が接近し、湿った空気の影響を受けるため、曇りとなる見込みです。  　千葉県の太平洋沿岸の海上では、２５日から２６日にかけて、うねりを伴い波がやや高いでしょう。
銚子地方気象台,2022-05-25T16:35:00+09:00,千葉県,,　本州付近は、日本の東の高気圧に覆われています。一方、上空の気圧の谷が通過中です。  　千葉県は、おおむね晴れとなっています。  　２５日は、高気圧に覆われますが、湿った空気や上空の寒気の影響を受ける見込みです。このため、晴れで夜は曇りとなるでしょう。  　２６日は、気圧の谷が接近し、湿った空気の影響を受けるため、曇りで夜遅くは雨の降る所がある見込みです。  　千葉県の太平洋沿岸の海上では、２５日から２６日にかけて、うねりを伴い波がやや高いでしょう。
銚子地方気象台,2022-05-26T04:47:00+09:00,千葉県,,　本州付近は、日本の東の高気圧に緩やかに覆われています。  　千葉県は、晴れや曇りとなっています。  　２６日は、高気圧に覆われますが、気圧の谷が接近し湿った空気の影響を受けるため、晴れ昼前から曇りで、夜遅くは雨の降る所があるでしょう。  　２７日は、気圧の谷や湿った空気の影響を受けるため、雨朝晩曇りで、昼前から夜のはじめ頃は、雷を伴う所がある見込みです。  　千葉県の太平洋沿岸の海上では、２６日は、うねりを伴い波がやや高いでしょう。２７日は、うねりを伴い波が高い見込みです。船舶は高波に注意してください。
銚子地方気象台,2022-05-26T10:35:00+09:00,千葉県,,　本州付近は、日本のはるか東の高気圧に緩やかに覆われています。  　千葉県は、おおむね曇りとなっています。  　２６日は、湿った空気の影響を受けるため、曇りで、夜遅くは雨の降る所があるでしょう。  　２７日は、気圧の谷や暖かく湿った空気の影響を受けるため、雨朝晩曇りで、昼前から夜のはじめ頃は雷を伴う所があるでしょう。  　千葉県の太平洋沿岸の海上では、２６日は、うねりを伴い波がやや高いでしょう。２７日は、うねりを伴い波が高い見込みです。船舶は高波に注意してください。
銚子地方気象台,2022-05-26T16:41:00+09:00,千葉県,,　東日本は、日本のはるか東の高気圧に緩やかに覆われています。  　千葉県は、おおむね曇りとなっています。  　２６日は、湿った空気の影響を受けるため、曇りで夜遅くは雨の降る所があるでしょう。  　２７日は、気圧の谷や暖かく湿った空気の影響を受けるため、雨朝晩曇りで、昼前から昼過ぎは雷を伴って激しく降る所がある見込みです。  　千葉県の太平洋沿岸の海上では、２６日は、うねりを伴い波がやや高いでしょう。２７日は、うねりを伴いしけとなる見込みです。船舶は高波に注意してください。  ＜天気変化等の留意点＞ 　２７日は、雷雨になる所がある見込みです。局地的な激しい雨、落雷、突風、降ひょうに注意してください。強風やうねりを伴いしけとなる所がある見込みです。飛散物、海岸での作業に注意してください。
銚子地方気象台,2022-05-27T04:35:00+09:00,千葉県,,　東日本は気圧の谷が通過中です。  　千葉県は、曇りで雨の降っている所があります。  　２７日は、気圧の谷や暖かく湿った空気の影響を受ける見込みです。このため、雨朝晩曇りで、昼前から昼過ぎは雷を伴って激しく降る所があるでしょう。  　２８日は、高気圧に緩やかに覆われますが、気圧の谷や湿った空気の影響を受けるため、晴れで朝晩は曇りとなる見込みです。  　千葉県の太平洋沿岸の海上では、２７日から２８日にかけて、うねりを伴い波が高いでしょう。船舶は高波に注意してください。  ＜天気変化等の留意点＞ 　２７日は、雷雨になる所がある見込みです。局地的な激しい雨、落雷、突風、降ひょうに注意してください。強風やうねりを伴い波が高くなる所がある見込みです。飛散物、海岸での作業に注意してください。
銚子地方気象台,2022-05-27T11:21:00+09:00,千葉県,,　低気圧が東日本にあって東北東へ進んでいます。  　千葉県は、雨となっています。  　２７日は、低気圧や暖かく湿った空気の影響を受ける見込みです。このため、雨で、昼過ぎまで雷を伴って激しく降る所があるでしょう。  　２８日は、高気圧に緩やかに覆われますが、気圧の谷や湿った空気の影響を受けるため、晴れで朝晩は曇りとなる見込みです。  　千葉県の太平洋沿岸の海上では、２７日から２８日にかけて、うねりを伴い波が高いでしょう。船舶は高波に注意してください。  ＜天気変化等の留意点＞ 　２７日は、雷を伴い激しい雨の降る所がある見込みです。低地への浸水、河川の増水、落雷、竜巻などの激しい突風、降ひょうに注意してください。強風やうねりを伴い波が高くなる所がある見込みです。飛散物、海岸での作業に注意してください。
銚子地方気象台,2022-05-27T16:37:00+09:00,千葉県,,　東日本は気圧の谷となっています。  　千葉県は、おおむね曇りとなっています。  　２７日は、気圧の谷や上空の寒気の影響を受ける見込みです。このため、曇りで雨や雷雨となる所があるでしょう。  　２８日は、高気圧に覆われますが、はじめ気圧の谷や上空の寒気の影響を受ける見込みです。このため、晴れで朝晩は曇りとなり、明け方まで雨や雷雨となる所があるでしょう。  　千葉県の太平洋沿岸の海上では、２７日から２８日にかけて、うねりを伴い波が高いでしょう。船舶は高波に注意してください。  ＜天気変化等の留意点＞ 　２８日は、雷雨になる所がある見込みです。急な強い雨、落雷、竜巻などの激しい突風、降ひょうに注意してください。うねりを伴い波が高くなる所がある見込みです。海岸での作業に注意してください。
銚子地方気象台,2022-05-28T07:31:00+09:00,千葉県,,　東日本は東シナ海に中心を持つ高気圧に緩やかに覆われています。一方、関東地方の沿岸部は気圧の谷となっています。  　千葉県は、曇りや晴れとなっています。  　２８日は、高気圧に覆われますが、気圧の谷や上空の寒気の影響を受けるため、晴れ朝晩曇りとなるでしょう。  　２９日は、高気圧に覆われて、晴れる見込みです。  　千葉県の太平洋沿岸の海上では、２８日は、うねりを伴い波が高いでしょう。船舶は高波に注意してください。２９日は、波がやや高い見込みです。  ＜天気変化等の留意点＞ 　２８日は、うねりを伴い波が高くなる所がある見込みです。海岸での作業に注意してください。
銚子地方気象台,2022-05-28T10:33:00+09:00,千葉県,,　東日本は東シナ海に中心を持つ高気圧に緩やかに覆われています。  　千葉県は、晴れとなっています。  　２８日は、高気圧に覆われるため、晴れとなるでしょう。  　２９日は、高気圧に覆われるため、晴れとなる見込みです。  　千葉県の太平洋沿岸の海上では、２８日は、うねりを伴い波が高いでしょう。船舶は高波に注意してください。２９日は、波がやや高い見込みです。  ＜天気変化等の留意点＞ 　２８日は、うねりを伴い波が高くなる所がある見込みです。海岸での作業に注意してください。
銚子地方気象台,2022-05-28T16:33:00+09:00,千葉県,,　東日本は九州の南に中心を持つ高気圧に緩やかに覆われています。  　千葉県は、おおむね晴れています。  　２８日は、高気圧に覆われますが、湿った空気の影響で、晴れ時々曇りとなるでしょう。  　２９日は、高気圧に覆われるため、おおむね晴れる見込みです。  　千葉県の太平洋沿岸の海上では、２８日は、うねりを伴い波がやや高いでしょう。２９日は、波がやや高い見込みです。
銚子地方気象台,2022-05-29T04:35:00+09:00,千葉県,,　本州付近は高気圧に覆われています。  　千葉県は、おおむね晴れとなっています。  　２９日は、高気圧に覆われるため、晴れとなるでしょう。  　３０日は、高気圧に覆われますが、気圧の谷や湿った空気の影響を受けるため、晴れで夕方から曇りとなる見込みです。  　千葉県の太平洋沿岸の海上では、２９日から３０日にかけて、波がやや高いでしょう。
銚子地方気象台,2022-05-29T10:32:00+09:00,千葉県,,　本州付近は高気圧に覆われています。  　千葉県は、晴れています。  　２９日は、高気圧に覆われるため、晴れるでしょう。  　３０日は、高気圧に覆われますが、気圧の谷や湿った空気の影響を受けるため、晴れで夕方から曇りとなる見込みです。  　千葉県の太平洋沿岸の海上では、２９日から３０日にかけて、波がやや高いでしょう。
銚子地方気象台,2022-05-29T16:33:00+09:00,千葉県,,　本州付近は高気圧に覆われています。  　千葉県は、晴れています。  　２９日は、高気圧に覆われるため、晴れるでしょう。  　３０日は、高気圧に覆われますが、気圧の谷や湿った空気の影響を受けるため、晴れで夕方から曇りとなる見込みです。  　千葉県の太平洋沿岸の海上では、２９日から３０日にかけて、波がやや高いでしょう。
銚子地方気象台,2022-05-30T04:33:00+09:00,千葉県,,　本州付近は高気圧に覆われています。一方、華中から日本の南を通って、日本のはるか東に前線がのびています。  　千葉県は、おおむね晴れています。  　３０日は、高気圧に覆われますが、前線上の四国沖に低気圧が発生して東北東に進むため、晴れ夕方から曇りとなるでしょう。  　３１日は、低気圧や前線の影響で、曇り昼前まで時々雨となる見込みです。  　千葉県の太平洋沿岸の海上では、３０日は、波がやや高いでしょう。３１日は、うねりを伴い波がやや高い見込みです。
銚子地方気象台,2022-05-30T10:34:00+09:00,千葉県,,　本州付近は高気圧に覆われています。一方、華中から日本の南を通って、日本のはるか東に前線がのびています。  　千葉県は、おおむね晴れています。  　３０日は、高気圧に覆われますが、前線上の四国沖に低気圧が発生して東北東に進む見込みです。このため、晴れで昼過ぎから次第に曇りとなるでしょう。  　３１日は、低気圧や前線の影響で、曇り昼前まで時々雨となる見込みです。  　千葉県の太平洋沿岸の海上では、３０日は、波がやや高いでしょう。３１日は、うねりを伴い波がやや高い見込みです。
銚子地方気象台,2022-05-30T16:34:00+09:00,千葉県,,　東日本は高気圧に覆われています。一方、華中から九州の南を通って、日本の東に前線がのびています。  　千葉県は、曇りや晴れとなっています。  　３０日は、高気圧に覆われますが、前線上の四国沖に低気圧が発生して東北東に進むため、曇りで夜遅くは雨の降る所があるでしょう。  　３１日は、低気圧や前線の影響で、雨昼過ぎから曇りとなる見込みです。  　千葉県の太平洋沿岸の海上では、３０日は、波がやや高いでしょう。３１日は、うねりを伴い波がやや高い見込みです。
銚子地方気象台,2022-05-31T04:33:00+09:00,千葉県,,　前線が華中から奄美地方を通って日本の東にのびており、前線上の紀伊半島の南には低気圧があって東へ進んでいます。また、別の低気圧が日本海西部にあって東へ進んでいます。  　千葉県は、雨となっています。  　３１日は、低気圧や前線の影響で、雨昼過ぎから曇りとなるでしょう。  　６月１日は、高気圧に覆われますが、湿った空気や上空の寒気の影響で、晴れ朝晩曇りとなる見込みです。  　千葉県の太平洋沿岸の海上では、３１日から６月１日にかけて、うねりを伴い波がやや高いでしょう。
銚子地方気象台,2022-05-31T10:34:00+09:00,千葉県,,　伊豆諸島付近には低気圧があって東へ進んでいます。また、別の低気圧が日本海を東へ進んでいます。  　千葉県は、雨や曇りとなっています。  　３１日は、低気圧や湿った空気の影響で、雨で昼過ぎから曇りとなるでしょう。  　６月１日は、高気圧に覆われますが、湿った空気や上空の寒気の影響で、晴れ朝晩曇りとなる見込みです。  　千葉県の太平洋沿岸の海上では、３１日から６月１日にかけて、うねりを伴い波がやや高いでしょう。
銚子地方気象台,2022-05-31T16:35:00+09:00,千葉県,,　伊豆諸島付近には低気圧があって東へ進んでいます。また、別の低気圧が日本海を北東へ進んでいます。  　千葉県は、曇りで雨の降っている所があります。  　３１日は、気圧の谷や湿った空気の影響で、曇りで雨の降る所があるでしょう。  　６月１日は、高気圧に覆われますが、湿った空気や上空の寒気の影響を受けるため、曇りで朝から昼過ぎは晴れる見込みです。  　千葉県の太平洋沿岸の海上では、３１日から６月１日にかけて、波がやや高いでしょう。
