publishingOffice,reportDatetime,targetArea,headlineText,text
金沢地方気象台,2022-01-01T04:45:00+09:00,石川県,,　日本付近は、強い冬型の気圧配置となっています。  　石川県は、おおむね雪となっています。  　１日は、冬型の気圧配置となりますが、次第に西日本から高気圧が張り出してくる見込みです。 　このため、雪で昼前から次第に曇りとなるでしょう。  　２日は、高気圧に覆われますが、気圧の谷や寒冷前線の影響を受ける見込みです。 　このため、曇りで昼前から次第に雨か雪となり、雷を伴う所があるでしょう。
金沢地方気象台,2022-01-01T10:38:00+09:00,石川県,,　日本付近は、冬型の気圧配置となっています。  　石川県は、曇り又は雪となっています。  　１日は、冬型の気圧配置となりますが、次第に西日本から高気圧が張り出してくる見込みです。 　このため、雪で昼過ぎから曇りとなるでしょう。  　２日は、高気圧に覆われますが、気圧の谷や寒冷前線の影響を受ける見込みです。 　このため、曇りで昼前から次第に雨か雪となり、雷を伴う所があるでしょう。
金沢地方気象台,2022-01-01T16:37:00+09:00,石川県,,　日本付近は、冬型の気圧配置となっています。  　石川県は、曇り又は雪となっています。  　１日は、冬型の気圧配置となりますが、次第に西日本から高気圧が張り出してくる見込みです。 　このため、曇りで夜のはじめ頃まで雪の降る所があるでしょう。  　２日は、高気圧に覆われますが、寒冷前線や湿った空気の影響を受ける見込みです。 　このため、曇りで昼前から次第に雨か雪となり、昼過ぎから雷を伴う所があるでしょう。
金沢地方気象台,2022-01-02T04:57:00+09:00,石川県,,　北日本中心の冬型の気圧配置となっています。  　石川県は、曇りとなっています。  　２日は、はじめ高気圧に覆われますが、日本海を前線を伴った低気圧が北東に進み、寒冷前線が夜にかけて北陸地方を通過する見込みです。 　このため、はじめ晴れる所もありますが、曇りで昼過ぎから雨か雪となり、雷を伴う所があるでしょう。  　３日は、冬型の気圧配置となり、寒気や湿った空気の影響を受ける見込みです。 　このため、加賀は、曇り時々雪か雨で、能登は、曇り昼過ぎから時々雨か雪で、共に昼過ぎから雷を伴う所があるでしょう。
金沢地方気象台,2022-01-02T10:47:00+09:00,石川県,,　低気圧が日本海にあって東北東へ進んでいます。一方、本州付近は、西日本に中心を持つ高気圧に覆われています。  　石川県は、晴れ又は曇りとなっています。  　２日は、はじめ高気圧に覆われますが、日本海を前線を伴った低気圧が東北東に進み、寒冷前線が夜にかけて北陸地方を通過する見込みです。 　このため、加賀は晴れ昼過ぎから雨、能登は曇り昼過ぎから雨か雪となり、共に昼過ぎからは雷を伴う所があるでしょう。  　３日は、冬型の気圧配置となり、寒気や湿った空気の影響を受ける見込みです。 　このため、加賀は曇り時々雪か雨で、昼過ぎからは雷を伴う所があるでしょう。能登は曇り昼過ぎから時々雨か雪で、昼過ぎからは雷を伴う所がある見込みです。
金沢地方気象台,2022-01-02T16:49:00+09:00,石川県,,　前線を伴った低気圧が日本海北部にあって北東へ進んでいます。  　石川県は、雨又は曇りとなっています。  　２日は、日本海を前線を伴った低気圧が北東に進み、寒冷前線が夜にかけて北陸地方を通過する見込みです。 　このため、雨で、雷を伴う所があるでしょう。  　３日は、冬型の気圧配置となり、寒気や湿った空気の影響を受ける見込みです。 　このため、加賀は曇り時々雨か雪で、夕方からは雷を伴う所があるでしょう。能登は曇り昼過ぎから雨で、夕方からは雷を伴う所がある見込みです。
金沢地方気象台,2022-01-03T04:42:00+09:00,石川県,,　北日本中心の冬型の気圧配置となっています。  　石川県は、曇りで雨や雪の降っている所があります。  　３日は、寒気や湿った空気の影響を受ける見込みです。 　このため、曇りで夕方から雨か雪となり、昼過ぎから雷を伴う所があるでしょう。  　４日は、本州付近は冬型の気圧配置となる見込みです。 　このため、雪か雨で朝晩は曇りとなり、昼過ぎまで雷を伴う所があるでしょう。
金沢地方気象台,2022-01-03T10:55:00+09:00,石川県,,　北日本中心の冬型の気圧配置となっています。  　石川県は、曇りで雨の降っている所があります。  　３日は、寒気や湿った空気の影響を受ける見込みです。 　このため、曇りで夕方から雨か雪となり、昼過ぎから雷を伴う所があるでしょう。  　４日は、本州付近は冬型の気圧配置となる見込みです。 　このため、雪か雨で朝晩は曇りとなり、昼過ぎまで雷を伴う所があるでしょう。
金沢地方気象台,2022-01-03T16:39:00+09:00,石川県,,　北日本中心の冬型の気圧配置となっています。  　石川県は、曇り又は雨となっています。  　３日は、気圧の谷や寒気の影響を受ける見込みです。 　このため、雨夜のはじめ頃曇りで、雷を伴う所があるでしょう。  　４日は、本州付近は冬型の気圧配置となる見込みです。 　このため、加賀は雪か雨、能登は雪か雨夕方から曇りで、共に昼過ぎまで雷を伴う所があるでしょう。
金沢地方気象台,2022-01-04T04:48:00+09:00,石川県,,　北日本中心の冬型の気圧配置となっています。  　石川県は、雨又は雪となっています。  　４日は、本州付近は次第に冬型の気圧配置となる見込みです。 　このため、加賀は雪か雨、能登は雪か雨夕方から時々曇りで、共に昼過ぎまで雷を伴う所があるでしょう。  　５日は、はじめ冬型の気圧配置となりますが、午後は西からゆるんでくる見込みです。 　このため、曇りで、加賀は明け方まで、能登は未明まで雪でしょう。
金沢地方気象台,2022-01-04T10:36:00+09:00,石川県,,　日本付近は、冬型の気圧配置となっています。  　石川県は、雨又は雪となっています。  　４日は、引き続き冬型の気圧配置となる見込みです。 　このため、雪か雨時々曇りで、夕方まで雷を伴う所があるでしょう。  　５日は、はじめ冬型の気圧配置となりますが、次第に緩む見込みです。 　このため、曇りで、加賀は明け方まで、能登は未明まで雪となるでしょう。
金沢地方気象台,2022-01-04T16:35:00+09:00,石川県,,　日本付近は、冬型の気圧配置となっています。  　石川県は、曇り又は雪となっています。  　４日は、引き続き冬型の気圧配置となる見込みです。 　このため、曇りで、加賀は夜は雪、能登は夜遅くは雪となるでしょう。  　５日は、はじめ冬型の気圧配置となりますが、次第に緩む見込みです。 　このため、曇りで、加賀は明け方まで雪、能登は未明は雪となるでしょう。
金沢地方気象台,2022-01-05T04:48:00+09:00,石川県,,　日本付近は、冬型の気圧配置となっています。  　石川県は、雪又は曇りとなっています。  　５日は、冬型の気圧配置となりますが次第に緩む見込みです。 　このため、加賀は曇り明け方雪で、能登は曇り所により昼前まで雪となるでしょう。  　６日は、日本海に低気圧が発生し、夜には北陸地方に接近する見込みです。 　このため、曇り夜遅く雪か雨となるでしょう。
金沢地方気象台,2022-01-05T10:46:00+09:00,石川県,,　日本付近は、冬型の気圧配置となっています。  　石川県は、曇りで雪の降っている所があります。  　５日は、冬型の気圧配置が次第に緩む見込みです。 　このため、曇りで昼過ぎまで雪の降る所があるでしょう。  　６日は、日本海に低気圧が発生し、夜には北陸地方に接近する見込みです。 　このため、曇りで夜遅くは雪か雨となるでしょう。
金沢地方気象台,2022-01-05T16:42:00+09:00,石川県,,　日本付近は、冬型の気圧配置となっています。  　石川県は、曇りで雪の降っている所があります。  　５日は、冬型の気圧配置が次第に緩む見込みです。 　このため、曇りで夜のはじめ頃までは雪の降る所があるでしょう。  　６日は、日本海に低気圧が発生し、夜には北陸地方に接近する見込みです。 　このため、晴れ時々曇りで、夜遅くは雪か雨となるでしょう。
金沢地方気象台,2022-01-06T04:44:00+09:00,石川県,,　本州付近は高気圧に緩やかに覆われています。  　石川県は、曇り又は晴れとなっています。  　６日は、高気圧に緩やかに覆われますが、日本海に低気圧が発生し、夜には北陸地方に接近する見込みです。 　このため、晴れ時々曇りで、夜遅くには雪か雨となるでしょう。  　７日は、冬型の気圧配置となる見込みです。 　このため、曇りではじめ雪か雨となるでしょう。
金沢地方気象台,2022-01-06T10:39:00+09:00,石川県,,　北陸付近は高気圧に緩やかに覆われています。  　石川県は、おおむね晴れとなっています。  　６日は、はじめ高気圧に緩やかに覆われますが、夜には日本海の低気圧が北陸地方に接近する見込みです。 　このため、晴れで、夜遅く雪か雨となるでしょう。  　７日は、一時的に冬型の気圧配置となり、寒気や湿った空気の影響を受ける見込みです。 　このため、加賀は、曇りで明け方まで雪か雨となるでしょう。能登は、曇りで未明は雪か雨となるでしょう。
金沢地方気象台,2022-01-06T16:49:00+09:00,石川県,,　北陸付近は高気圧に緩やかに覆われています。  　石川県は、おおむね晴れとなっています。  　６日は、はじめ高気圧に緩やかに覆われますが、夜には日本海の低気圧が北陸地方に接近する見込みです。 　このため、晴れのち曇りで夜遅く雪か雨となり、雷を伴う所があるでしょう。  　７日は、一時的に冬型の気圧配置となり、寒気や湿った空気の影響を受ける見込みです。 　このため、加賀は、曇りで明け方まで雪か雨となるでしょう。能登は、曇りで未明は雪か雨となるでしょう。共に雷を伴う所があるでしょう。
金沢地方気象台,2022-01-07T04:51:00+09:00,石川県,,　東北地方に低気圧があって東南東に進んでいます。  　石川県は、曇りで、雪か雨の降っている所があります。  　７日は、次第に冬型の気圧配置となりますが、午後は西日本から高気圧が張り出す見込みです。 　このため、曇りで、朝まで雪か雨の降る所があるでしょう。  　８日は、高気圧に覆われますが、寒気や気圧の谷の影響を受ける見込みです。 　このため、加賀は、曇り昼前から昼過ぎ晴れで、夜は雨の降る所があるでしょう。能登は、曇りで夜は雨となるでしょう。共に、雷を伴う所がある見込みです。
金沢地方気象台,2022-01-07T10:49:00+09:00,石川県,,　日本付近は冬型の気圧配置となっています。  　石川県は、曇り又は雪や雨となっています。  　７日は、冬型の気圧配置となりますが、午後は西日本から高気圧が張り出す見込みです。 　このため、曇りで、夕方まで雪や雨となる所があるでしょう。  　８日は、高気圧に覆われますが、寒気や気圧の谷の影響を受ける見込みです。 　このため、加賀は、曇り昼前から昼過ぎ晴れで、夜は雨の降る所があるでしょう。能登は、曇りで夜は雨となるでしょう。共に、夜は雷を伴う所がある見込みです。
金沢地方気象台,2022-01-07T16:37:00+09:00,石川県,,　日本付近は北日本中心の冬型の気圧配置となっています。  　石川県は、曇りで雪や雨の降っている所があります。  　７日は、北日本中心の冬型の気圧配置が続く見込みです。 　このため、曇りで、雪や雨の降る所があるでしょう。  　８日は、高気圧に覆われますが、寒気や気圧の谷の影響を受ける見込みです。 　このため、加賀は晴れ朝晩曇り夜は雨の降る所があり、能登は曇り時々晴れ夜は雨で、共に夜は雷を伴う所があるでしょう。
金沢地方気象台,2022-01-08T04:40:00+09:00,石川県,,　西日本には高気圧が張り出していますが、寒気や湿った空気の影響を受けています。  　石川県は、曇り又は晴れとなっています。  　８日は、高気圧に覆われますが、はじめ寒気や湿った空気の影響を受けるでしょう。夜にはサハリン付近に進む低気圧や前線に向かって湿った空気が流れ込む見込みです。 　このため、加賀は晴れ朝晩曇り、能登は晴れ時々曇りとなり、共に夜は雨で雷を伴う所があるでしょう。  　９日は、上空の気圧の谷や湿った空気の影響を受けるでしょう。前線通過後には、寒気が流れ込む見込みです。 　このため、加賀は曇りで明け方まで雨、能登は雨で昼前から曇りとなり、共に昼前まで雷を伴う所があるでしょう。
金沢地方気象台,2022-01-08T10:39:00+09:00,石川県,,　西日本から東日本は高気圧に覆われていますが、北陸地方は寒気や湿った空気の影響を受けています。  　石川県は、晴れ又は曇りとなっています。  　８日は、高気圧に覆われますが、サハリン付近の低気圧からのびる寒冷前線の影響を受ける見込みです。 　このため、晴れのち曇りで、加賀は夜に雨や雷雨となる所があり、能登は夜遅くに雨となり夜は雷を伴う所があるでしょう。  　９日は、寒冷前線が北陸地方を通過する見込みです。 　このため、加賀は曇り明け方まで雨、能登は雨昼前から曇りとなり、共に昼前まで雷を伴う所があるでしょう。
金沢地方気象台,2022-01-08T16:38:00+09:00,石川県,,　西日本から東日本は高気圧に覆われています。  　石川県は、おおむね晴れとなっています。  　８日は、高気圧に覆われますが、寒冷前線が日本海中部にのびてくる見込みです。 　このため、晴れのち曇りで、加賀は夜遅くに雨の降る所があり、能登は夜遅くに雨となり、共に夜は雷を伴う所があるでしょう。  　９日は、寒冷前線が北陸地方を通過する見込みです。 　このため、加賀は雨昼前から曇り、能登は雨昼過ぎから曇りとなり、共に昼前まで雷を伴う所があるでしょう。
金沢地方気象台,2022-01-09T04:37:00+09:00,石川県,,　低気圧がオホーツク海にあって、寒冷前線が日本海にのびています。  　石川県は、雨又は曇りとなっています。  　９日は、寒冷前線が北陸地方を通過する見込みです。 　このため、雨昼過ぎから曇りとなり、昼前まで雷を伴う所があるでしょう。  　１０日は、高気圧に覆われますが、気圧の谷や湿った空気の影響を受ける見込みです。 　このため、晴れ朝晩曇りとなるでしょう。
金沢地方気象台,2022-01-09T10:35:00+09:00,石川県,,　オホーツク海にある低気圧から寒冷前線が日本海にのびています。  　石川県は、曇りで雨の降っている所があります。  　９日は、寒冷前線が北陸地方を通過し、高気圧に緩やかに覆われる見込みです。 　このため、曇りで夕方まで雨の降る所があるでしょう。  　１０日は、高気圧に覆われますが、気圧の谷や湿った空気の影響を受ける見込みです。 　このため、晴れで朝晩は曇りとなるでしょう。
金沢地方気象台,2022-01-09T16:35:00+09:00,石川県,,　西日本から東日本は高気圧に緩やかに覆われています。  　石川県は、曇りで雨の降っている所があります。  　９日は、高気圧に緩やかに覆われますが、気圧の谷や湿った空気の影響を受ける見込みです。 　このため、曇りで夜のはじめ頃まで雨の降る所があるでしょう。  　１０日は、高気圧に覆われますが、気圧の谷や湿った空気の影響を受ける見込みです。 　このため、晴れで朝晩は曇りとなるでしょう。
金沢地方気象台,2022-01-10T04:39:00+09:00,石川県,,　本州付近は高気圧に緩やかに覆われていますが、湿った空気の影響を受けています。  　石川県は、曇り又は晴れとなっています。  　１０日は、高気圧に覆われますが、湿った空気の影響を受ける見込みです。 　このため、加賀は晴れ朝晩曇り、能登は晴れ夜曇りとなるでしょう。  　１１日は、日本海を北東に進む低気圧からのびる寒冷前線が北陸地方を通過する見込みです。 　このため、雨か雪明け方まで曇りで、朝からは雷を伴う所があるでしょう。
金沢地方気象台,2022-01-10T10:51:00+09:00,石川県,,　本州付近は高気圧に緩やかに覆われています。  　石川県は、晴れとなっています。  　１０日は、高気圧に覆われますが、湿った空気の影響を受ける見込みです。 　このため、晴れで、夜は曇りとなるでしょう。  　１１日は、日本海を北東に進む低気圧からのびる寒冷前線が北陸地方に接近する見込みです。 　このため、雨か雪明け方まで曇りで、朝からは雷を伴う所があるでしょう。
金沢地方気象台,2022-01-10T16:42:00+09:00,石川県,,　本州付近は高気圧に緩やかに覆われています。  　石川県は、おおむね曇りとなっています。  　１０日は、高気圧に覆われますが、湿った空気の影響を受ける見込みです。 　このため、晴れで、夜は雲りとなるでしょう。  　１１日は、日本海を北東に進む低気圧からのびる寒冷前線が北陸地方に接近する見込みです。 　このため、雨か雪明け方まで曇りで、朝から雷を伴う所があるでしょう。
金沢地方気象台,2022-01-11T04:40:00+09:00,石川県,,　日本海には前線を伴った低気圧があって東に進んでいます。  　石川県は、おおむね曇りとなっています。  　１１日は、日本海の低気圧からのびる寒冷前線が北陸地方を通過する見込みです。 　このため、雨か雪で、雷を伴う所があるでしょう。  　１２日は、強い冬型の気圧配置となる見込みです。 　このため、雪で、昼前まで雷を伴う所があるでしょう。
金沢地方気象台,2022-01-11T10:37:00+09:00,石川県,,　日本海には前線を伴った低気圧があって東に進んでいます。  　石川県は、雨となっています。  　１１日は、日本海の低気圧からのびる寒冷前線が北陸地方を通過する見込みです。 　このため、雨か雪で、雷を伴う所があるでしょう。  　１２日は、強い冬型の気圧配置となる見込みです。 　このため、雪で、昼前まで雷を伴う所があるでしょう。
金沢地方気象台,2022-01-11T16:36:00+09:00,石川県,,　日本海には発達中の低気圧があって北東に進んでいます。  　石川県は、雨又は雪となっています。  　１１日は、寒気や湿った空気の影響を受け、大気の状態が非常に不安定となる所がある見込みです。 　このため、加賀は雪か雨、能登は雨か雪で、共に雷を伴う所があるでしょう。  　１２日は、津軽海峡付近や三陸沖に進む低気圧の影響で、本州付近は強い冬型の気圧配置となる見込みです。 　このため、雪で、昼前まで雷を伴う所があるでしょう。
金沢地方気象台,2022-01-12T04:56:00+09:00,石川県,,　北海道付近には発達中の低気圧があって北に進んでいます。  　石川県は、おおむね雪となっています。  　１２日は、本州付近は強い冬型の気圧配置となる見込みです。 　このため、雪で、昼前まで雷を伴う所があるでしょう。  　１３日は、本州付近は強い冬型の気圧配置となる見込みです。 　このため、雪で、雷を伴う所があるでしょう。
金沢地方気象台,2022-01-12T10:50:00+09:00,石川県,,　北海道付近には発達中の低気圧があって北に進んでおり、本州付近は強い冬型の気圧配置となっています。  　石川県は、おおむね雪となっています。  　１２日は、本州付近は強い冬型の気圧配置となる見込みです。 　このため、雪でしょう。  　１３日は、本州付近は強い冬型の気圧配置となる見込みです。 　このため、雪で明け方から雷を伴う所があるでしょう。
金沢地方気象台,2022-01-12T16:46:00+09:00,石川県,,　発達した低気圧が北海道付近にあって、日本付近は強い冬型の気圧配置となっています。  　石川県は、おおむね雪となっています。  　１２日は、日本付近は強い冬型の気圧配置となる見込みです。 　このため、雪となるでしょう。  　１３日は、日本付近は強い冬型の気圧配置となる見込みです。 　このため、雪で明け方から雷を伴う所があるでしょう。
金沢地方気象台,2022-01-13T04:50:00+09:00,石川県,,　千島近海には発達した低気圧があって、北日本中心の冬型の気圧配置となっています。  　石川県は、おおむね雪となっています。  　１３日は、次第に寒気が流れ込み、日本付近は強い冬型の気圧配置となって、大気の状態が非常に不安定となる見込みです。 　このため、雪で、雷を伴う所があるでしょう。  　１４日は、はじめ強い冬型の気圧配置となりますが、次第に緩む見込みです。 　このため、雪で、夕方まで雷を伴う所がありますが、能登では夜は曇りとなるでしょう。
金沢地方気象台,2022-01-13T10:49:00+09:00,石川県,,　冬型の気圧配置となっています。  　石川県は、おおむね雪となっています。  　１３日は、強い冬型の気圧配置となり、大気の状態が非常に不安定となる見込みです。 　このため、雪で、雷を伴う所があるでしょう。  　１４日は、はじめ強い冬型の気圧配置となりますが、次第に緩む見込みです。 　このため、雪で、夕方まで雷を伴う所がありますが、能登では夜は曇りとなるでしょう。
金沢地方気象台,2022-01-13T16:47:00+09:00,石川県,,　冬型の気圧配置となっています。  　石川県は、おおむね雪となっています。  　１３日は、強い冬型の気圧配置となり、大気の状態が非常に不安定となる見込みです。 　このため、雪で、雷を伴う所があるでしょう。  　１４日は、はじめ強い冬型の気圧配置となりますが、次第に緩む見込みです。 　このため、雪夜は曇りで、夕方まで雷を伴う所があるでしょう。
金沢地方気象台,2022-01-14T04:51:00+09:00,石川県,,　日本付近は強い冬型の気圧配置となっています。  　石川県は、おおむね雪となっています。  　１４日は、はじめ強い冬型の気圧配置となりますが、夜は次第に緩む見込みです。 　このため、加賀は雪、能登は雪夜曇りで、共に夕方まで雷を伴う所があるでしょう。  　１５日は、北日本中心の冬型の気圧配置となりますが、次第に緩む見込みです。 　このため、曇りで昼過ぎから時々晴れとなるでしょう。
金沢地方気象台,2022-01-14T10:41:00+09:00,石川県,,　日本付近は強い冬型の気圧配置となっています。  　石川県は、おおむね雪となっています。  　１４日は、強い冬型の気圧配置は次第に緩む見込みです。 　このため、加賀は、雪夕方まで雷を伴う所があるでしょう。能登は、雪夜曇りで、夕方まで雷を伴う所があるでしょう。  　１５日は、はじめ北日本中心の冬型の気圧配置となりますが、次第に高気圧に覆われる見込みです。 　このため、曇り昼過ぎから時々晴れとなるでしょう。
金沢地方気象台,2022-01-14T16:39:00+09:00,石川県,,　日本付近は強い冬型の気圧配置となっています。  　石川県は、雪又は曇りとなっています。  　１４日は、強い冬型の気圧配置は次第に緩む見込みです。 　このため、加賀は、雪で夜遅くは曇りとなるでしょう。能登は、雪で夜は曇りとなるでしょう。  　１５日は、はじめ北日本中心の冬型の気圧配置となりますが、次第に高気圧に覆われる見込みです。 　このため、曇りで昼過ぎから時々晴れとなるでしょう。
金沢地方気象台,2022-01-15T04:41:00+09:00,石川県,,　北日本中心の冬型の気圧配置となっています。  　石川県は、曇りとなっています。  　１５日は、はじめ北日本中心の冬型の気圧配置となりますが、次第に高気圧に覆われる見込みです。 　このため、曇り昼過ぎから時々晴れとなるでしょう。  　１６日は、前線を伴った低気圧が日本海を東に進む見込みです。 　このため、加賀は曇りのち雨か雪、能登は曇り時々雨で、共に雷を伴う所があるでしょう。
金沢地方気象台,2022-01-15T10:46:00+09:00,石川県,,　北日本中心の冬型の気圧配置となっています。  　石川県は、おおむね曇りとなっています。  　１５日は、はじめ北日本中心の冬型の気圧配置となりますが、次第に高気圧に覆われる見込みです。 　このため、曇り時々晴れとなるでしょう。  　１６日は、前線を伴った低気圧が日本海を東に進む見込みです。 　このため、加賀は曇りで昼過ぎから雨か雪で、朝から雷を伴う所があるでしょう。能登は曇り時々雨で、明け方から雷を伴う所があるでしょう。
金沢地方気象台,2022-01-15T16:42:00+09:00,石川県,,　北日本中心の冬型の気圧配置となっています。  　石川県は、おおむね曇りとなっています。  　１５日は、次第に高気圧に覆われる見込みです。 　このため、曇り夜遅く晴れとなるでしょう。  　１６日は、前線を伴った低気圧が日本海を東に進む見込みです。 　このため、加賀は曇りで昼過ぎから雨か雪となり、朝から雷を伴う所があるでしょう。能登は曇り昼前から雨で、明け方から雷を伴う所があるでしょう。
金沢地方気象台,2022-01-16T04:43:00+09:00,石川県,,　北陸地方は高気圧に覆われています。  　石川県は、晴れ又は曇りとなっています。  　１６日は、高気圧に覆われますが、気圧の谷や日本海を東に進む低気圧からのびる前線の影響を受ける見込みです。 　このため、加賀は曇り昼前から雨か雪で、能登は雨となるでしょう。共に雷を伴う所があるでしょう。  　１７日は、次第に冬型の気圧配置となる見込みです。 　このため、雪か雨で、雷を伴う所があるでしょう。
金沢地方気象台,2022-01-16T10:38:00+09:00,石川県,,　日本海に低気圧があって東に進んでおり、北陸地方は湿った空気の影響を受けています。  　石川県は、雨又は曇りとなっています。  　１６日は、日本海を進む低気圧は、前線を伴い北陸地方を通過する見込みです。 　このため、加賀は雨か雪、能登は雨で、共に雷を伴う所があるでしょう。  　１７日は、次第に冬型の気圧配置となる見込みです。 　このため、雪か雨で、雷を伴う所があるでしょう。
金沢地方気象台,2022-01-16T16:38:00+09:00,石川県,,　日本海の低気圧からのびる寒冷前線が北陸地方を通過中です。  　石川県は、雨又は曇りとなっています。  　１６日は、前線や湿った空気の影響を受ける見込みです。 　このため、加賀は雨か雪、能登は雨で、共に雷を伴う所があるでしょう。  　１７日は、次第に寒気が流れ込み、本州付近は冬型の気圧配置となる見込みです。 　このため、雪か雨で、雷を伴う所があるでしょう。
金沢地方気象台,2022-01-17T04:57:00+09:00,石川県,,　北海道付近に、前線を伴った低気圧があって北東へ進んでいます。  　石川県は、雨又は雪となっています。  　１７日は、日本付近は冬型の気圧配置が次第に強まる見込みです。 　このため、雪か雨で、雷を伴う所があるでしょう。  　１８日は、日本付近は冬型の気圧配置が続く見込みです。 　このため、雪昼過ぎから時々曇りで、昼前まで雷を伴う所があるでしょう。
金沢地方気象台,2022-01-17T10:35:00+09:00,石川県,,　北海道付近に二つの低気圧があって、それぞれ北北東と東北東に進んでいます。  　石川県は、雨又は雪となっています。  　１７日は、日本付近は冬型の気圧配置が次第に強まる見込みです。 　このため、雪か雨で、雷を伴う所があるでしょう。  　１８日は、日本付近は冬型の気圧配置が続く見込みです。 　このため、雪昼過ぎから時々曇りで、昼前まで雷を伴う所があるでしょう。
金沢地方気象台,2022-01-17T16:35:00+09:00,石川県,,　北海道付近には、ほとんど停滞している低気圧と北東へ進む低気圧があります。  　石川県は、雨又は雪となっています。  　１７日は、日本付近は冬型の気圧配置が次第に強まる見込みです。 　このため、加賀は雪か雨、能登は雪で、雷を伴う所があるでしょう。  　１８日は、日本付近は冬型の気圧配置が続く見込みです。 　このため、雪昼過ぎから時々曇りで、昼前まで雷を伴う所があるでしょう。
金沢地方気象台,2022-01-18T04:45:00+09:00,石川県,,　本州付近は冬型の気圧配置となっています。  　石川県は、雪又は曇りとなっています。  　１８日は、冬型の気圧配置が続く見込みです。 　このため、雪夕方から時々曇りで、昼前まで雷を伴う所があるでしょう。  　１９日は、冬型の気圧配置は弱まりますが、寒気や湿った空気の影響を受ける見込みです。 　このため、雪で昼前まで時々曇りとなるでしょう。
金沢地方気象台,2022-01-18T10:38:00+09:00,石川県,,　日本海には低気圧があって、南南東へ進んでいます。  　石川県は、雪又は曇りとなっています。  　１８日は、次第に冬型の気圧配置となる見込みです。 　このため、雪時々曇りとなるでしょう。  　１９日は、冬型の気圧配置は弱まりますが、寒気や湿った空気の影響を受ける見込みです。 　このため、雪で昼前まで時々曇りとなるでしょう。
金沢地方気象台,2022-01-18T16:37:00+09:00,石川県,,　本州付近は冬型の気圧配置となっています。  　石川県は、おおむね雪となっています。  　１８日は、冬型の気圧配置が続く見込みです。 　このため、雪となるでしょう。  　１９日は、冬型の気圧配置は弱まりますが、寒気や湿った空気の影響を受ける見込みです。 　このため、雪時々曇りとなるでしょう。
金沢地方気象台,2022-01-19T04:36:00+09:00,石川県,,　日本付近は冬型の気圧配置となっています。  　石川県は、曇り又は雪となっています。  　１９日は、冬型の気圧配置は弱まりますが、寒気や湿った空気の影響を受ける見込みです。 　このため、雪時々曇りとなるでしょう。  　２０日は、低気圧が北日本を通過し、次第に冬型の気圧配置となる見込みです。 　このため、雪時々曇りで、夕方まで雷を伴う所があるでしょう。
金沢地方気象台,2022-01-19T10:35:00+09:00,石川県,,　日本付近は冬型の気圧配置となっています。  　石川県は、雪又は曇りとなっています。  　１９日は、冬型の気圧配置は弱まりますが、寒気や気圧の谷の影響を受ける見込みです。 　このため、曇り時々雪となるでしょう。  　２０日は、低気圧が北日本を通過し、次第に冬型の気圧配置となる見込みです。 　このため、雪時々曇りで夕方まで雷を伴う所があるでしょう。
金沢地方気象台,2022-01-19T16:36:00+09:00,石川県,,　日本付近は冬型の気圧配置となっています。  　石川県は、雪又は曇りとなっています。  　１９日は、冬型の気圧配置は弱まりますが、寒気や気圧の谷の影響を受ける見込みです。 　このため、雪で夜のはじめ頃は曇りでしょう。  　２０日は、低気圧が北日本を通過し、次第に冬型の気圧配置となる見込みです。 　このため、加賀は雪となるでしょう。能登は雪で夜曇りとなるでしょう。共に、夕方まで雷を伴う所があるでしょう。
金沢地方気象台,2022-01-20T04:46:00+09:00,石川県,,　日本海には低気圧があって南東へ進んでいます。  　石川県は、雪又は曇りとなっています。  　２０日は、次第に冬型の気圧配置が強まる見込みです。 　このため、雪で雷を伴う所があるでしょう。  　２１日は、冬型の気圧配置は次第に緩む見込みです。 　このため、雪で昼過ぎからは次第に曇りとなるでしょう。
金沢地方気象台,2022-01-20T10:49:00+09:00,石川県,,　日本海には低気圧があって南東へ進んでいます。  　石川県は、雪又は曇りとなっています。  　２０日は、次第に冬型の気圧配置が強まる見込みです。 　このため、雪で、夕方まで雷を伴う所があるでしょう。  　２１日は、冬型の気圧配置は次第に緩む見込みです。 　このため、加賀では、雪夕方から曇りとなるでしょう。能登では、雪昼過ぎから曇りとなるでしょう。
金沢地方気象台,2022-01-20T16:35:00+09:00,石川県,,　日本海には低気圧があって南東へ進んでいます。  　石川県は、雪又は曇りとなっています。  　２０日は、冬型の気圧配置が強まる見込みです。 　このため、雪で、雷を伴う所があるでしょう。  　２１日は、冬型の気圧配置は次第に緩む見込みです。 　このため、加賀では、雪夕方から曇りとなるでしょう。能登では、雪昼過ぎから曇りとなるでしょう。
金沢地方気象台,2022-01-21T06:32:00+09:00,石川県,,　日本付近は冬型の気圧配置となっています。  　石川県は、おおむね雪となっています。  　２１日は、冬型の気圧配置は次第に緩む見込みです。 　このため、雪で、昼過ぎから次第に曇りとなるでしょう。また、昼前まで雷を伴う所があるでしょう。  　２２日は、北日本中心の冬型の気圧配置となりますが、次第に高気圧に覆われる見込みです。 　このため、曇り時々晴れとなるでしょう。
金沢地方気象台,2022-01-21T10:48:00+09:00,石川県,,　本州付近は冬型の気圧配置となっています。  　石川県は、曇り又は雪となっています。  　２１日は、冬型の気圧配置は次第に緩む見込みです。 　このため、雪で、夜は曇りとなるでしょう。  　２２日は、北日本中心の冬型の気圧配置となりますが、次第に高気圧に覆われる見込みです。 　このため、曇り時々晴れとなるでしょう。
金沢地方気象台,2022-01-21T16:47:00+09:00,石川県,,　本州付近は冬型の気圧配置となっています。  　石川県は、曇り又は雪となっています。  　２１日は、冬型の気圧配置は次第に緩む見込みです。 　このため、雪で、夜は曇りとなるでしょう。  　２２日は、北日本中心の冬型の気圧配置となりますが、次第に高気圧に覆われる見込みです。 　このため、曇り時々晴れとなるでしょう。
金沢地方気象台,2022-01-22T04:46:00+09:00,石川県,,　北日本中心の冬型の気圧配置となっています。  　石川県は、曇りとなっています。  　２２日は、次第に高気圧に覆われますが、湿った空気や寒気の影響を受ける見込みです。 　このため、加賀では、曇り時々晴れでしょう。能登では、曇りでしょう。  　２３日は、低気圧が日本海を東に進み、夜には北陸地方に接近する見込みです。 　このため、加賀では、曇りで夜遅くは雨か雪でしょう。能登では、曇りで夜は雨でしょう。
金沢地方気象台,2022-01-22T10:36:00+09:00,石川県,,　北日本中心の冬型の気圧配置となっています。  　石川県は、おおむね曇りとなっています。  　２２日は、次第に高気圧に覆われますが、湿った空気や寒気の影響を受ける見込みです。 　このため、曇りとなるでしょう。  　２３日は、低気圧が日本海を東に進み、夜には北陸地方に接近する見込みです。 　このため、加賀は曇り夜遅く雨か雪、能登は曇り夜は雨となるでしょう。
金沢地方気象台,2022-01-22T16:37:00+09:00,石川県,,　北日本中心の冬型の気圧配置となっています。一方、本州付近は、西日本に中心を持つ高気圧に覆われています。  　石川県は、曇りとなっています。  　２２日は、高気圧に覆われますが、湿った空気や寒気の影響を受ける見込みです。 　このため、曇りとなるでしょう。  　２３日は、低気圧が日本海を東に進み、夜には北陸地方に接近する見込みです。 　このため、加賀は曇り夜遅く雨か雪、能登は曇り夜は雨となるでしょう。
金沢地方気象台,2022-01-23T04:42:00+09:00,石川県,,　本州付近は、高気圧に覆われています。  　石川県は、おおむね曇りとなっています。  　２３日は、日本海の低気圧や湿った空気の影響を受ける見込みです。 　このため、加賀は曇りで、夜は雨か雪の降る所があるでしょう。能登は曇りで、夜遅くは雨となるでしょう。  　２４日は、気圧の谷や寒気の影響を受けますが、次第に高気圧に覆われる見込みです。 　このため、加賀は曇りのち晴れとなり、未明は雨か雪となるでしょう。能登は曇りで昼前から時々晴れとなり、未明は雨か雪の降る所があるでしょう。
金沢地方気象台,2022-01-23T10:40:00+09:00,石川県,,　本州付近は高気圧に覆われています。一方、日本海には低気圧があって東に進んでいます。  　石川県は、曇りで一部で晴れとなっています。  　２３日は、日本海の低気圧や湿った空気の影響を受ける見込みです。 　このため、加賀は、曇りで夜は雨か雪の降る所があるでしょう。能登は、曇りで夜遅く雨となるでしょう。  　２４日は、気圧の谷や寒気の影響を受けますが、次第に高気圧に覆われる見込みです。 　このため、加賀は、未明に雨か雪となりますが、曇りのち晴れとなるでしょう。能登は、未明に雨か雪の降る所がありますが、曇り昼前から時々晴れとなるでしょう。
金沢地方気象台,2022-01-23T16:40:00+09:00,石川県,,　日本海には低気圧があって東に進んでいます。また、華南から九州の南には前線がのびています。  　石川県は、おおむね曇りとなっています。  　２３日は、日本海の低気圧や湿った空気の影響を受ける見込みです。 　このため、加賀は、曇りで夜遅くは雨か雪の降る所があるでしょう。能登は、曇りで夜遅く雨か雪となるでしょう。  　２４日は、気圧の谷や寒気の影響を受けますが、次第に高気圧に覆われる見込みです。 　このため、加賀は、未明は雨か雪となりますが、曇りのち晴れとなるでしょう。能登は、未明に雨か雪の降る所がありますが、曇り時々晴れとなるでしょう。
金沢地方気象台,2022-01-24T04:47:00+09:00,石川県,,　低気圧が三陸沖にあって東に進んでいます。一方、大陸から高気圧が日本海に張り出してきています。  　石川県は、曇りで、雨や雪の降っている所があります。  　２４日は、寒気や湿った空気の影響を受けますが、次第に高気圧に覆われる見込みです。 　このため、加賀は曇り昼過ぎから時々晴れで、明け方まで雨か雪の降る所があるでしょう。能登は曇り時々晴れでしょう。  　２５日は、高気圧に覆われますが、寒気や湿った空気の影響を受ける見込みです。 　このため、加賀は晴れ夕方から曇りとなるでしょう。能登は曇り時々晴れでしょう。
金沢地方気象台,2022-01-24T10:36:00+09:00,石川県,,　大陸から高気圧が日本海に張り出しています。  　石川県は、晴れ又は曇りとなっています。  　２４日は、寒気や湿った空気の影響を受けますが、次第に高気圧に覆われる見込みです。 　このため、加賀は、晴れ時々曇りとなるでしょう。能登は、曇りで夕方は晴れとなるでしょう。  　２５日は、高気圧に覆われますが、寒気や湿った空気の影響を受ける見込みです。 　このため、加賀は、晴れで夕方から曇りとなるでしょう。能登は、曇り時々晴れとなるでしょう。
金沢地方気象台,2022-01-24T16:36:00+09:00,石川県,,　大陸から高気圧が日本海に張り出しています。  　石川県は、曇り又は晴れとなっています。  　２４日は、高気圧に覆われますが、寒気や湿った空気の影響を受ける所があります。 　このため、加賀は、曇りで夜のはじめ頃は晴れとなるでしょう。能登は、曇りとなるでしょう。  　２５日は、高気圧に覆われますが、上空の気圧の谷や湿った空気の影響を受ける見込みです。 　このため、加賀は、晴れで夕方から曇りとなるでしょう。能登は、曇り時々晴れとなるでしょう。
金沢地方気象台,2022-01-25T04:44:00+09:00,石川県,,　大陸から高気圧が日本海に張り出しています。  　石川県は、おおむね晴れとなっています。  　２５日は、高気圧に覆われますが、上空の気圧の谷や湿った空気の影響を受ける見込みです。 　このため、加賀では晴れで昼過ぎから曇りとなり、能登では曇り時々晴れとなるでしょう。  　２６日は、気圧の谷や寒気の影響を受ける見込みです。 　このため、加賀では曇りで昼過ぎから夕方は雨か雪となり、能登では曇りで昼前から昼過ぎは雨となるでしょう。共に昼前から夕方にかけて雷を伴う所があるでしょう。
金沢地方気象台,2022-01-25T10:35:00+09:00,石川県,,　日本海に高気圧があって東に移動しています。  　石川県は、おおむね晴れとなっています。  　２５日は、高気圧に覆われますが、上空の気圧の谷や湿った空気の影響を受ける見込みです。 　このため、曇り時々晴れとなるでしょう。  　２６日は、日本海の低気圧が北陸地方に近づく見込みです。 　このため、加賀では曇りで昼過ぎから夕方は雨か雪となり、能登では曇りで昼前から昼過ぎは雨となるでしょう。共に昼前から夕方にかけて雷を伴う所がある見込みです。
金沢地方気象台,2022-01-25T16:44:00+09:00,石川県,,　日本海に高気圧があって東に移動しています。  　石川県は、曇りとなっています。  　２５日は、上空の気圧の谷や湿った空気の影響を受ける見込みです。 　このため、曇りとなるでしょう。  　２６日は、日本海の低気圧が北陸地方に近づく見込みです。 　このため、加賀では曇り昼過ぎから夕方は雨か雪、能登では曇り昼過ぎから夕方は雨で、共に昼前から夕方は雷を伴う所があるでしょう。
金沢地方気象台,2022-01-26T04:56:00+09:00,石川県,,　日本海に低気圧があって東へ進んでいます。  　石川県は、曇りで雨や雪の降っている所があります。  　２６日は、はじめ気圧の谷の影響を受けるでしょう。また、日本海の低気圧が夜にかけて北陸地方に接近する見込みです。 　このため、加賀では曇り昼過ぎから雨か雪、能登では曇り昼前から夕方雨で、共に昼前から夕方は雷を伴う所があるでしょう。  　２７日は、次第に北日本中心の冬型の気圧配置となる見込みです。 　このため、曇りで、明け方まで雪か雨の降る所があるでしょう。
金沢地方気象台,2022-01-26T10:38:00+09:00,石川県,,　日本海に低気圧があって東へ進んでいます。  　石川県は、おおむね曇りで、雨の降っている所があります。  　２６日は、日本海の低気圧に向かって湿った空気が流れ込んでおり、夜にかけて低気圧は北陸地方に接近する見込みです。 　このため、加賀は曇りで昼過ぎから夕方雨、能登は雨夜曇りとなり、共に夕方まで雷を伴う所があるでしょう。  　２７日は、寒気や湿った空気の影響を受ける見込みです。 　このため、曇りで、加賀は明け方まで雪か雨の降る所があるでしょう。
金沢地方気象台,2022-01-26T20:12:00+09:00,石川県,,　低気圧が佐渡付近を東へ進んでいます。  　石川県は、雨又は曇りとなっています。  　２６日は、低気圧や湿った空気の影響を受ける見込みです。 　このため、雨か雪夜遅く曇りで、雷を伴う所があるでしょう。  　２７日は、寒気や湿った空気の影響を受ける見込みです。 　このため、曇りで夜からは雪か雨の降る所があるでしょう。
金沢地方気象台,2022-01-27T04:45:00+09:00,石川県,,　北海道の西海上に低気圧があって、ゆっくり南へ進んでいます。  　石川県は、曇りとなっています。  　２７日は、寒気や湿った空気の影響を受ける見込みです。 　このため、曇りで、夜は雪か雨の降る所があるでしょう。  　２８日は、寒気や気圧の谷の影響を受ける見込みです。 　このため、加賀は、曇り明け方から朝は雪となるでしょう。能登は、曇りで朝晩雪となる所があるでしょう。
金沢地方気象台,2022-01-27T10:39:00+09:00,石川県,,　北海道の西海上に低気圧があって、ゆっくり南へ進んでいます。  　石川県は、おおむね曇りとなっています。  　２７日は、寒気や湿った空気の影響を受ける見込みです。 　このため、曇りで、雪か雨の降る所があるでしょう。  　２８日は、寒気や気圧の谷の影響を受ける見込みです。 　このため、加賀は、曇り明け方から朝は雪となるでしょう。能登は、曇りで朝晩雪となる所があるでしょう。
金沢地方気象台,2022-01-27T16:36:00+09:00,石川県,,　北海道付近には低気圧があって、ゆっくり南へ進んでいます。  　石川県は、曇り又は晴れとなっています。  　２７日は、寒気や湿った空気の影響を受ける見込みです。 　このため、加賀は晴れ夜曇り、能登は曇り夜遅く雪か雨の降る所があるでしょう。  　２８日は、寒気や気圧の谷の影響を受ける見込みです。 　このため、加賀は曇り明け方から雪か雨の降る所があり、能登は曇り朝晩雪か雨となるでしょう。
金沢地方気象台,2022-01-28T04:50:00+09:00,石川県,,　日本付近は冬型の気圧配置となっています。  　石川県は、曇りで、雪や雨の降っている所があります。  　２８日は、冬型の気圧配置となる見込みです。 　このため、曇りで雪か雨の降る所があるでしょう。  　２９日は、引き続き冬型の気圧配置となる見込みです。 　このため、加賀は曇り昼過ぎから雪か雨、能登は曇り時々雪か雨で、共に昼過ぎから雷を伴う所があるでしょう。
金沢地方気象台,2022-01-28T10:51:00+09:00,石川県,,　日本付近は冬型の気圧配置となっています。  　石川県は、おおむね曇りで、雪や雨の降っている所があります。  　２８日は、冬型の気圧配置となる見込みです。 　このため、曇りで、雪か雨の降る所があるでしょう。  　２９日は、引き続き冬型の気圧配置となる見込みです。 　このため、加賀は曇り昼過ぎから雪か雨、能登は曇り時々雪か雨で、共に昼過ぎから雷を伴う所があるでしょう
金沢地方気象台,2022-01-28T16:37:00+09:00,石川県,,　日本付近は冬型の気圧配置となっています。  　石川県は、おおむね曇りで、雪や雨の降っている所があります。  　２８日は、冬型の気圧配置となる見込みです。 　このため、曇りで、雪か雨の降る所があるでしょう。  　２９日は、引き続き冬型の気圧配置となる見込みです。 　このため、加賀は曇り昼過ぎから雪か雨、能登は曇り時々雪か雨で、共に昼過ぎから雷を伴う所があるでしょう。
金沢地方気象台,2022-01-29T04:50:00+09:00,石川県,,　日本付近は冬型の気圧配置となっています。  　石川県は、おおむね曇りとなっています。  　２９日は、冬型の気圧配置となる見込みです。 　このため、曇り夕方から雪か雨で、雷を伴う所があるでしょう。  　３０日は、引き続き冬型の気圧配置となる見込みです。 　このため、加賀は曇り朝晩雪か雨、能登は曇り昼過ぎ一時雪か雨となるでしょう。
金沢地方気象台,2022-01-29T12:38:00+09:00,石川県,,　日本付近は冬型の気圧配置となっています。  　石川県は、曇り又は雪や雨となっています。  　２９日は、冬型の気圧配置となる見込みです。 　このため、雪か雨で、雷を伴う所があるでしょう。  　３０日は、引き続き冬型の気圧配置となる見込みです。 　このため、加賀は曇り朝晩雪か雨、能登は曇り昼過ぎ一時雪か雨となるでしょう。
金沢地方気象台,2022-01-29T16:39:00+09:00,石川県,,　日本付近は冬型の気圧配置となっています。  　石川県は、曇り又は雪や雨となっています。  　２９日は、冬型の気圧配置となる見込みです。 　このため、雪か雨で、雷を伴う所があるでしょう。  　３０日は、引き続き冬型の気圧配置となる見込みです。 　このため、曇り朝晩雪となるでしょう。
金沢地方気象台,2022-01-30T04:42:00+09:00,石川県,,　日本付近は冬型の気圧配置となっています。  　石川県は、曇りで雪や雨の降っている所があります。  　３０日は、冬型の気圧配置が続く見込みです。 　このため、曇りで夜は雪となるでしょう。  　３１日は、引き続き冬型の気圧配置となる見込みです。 　このため、加賀は雪朝晩曇り、能登は曇りで朝から昼過ぎは雪となるでしょう。
金沢地方気象台,2022-01-30T10:35:00+09:00,石川県,,　日本付近は冬型の気圧配置となっています。  　石川県は、曇りで、雪や雨の降っている所があります。  　３０日は、冬型の気圧配置が続く見込みです。 　このため、曇りで、夜は雪となるでしょう。  　３１日は、引き続き冬型の気圧配置となる見込みです。 　このため、加賀は雪で朝晩曇り、能登は曇りで朝から昼過ぎは雪となるでしょう。
金沢地方気象台,2022-01-30T16:39:00+09:00,石川県,,　日本付近は冬型の気圧配置となっています。  　石川県は、おおむね曇りで、雪や雨の降っている所があります。  　３０日は、冬型の気圧配置が続く見込みです。 　このため、曇りで、雪の降る所があるでしょう。  　３１日は、引き続き冬型の気圧配置となる見込みです。 　このため、曇りで、昼過ぎから雪や雨となるでしょう。
金沢地方気象台,2022-01-31T04:36:00+09:00,石川県,,　日本付近は冬型の気圧配置となっています。  　石川県は、曇り又は晴れとなっています。  　３１日は、冬型の気圧配置となる見込みです。 　このため、曇り昼過ぎから雪か雨で、昼過ぎから夕方にかけて雷を伴う所があるでしょう。  　２月１日は、日本海に低気圧が発生し東南東に進む見込みです。 　このため、曇り昼過ぎから雪か雨で、昼過ぎから雷を伴う所があるでしょう。
金沢地方気象台,2022-01-31T10:39:00+09:00,石川県,,　日本付近は冬型の気圧配置となっています。  　石川県は、曇り又は晴れで、雪や雨の降っている所があります。  　３１日は、冬型の気圧配置となる見込みです。 　このため、加賀は晴れ後曇り夕方から雪か雨、能登は曇り昼過ぎから夕方雪か雨で、共に昼過ぎから夕方は雷を伴う所があるでしょう。  　２月１日は、日本海の低気圧に向かって湿った空気が流れ込む見込みです。 　このため、曇り昼過ぎから雪か雨で、昼過ぎから雷を伴う所があるでしょう。
金沢地方気象台,2022-01-31T16:39:00+09:00,石川県,,　日本付近は冬型の気圧配置となっています。  　石川県は、曇り又は雪や雨が降っています。  　３１日は、寒気や湿った空気の影響を受ける見込みです。 　このため、加賀は雪か雨夜遅く曇り、能登は雪か雨夜は曇りとなるでしょう。  　２月１日は、日本海の低気圧に向かって湿った空気が流れ込む見込みです。 　このため、曇り昼過ぎから雪か雨で、昼過ぎから雷を伴う所があるでしょう。
