publishingOffice,reportDatetime,targetArea,headlineText,text
長野地方気象台,2022-04-01T04:37:00+09:00,長野県,,　前線が伊豆諸島付近を南下しています。  　長野県は、曇りや雨で、標高の高い所では雪となっている所があります。  　１日は、はじめ前線や寒気の影響を受けますが、次第に高気圧に覆われる見込みです。このため、北部と中部では曇りで昼前から晴れますが、中部では朝まで雪か雨の降る所があるでしょう。南部では晴れ時々曇りで、明け方は雨か雪となる見込みです。  　２日は、高気圧に覆われますが、湿った空気の影響を受ける見込みです。このため、北部では晴れ夜曇り、中部では晴れ夕方から夜のはじめ頃は曇り、南部では晴れ時々曇りとなるでしょう。
長野地方気象台,2022-04-01T10:33:00+09:00,長野県,,　前線が伊豆諸島の南を南下し、大陸から高気圧が張り出してきています。  　長野県は、おおむね曇りとなっています。  　１日は、はじめ気圧の谷の影響を受けますが、次第に高気圧に覆われる見込みです。このため、北部と南部では晴れ時々曇り、中部では曇り昼過ぎから晴れとなるでしょう。  　２日は、高気圧に覆われますが、湿った空気の影響を受ける見込みです。このため、おおむね晴れますが、南部では時々曇るでしょう。
長野地方気象台,2022-04-01T16:34:00+09:00,長野県,,　大陸に中心を持つ高気圧に覆われています。  　長野県は、おおむね晴れています。  　１日は、高気圧に覆われますが、気圧の谷の影響を受ける見込みです。このため、おおむね晴れますが、北部と南部では時々曇るでしょう。  　２日は、高気圧に覆われますが、湿った空気の影響を受ける見込みです。このため、北部と中部では晴れ時々曇り、南部では曇り時々晴れとなり、中部では夕方は雨の降る所があるでしょう。
長野地方気象台,2022-04-02T04:42:00+09:00,長野県,,　本州付近は、広く高気圧に覆われています。  　長野県は、おおむね晴れています。  　２日は、高気圧に覆われますが、湿った空気の影響を受ける見込みです。このため、晴れや曇りで、中部では夕方から夜のはじめ頃にかけて雨の降る所があるでしょう。  　３日は、高気圧の中心が日本の東に移動し、関東甲信地方には高気圧の縁をまわって湿った空気が流れ込む見込みです。このため、おおむね曇りで、夕方から夜のはじめ頃にかけて雨となるでしょう。また、朝晩は雪の降る所がある見込みです。
長野地方気象台,2022-04-02T10:39:00+09:00,長野県,,　本州付近は、日本海に中心を持つ高気圧に覆われています。  　長野県は、晴れや薄曇りとなっています。  　２日は、高気圧に覆われますが、湿った空気の影響を受ける見込みです。このため、北部では晴れで夜は曇り、中部と南部では晴れや曇りとなるでしょう。  　３日は、高気圧の中心が日本の東に移動し、寒気や湿った空気の影響を受ける見込みです。このため、北部と中部ではおおむね曇りで、夕方から夜のはじめ頃にかけて広く雨となり、南部では曇り時々雨となるでしょう。また、標高の高い所を中心に、雪の降る所もある見込みです。
長野地方気象台,2022-04-02T16:33:00+09:00,長野県,,　三陸沖には高気圧があって、東へ移動しています。  　長野県は、晴れや曇りとなっています。  　２日は、高気圧に覆われますが、湿った空気の影響を受ける見込みです。このため、北部では晴れ時々曇り、中部や南部では、はじめ晴れる所も、夜は曇りとなるでしょう。  　３日は、高気圧の中心が日本の東に移動し、寒気や湿った空気の影響を受ける見込みです。このため、北部と中部では曇りで昼頃から時々雨となり、南部では曇り時々雨となるでしょう。また、標高の高い所では、雪となる所がある見込みです。
長野地方気象台,2022-04-03T04:34:00+09:00,長野県,,　本州付近は、三陸沖に中心を持つ高気圧に覆われています。一方、東海道沖は気圧の谷となっています。  　長野県は、晴れや曇りで、南部では雨の降っている所があります。  　３日は、高気圧が日本の東を東へ移動し、気圧の谷や湿った空気の影響を受ける見込みです。このため、北部では曇りで昼過ぎから時々雨となり、中部と南部では曇り時々雨となるでしょう。また、標高の高い所では雪となる所がある見込みです。  　４日は、気圧の谷や湿った空気の影響を受ける見込みです。このため、雨時々曇りとなるでしょう。
長野地方気象台,2022-04-03T10:38:00+09:00,長野県,,　本州付近は、日本の東に中心を持つ高気圧に覆われています。一方、房総半島付近から東海道沖は気圧の谷となっています。  　長野県は、晴れや曇りで雨の降っている所があります。  　３日は、日本の東にある高気圧が東へ移動し、気圧の谷や湿った空気の影響を受ける見込みです。このため、北部では晴れ後曇りで夕方から雨か雪、中部では曇りで夕方から雨か雪となるでしょう。南部では雨か雪で時々曇りとなる見込みです。  　４日は、気圧の谷や湿った空気の影響を受ける見込みです。このため、雨時々曇りとなり、標高の高い所では雪の降る所があるでしょう。
長野地方気象台,2022-04-03T16:36:00+09:00,長野県,,　房総半島付近から東海道沖は気圧の谷となっています。  　長野県は、雨や雪が降っています。  　３日は、気圧の谷や湿った空気の影響を受ける見込みです。このため、雨か雪が降るでしょう。  　４日は、気圧の谷や湿った空気の影響を受ける見込みです。このため、雨で夜は曇りとなり、標高の高い所では、雪の降る所もあるでしょう。
長野地方気象台,2022-04-04T04:38:00+09:00,長野県,,　関東地方沿岸から東海道沖は気圧の谷となっています。  　長野県は、雨や曇りで、標高の高い所を中心に雪が降っています。  　４日は、気圧の谷や湿った空気の影響を受ける見込みです。このため、雨で昼過ぎから曇りとなり、標高の高い所を中心に雪の降る所があるでしょう。  　５日は、高気圧に覆われますが、気圧の谷や湿った空気の影響を受ける見込みです。このため、晴れで朝晩は曇りとなるでしょう。
長野地方気象台,2022-04-04T10:34:00+09:00,長野県,,　関東地方沿岸から東海道沖は気圧の谷となっています。  　長野県は、おおむね曇りで、雨や雪の降っている所があります。  　４日は、気圧の谷や湿った空気の影響を受ける見込みです。このため、おおむね曇りで、雨の降る所があるでしょう。標高の高い所では雪の降る所もある見込みです。  　５日は、高気圧に覆われますが、気圧の谷や湿った空気の影響を受ける見込みです。このため、晴れで朝晩は曇りとなるでしょう。
長野地方気象台,2022-04-04T20:13:00+09:00,長野県,,　黄海と日本のはるか東には高気圧があって、東日本は気圧の谷となっています。  　長野県は、おおむね曇りで、雨の降っている所があります。  　４日は、気圧の谷や湿った空気の影響を受ける見込みです。このため、曇りや晴れで、南部では夜のはじめ頃は雨の降る所があるでしょう。  　５日は、高気圧に覆われますが、気圧の谷や湿った空気の影響を受ける見込みです。このため、北部と中部では晴れで朝晩曇り、南部では晴れ時々曇りとなるでしょう。
長野地方気象台,2022-04-05T04:43:00+09:00,長野県,,　関東の南東海上には低気圧があって、ゆっくり南東に進んでいます。一方、黄海に中心を持つ高気圧があって、ほとんど停滞しています。  　長野県は、晴れや曇りとなっています。  　５日は、高気圧に覆われますが、朝晩は低気圧や湿った空気の影響を受ける見込みです。このため、北部と中部では晴れ朝晩曇り、南部では晴れ夜曇りとなるでしょう。  　６日は、高気圧に覆われますが、気圧の谷や湿った空気の影響を受ける見込みです。このため、北部では曇り昼前から晴れ、中部と南部では晴れ朝晩曇りとなるでしょう。
長野地方気象台,2022-04-05T10:33:00+09:00,長野県,,　東シナ海に中心を持つ高気圧があってほとんど停滞しています。一方、関東の南東海上には低気圧があって、ゆっくり南東に進んでいます。  　長野県は、おおむね晴れています。  　５日は、高気圧に覆われますが、湿った空気の影響を受ける見込みです。このため、晴れ夜曇りとなるでしょう。  　６日は、高気圧に覆われますが、上空の気圧の谷や湿った空気の影響を受ける見込みです。このため、晴れ時々曇りとなるでしょう。
長野地方気象台,2022-04-05T16:32:00+09:00,長野県,,　東シナ海に中心を持つ高気圧が本州付近に張り出しています。  　長野県は、おおむね晴れています。  　５日は、高気圧に覆われますが、湿った空気の影響を受ける見込みです。このため、晴れ夜遅く曇りとなるでしょう。  　６日は、高気圧に覆われますが、上空の気圧の谷や湿った空気の影響を受ける見込みです。このため、曇りで昼前から時々晴れるでしょう。
長野地方気象台,2022-04-06T04:41:00+09:00,長野県,,　本州付近は高気圧に覆われていますが、上空の気圧の谷が接近しています。  　長野県は、おおむね曇りとなっています。  　６日は、高気圧に覆われますが、上空の気圧の谷や湿った空気の影響を受ける見込みです。このため、晴れで朝晩は曇りとなるでしょう。  　７日は、高気圧に覆われますが、気圧の谷や湿った空気の影響を受ける見込みです。このため、晴れのち曇りで、夕方から雨の降る所があるでしょう。
長野地方気象台,2022-04-06T10:35:00+09:00,長野県,,　本州付近は高気圧に覆われています。また、寒冷前線が北日本から日本海にのびています。  　長野県は、晴れまたは曇りとなっています。  　６日は、高気圧に覆われますが、上空の気圧の谷や湿った空気の影響を受ける見込みです。このため、晴れ時々曇りとなるでしょう。  　７日は、高気圧に覆われますが、気圧の谷や上空の寒気の影響を受ける見込みです。このため、晴れのち曇りで、夕方から雨の降る所があるでしょう。
長野地方気象台,2022-04-06T16:34:00+09:00,長野県,,　本州付近は高気圧に覆われています。  　長野県は、おおむね晴れとなっています。  　６日は、高気圧に覆われる見込みです。このため、おおむね晴れでしょう。  　７日は、高気圧に覆われますが、気圧の谷や上空の寒気の影響を受ける見込みです。このため、晴れで、夕方から曇りとなり、雨の降る所があるでしょう。
長野地方気象台,2022-04-07T04:37:00+09:00,長野県,,　本州付近は高気圧に覆われています。  　長野県は、曇りや晴れとなっています。  　７日は、高気圧に覆われますが、気圧の谷や上空の寒気の影響を受ける見込みです。このため、北部と中部では、曇りで朝から昼前晴れ、南部では、晴れで昼過ぎから曇りとなるでしょう。また、夕方から雨の降る所がある見込みです。  　８日は、高気圧に覆われますが、気圧の谷や湿った空気の影響を受ける見込みです。このため、おおむね晴れますが、北部では朝晩曇りとなるでしょう。
長野地方気象台,2022-04-07T10:36:00+09:00,長野県,,　本州付近は高気圧に覆われています。  　長野県は、晴れています。  　７日は、高気圧に覆われますが、気圧の谷や上空の寒気の影響を受ける見込みです。このため、晴れ時々曇りで、夕方から雨や雷雨となる所があるでしょう。  　８日は、高気圧に覆われますが、寒気や湿った空気の影響を受ける見込みです。このため、おおむね晴れますが、北部では朝晩曇りとなるでしょう。
長野地方気象台,2022-04-07T16:38:00+09:00,長野県,,　本州付近は日本の東の高気圧に緩やかに覆われています。一方、日本海には低気圧があって東に進んでいます。  　長野県は、曇りや晴れとなっています。  　７日は、高気圧に覆われますが、気圧の谷や上空の寒気の影響を受ける見込みです。このため、おおむね曇りで、雨や雷雨となる所があるでしょう。  　８日は、高気圧に覆われますが、寒気や湿った空気の影響を受ける見込みです。このため、晴れますが、北部は明け方まで曇るでしょう。
長野地方気象台,2022-04-08T04:38:00+09:00,長野県,,　西日本から東日本は高気圧に覆われています。  　長野県は、晴れまたは曇りとなっています。  　８日は、高気圧に覆われますが、朝晩は気圧の谷や寒気の影響を受ける見込みです。このため、晴れで、北部では朝晩曇りとなるでしょう。  　９日は、高気圧に覆われる見込みです。このため、晴れとなるでしょう。
長野地方気象台,2022-04-08T10:36:00+09:00,長野県,,　西日本から東日本は高気圧に覆われています。  　長野県は、晴れています。  　８日は、高気圧に覆われる見込みです。このため、晴れるでしょう。  　９日は、引き続き、高気圧に覆われる見込みです。このため、晴れるでしょう。
長野地方気象台,2022-04-08T16:34:00+09:00,長野県,,　本州付近は高気圧に覆われています。  　長野県は、晴れています。  　８日は、高気圧に覆われる見込みです。このため、晴れるでしょう。  　９日は、引き続き、高気圧に覆われる見込みです。このため、晴れるでしょう。
長野地方気象台,2022-04-09T04:35:00+09:00,長野県,,　本州付近は、日本の東に中心を持つ高気圧に覆われています。  　長野県は、晴れています。  　９日は、高気圧に覆われる見込みです。このため、晴れるでしょう。  　１０日は、高気圧に覆われる見込みです。このため、晴れるでしょう。
長野地方気象台,2022-04-09T10:33:00+09:00,長野県,,　本州付近は、日本の東に中心を持つ高気圧に覆われています。  　長野県は、晴れています。  　９日は、高気圧に覆われる見込みです。このため、晴れるでしょう。  　１０日は、高気圧に覆われる見込みです。このため、晴れるでしょう。
長野地方気象台,2022-04-09T16:32:00+09:00,長野県,,　本州付近は、日本の東に中心を持つ高気圧に覆われています。  　長野県は、晴れています。  　９日は、高気圧に覆われる見込みです。このため、晴れるでしょう。  　１０日も、高気圧に覆われる見込みです。このため、晴れるでしょう。
長野地方気象台,2022-04-10T04:34:00+09:00,長野県,,　本州付近は、日本の東に中心を持つ高気圧に覆われています。  　長野県は、晴れています。  　１０日は、高気圧に覆われる見込みです。このため、晴れるでしょう。 　 　１１日は、高気圧に覆われますが、気圧の谷や湿った空気の影響を受ける見込みです。このため、晴れ時々曇りとなるでしょう。
長野地方気象台,2022-04-10T10:33:00+09:00,長野県,,　本州付近は、日本のはるか東に中心を持つ高気圧に覆われています。  　長野県は、晴れています。  　１０日は、高気圧に覆われる見込みです。このため、晴れるでしょう。  　１１日は、引き続き高気圧に覆われますが、上空の気圧の谷の影響を受ける見込みです。このため、晴れ時々曇りとなるでしょう。
長野地方気象台,2022-04-10T16:33:00+09:00,長野県,,　本州付近は、日本のはるか東に中心を持つ高気圧に覆われています。  　長野県は、晴れています。  　１０日は、高気圧に覆われる見込みです。このため、晴れるでしょう。  　１１日は、引き続き高気圧に覆われますが、上空の気圧の谷の影響を受ける見込みです。このため、晴れ時々曇りとなるでしょう。
長野地方気象台,2022-04-11T04:33:00+09:00,長野県,,　本州付近は、日本のはるか東に中心を持つ高気圧に覆われています。  　長野県は、おおむね晴れています。  　１１日は、高気圧に覆われますが、上空の気圧の谷や湿った空気の影響を受ける見込みです。このため、晴れ時々曇りとなるでしょう。  　１２日も、引き続き高気圧に覆われますが、湿った空気の影響を受ける見込みです。このため、晴れ朝晩曇りとなるでしょう。
長野地方気象台,2022-04-11T10:35:00+09:00,長野県,,　本州付近は、日本のはるか東に中心を持つ高気圧に覆われています。  　長野県は、晴れや曇りとなっています。  　１１日は、高気圧に覆われますが、上空の気圧の谷や湿った空気の影響を受ける見込みです。このため、晴れ時々曇りとなるでしょう。  　１２日も、高気圧に覆われますが、上空の気圧の谷や湿った空気の影響を受ける見込みです。このため、晴れ朝晩曇りとなるでしょう。
長野地方気象台,2022-04-11T16:34:00+09:00,長野県,,　本州付近は、日本のはるか東に中心を持つ高気圧に覆われています。  　長野県は、曇りまたは晴れとなっています。  　１１日は、高気圧に覆われますが、上空の気圧の谷や湿った空気の影響を受ける見込みです。このため、曇り時々晴れとなるでしょう。  　１２日も、高気圧に覆われますが、上空の気圧の谷や湿った空気の影響を受ける見込みです。このため、晴れ朝晩曇りとなるでしょう。
長野地方気象台,2022-04-12T04:34:00+09:00,長野県,,　本州付近は、日本のはるか東に中心を持つ高気圧に覆われています。  　長野県は、おおむね晴れています。  　１２日は、高気圧に覆われる見込みです。このため、晴れるでしょう。  　１３日は、前線や湿った空気の影響を受ける見込みです。このため、曇り昼前まで時々晴れで、北部と中部では夕方から次第に雨の降る所があるでしょう。
長野地方気象台,2022-04-12T10:33:00+09:00,長野県,,　本州付近は、日本のはるか東に中心を持つ高気圧に覆われています。  　長野県は、晴れています。  　１２日は、高気圧に覆われる見込みです。このため、晴れるでしょう。  　１３日は、前線や湿った空気の影響を受ける見込みです。このため、曇り昼前まで時々晴れで、北部と中部では夕方から雨の降る所があるでしょう。
長野地方気象台,2022-04-12T16:35:00+09:00,長野県,,　本州付近は、日本のはるか東に中心を持つ高気圧に覆われています。一方、オホーツク海の低気圧から、前線が日本海を通って黄海にのびています。  　長野県は、晴れています。  　１２日は、高気圧に覆われる見込みです。このため、晴れるでしょう。  　１３日は、はじめ高気圧に覆われますが、前線が北日本から東日本を通過する見込みです。このため、晴れますが、夕方から曇りとなり、雨の降る所があるでしょう。
長野地方気象台,2022-04-13T04:36:00+09:00,長野県,,　高気圧が日本のはるか東にあって、東日本から西日本を覆っています。一方、低気圧が千島近海にあって、前線が北日本を通って日本海にのびています。  　長野県は、おおむね晴れとなっています。  　１３日は、はじめ高気圧に覆われますが、前線の影響を受ける見込みです。このため、晴れで夕方から曇りとなり、雨の降る所があるでしょう。  　１４日は、前線や湿った空気の影響を受ける見込みです。このため、北部では曇りで昼前から雨、中部と南部では雨で朝晩曇りとなるでしょう。
長野地方気象台,2022-04-13T10:33:00+09:00,長野県,,　高気圧が日本のはるか東にあって、東日本から西日本を覆っています。一方、低気圧が千島近海にあって、前線が北日本を通って日本海にのびています。  　長野県は、おおむね晴れています。  　１３日は、はじめ高気圧に覆われますが、低気圧からのびる前線の影響を受ける見込みです。このため、晴れで夕方から曇りとなり、雨の降る所があるでしょう。  　１４日は、前線や湿った空気の影響を受ける見込みです。このため、北部では曇り昼前から雨、中部と南部では雨で朝晩曇りとなるでしょう。
長野地方気象台,2022-04-13T16:36:00+09:00,長野県,,　高気圧が日本のはるか東にあって、東日本から西日本を覆っています。一方、低気圧が千島の東にあって、前線が北日本を通って日本海にのびています。  　長野県は、晴れや曇りで、雨の降っている所があります。  　１３日は、はじめ高気圧に覆われますが、前線や湿った空気の影響を受ける見込みです。このため、南部でははじめ晴れますが、おおむね曇りで、雨の降る所があるでしょう。  　１４日は、前線や湿った空気の影響を受ける見込みです。このため、北部では曇り昼前から雨、中部と南部では雨で朝晩曇りとなるでしょう。
長野地方気象台,2022-04-14T04:42:00+09:00,長野県,,　前線が本州南岸に停滞しています。  　長野県は、おおむね曇りで、雨の降っている所があります。  　１４日は、前線や湿った空気の影響を受ける見込みです。このため、雨となるでしょう。  　１５日は、引き続き前線や湿った空気の影響を受ける見込みです。このため、雨となるでしょう。
長野地方気象台,2022-04-14T10:33:00+09:00,長野県,,　前線が本州南岸に停滞しています。  　長野県は、曇りや雨となっています。  　１４日は、前線や湿った空気の影響を受ける見込みです。このため、北部と中部ではおおむね雨となるでしょう。南部では曇り時々雨で、中部と南部では夕方まで雷を伴う所がある見込みです。  　１５日は、引き続き前線や湿った空気の影響を受ける見込みです。このため、雨で昼過ぎから時々曇りとなるでしょう。
長野地方気象台,2022-04-14T16:33:00+09:00,長野県,,　前線が本州南岸に停滞しています。  　長野県は、雨や曇りとなっています。  　１４日は、前線や湿った空気の影響を受ける見込みです。このため、おおむね雨で、雷を伴う所があるでしょう。  　１５日は、引き続き前線や湿った空気の影響を受ける見込みです。このため、雨で昼前から時々曇りとなり、明け方まで雷を伴う所があるでしょう。
長野地方気象台,2022-04-15T04:33:00+09:00,長野県,,　前線が本州南岸に停滞しています。  　長野県は、雨や曇りとなっています。  　１５日は、前線や湿った空気の影響を受ける見込みです。このため、雨時々曇りとなるでしょう。  　１６日は、前線や湿った空気の影響を受けますが、次第に大陸から高気圧が張り出す見込みです。このため、曇りで昼前から次第に晴れますが、中部と南部では未明は雨の降る所があるでしょう。北部では昼前まで雨の降る所があり、標高の高い所では雪の降る所もある見込みです。
長野地方気象台,2022-04-15T10:40:00+09:00,長野県,,　前線が本州南岸に停滞しています。  　長野県は、曇りで雨の降っている所があります。  　１５日は、前線や湿った空気の影響を受ける見込みです。このため、曇りで雨の降る所があるでしょう。  　１６日は、前線や湿った空気の影響を受けますが、次第に大陸から高気圧が張り出す見込みです。このため、曇りで昼前から次第に晴れますが、中部と南部では未明は雨の降る所があるでしょう。北部では昼前まで雨の降る所があり、標高の高い所では雪の降る所もある見込みです。
長野地方気象台,2022-04-15T16:40:00+09:00,長野県,,　前線が東日本の南岸に停滞しています。  　長野県は、曇りや雨となっています。  　１５日は、前線や湿った空気の影響を受ける見込みです。このため、北部と中部では雨で夜遅くは曇りとなるでしょう。南部では曇りで雨の降る所がある見込みです。  　１６日は、前線や湿った空気の影響を受けますが、次第に大陸から高気圧が張り出す見込みです。このため、曇りで昼前から次第に晴れますが、北部では朝は一時雨となるでしょう。中部と南部では未明は雨の降る所がある見込みです。また、北部の標高の高い所では雪の降る所もあるでしょう。
長野地方気象台,2022-04-16T04:38:00+09:00,長野県,,　東日本は気圧の谷となっています。  　長野県は、曇りで雨の降っている所があります。  　１６日は、気圧の谷や湿った空気の影響を受けますが、午後は次第に高気圧に覆われてくる見込みです。このため、曇りで昼過ぎから次第に晴れてくるでしょう。北部と中部では昼前まで雨の降る所がある見込みです。  　１７日は、高気圧に覆われますが、気圧の谷や湿った空気の影響を受ける見込みです。このため、晴れや曇りで、中部と南部では、雨の降る所があるでしょう。
長野地方気象台,2022-04-16T10:39:00+09:00,長野県,,　前線が日本の東に停滞しています。  　長野県は、晴れや曇りとなっており、北部では雨の降っている所があります。  　１６日は、次第に高気圧に覆われる見込みですが、寒気や湿った空気の影響を受ける所があるでしょう。このため、晴れや曇りで、北部では昼過ぎまで雨の降る所がある見込みです。  　１７日は、高気圧に覆われますが、気圧の谷や湿った空気の影響を受ける見込みです。このため、晴れや曇りで、中部と南部では、午後を中心に雨の降る所があるでしょう。
長野地方気象台,2022-04-16T16:36:00+09:00,長野県,,　関東甲信地方は、大陸に中心を持つ高気圧にゆるやかに覆われています。また、東海道沖は気圧の谷となっています。  　長野県は、晴れや曇りとなっています。  　１６日は、高気圧に覆われる見込みです。このため、晴れや曇りとなるでしょう。  　１７日は、高気圧に覆われますが、気圧の谷や湿った空気と午後は、上空の寒気の影響を受ける見込みです。このため、晴れや曇りで、南部を中心に昼過ぎから雨や雷雨となる所があるでしょう。
長野地方気象台,2022-04-17T04:40:00+09:00,長野県,,　本州付近は、大陸に中心を持つ高気圧に覆われています。一方、東海道沖は気圧の谷となっています。  　長野県は、晴れや曇りで、南部では弱い雨の降っている所があります。  　１７日は、高気圧に覆われますが、気圧の谷や湿った空気の影響を受ける見込みです。このため、北部と中部では晴れで昼過ぎから曇りとなり、北部では昼過ぎから雨の降る所があり、中部では夕方一時雨となるでしょう。南部では曇り時々雨となる見込みです。長野県では、昼過ぎから雷を伴う所があるでしょう。  　１８日は、気圧の谷や湿った空気の影響を受ける見込みです。このため、北部では曇りで夜は雨の降る所があるでしょう。中部と南部では、曇りで夕方から次第に雨となる見込みです。
長野地方気象台,2022-04-17T10:34:00+09:00,長野県,,　本州付近は、高気圧に覆われています。一方、東海道沖は気圧の谷となっています。  　長野県は、晴れや曇りで、南部では雨の降っている所があります。  　１７日は、高気圧に覆われますが、気圧の谷や上空の寒気の影響を受ける見込みです。このため、北部では晴れ時々曇り、中部では晴れ夕方から曇りで、夕方を中心に雨や雷雨となる所があるでしょう。南部では曇り時々雨で、昼過ぎから雷を伴う所がある見込みです。  　１８日は、気圧の谷や湿った空気の影響を受ける見込みです。このため、北部では、おおむね曇りで夜は雨の降る所があるでしょう。中部と南部では、曇りで夕方から次第に雨の降る所がある見込みです。
長野地方気象台,2022-04-17T16:33:00+09:00,長野県,,　日本の東を高気圧が東へ移動しています。一方、東海道沖は気圧の谷となっています。  　長野県は、晴れや曇りで、雨の降っている所があります。  　１７日は、気圧の谷や上空の寒気の影響を受ける見込みです。このため、北部と中部では曇り夜遅く晴れで、雨や雷雨となる所があるでしょう。南部では雨夜遅く曇りで、雷を伴う所がある見込みです。  　１８日は、気圧の谷や湿った空気の影響を受ける見込みです。このため、北部では晴れのち曇りで、夕方を中心に雨となるでしょう。中部では、曇りで昼過ぎから夕方は雨となり、南部では、曇りで昼前から時々雨となる見込みです。
長野地方気象台,2022-04-18T04:36:00+09:00,長野県,,　日本の東を高気圧が東へ移動しています。一方、東海道沖は気圧の谷となっています。  　長野県は、曇りで、南部では雨の降っている所があります。  　１８日は、気圧の谷や湿った空気の影響を受ける見込みです。このため、北部と中部では、曇りで昼過ぎから雨、南部では、雨で朝晩曇りとなるでしょう。  　１９日は、日本海の高気圧に覆われますが、朝晩を中心に気圧の谷や湿った空気の影響を受ける見込みです。このため、曇りで朝から昼過ぎ晴れとなり、南部では、夕方から夜のはじめ頃、雨の降る所があるでしょう。
長野地方気象台,2022-04-18T10:35:00+09:00,長野県,,　高気圧が日本のはるか東にあって、東へ移動しています。一方、低気圧が東海道沖にあって、東北東へ進んでいます。  　長野県は、雨や曇りとなっています。  　１８日は、気圧の谷や湿った空気の影響を受ける見込みです。このため、北部と中部では曇り時々雨、南部では雨時々曇りとなるでしょう。  　１９日は、日本海の高気圧に覆われますが、朝晩を中心に気圧の谷や湿った空気の影響を受ける見込みです。このため、曇りで朝から昼過ぎ晴れとなり、南部では、夕方から夜のはじめ頃、雨の降る所があるでしょう。
長野地方気象台,2022-04-18T16:34:00+09:00,長野県,,　東海道沖には、低気圧があって東北東へ進んでいます。  　長野県は、雨となっています。  　１８日は、気圧の谷や湿った空気の影響を受ける見込みです。このため、雨で、夜遅くには曇りとなるでしょう。  　１９日は、日本海の高気圧に覆われますが、気圧の谷や湿った空気の影響を受ける見込みです。このため、晴れ時々曇りで、中部と南部では夕方から夜のはじめ頃、雨の降る所があるでしょう。
長野地方気象台,2022-04-19T04:35:00+09:00,長野県,,　低気圧が日本の東にあって、東北東へ進んでいます。  　長野県は、晴れや曇りとなっています。  　１９日は、日本海に中心を持つ高気圧に覆われますが、気圧の谷や湿った空気の影響を受ける見込みです。このため、晴れ時々曇りで、中部と南部では、夕方から夜のはじめ頃は雨の降る所があるでしょう。  　２０日は、日本の東に中心を持つ高気圧に覆われますが、気圧の谷や湿った空気の影響を受ける見込みです。このため、晴れ時々曇りとなるでしょう。
長野地方気象台,2022-04-19T10:35:00+09:00,長野県,,　日本付近は、日本海に中心を持つ高気圧に覆われています。  　長野県は、おおむね晴れています。  　１９日は、日本海に中心を持つ高気圧に覆われますが、気圧の谷や湿った空気の影響を受ける見込みです。このため、晴れ時々曇りで、中部と南部では夕方から夜のはじめ頃は雨の降る所があるでしょう。  　２０日は、日本の東に中心を持つ高気圧に覆われますが、気圧の谷や湿った空気の影響を受ける見込みです。このため、晴れ時々曇りとなるでしょう。
長野地方気象台,2022-04-19T16:35:00+09:00,長野県,,　日本付近は、日本海に中心を持つ高気圧に覆われています。  　長野県は、晴れや曇りとなっています。  　１９日は、日本海に中心を持つ高気圧に覆われますが、気圧の谷や湿った空気の影響を受ける見込みです。このため、晴れ時々曇りで、夜のはじめ頃まで雨の降る所があるでしょう。  　２０日は、高気圧に覆われますが、気圧の谷や湿った空気の影響を受ける見込みです。このため、晴れ時々曇りで、昼過ぎから夜のはじめ頃まで雨の降る所があるでしょう。
長野地方気象台,2022-04-20T04:39:00+09:00,長野県,,　本州付近は、三陸沖の高気圧に覆われています。  　長野県は、晴れや曇りとなっています。  　２０日は、高気圧に覆われますが、気圧の谷や湿った空気の影響を受ける見込みです。このため、晴れ時々曇りで、昼過ぎから夜のはじめ頃まで雨の降る所があるでしょう。  　２１日は、はじめ高気圧に覆われますが、次第に気圧の谷や湿った空気の影響を受ける見込みです。このため、北部と中部では晴れのち曇りで、夕方から次第に雨となるでしょう。南部は曇りで、昼過ぎから雨となる見込みです。
長野地方気象台,2022-04-20T10:38:00+09:00,長野県,,　高気圧が三陸沖にあって、本州付近を覆っています。  　長野県はおおむね晴れています。  　２０日は、高気圧に覆われますが、気圧の谷や湿った空気の影響を受ける見込みです。このため、晴れ時々曇りで、昼過ぎから夜のはじめ頃は、雨の降る所があるでしょう。  　２１日は、はじめ高気圧に覆われますが、次第に気圧の谷や湿った空気の影響を受ける見込みです。このため、北部と中部では晴れ後曇りで、夕方から次第に雨となるでしょう。南部は曇りで、昼過ぎから雨となる見込みです。
長野地方気象台,2022-04-20T16:35:00+09:00,長野県,,　日本の東にある高気圧が東日本を覆っています。  　長野県は晴れ又は曇りとなっています。  　２０日は、高気圧に覆われますが、気圧の谷や湿った空気の影響を受ける見込みです。このため晴れますが、夜のはじめ頃は曇りとなり、雨の降る所があるでしょう。  　２１日は、気圧の谷や湿った空気の影響を受ける見込みです。このため、北部と中部では晴れ後曇りで夕方から雨となるでしょう。南部では曇りで昼過ぎから雨となる見込みです。
長野地方気象台,2022-04-21T04:33:00+09:00,長野県,,　日本の東にある高気圧が東日本を覆っています。  　長野県は、おおむね晴れています。  　２１日は、はじめ高気圧に覆われますが、気圧の谷や湿った空気の影響を受ける見込みです。このため、晴れのち曇りで、夕方から次第に雨となるでしょう。  　２２日は、はじめ気圧の谷や湿った空気の影響を受けますが、次第に高気圧に覆われる見込みです。このため、晴れ時々曇りで、未明は雨となるでしょう。
長野地方気象台,2022-04-21T10:35:00+09:00,長野県,,　日本のはるか東にある高気圧が東日本を覆っています。一方、東シナ海には前線がのびています。  　長野県は、おおむね曇りとなっています。  　２１日は、はじめ高気圧に覆われますが、前線や湿った空気の影響を受ける見込みです。このため、曇りで南部では夕方から、北部と中部では夜は雨となるでしょう。  　２２日は、はじめ前線や湿った空気の影響を受けますが、次第に高気圧に覆われる見込みです。このため、晴れ時々曇りで、未明は雨となるでしょう。
長野地方気象台,2022-04-21T16:35:00+09:00,長野県,,　九州の南海上に前線を伴った低気圧があって、東北東へ進んでいます。  　長野県は、曇りまたは雨となっています。  　２１日は、前線や湿った空気の影響を受けるでしょう。このため、中部と南部では雨、北部では曇りで夜は雨となる見込みです。  　２２日は、はじめ前線や湿った空気の影響を受けますが、次第に高気圧に覆われる見込みです。このため、晴れ時々曇りで、未明は雨となるでしょう。
長野地方気象台,2022-04-22T04:34:00+09:00,長野県,,　前線を伴った低気圧が関東地方にあって、北東へ進んでいます。  　長野県は、おおむね曇りで、雨の降っている所があります。  　２２日は、はじめ低気圧や湿った空気の影響を受けますが、次第に高気圧に覆われてくる見込みです。このため、曇りで、明け方まで雨の降る所がありますが、昼前から次第に晴れてくるでしょう。  　２３日は、日本海の高気圧に覆われますが、気圧の谷や湿った空気の影響を受ける見込みです。このため、晴れ時々曇りとなるでしょう。
長野地方気象台,2022-04-22T10:34:00+09:00,長野県,,　日本の東に低気圧があって北東へ進んでおり、前線が伊豆諸島付近を通って日本の南へのびています  　長野県は、おおむね晴れています。  　２２日は、高気圧に覆われる見込みです。このため、おおむね晴れるでしょう。  　２３日は、日本海の高気圧に覆われますが、北日本を寒冷前線が通過する見込みです。このため、晴れ時々曇りで、北部では昼前に雨が降る所があるでしょう。
長野地方気象台,2022-04-22T16:35:00+09:00,長野県,,　前線を伴った低気圧が日本の東と沿海州付近にあって、共に東北東へ進ん でいます。  　長野県は、おおむね晴れています。  　２２日は、高気圧に覆われる見込みです。このため、おおむね晴れるでしょう。  　２３日は、日本海の高気圧に覆われますが、北日本を寒冷前線が通過する見込みです。このため、晴れまたは曇りで、北部では昼前から昼過ぎは雨の降る所があるでしょう。
長野地方気象台,2022-04-23T04:36:00+09:00,長野県,,　西日本から東日本は高気圧に緩やかに覆われています。また、華中から東シナ海に前線がのびています。  　長野県は、おおむね曇りとなっています。  　２３日は、高気圧に覆われますが、気圧の谷や湿った空気の影響を受ける見込みです。このため、曇り時々晴れで、北部では昼過ぎから夕方雨の降る所があるでしょう。  　２４日は、前線を伴った低気圧が伊豆諸島付近へ進む見込みです。このため、曇り時々晴れで、南部では昼過ぎ雨の降る所があるでしょう。
長野地方気象台,2022-04-23T10:34:00+09:00,長野県,,　西日本から東日本は高気圧に緩やかに覆われています。また、華中から九州の南に前線がのびています。  　長野県は、晴れまたは曇りとなっています。  　２３日は、高気圧に覆われますが、気圧の谷や湿った空気の影響を受ける見込みです。このため、北部では、曇り時々晴れで昼過ぎから夕方は雨の降る所があるでしょう。中部と南部では、晴れ時々曇りとなる見込みです。  　２４日は、前線を伴った低気圧が伊豆諸島付近へ進む見込みです。このため、曇り時々晴れで、南部では昼過ぎ雨の降る所があるでしょう。
長野地方気象台,2022-04-23T16:34:00+09:00,長野県,,　西日本から東日本は日本海に中心を持つ高気圧に覆われています。また、華中から四国沖に前線がのびています。  　長野県は、晴れまたは曇りとなっています。  　２３日は、高気圧に覆われますが、気圧の谷や湿った空気の影響を受ける見込みです。このため、北部では晴れで夜遅くは曇り、中部と南部では晴れで夜は曇りとなるでしょう。  　２４日は、前線を伴った低気圧が伊豆諸島付近へ進む見込みです。このため、北部では曇りで朝晩は晴れるでしょう。中部と南部ではおおむね曇りで、昼前から夜のはじめ頃は雨の降る所がある見込みです。
長野地方気象台,2022-04-24T04:39:00+09:00,長野県,,　前線が東シナ海から日本の東へのびており、前線上の九州付近には低気圧があって東へ進んでいます。  　長野県は、おおむね曇りとなっています。  　２４日は、前線を伴った低気圧が伊豆諸島付近へ進む見込みです。このため、曇りで、中部では夕方一時雨、南部では昼前から夕方にかけて雨となるでしょう。  　２５日は、高気圧に覆われますが、湿った空気の影響を受ける見込みです。このため、晴れで朝晩曇りとなるでしょう。
長野地方気象台,2022-04-24T10:33:00+09:00,長野県,,　前線が東シナ海から日本の東へのびており、前線上の四国付近には低気圧があって東へ進んでいます。  　長野県は、曇りや雨となっています。  　２４日は、前線を伴った低気圧が伊豆諸島付近を通過する見込みです。このため、北部では曇り、中部では曇り昼過ぎから夕方にかけて雨、南部では雨夜曇りとなるでしょう。  　２５日は、高気圧に覆われますが、湿った空気の影響を受ける見込みです。このため、晴れ朝晩曇りとなるでしょう。
長野地方気象台,2022-04-24T16:34:00+09:00,長野県,,　前線が東シナ海から日本の東へのびており、前線上の東海道沖には低気圧があって東へ進んでいます。  　長野県は、雨や曇りとなっています。  　２４日は、前線を伴った低気圧が伊豆諸島付近を通過する見込みです。このため、北部と中部では曇りで夜遅くは晴れますが、中部では夕方は雨の降る所があるでしょう。南部では雨で夜は曇りとなる見込みです。  　２５日は、高気圧に覆われますが、湿った空気の影響を受ける見込みです。このため、晴れ時々曇りとなるでしょう。
長野地方気象台,2022-04-25T04:40:00+09:00,長野県,,　日本の東の低気圧から伊豆諸島にかけて前線がのびています。一方、沿海州には高気圧があって東南東に移動しています。  　長野県は、晴れまたは曇りとなっています。  　２５日は、高気圧に覆われますが、湿った空気の影響を受ける見込みです。このため、晴れ時々曇りとなるでしょう。  　２６日は、前線を伴った低気圧が日本海に進み、前線や低気圧に向かって湿った空気が流れ込む見込みです。このため、曇りで昼過ぎから次第に雨となるでしょう。南部では、夜は激しく降る所がある見込みです。
長野地方気象台,2022-04-25T10:35:00+09:00,長野県,,　日本海には高気圧があって東南東に移動しています。  　長野県は、おおむね晴れています。  　２５日は、高気圧に覆われますが、湿った空気の影響を受ける見込みです。このため、晴れで夜は曇りとなるでしょう。  　２６日は、前線を伴った低気圧が日本海に進み、前線や低気圧に向かって湿った空気が流れ込む見込みです。このため、曇りで昼過ぎから次第に雨となり、南部では夜は激しく降る所があるでしょう。
長野地方気象台,2022-04-25T16:38:00+09:00,長野県,,　本州付近は日本海の高気圧に覆われています。  　長野県は、おおむね晴れています。  　２５日は、高気圧に覆われますが、湿った空気の影響を受ける見込みです。このため、晴れで夜遅くは曇りとなるでしょう。  　２６日は、前線を伴った低気圧が日本海に進み、前線や低気圧に向かって湿った空気が流れ込む見込みです。このため、曇りで昼過ぎから次第に雨となり、雷を伴う所があるでしょう。南部では、夜は激しい雨の降る所もある見込みです。
長野地方気象台,2022-04-26T04:42:00+09:00,長野県,,　黄海には前線を伴った低気圧があって東北東に進んでいます。  　長野県は、おおむね曇りとなっています。  　２６日は、前線を伴った低気圧が日本海を進み、前線や低気圧に向かって湿った空気が流れ込む見込みです。このため、曇りで昼前から次第に雨となるでしょう。また、夜は雷を伴う所があり、南部では激しい雨の降る所もある見込みです。  　２７日は、前線が本州付近を南下する見込みです。このため、雨で朝から次第に曇りとなるでしょう。また、明け方まで雷を伴う所があり、南部では激しい雨の降る所もある見込みです。
長野地方気象台,2022-04-26T10:38:00+09:00,長野県,,　日本海西部には前線を伴った低気圧があって東北東に進んでいます。  　長野県は、曇りで雨の降っている所があります。  　２６日は、前線を伴った低気圧が日本海を進み、前線や低気圧に向かって湿った空気が流れ込む見込みです。このため、曇りで昼過ぎから雨となり、夜は雷を伴う所があるでしょう。また、南部では激しい雨の降る所もある見込みです。  　２７日は、前線が本州付近を南下する見込みです。このため、雨で朝から次第に曇りとなるでしょう。また、明け方まで雷を伴う所があり、南部では激しい雨の降る所もある見込みです。
長野地方気象台,2022-04-26T16:36:00+09:00,長野県,,　日本海には前線を伴った低気圧があって東北東に進んでいます。  　長野県は、雨となっています。  　２６日は、前線を伴った低気圧が日本海を進み、前線や低気圧に向かって湿った空気が流れ込む見込みです。このため、雨で、夜は雷を伴う所があるでしょう。また、南部では夜遅くから激しい雨の降る所がある見込みです。  　２７日は、前線が本州付近を南下する見込みです。このため、雨で明け方から次第に曇りとなり、その後は晴れるでしょう。また、明け方まで雷を伴う所があり、南部では激しい雨の降る所がある見込みです。
長野地方気象台,2022-04-27T04:39:00+09:00,長野県,,　前線が本州付近を通過しています。  　長野県は、雨となっています。  　２７日は、はじめ前線の影響を受けますが、次第に高気圧に覆われてくる見込みです。このため、はじめ雨で、朝まで雷を伴う所がありますが、次第に曇りとなり、昼過ぎからは広い範囲で晴れるでしょう。  　２８日は、日本海の高気圧に覆われますが、気圧の谷や湿った空気の影響を受ける見込みです。このため、晴れ時々曇りとなるでしょう。
長野地方気象台,2022-04-27T10:33:00+09:00,長野県,,　前線が本州付近を通過中です。  　長野県は、おおむね曇りとなっています。  　２７日は、はじめ前線の影響を受けますが、次第に高気圧に覆われてくる見込みです。このため、はじめ曇りで、昼過ぎからは次第に晴れるでしょう。  　２８日は、日本海の高気圧に覆われますが、気圧の谷や湿った空気の影響を受ける見込みです。このため、晴れ時々曇りとなるでしょう。
長野地方気象台,2022-04-27T16:33:00+09:00,長野県,,　前線が本州の南岸付近を南下しています。また、大陸の高気圧が日本海に張り出しています。  　長野県は、おおむね曇りとなっています。  　２７日は、高気圧に覆われますが、前線が関東の南岸に停滞する見込みです。このため、曇り時々晴れとなるでしょう。  　２８日は、日本海の高気圧に覆われますが、気圧の谷や湿った空気の影響を受ける見込みです。このため、晴れ時々曇りとなるでしょう。
長野地方気象台,2022-04-28T04:37:00+09:00,長野県,,　前線が伊豆諸島付近に停滞しています。また、日本海には高気圧があって東へ移動しています。  　長野県は、曇りまたは晴れとなっています。  　２８日は、日本海の高気圧に覆われますが、前線や湿った空気の影響を受けるでしょう。このため、晴れ時々曇りとなる見込みです。  　２９日は、前線を伴った低気圧が本州南岸を東北東進し、伊豆諸島付近を通過するでしょう。このため、曇りで昼過ぎから雨となる見込みです。
長野地方気象台,2022-04-28T10:34:00+09:00,長野県,,　日本海には高気圧があって東へ移動しています。  　長野県は、晴れまたは曇りとなっています。  　２８日は、日本海の高気圧に覆われるでしょう。このため、晴れ時々曇りとなる見込みです。  　２９日は、前線を伴った低気圧が本州南岸を東北東へ進み、伊豆諸島付近を通過するでしょう。このため、曇りで昼過ぎから雨となる見込みです。
長野地方気象台,2022-04-28T16:38:00+09:00,長野県,,　日本海には高気圧があって東へ移動しています。  　長野県は、晴れまたは曇りとなっています。  　２８日は、日本海の高気圧に覆われる見込みです。このため、晴れ時々曇りとなるでしょう。  　２９日は、前線を伴った低気圧が本州南岸を東北東へ進み、伊豆諸島付近を通過する見込みです。このため、曇りで昼過ぎから雨となるでしょう。また、北部と中部の標高の高い地域では、夜は雪となる所がある見込みです。
長野地方気象台,2022-04-29T04:41:00+09:00,長野県,,　前線が華中から伊豆諸島付近を通って東へのびており、前線上の東シナ海には低気圧があって東北東へ進んでいます  　長野県は、おおむね曇りとなっています。  　２９日は、前線を伴った低気圧が西日本から東日本の南岸を東北東へ進む見込みです。このため、曇りで昼過ぎから雨となるでしょう。また、北部と中部の標高の高い地域では、夜は雪となる所がある見込みです。  　３０日は、日本海から関東の東へ移動する高気圧に覆われますが、寒気や湿った空気の影響を受ける見込みです。このため、晴れで朝晩曇りとなるでしょう。また、北部では明け方まで雨の降る所があり、北部の標高の高い地域では雪となる所がある見込みです。
長野地方気象台,2022-04-29T10:40:00+09:00,長野県,,　前線を伴った低気圧が九州付近にあって東北東へ進んでいます。  　長野県は、曇りとなっています。  　２９日は、前線を伴った低気圧が西日本から東日本の南岸を東北東へ進む見込みです。このため、はじめ曇りとなる所もありますが、次第に雨となるでしょう。また、北部と中部の標高の高い地域では、夜は雪となる所がある見込みです。  　３０日は、日本海から関東の東へ移動する高気圧に覆われますが、寒気や湿った空気の影響を受ける見込みです。このため、晴れますが、朝晩は曇りとなり、北部では明け方まで雨の降る所があるでしょう。また、標高の高い地域では、雪となる所がある見込みです。
長野地方気象台,2022-04-29T16:34:00+09:00,長野県,,　前線を伴った低気圧が紀伊半島付近にあって東北東へ進んでいます。  　長野県は、雨となっています。  　２９日は、前線を伴った低気圧が本州の南岸を東北東へ進む見込みです。このため、雨で、中部と南部では次第に曇りとなるでしょう。また、北部と中部の標高の高い地域では、夜は雪となる所がある見込みです。  　３０日は、高気圧に覆われますが、寒気や湿った空気の影響を受ける見込みです。このため、晴れますが、朝晩は曇りとなり、北部では明け方まで雨の降る所があるでしょう。また、標高の高い地域では、雪となる所がある見込みです。
長野地方気象台,2022-04-30T07:58:00+09:00,長野県,,　高気圧が日本海にあって、東南東へ移動しています。  　長野県は、晴れや曇りとなっています。  　３０日は、高気圧に覆われますが、寒気や湿った空気の影響を受ける見込みです。このため、晴れますが、朝晩は曇りとなるでしょう。  　５月１日は、気圧の谷や湿った空気の影響を受ける見込みです。このため、曇りで昼過ぎから雨となるでしょう。
長野地方気象台,2022-04-30T10:33:00+09:00,長野県,,　高気圧が日本海にあって、東南東に移動しています。  　長野県は、晴れや曇りとなっています。  　３０日は、高気圧に覆われますが、寒気や湿った空気の影響を受ける見込みです。このため、晴れで、夜は曇りとなるでしょう。  　５月１日は、気圧の谷や湿った空気の影響を受ける見込みです。このため、曇りで、昼過ぎから雨となるでしょう。
長野地方気象台,2022-04-30T16:35:00+09:00,長野県,,　高気圧が日本海にあって、東南東に移動しています。  　長野県は、おおむね晴れています。  　３０日は、高気圧に覆われますが、湿った空気の影響を受ける見込みです。このため、はじめ晴れますが、夜は次第に曇りとなるでしょう。  　５月１日は、気圧の谷や湿った空気の影響を受ける見込みです。このため、曇りで、昼前から次第に雨となるでしょう。
