publishingOffice,reportDatetime,targetArea,headlineText,text
津地方気象台,2022-07-01T04:37:00+09:00,三重県,,　太平洋高気圧が西日本から東日本を覆っています。  　三重県は、晴れています。  　１日は、高気圧に覆われるためおおむね晴れるでしょう。三重県では、熱中症の危険性が極めて高い気象状況になることが予測されます。外出はなるべく避け、室内をエアコン等で涼しい環境にして過ごしてください。  　２日は、引き続き、高気圧に覆われるためおおむね晴れますが、湿った空気や上空の寒気の影響で朝晩を中心に雲が広がりやすい見込みです。
津地方気象台,2022-07-01T10:34:00+09:00,三重県,,　太平洋高気圧が西日本から東日本を覆っています。  　三重県は、晴れとなっています。  　１日は、高気圧に覆われるため晴れるでしょう。三重県では、熱中症の危険性が極めて高い気象状況になることが予測されます。外出はなるべく避け、室内をエアコン等で涼しい環境にして過ごしてください。  　２日は、引き続き、高気圧に覆われるためおおむね晴れますが、湿った空気や上空の寒気の影響で朝晩を中心に雲が広がりやすい見込みです。
津地方気象台,2022-07-01T16:34:00+09:00,三重県,,　太平洋高気圧が西日本から東日本を覆っています。  　三重県は、おおむね晴れています。  　１日は、高気圧に覆われるためおおむね晴れますが、湿った空気や上空の寒気の影響で雲の広がる所があるでしょう。  　２日は、引き続き、高気圧に覆われるためおおむね晴れますが、湿った空気や上空の寒気の影響で朝晩を中心に雲が広がりやすい見込みです。三重県では、熱中症の危険性が極めて高い気象状況になることが予測されます。外出はなるべく避け、室内をエアコン等で涼しい環境にして過ごしてください。
津地方気象台,2022-07-02T04:40:00+09:00,三重県,,　太平洋高気圧が西日本から東日本を覆っています。  　三重県は、晴れまたは曇りとなっています。  　２日は、高気圧に覆われておおむね晴れますが、湿った空気や上空の寒気の影響で雲の広がる所があるでしょう。三重県では、熱中症の危険性が極めて高い気象状況になることが予測されます。外出はなるべく避け、室内をエアコン等で涼しい環境にして過ごしてください。  　３日は、湿った空気や上空の寒気の影響によりおおむね曇りで、昼過ぎから夜のはじめ頃にかけて、雷を伴った激しい雨の降る所がある見込みです。
津地方気象台,2022-07-02T10:36:00+09:00,三重県,,　太平洋高気圧が西日本から東日本を覆っています。  　三重県は、おおむね晴れています。  　２日は、高気圧に覆われておおむね晴れますが、湿った空気や上空の寒気の影響で夕方から次第に雲が広がるでしょう。三重県では、熱中症の危険性が極めて高い気象状況になることが予測されます。外出はなるべく避け、室内をエアコン等で涼しい環境にして過ごしてください。  　３日は、湿った空気や上空の寒気の影響によりおおむね曇りで、昼過ぎから夜のはじめ頃にかけて雷を伴った激しい雨の降る所がある見込みです。
津地方気象台,2022-07-02T16:35:00+09:00,三重県,,　太平洋高気圧が西日本から東日本を覆っています。  　三重県は、晴れまたは曇りですが、雨の降っている所があります。  　２日は、高気圧に覆われてはじめ晴れますが、湿った空気や上空の寒気の影響で雲が広がりやすく、夜のはじめ頃にかけて雨や雷雨となる所があるでしょう。  　３日は、湿った空気の影響で雲が広がりやすく、昼過ぎから夜のはじめ頃にかけて雷を伴った激しい雨の降る所がある見込みです。
津地方気象台,2022-07-03T04:39:00+09:00,三重県,,　本州付近は太平洋高気圧に緩やかに覆われていますが、湿った空気が流れ込んでいます。また、台風第４号が東シナ海を北上しています。  　三重県は、曇りまたは雨となっています。  　３日は、湿った空気や上空の寒気の影響で曇りまたは雨となり、昼過ぎから夕方は雷を伴って激しく降る所があるでしょう。  　４日は、湿った空気や上空の寒気の影響で曇りまたは雨となり、雷を伴う所がある見込みです。
津地方気象台,2022-07-03T10:43:00+09:00,三重県,,　日本の東に中心を持つ高気圧があって、本州付近には湿った空気が流れ込んでいます。また、台風第４号が東シナ海を北上しています。  　三重県は、雨または曇りとなっています。  　３日は、湿った空気や上空の寒気の影響で雨または曇りとなり、昼過ぎから夕方は雷を伴って激しく降る所があるでしょう。  　４日は、湿った空気や上空の寒気の影響で曇りまたは雨となり、雷を伴った激しい雨の降る所がある見込みです。
津地方気象台,2022-07-03T16:46:00+09:00,三重県,,　日本の東に中心を持つ高気圧があって、本州付近には湿った空気が流れ込んでいます。また、台風第４号が東シナ海を北上しています。  　三重県は、雨または曇りで、雷を伴って激しく降っている所があります。  　３日は、湿った空気や上空の寒気の影響で雨または曇りとなり、雷を伴った非常に激しい雨の降る所があるでしょう。  　４日は、湿った空気や上空の寒気の影響で曇りまたは雨となり、雷を伴った非常に激しい雨の降る所がある見込みです。
津地方気象台,2022-07-04T04:43:00+09:00,三重県,,　日本の東に中心を持つ高気圧があって、本州付近には湿った空気が流れ込んでいます。また、台風第４号が東シナ海をゆっくり北上しています。  　三重県は、おおむね雨となっています。  　４日は、湿った空気や上空の寒気の影響で雨または曇りとなり、昼過ぎにかけて雷を伴った激しい雨の降る所があるでしょう。  　５日は、引き続き湿った空気の影響で雨または曇りとなり、雷を伴った激しい雨の降る所がある見込みです。
津地方気象台,2022-07-04T10:40:00+09:00,三重県,,　東海地方には、太平洋高気圧の縁を回る暖かく湿った空気が流れ込んでいます。また、台風第４号が東シナ海を北北東へ進んでいます。  　三重県は、おおむね雨となっています。  　４日は、湿った空気や上空の寒気の影響で雨または曇りとなり、夕方にかけて雷を伴った激しい雨の降る所があるでしょう。  　５日は、湿った空気の影響で雨となり、雷を伴って激しく降る所がある見込みです。
津地方気象台,2022-07-04T17:07:00+09:00,三重県,,　東海地方には、太平洋高気圧の縁を回る暖かく湿った空気が流れ込んでいます。また、台風第４号が東シナ海を北北東へ進んでいます。  　三重県は、おおむね雨となっています。  　４日は、湿った空気や上空の寒気の影響で雨または曇りとなり、雷を伴った激しい雨の降る所があるでしょう。  　５日は、湿った空気の影響で雨となり、雷を伴って激しく降る所がある見込みです。南部では、夜は非常に激しい雨の降る所があるでしょう。  　６日は、台風第４号の影響で荒れた天気や大雨となるおそれがあります。
津地方気象台,2022-07-05T04:42:00+09:00,三重県,,　台風第４号が九州の西を北北東へ進んでおり、東海地方には暖かく湿った空気が流れ込んでいます。  　三重県は、おおむね雨となっています。  　５日は、台風第４号や周辺の湿った空気の影響でおおむね雨となり、雷を伴って非常に激しく降る所があるでしょう。  　６日は、台風第４号から変わる低気圧が紀伊半島から伊豆諸島付近へ進む見込みです。このため、雨または曇りとなり、雷を伴って激しく降る所があるでしょう。
津地方気象台,2022-07-05T10:34:00+09:00,三重県,,　台風第４号から変わった温帯低気圧が九州付近を東へ進んでおり、東海地方には暖かく湿った空気が流れ込んでいます。  　三重県は、雨となっています。  　５日は、台風第４号から変わった低気圧の影響でおおむね雨となり、雷を伴って非常に激しく降る所があるでしょう。  　６日は、台風第４号から変わった低気圧が東日本の太平洋側を東へ進む見込みです。このため、雨または曇りとなり、雷を伴って激しく降る所があるでしょう。
津地方気象台,2022-07-05T16:36:00+09:00,三重県,,　西日本には台風第４号から変わった低気圧があって東へ進んでおり、東海地方には暖かく湿った空気が流れ込んでいます。  　三重県は、雨または曇りとなっています。  　５日は、低気圧の影響で雨または曇りとなり、雷を伴って激しい雨の降る所があるでしょう。  　６日は、低気圧が東日本の太平洋側を東へ進む見込みです。このため、曇りまたは雨となり、雷を伴って激しく降る所があるでしょう。三重県では、熱中症の危険性が極めて高い気象状況になることが予測されます。外出はなるべく避け、室内をエアコン等で涼しい環境にして過ごしてください。
津地方気象台,2022-07-06T04:38:00+09:00,三重県,,　東海道沖には低気圧があって東へ進んでいます。  　三重県は、曇りで雨の降っている所があります。  　６日は、低気圧や湿った空気の影響でおおむね曇りとなり、昼過ぎから夜のはじめ頃にかけて雷を伴った激しい雨の降る所があるでしょう。三重県では、熱中症の危険性が極めて高い気象状況になることが予測されます。外出はなるべく避け、室内をエアコン等で涼しい環境にして過ごしてください。  　７日は、日中を中心に晴れる所もありますが、上空の寒気や湿った空気の影響でおおむね曇りとなり、昼過ぎから夜のはじめ頃にかけて雨の降る所がある見込みです。
津地方気象台,2022-07-06T10:38:00+09:00,三重県,,　関東の東には低気圧があって東へ進んでいます。  　三重県は、曇りまたは晴れで雨の降っている所があります。  　６日は、上空の寒気や湿った空気の影響でおおむね曇りで、昼過ぎから夜のはじめ頃にかけて雷を伴って激しい雨の降る所があるでしょう。三重県では、熱中症の危険性が極めて高い気象状況になることが予測されます。外出はなるべく避け、室内をエアコン等で涼しい環境にして過ごしてください。  　７日は、日中を中心に晴れる所もありますが、上空の寒気や湿った空気の影響でおおむね曇りとなり、昼過ぎから夜のはじめ頃にかけて雨の降る所がある見込みです。
津地方気象台,2022-07-06T16:33:00+09:00,三重県,,　関東の東には低気圧があって東へ進んでいます。  　三重県は、晴れまたは曇りで、雨の降っている所があります。  　６日は、はじめ晴れますが、上空の寒気や湿った空気の影響で夜は曇りとなり、雨や雷雨となる所があるでしょう。  　７日は、おおむね晴れますが、上空の寒気や湿った空気の影響で朝晩を中心に曇りとなり、明け方まで雨の降る所がある見込みです。三重県では、熱中症の危険性が極めて高い気象状況になることが予測されます。外出はなるべく避け、室内をエアコン等で涼しい環境にして過ごしてください。
津地方気象台,2022-07-07T04:44:00+09:00,三重県,,　日本の東に低気圧があって、ゆっくり東へ進んでいます。  　三重県は、曇りまたは晴れとなっています。  　７日は、高気圧に覆われて日中は晴れる所もありますが、上空の寒気や湿った空気の影響で雲が広がりやすく、雷の発生する所があるでしょう。三重県では、熱中症の危険性が極めて高い気象状況になることが予測されます。外出はなるべく避け、室内をエアコン等で涼しい環境にして過ごしてください。  　８日は、高気圧に覆われて日中は晴れる所もありますが、上空の寒気や湿った空気の影響で雲が広がりやすく、雨の降る所があるでしょう。
津地方気象台,2022-07-07T10:37:00+09:00,三重県,,　日本の東に低気圧があって、ゆっくり東へ進んでいます。  　三重県は、晴れまたは曇りで、雨の降っている所があります。  　７日は、日中は晴れる所もありますが、上空の寒気や湿った空気の影響で雲が広がりやすく、昼過ぎから夕方にかけて雨や雷雨となる所があるでしょう。三重県では、熱中症の危険性が極めて高い気象状況になることが予測されます。外出はなるべく避け、室内をエアコン等で涼しい環境にして過ごしてください。  　８日は、高気圧に覆われて日中は晴れる所もありますが、上空の寒気や湿った空気の影響で雲が広がりやすく、雨の降る所があるでしょう。
津地方気象台,2022-07-07T16:38:00+09:00,三重県,,　日本の東に低気圧があって、ゆっくり東へ進んでいます。  　三重県は、晴れまたは曇りとなっています。  　７日は、晴れる所もありますが、上空の寒気や湿った空気の影響でおおむね曇りとなり、夜のはじめ頃にかけて雨や雷雨となる所があるでしょう。  　８日は、高気圧に覆われて晴れる所もありますが、上空の寒気や湿った空気の影響で雲が広がりやすく、雨の降る所がある見込みです。
津地方気象台,2022-07-08T04:41:00+09:00,三重県,,　日本の東には低気圧があって、ゆっくり西へ進んでいます。  　三重県は、おおむね曇りとなっています。  　８日は、晴れる所もありますが、上空の寒気や湿った空気の影響で雲が広がりやすく、昼過ぎから夜のはじめ頃にかけて雨の降る所がある見込みです。  　９日は、上空の寒気や湿った空気の影響によりおおむね曇りで、雨や雷雨となる所があるでしょう。午後は激しく降る所がある見込みです。
津地方気象台,2022-07-08T12:15:00+09:00,三重県,,　日本の東には低気圧があって、ゆっくり西へ進んでいます。  　三重県は、晴れまたは曇りで、雨の降っている所があります。  　８日は、おおむね晴れますが、上空の寒気や湿った空気の影響で雲が広がりやすく、夜のはじめ頃にかけて雨や雷雨となるでしょう。  　９日は、上空の寒気や湿った空気の影響でおおむね曇りとなり、雨や雷雨となる所があり、午後は激しく降る所がある見込みです。
津地方気象台,2022-07-08T16:34:00+09:00,三重県,,　日本の東には低気圧があって、ゆっくり西へ進んでいます。  　三重県は、おおむね曇りで、雨の降っている所があります。  　８日は、上空の寒気や湿った空気の影響でおおむね曇りで、夜のはじめ頃にかけて雨や雷雨となるでしょう。  　９日は、上空の寒気や湿った空気の影響でおおむね曇りで、昼過ぎから夕方にかけて雨となり、雷を伴って激しい雨の降る所がある見込みです。
津地方気象台,2022-07-09T04:47:00+09:00,三重県,,　関東の東には低気圧があって、北へ進んでいます。また、日本海には別の低気圧があって、ゆっくり南東へ進んでいます。  　三重県は、おおむね曇りとなっています。  　９日は、上空の寒気や湿った空気の影響でおおむね曇りとなり、雨や雷雨となる所があるでしょう。昼過ぎから夜のはじめ頃にかけて激しく降る所がある見込みです。  　１０日は、上空の寒気や湿った空気の影響でおおむね曇りで、昼前まで雨の降る所があるでしょう。
津地方気象台,2022-07-09T10:36:00+09:00,三重県,,　関東の東には低気圧があって、北へ進んでいます。また、日本海には別の低気圧があって、ゆっくり南東へ進んでいます。  　三重県は、おおむね曇りで、雨や雷雨となっている所があります。  　９日は、上空の寒気や湿った空気の影響でおおむね曇りで、雨や雷雨となる所があるでしょう。夜のはじめ頃にかけて激しく降る所がある見込みです。  　１０日は、上空の寒気や湿った空気の影響でおおむね曇りで、昼前まで雨の降る所があるでしょう。
津地方気象台,2022-07-09T16:48:00+09:00,三重県,,　関東の東には低気圧があって、北へ進んでいます。また、日本海には別の低気圧があって、ゆっくりと南東へ進んでいます。  　三重県は、雨または曇りで、雷を伴っている所があります。  　９日は、上空の寒気や湿った空気の影響で、おおむね雨で、雷を伴って非常に激しい雨の降る所がある見込みです。  　１０日は、上空の寒気や湿った空気の影響で、雨や曇りで、明け方まで雷を伴って非常に激しい雨の降る所があるでしょう。
津地方気象台,2022-07-10T04:59:00+09:00,三重県,,　山陰沖と四国の南には低気圧があって、それぞれ東と東南東へ進んでいます。  　三重県は、雨または曇りとなっています。  　１０日は、暖かく湿った空気の影響により雨で、朝にかけて雷を伴って激しく降る所がありますが、次第に曇りとなる見込みです。  　１１日は、日中は晴れる所もありますが、湿った空気の影響でおおむね曇りとなり、午後は雷を伴って激しい雨の降る所があるでしょう。
津地方気象台,2022-07-10T10:40:00+09:00,三重県,,　若狭湾沖と日本の南には低気圧があって、それぞれ東と東南東へゆっくり進んでいます。  　三重県は、曇りで雨の降っている所があります。  　１０日は、上空の寒気や湿った空気の影響でおおむね曇りとなり、雷を伴って激しい雨の降る所があるでしょう。  　１１日は、日中は晴れる所もありますが、湿った空気の影響でおおむね曇りとなり、午後は雷を伴って激しい雨の降る所があるでしょう。
津地方気象台,2022-07-10T16:34:00+09:00,三重県,,　日本の南には低気圧があって、東北東へゆっくり進んでいます。  　三重県は、おおむね曇りで雨の降っている所があります。  　１０日は、上空の寒気や湿った空気の影響でおおむね曇りとなり、雨の降る所があるでしょう。  　１１日は、日中は晴れる所もありますが、湿った空気の影響でおおむね曇りとなり、午後は雷を伴って激しい雨の降る所がある見込みです。
津地方気象台,2022-07-11T04:41:00+09:00,三重県,,　日本の南には低気圧があって、ゆっくりと東へ進んでいます。  　三重県は、おおむね曇りとなっています。  　１１日は、日中は晴れる所もありますが、上空の寒気や湿った空気の影響でおおむね曇りとなり、午後は雷を伴って激しい雨の降る所があるでしょう。  　１２日は、上空の寒気や湿った空気の影響で曇りや雨となり、昼過ぎから夜のはじめ頃まで雷を伴って激しく降る所がある見込みです。
津地方気象台,2022-07-11T10:34:00+09:00,三重県,,　東日本は、高気圧に緩やかに覆われています。  　三重県は、曇りまたは晴れとなっています。  　１１日は、日中は晴れる所もありますが、湿った空気の影響で雲が広がりやすく、午後は雷を伴って激しい雨の降る所があるでしょう。  　１２日は、上空の寒気や湿った空気の影響で曇りや雨となり、未明から明け方にかけては雷を伴って非常に激しく降る所がある見込みです。
津地方気象台,2022-07-11T16:34:00+09:00,三重県,,　東日本は、高気圧に緩やかに覆われています。  　三重県は、曇りまたは晴れで雨の降っている所があります。  　１１日は、湿った空気の影響でおおむね曇りとなり、雷を伴って激しい雨の降る所があるでしょう。  　１２日は、暖かく湿った空気の影響で曇りや雨となり、雷を伴って激しく降る所がある見込みです。北中部では、未明から明け方にかけては非常に激しい雨の降る所があるでしょう。
津地方気象台,2022-07-12T04:37:00+09:00,三重県,,　日本海には低気圧があって、東へ進んでいます。  　三重県は、曇りまたは雨となっています。  　１２日は、暖かく湿った空気の影響で雨または曇りとなり、雷を伴って非常に激しく降る所があるでしょう。  　１３日は、上空の気圧の谷が東へ抜けるため晴れますが、湿った空気の影響で雲が広がりやすい見込みです。
津地方気象台,2022-07-12T10:36:00+09:00,三重県,,　日本海には低気圧があって、東へ進んでいます。  　三重県は、おおむね曇りで、雨の降っている所があります。  　１２日は、暖かく湿った空気の影響で曇りや雨となり、雷を伴って非常に激しく降る所があるでしょう。  　１３日は、上空の気圧の谷が東へ抜けるため晴れますが、湿った空気の影響で雲が広がりやすい見込みです。
津地方気象台,2022-07-12T16:37:00+09:00,三重県,,　日本海には低気圧があって、東北東へ進んでいます。  　三重県は、曇りで、激しい雨の降っている所があります。  　１２日は、暖かく湿った空気の影響で曇りや雨となり、雷を伴って非常に激しく降る所があるでしょう。  　１３日は、上空の気圧の谷が東へ抜けるため日中は晴れますが、湿った空気の影響でおおむね曇りとなる見込みです。
津地方気象台,2022-07-13T04:43:00+09:00,三重県,,　東海道沖と能登半島付近には低気圧があって、それぞれ東へ進んでいます。  　三重県は、晴れまたは曇りとなっています。  　１３日は、昼前まではおおむね晴れますが、湿った空気の影響で午後は雲が広がる見込みです。  　１４日は、日本海を東進する低気圧や湿った空気の影響で、曇りで昼前から雨となり、激しく降る所がある見込みです。
津地方気象台,2022-07-13T10:36:00+09:00,三重県,,　低気圧が能登半島付近と東海道沖にあって東へ進んでいます。  　三重県は、晴れまたは曇りとなっています。  　１３日は、昼過ぎにかけて晴れますが、湿った空気の影響で夕方からは曇りとなるでしょう。  　１４日は、日本海を東進する低気圧や湿った空気の影響により曇りで、昼前から雨となり、激しく降る所がある見込みです。
津地方気象台,2022-07-13T16:35:00+09:00,三重県,,　低気圧が能登半島付近と東海道沖にあって東へ進んでいます。  　三重県は、曇りまたは晴れとなっています。  　１３日は、湿った空気の影響でおおむね曇りとなるでしょう。  　１４日は、日本海を東進する低気圧や湿った空気の影響により曇りで、昼過ぎから雨となり、激しく降る所がある見込みです。
津地方気象台,2022-07-14T04:41:00+09:00,三重県,,　低気圧が朝鮮半島付近にあって、東へ進んでいます。また、東海道沖は気圧の谷となっています。  　三重県は、おおむね曇りとなっています。  　１４日は、日本海を東へ進む低気圧や湿った空気の影響により、曇りで昼前から雨となり、激しく降る所があるでしょう。  　１５日は、日本海に停滞する低気圧や湿った空気の影響により、日中は晴れる所がありますが、おおむね曇りで未明まで雨となるでしょう。昼過ぎから雷を伴って激しく降る所がある見込みです。
津地方気象台,2022-07-14T10:35:00+09:00,三重県,,　低気圧が日本海西部にあって、東へ進んでいます。また、東海道沖は気圧の谷となっています。  　三重県は、雨または曇りとなっています。  　１４日は、日本海を東へ進む低気圧や湿った空気の影響で雨となり、夕方から夜のはじめ頃は激しく降る所があるでしょう。  　１５日は、日中晴れる所もありますが、日本海に停滞する低気圧や湿った空気の影響により、おおむね曇りで未明まで雨となる見込みです。昼過ぎからは、雷を伴って激しい雨の降る所があるでしょう。
津地方気象台,2022-07-14T16:39:00+09:00,三重県,,　低気圧が日本海西部にあって、東へ進んでいます。  　三重県は、おおむね雨となっています。  　１４日は、日本海を東へ進む低気圧や湿った空気の影響で、雨となるでしょう。  　１５日は、日本海に停滞する低気圧や湿った空気の影響で、曇りまたは雨となり、雷を伴って非常に激しく降る所がある見込みです。  　また、１６日は前線の活動の程度によっては大雨となるおそれがあります。
津地方気象台,2022-07-15T04:57:00+09:00,三重県,,　黄海から西日本の日本海沿岸を通って北陸付近に前線がのびています。  　三重県は、曇りまたは雨となっています。  　１５日は、前線や上空の寒気の影響により曇りまたは雨となり、昼過ぎから雷を伴った激しい雨の降る所があるでしょう。  　１６日は、引き続き前線や上空の寒気の影響によりおおむね雨となり、昼前から雷を伴った激しい雨や非常に激しい雨の降る所があるでしょう。
津地方気象台,2022-07-15T10:35:00+09:00,三重県,,　前線が華北から西日本の日本海沿岸を通って北陸地方にのびています。  　三重県は、曇りまたは雨となっています。  　１５日は、前線や上空の寒気の影響により曇りまたは雨となり、昼過ぎから雷を伴って激しい雨の降る所があるでしょう。  　１６日は、引き続き前線や上空の寒気の影響によりおおむね雨となり、昼前から雷を伴って激しい雨や非常に激しい雨の降る所があるでしょう。
津地方気象台,2022-07-15T16:34:00+09:00,三重県,,　前線が華北から東日本へのびています。  　三重県は、曇りまたは雨となっています。  　１５日は、前線や上空の寒気の影響により曇りまたは雨となり、雷を伴って激しい雨の降る所があるでしょう。  　１６日は、引き続き前線や上空の寒気の影響によりおおむね雨となり、昼前から雷を伴って激しい雨や非常に激しい雨の降る所がある見込みです。
津地方気象台,2022-07-16T05:01:00+09:00,三重県,,　前線が西日本を通って北日本にのびています。  　三重県は、おおむね曇りで、雨の降っている所があります。  　１６日は、前線や上空の寒気の影響で、はじめ曇りとなりますが次第に雨となり、雷を伴って非常に激しく降る所があるでしょう。  　１７日は、前線が次第に南下するため、曇りで明け方まで雨や雷雨となる所がありますが、昼前からは時々晴れる見込みです。
津地方気象台,2022-07-16T10:40:00+09:00,三重県,,　前線が華中から西日本を通って北日本へのびています。　  　三重県は、曇りや雨となっています。  　１６日は、前線や上空の寒気の影響で、雨や曇りとなり、雷を伴って非常に激しく降る所があるでしょう。  　１７日は、前線や上空の寒気の影響で、はじめ雨や雷雨となる所がありますが、前線が日本の南へ南下するため曇りや晴れとなるでしょう。
津地方気象台,2022-07-16T16:34:00+09:00,三重県,,　前線が西日本から北日本に停滞し、前線上の低気圧が四国付近にあって東へ進んでいます。　  　三重県は、おおむね雨で雷を伴って激しく降っている所があります。  　１６日は、前線や上空の寒気の影響により雨で、雷を伴って非常に激しく降る所があるでしょう。  　１７日は、前線や上空の寒気の影響により曇りで、昼前まで雨や雷雨となる所がありますが、午後は前線が日本の南へ南下するため晴れ間もある見込みです。
津地方気象台,2022-07-17T07:57:00+09:00,三重県,,　前線が西日本から北日本の太平洋側にのびており、前線上の低気圧が紀伊半島付近にあって東北東へ進んでいます。　  　三重県は、曇りまたは晴れとなっています。  　１７日は、前線や上空の寒気の影響で、昼前まで雨の降る所がありますが、前線が日本の南へ南下するため曇りや晴れとなるでしょう。  　１８日は、湿った空気の影響で雲が広がりやすく、前線の接近に伴い午後は雨の降る所があるでしょう。
津地方気象台,2022-07-17T10:42:00+09:00,三重県,,　前線が西日本から北日本の太平洋側にのびており、前線上の低気圧が東海地方にあって東北東へ進んでいます。　  　三重県は、晴れまたは曇りとなっています。  　１７日は、前線や上空の寒気の影響で、おおむね曇りとなり、夕方まで雨の降る所があるでしょう。  　１８日は、前線や湿った空気の影響でおおむね曇りとなり、夕方から雨の降る所がある見込みです。
津地方気象台,2022-07-17T16:37:00+09:00,三重県,,　前線が華中から四国沖を通って北日本の太平洋側にのびています。　  　三重県は、おおむね曇りで、雨の降っている所があります。  　１７日は、晴れる所もありますが、上空の寒気や湿った空気の影響によりおおむね曇りで、夜のはじめ頃まで雨や雷雨となる所があるでしょう。  　１８日は、前線や湿った空気の影響でおおむね曇りとなり、夕方から雨の降る所がある見込みです。
津地方気象台,2022-07-18T04:45:00+09:00,三重県,,　前線を伴った低気圧が黄海にあって東へ進んでいます。  　三重県は、おおむね曇りで、雨の降っている所があります。  　１８日は、前線や湿った空気の影響でおおむね曇りで、夕方から雨の降る所があるでしょう。  　１９日は、前線を伴った低気圧が日本海を東へ進むため、雨や曇りとなり、雷を伴って激しい雨や非常に激しい雨の降る所がある見込みです。
津地方気象台,2022-07-18T10:34:00+09:00,三重県,,　前線を伴った低気圧が黄海にあって東へ進んでいます。  　三重県は、曇りとなっています。  　１８日は、前線や湿った空気の影響でおおむね曇りで、夕方から雨の降る所があるでしょう。  　１９日は、前線を伴った低気圧が日本海を東へ進むため、曇りや雨となり、雷を伴って激しい雨や非常に激しい雨の降る所がある見込みです。
津地方気象台,2022-07-18T16:35:00+09:00,三重県,,　前線を伴った低気圧が黄海にあって東へ進んでいます。  　三重県は、おおむね曇りとなっています。  　１８日は、前線や湿った空気の影響で曇りで、夜遅くは雨となり雷を伴って激しく降る所があるでしょう。  　１９日は、前線を伴った低気圧が日本海を東へ進むため、雨や曇りとなり、雷を伴って激しい雨や非常に激しい雨の降る所がある見込みです。
津地方気象台,2022-07-19T04:37:00+09:00,三重県,,　前線を伴った低気圧が日本海西部にあって東北東へ進んでいます。  　三重県は、雨となっています。  　１９日は、前線を伴った低気圧が日本海を北東へ進むため、雨で雷を伴って激しい雨や非常に激しい雨の降る所があるでしょう。  　２０日は、高気圧に緩やかに覆われて晴れますが、湿った空気の影響で朝晩を中心に雲が広がりやすい見込みです。
津地方気象台,2022-07-19T10:33:00+09:00,三重県,,　前線を伴った低気圧が日本海にあって東北東へ進んでいます。  　三重県は、おおむね雨となっています。  　１９日は、前線を伴った低気圧が日本海を東北東へ進むため、雨で雷を伴って激しい雨や非常に激しい雨の降る所があるでしょう。  　２０日は、高気圧に緩やかに覆われて晴れますが、湿った空気の影響で朝晩を中心に雲が広がりやすい見込みです。
津地方気象台,2022-07-19T16:33:00+09:00,三重県,,　前線を伴った低気圧が日本海にあって東北東へ進んでいます。  　三重県は、雨または曇りとなっています。  　１９日は、前線を伴った低気圧が日本海を東北東へ進むため、雨や曇りとなり、雷を伴った激しい雨や非常に激しい雨の降る所があるでしょう。  　２０日は、高気圧に緩やかに覆われて晴れますが、湿った空気の影響で朝晩を中心に雲が広がりやすい見込みです。
津地方気象台,2022-07-20T04:34:00+09:00,三重県,,　前線を伴った低気圧が東北地方にあって東北東へ進んでいます。  　三重県は、おおむね曇りで、雨の降っている所があります。  　２０日は、高気圧に覆われて晴れますが、湿った空気の影響で朝晩は雲が広がりやすいでしょう。  　２１日は、引き続き高気圧に覆われて晴れますが、湿った空気や気圧の谷の影響で次第に曇りとなり、夜は雨の降る所がある見込みです。
津地方気象台,2022-07-20T10:33:00+09:00,三重県,,　西日本から東日本は朝鮮半島付近に中心を持つ高気圧に覆われています。  　三重県は、晴れまたは曇りで、雨の降っている所があります。  　２０日は、高気圧に覆われるため、おおむね晴れるでしょう。  　２１日は、引き続き高気圧に覆われて晴れますが、湿った空気や気圧の谷の影響で次第に曇りとなり、夜は雨の降る所がある見込みです。
津地方気象台,2022-07-20T16:34:00+09:00,三重県,,　西日本から東日本は朝鮮半島付近に中心を持つ高気圧に覆われています。  　三重県は、晴れまたは曇りとなっています。  　２０日は、高気圧に覆われておおむね晴れますが、湿った空気の影響で雲の広がる所があるでしょう。  　２１日は、引き続き高気圧に覆われて晴れますが、湿った空気や気圧の谷の影響で次第に曇りとなり、夜は雨の降る所がある見込みです。
津地方気象台,2022-07-21T04:49:00+09:00,三重県,,　東海地方は日本海に中心を持つ高気圧に覆われています。一方、黄海付近には前線を伴った低気圧があって東に進んでいます。  　三重県は、おおむね晴れとなっています。  　２１日は、高気圧に覆われて晴れる所もありますが、低気圧や前線の影響で昼前から曇りとなり、夜は雨の降る所があるでしょう。  　２２日は、低気圧や前線の影響で曇り時々晴れとなり、明け方まで雨で雷を伴う所がある見込みです。
津地方気象台,2022-07-21T10:34:00+09:00,三重県,,　東海地方は日本海に中心を持つ高気圧に覆われています。一方、黄海付近には前線を伴った低気圧があって東に進んでいます。  　三重県は、曇りまたは晴れとなっています。  　２１日は、はじめ高気圧に覆われて晴れる所もありますが、低気圧や前線の影響でおおむね曇りとなり、夕方から雨の降る所があるでしょう。  　２２日は、低気圧や前線の影響で曇り時々晴れとなり、明け方まで雨で雷を伴う所がある見込みです。
津地方気象台,2022-07-21T16:34:00+09:00,三重県,,　日本海西部には前線を伴った低気圧があって東に進んでいます。  　三重県は、曇りまたは雨となっています。  　２１日は、低気圧や前線の影響によりおおむね曇りで、はじめ北中部は雨となるでしょう。  　２２日は、前線を伴った低気圧が日本海を北東に進むため、曇り時々晴れで明け方まで雨となる見込みです。また、夜のはじめ頃まで雷を伴う所があるでしょう。
津地方気象台,2022-07-22T04:45:00+09:00,三重県,,　日本海には前線を伴った低気圧があって東北東に進んでいます。  　三重県は、おおむね曇りで、雨の降っている所があります。  　２２日は、低気圧や前線の影響で雲が広がりやすく、雷を伴って激しく降る所があるでしょう。寒冷前線の通過後は晴れる所がある見込みです。  　２３日は、高気圧に覆われておおむね晴れますが、気圧の谷や湿った空気の影響で雲が広がりやすく、北中部では明け方まで雨の降る所があるでしょう。
津地方気象台,2022-07-22T10:40:00+09:00,三重県,,　日本海には前線を伴った低気圧があって東北東に進んでいます。  　三重県は、おおむね晴れています。  　２２日は、おおむね晴れますが、低気圧や前線の影響で雲が広がりやすく、雷を伴い雨の降る所があるでしょう。  　２３日は、高気圧に覆われておおむね晴れますが、気圧の谷や湿った空気の影響で雲が広がりやすく、北中部では明け方まで雨の降る所があるでしょう。
津地方気象台,2022-07-22T16:37:00+09:00,三重県,,　日本海には前線を伴った低気圧があって東に進んでいます。  　三重県は、おおむね晴れています。  　２２日は、おおむね晴れますが、低気圧や前線の影響で雲が広がりやすく、雷を伴い雨の降る所があるでしょう。  　２３日は、高気圧に覆われておおむね晴れますが、気圧の谷や湿った空気の影響で雲が広がりやすく、北中部では昼前まで雨の降る所があるでしょう。
津地方気象台,2022-07-23T04:57:00+09:00,三重県,,　日本海には低気圧があって東北東に進んでいます。  　三重県は、晴れまたは曇りで、北部では雨の降っている所があります。  　２３日は、低気圧は東へ離れ、高気圧に緩やかに覆われるため、おおむね晴れますが、気圧の谷や湿った空気の影響で昼過ぎまで雲が広がりやすく、北中部では雨の降る所があるでしょう。  　２４日は、高気圧に緩やかに覆われておおむね晴れますが、湿った空気の影響で、午後は雲の広がる所がある見込みです。
津地方気象台,2022-07-23T10:36:00+09:00,三重県,,　秋田沖には低気圧があって東北東に進んでいます。一方、日本海西部に中心を持つ高気圧が東に移動しています。  　三重県は、晴れまたは曇りとなっています。  　２３日は、高気圧に緩やかに覆われるため、おおむね晴れるでしょう。  　２４日は、高気圧に緩やかに覆われておおむね晴れますが、湿った空気の影響で、午後は雲の広がる所がある見込みです。
津地方気象台,2022-07-23T16:34:00+09:00,三重県,,　秋田沖には低気圧があって東北東に進んでいます。一方、日本海に中心を持つ高気圧が東に移動しています。  　三重県は、晴れています。  　２３日は、高気圧に緩やかに覆われるため、晴れるでしょう。  　２４日は、引き続き高気圧に緩やかに覆われるため、おおむね晴れますが、湿った空気の影響で、雲の広がる所がある見込みです。
津地方気象台,2022-07-24T04:39:00+09:00,三重県,,　黄海付近には、前線を伴った低気圧があって東北東に進んでいます。一方、日本海北部には高気圧があって、東に移動しています。  　三重県は、晴れまたは薄曇りとなっています。  　２４日は、高気圧に緩やかに覆われるため、おおむね晴れますが、湿った空気の影響で、雲が広がりやすいでしょう。  　２５日は、引き続き高気圧に緩やかに覆われるため、日中中心に晴れますが、湿った空気の影響で、おおむね曇りとなる見込みです。
津地方気象台,2022-07-24T10:34:00+09:00,三重県,,　朝鮮半島付近には前線を伴った低気圧があって、東へ進んでいます。一方、日本海北部には高気圧があって、東へ移動しています。  　三重県は、おおむね晴れています。  　２４日は、高気圧に緩やかに覆われるため、おおむね晴れますが、湿った空気の影響で、雲が広がりやすいでしょう。  　２５日は、引き続き高気圧に緩やかに覆われるため、日中中心に晴れますが、湿った空気の影響で、おおむね曇りとなる見込みです。
津地方気象台,2022-07-24T16:34:00+09:00,三重県,,　東海地方は、高気圧に緩やかに覆われています。  　三重県は、晴れまたは曇りとなっています。  　２４日は、高気圧に緩やかに覆われるため、おおむね晴れますが、湿った空気の影響で、雲が広がりやすいでしょう。  　２５日は、引き続き高気圧に緩やかに覆われるため、おおむね晴れますが、湿った空気の影響で、朝晩は曇りとなる見込みです。
津地方気象台,2022-07-25T04:49:00+09:00,三重県,,　東海地方は、高気圧に緩やかに覆われています。  　三重県は、曇りまたは晴れとなっています。  　２５日は、高気圧に緩やかに覆われるためおおむね晴れますが、湿った空気の影響で、朝晩を中心に雲が広がりやすいでしょう。  　２６日は、湿った空気の影響で、曇りや雨となり、午後は雷を伴って激しく降る所がある見込みです。
津地方気象台,2022-07-25T10:34:00+09:00,三重県,,　東海地方は、高気圧に緩やかに覆われています。  　三重県は、おおむね晴れています。  　２５日は、高気圧に緩やかに覆われるため、おおむね晴れるでしょう。  　２６日は、湿った空気の影響により、おおむね曇りで夕方は雨となり、午後は雷を伴って激しく降る所がある見込みです。
津地方気象台,2022-07-25T16:35:00+09:00,三重県,,　東海地方は、高気圧に緩やかに覆われています。  　三重県は、おおむね晴れています。  　２５日は、高気圧に緩やかに覆われるため、おおむね晴れますが、湿った空気の影響で雲の広がる所があるでしょう。  　２６日は、湿った空気の影響で曇りまたは雨となり、雷を伴って激しく降る所がある見込みです。
津地方気象台,2022-07-26T04:41:00+09:00,三重県,,　東海地方は、高気圧に緩やかに覆われていますが、湿った空気の影響を受けています。  　三重県は、おおむね曇りで、雨の降っている所があります。  　２６日は、湿った空気の影響で曇りや雨となり、雷を伴って激しく降る所があるでしょう。  　２７日は、湿った空気の影響で、明け方にかけて雨となり、その後は曇りや晴れとなる見込みです。夜のはじめ頃にかけて、雷を伴った激しい雨の降る所があるでしょう。
津地方気象台,2022-07-26T10:33:00+09:00,三重県,,　東海地方は、高気圧に緩やかに覆われていますが、湿った空気の影響を受けています。  　三重県は、曇りまたは晴れで、雨の降っている所があります。  　２６日は、湿った空気の影響で曇りや雨となり、雷を伴って激しく降る所があるでしょう。  　２７日は、湿った空気の影響で、明け方にかけて雨となり、その後は曇りや晴れとなる見込みです。夜のはじめ頃にかけて、雷を伴って激しい雨や非常に激しい雨の降る所があるでしょう。
津地方気象台,2022-07-26T16:33:00+09:00,三重県,,　東海地方は、高気圧に緩やかに覆われていますが、南から暖かく湿った空気が流れ込み、大気の状態が不安定となっています。  　三重県は、おおむね曇りで、雨の降っている所があります。  　２６日は、暖かく湿った空気の影響により曇りや雨となり、雷を伴って激しい雨や非常に激しい雨の降る所があるでしょう。  　２７日は、暖かく湿った空気の影響で明け方にかけて雨となり、その後は曇りや晴れとなる見込みです。夜のはじめ頃にかけて、雷を伴って激しい雨や非常に激しい雨の降る所があるでしょう。
津地方気象台,2022-07-27T07:36:00+09:00,三重県,,　東海地方は、高気圧の縁を回り南から暖かく湿った空気が流れ込み、大気の状態が非常に不安定となっています。  　三重県は、おおむね曇りで、雨の降っている所があります。  　２７日は、暖かく湿った空気の影響で曇りとなり、昼過ぎから雷を伴って激しい雨の降る所がある見込みです。  　２８日は、高気圧に覆われて晴れますが、湿った空気の影響で雲が広がりやすく、昼過ぎから夜のはじめ頃にかけて雷を伴った激しい雨の降る所があるでしょう。
津地方気象台,2022-07-27T10:37:00+09:00,三重県,,　東海地方は、高気圧の縁を回り南から暖かく湿った空気が流れ込み、大気の状態が非常に不安定となっています。  　三重県は、曇りで雨の降っている所があります。  　２７日は、暖かく湿った空気の影響で曇りや雨となり、雷を伴って激しい雨の降る所があるでしょう。  　２８日は、高気圧に覆われて晴れますが、湿った空気の影響で雲が広がりやすく、昼過ぎから夜のはじめ頃にかけて雷を伴って激しい雨の降る所がある見込みです。
津地方気象台,2022-07-27T16:40:00+09:00,三重県,,　東海地方は、高気圧の縁を回り南から暖かく湿った空気が流れ込み、大気の状態が不安定となっています。  　三重県は、おおむね曇りで、雷を伴って雨の降っている所があります。  　２７日は、暖かく湿った空気の影響で曇りや雨となり、雷を伴って激しい雨の降る所がある見込みです。  　２８日は、高気圧に覆われて晴れる所もありますが、湿った空気の影響でおおむね曇りで、昼過ぎから夜のはじめ頃にかけて雷を伴って激しい雨の降る所がある見込みです。三重県では、熱中症の危険性が極めて高い気象状況になることが予測されます。外出はなるべく避け、室内をエアコン等で涼しい環境にして過ごしてください。
津地方気象台,2022-07-28T04:43:00+09:00,三重県,,　東海地方は、高気圧に緩やかに覆われています。  　三重県は、晴れまたは曇りで、雨の降っている所があります。  　２８日は、高気圧に覆われて晴れる所もありますが、湿った空気の影響で雲が広がりやすく、昼過ぎからは雷を伴って激しい雨の降る所があるでしょう。三重県では、熱中症の危険性が極めて高い気象状況になることが予測されます。外出はなるべく避け、室内をエアコン等で涼しい環境にして過ごしてください。  　２９日は、高気圧に覆われるためおおむね晴れますが、朝晩を中心に曇りとなるでしょう。昼過ぎからは雷を伴って激しい雨の降る所がある見込みです。
津地方気象台,2022-07-28T10:34:00+09:00,三重県,,　東海地方は、高気圧に緩やかに覆われています。  　三重県は、晴れまたは曇りで、雨の降っている所があります。  　２８日は、高気圧に覆われて日中はおおむね晴れますが、湿った空気の影響で雲が広がりやすく、雷を伴って激しい雨の降る所があるでしょう。三重県では、熱中症の危険性が極めて高い気象状況になることが予測されます。外出はなるべく避け、室内をエアコン等で涼しい環境にして過ごしてください。  　２９日は、引き続き高気圧に覆われておおむね晴れますが、湿った空気の影響で朝晩を中心に曇りとなるでしょう。昼過ぎからは雷を伴って激しい雨の降る所がある見込みです。
津地方気象台,2022-07-28T16:34:00+09:00,三重県,,　東海地方は、高気圧に緩やかに覆われていますが、湿った空気の影響を受けています。  　三重県は、晴れまたは曇りとなっています。  　２８日は、高気圧に覆われて晴れますが、湿った空気の影響で次第に曇りとなり、雷を伴って激しい雨の降る所があるでしょう。  　２９日は、引き続き高気圧に覆われておおむね晴れますが、湿った空気の影響で朝晩を中心に曇りとなり、雷を伴って激しい雨の降る所があるでしょう。三重県では、熱中症の危険性が極めて高い気象状況になることが予測されます。外出はなるべく避け、室内をエアコン等で涼しい環境にして過ごしてください。
津地方気象台,2022-07-29T04:43:00+09:00,三重県,,　東海地方は、高気圧に緩やかに覆われていますが、湿った空気の影響を受けています。  　三重県は、曇りまたは晴れで、雨の降っている所があります。  　２９日は、晴れる所もありますが、湿った空気の影響でおおむね曇りとなり、夜のはじめ頃にかけて雷を伴って激しい雨の降る所があるでしょう。三重県では、熱中症の危険性が極めて高い気象状況になることが予測されます。外出はなるべく避け、室内をエアコン等で涼しい環境にして過ごしてください。  　３０日は、引き続き湿った空気の影響でおおむね曇りとなり、雨の降る所がある見込みです。
津地方気象台,2022-07-29T10:34:00+09:00,三重県,,　東海地方は、高気圧に緩やかに覆われていますが、湿った空気の影響を受けています。  　三重県は、おおむね曇りで、雨の降っている所があります。  　２９日は、晴れる所もありますが、湿った空気の影響でおおむね曇りとなり、夜のはじめ頃まで雷を伴った激しい雨の降る所があるでしょう。三重県では、熱中症の危険性が極めて高い気象状況になることが予測されます。外出はなるべく避け、室内をエアコン等で涼しい環境にして過ごしてください。  　３０日は、晴れる所もありますが、引き続き湿った空気の影響でおおむね曇りとなり、雨の降る所がある見込みです。
津地方気象台,2022-07-29T16:34:00+09:00,三重県,,　東海地方は、高気圧に緩やかに覆われていますが、湿った空気の影響を受けています。  　三重県は、おおむね晴れとなっています。  　２９日は、高気圧に覆われておおむね晴れますが、湿った空気の影響で雲が広がりやすく、夜のはじめ頃まで雷を伴った激しい雨の降る所があるでしょう。  　３０日は、晴れる所もありますが、湿った空気の影響でおおむね曇りとなり、午前中を中心に雨の降る所がある見込みです。三重県では、熱中症の危険性が極めて高い気象状況になることが予測されます。外出はなるべく避け、室内をエアコン等で涼しい環境にして過ごしてください。
津地方気象台,2022-07-30T07:14:00+09:00,三重県,,　東海地方は、高気圧に緩やかに覆われていますが、湿った空気の影響を受けています。  　三重県は、雨や曇りで、北中部では非常に激しく降っている所があります。  　３０日は、湿った空気の影響で雨や曇りとなり、夕方にかけて雷を伴う所があるでしょう。北中部では昼前まで非常に激しく降る見込みです。三重県では、熱中症の危険性が極めて高い気象状況になることが予測されます。外出はなるべく避け、室内をエアコン等で涼しい環境にして過ごしてください。  　３１日は、高気圧に覆われておおむね晴れますが、湿った空気の影響で朝晩を中心に曇りとなり、南部では昼前にかけて雨の降る所がある見込みです。
津地方気象台,2022-07-30T10:34:00+09:00,三重県,,　東海地方は、高気圧に覆われていますが、湿った空気の影響を受けています。  　三重県は、曇りまたは雨となっています。  　３０日は、高気圧に覆われて晴れる所もありますが、湿った空気の影響で曇りまたは雨となり、夕方にかけて雷を伴って激しく降る所があるでしょう。三重県では、熱中症の危険性が極めて高い気象状況になることが予測されます。外出はなるべく避け、室内をエアコン等で涼しい環境にして過ごしてください。  　３１日は、高気圧に覆われておおむね晴れますが、湿った空気の影響で朝晩を中心に曇りとなり、南部では昼前にかけて雨の降る所がある見込みです。
津地方気象台,2022-07-30T16:34:00+09:00,三重県,,　東海地方は、高気圧に覆われていますが、湿った空気の影響を受けています。  　三重県は、曇りまたは晴れで、雨の降っている所があります。  　３０日は、高気圧に覆われて晴れる所もありますが、湿った空気の影響で曇りまたは雨となるでしょう。  　３１日は、高気圧に覆われて晴れる所もありますが、湿った空気の影響でおおむね曇りとなり、雨や雷雨となる所がある見込みです。三重県では、熱中症の危険性が極めて高い気象状況になることが予測されます。外出はなるべく避け、室内をエアコン等で涼しい環境にして過ごしてください。
津地方気象台,2022-07-31T04:37:00+09:00,三重県,,　東海地方は、高気圧に覆われていますが、湿った空気の影響を受けています。  　三重県は、晴れまたは曇りとなっています。  　３１日は、高気圧に覆われておおむね晴れますが、湿った空気の影響で雲が広がりやすく、午後は雷を伴った激しい雨の降る所がある見込みです。三重県では、熱中症の危険性が極めて高い気象状況になることが予測されます。外出はなるべく避け、室内をエアコン等で涼しい環境にして過ごしてください。  　８月１日は、引き続き高気圧に覆われておおむね晴れますが、湿った空気の影響で朝晩を中心に雲が広がりやすく、北中部では昼過ぎから雨の降る所があるでしょう。
津地方気象台,2022-07-31T10:33:00+09:00,三重県,,　本州付近は、高気圧に覆われています。  　三重県は、おおむね晴れています。  　３１日は、高気圧に覆われておおむね晴れますが、湿った空気の影響で雲が広がりやすく、午後は雷を伴って激しい雨の降る所があるでしょう。三重県では、熱中症の危険性が極めて高い気象状況になることが予測されます。外出はなるべく避け、室内をエアコン等で涼しい環境にして過ごしてください。  　８月１日は、引き続き高気圧に覆われておおむね晴れますが、湿った空気の影響で朝晩を中心に雲が広がりやすく、午後は雨の降る所がある見込みです。
津地方気象台,2022-07-31T16:34:00+09:00,三重県,,　本州付近は、高気圧に覆われていますが、東海地方は湿った空気の影響を受けています。  　三重県は、晴れまたは曇りで、山地では雷を伴って激しい雨や非常に激しい雨の降っている所があります。  　３１日は、高気圧に覆われておおむね晴れますが、湿った空気の影響で雲が広がりやすく、夜のはじめ頃にかけて雷を伴って激しい雨の降る所があるでしょう。  　８月１日は、引き続き高気圧に覆われておおむね晴れますが、湿った空気の影響で朝晩を中心に雲が広がりやすく、午後は雷を伴って激しい雨の降る所がある見込みです。三重県では、熱中症の危険性が極めて高い気象状況になることが予測されます。外出はなるべく避け、室内をエアコン等で涼しい環境にして過ごしてください。
