publishingOffice,reportDatetime,targetArea,headlineText,text
宮崎地方気象台,2022-01-01T04:42:00+09:00,宮崎県,,　宮崎県は、高気圧に覆われていますが気圧の谷の影響により、晴れや曇りとなっています。  　１日は、高気圧に覆われて晴れとなるでしょう。  　２日は、高気圧に覆われて晴れとなる見込みです。
宮崎地方気象台,2022-01-01T10:32:00+09:00,宮崎県,,　宮崎県は、高気圧に覆われて晴れとなっています。  　１日は、高気圧に覆われて晴れとなるでしょう。  　２日は、高気圧に覆われて晴れとなる見込みです。
宮崎地方気象台,2022-01-01T16:31:00+09:00,宮崎県,,　宮崎県は、高気圧に覆われて晴れとなっています。  　１日は、高気圧に覆われて晴れとなるでしょう。  　２日は、高気圧に覆われて概ね晴れとなりますが、気圧の谷や湿った空気の影響により曇りとなる所がある見込みです。
宮崎地方気象台,2022-01-02T04:35:00+09:00,宮崎県,,　宮崎県は、気圧の谷の影響により曇りとなっています。  　２日は、気圧の谷の影響により曇りで、次第に高気圧に覆われて晴れとなるでしょう。  　３日は、高気圧に覆われて晴れとなる見込みです。
宮崎地方気象台,2022-01-02T10:31:00+09:00,宮崎県,,　宮崎県は、気圧の谷の影響により概ね曇りとなっています。  　２日は、気圧の谷の影響によりはじめ曇りですが、次第に高気圧に覆われて晴れとなるでしょう。  　３日は、高気圧に覆われて晴れとなる見込みです。
宮崎地方気象台,2022-01-02T16:34:00+09:00,宮崎県,,　宮崎県は、高気圧に覆われて概ね晴れています。  　２日は、高気圧に覆われて晴れとなるでしょう。  　３日は、高気圧に覆われて晴れとなる見込みです。
宮崎地方気象台,2022-01-03T04:31:00+09:00,宮崎県,,　宮崎県は、高気圧に覆われて晴れとなっています。  　３日は、高気圧に覆われて晴れとなるでしょう。  　４日は、高気圧に覆われて晴れとなる見込みです。
宮崎地方気象台,2022-01-03T10:32:00+09:00,宮崎県,,　宮崎県は、高気圧に覆われて晴れています。  　３日は、高気圧に覆われて晴れとなるでしょう。  　４日は、高気圧に覆われて晴れとなる見込みです。
宮崎地方気象台,2022-01-03T16:31:00+09:00,宮崎県,,　宮崎県では、高気圧に覆われて晴れています。  　３日は、高気圧に覆われて晴れとなるでしょう。  　４日は、高気圧に覆われて晴れとなる見込みです。
宮崎地方気象台,2022-01-04T04:33:00+09:00,宮崎県,,　宮崎県は、高気圧に覆われて晴れています。  ４日は、高気圧に覆われて晴れとなるでしょう。  ５日は、高気圧に覆われてはじめ晴れとなりますが、低気圧や湿った空気の影響により次第に雨となり、北部山沿いでは雪が降る所がある見込みです。
宮崎地方気象台,2022-01-04T10:32:00+09:00,宮崎県,,　宮崎県は、高気圧に覆われて晴れています。  　４日は、高気圧に覆われて晴れとなるでしょう。  　５日は、高気圧に覆われてはじめ晴れとなりますが、低気圧や湿った空気の影響により次第に曇りとなり、夜は雨で山沿いでは雪が降る所がある見込みです。
宮崎地方気象台,2022-01-04T16:32:00+09:00,宮崎県,,　宮崎県は、高気圧に覆われて晴れています。  　４日は、高気圧に覆われて晴れとなるでしょう。  　５日は、高気圧に覆われてはじめ晴れますが、低気圧や湿った空気の影響により次第に曇りとなり、夜は雨や雪が降る見込みです。
宮崎地方気象台,2022-01-05T04:39:00+09:00,宮崎県,,　宮崎県は、高気圧に覆われて晴れとなっています。  　５日は、高気圧に覆われてはじめ晴れとなりますが、低気圧や湿った空気の影響により次第に曇りとなり夜は雨や雪となるでしょう。  　６日は、低気圧や湿った空気の影響によりはじめ雨や雪となりますが、次第に高気圧に覆われて晴れとなる見込みです。
宮崎地方気象台,2022-01-05T10:35:00+09:00,宮崎県,,　宮崎県は、気圧の谷の影響により概ね曇りとなっています。  　５日は、低気圧や湿った空気の影響により曇りで、夜は雨や雪となるでしょう。  　６日は、はじめ低気圧や湿った空気の影響により雨や雪となりますが、次第に高気圧に覆われて晴れとなる見込みです。
宮崎地方気象台,2022-01-05T16:37:00+09:00,宮崎県,,　宮崎県は、気圧の谷や湿った空気の影響により曇りとなっています。  　５日は、低気圧や湿った空気の影響により曇りで夜遅くは雨や雪となるでしょう。  　６日は、低気圧や湿った空気の影響により雨や雪となりますが、次第に高気圧に覆われて晴れとなる見込みです。
宮崎地方気象台,2022-01-06T04:45:00+09:00,宮崎県,,　宮崎県は、低気圧や湿った空気の影響により、雨で雪が降っている所があります。  　６日は、低気圧や湿った空気の影響により、はじめ雨で雪が降る所がありますが、次第に高気圧に覆われて、晴れとなるでしょう。  　７日は、高気圧に覆われて、概ね晴れとなる見込みです。
宮崎地方気象台,2022-01-06T10:31:00+09:00,宮崎県,,　宮崎県は、低気圧や湿った空気の影響により、概ね曇りで雨が降っている所があります。  　６日は、低気圧や湿った空気の影響により、はじめ曇りで雨が降る所がありますが、高気圧に覆われて次第に晴れとなるでしょう。  　７日は、高気圧に覆われて、概ね晴れとなる見込みです。
宮崎地方気象台,2022-01-06T16:31:00+09:00,宮崎県,,　宮崎県は、高気圧に覆われて概ね晴れていますが、湿った空気の影響で曇りとなっている所があります。  　６日は、高気圧に覆われて概ね晴れとなりますが、湿った空気の影響ではじめ曇りとなる所があるでしょう。  　７日は、高気圧に覆われて晴れとなる見込みです。
宮崎地方気象台,2022-01-07T04:39:00+09:00,宮崎県,,　宮崎県は、高気圧に覆われて概ね晴れています。  　７日は、高気圧に覆われて晴れでしょう。  　８日は、高気圧に覆われますが気圧の谷の影響により、晴れや曇りとなる見込みです。
宮崎地方気象台,2022-01-07T10:32:00+09:00,宮崎県,,　宮崎県は、高気圧に覆われて晴れています。  　７日は、高気圧に覆われて晴れでしょう。  　８日は、高気圧に覆われますが気圧の谷の影響により、晴れや曇りとなる見込みです。
宮崎地方気象台,2022-01-07T16:33:00+09:00,宮崎県,,　宮崎県は、高気圧に覆われて概ね晴れています。  　７日は、高気圧に覆われて晴れでしょう。  　８日は、高気圧に覆われますが、気圧の谷や湿った空気の影響により、晴れや曇りとなる見込みです。
宮崎地方気象台,2022-01-08T04:31:00+09:00,宮崎県,,　宮崎県は、高気圧に覆われて概ね晴れていますが、気圧の谷の影響により、曇りとなっている所があります。  　８日は、気圧の谷の影響により、概ね曇りとなりますが、高気圧に覆われて次第に晴れとなるでしょう。  　９日は、高気圧に覆われて晴れとなりますが、気圧の谷の影響により、次第に曇りとなる見込みです。
宮崎地方気象台,2022-01-08T10:32:00+09:00,宮崎県,,　宮崎県は、気圧の谷の影響により、曇りで雨が降っている所があります。  　８日は、気圧の谷の影響により、曇りで雨が降る所がありますが、高気圧に覆われて次第に晴れるでしょう。  　９日は、高気圧に覆われて晴れますが、気圧の谷の影響により、次第に曇りとなる見込みです。
宮崎地方気象台,2022-01-08T16:31:00+09:00,宮崎県,,　宮崎県は、高気圧に覆われていますが気圧の谷の影響により、晴れや曇りとなっています。  　８日は、高気圧に覆われますが気圧の谷の影響により、晴れや曇りとなるでしょう。  　９日は、高気圧に覆われて晴れますが、気圧の谷の影響により次第に曇りとなる見込みです。
宮崎地方気象台,2022-01-09T04:36:00+09:00,宮崎県,,　宮崎県は、高気圧に覆われて概ね晴れています。  　９日は、高気圧に覆われて、はじめ晴れますが気圧の谷や湿った空気の影響により、次第に曇りとなるでしょう。  　１０日は、高気圧に覆われて概ね晴れますが、気圧の谷や湿った空気の影響により、夜は曇りとなる見込みです。
宮崎地方気象台,2022-01-09T10:31:00+09:00,宮崎県,,　宮崎県は、高気圧に覆われて概ね晴れています。  　９日は、はじめ高気圧に覆われて晴れますが、気圧の谷の影響により次第に曇りとなるでしょう。  　１０日は、高気圧に覆われて概ね晴れますが、気圧の谷や湿った空気の影響により、夜は曇りとなる見込みです。
宮崎地方気象台,2022-01-09T16:31:00+09:00,宮崎県,,　宮崎県は、気圧の谷の影響により概ね曇りとなっています。  　９日は、気圧の谷の影響により、曇りで雨が降る所があるでしょう。  　１０日は、高気圧に覆われて概ね晴れますが、気圧の谷や湿った空気の影響により、曇りとなる所がある見込みです。
宮崎地方気象台,2022-01-10T04:42:00+09:00,宮崎県,,　宮崎県は、高気圧に覆われて晴れとなっています。  　１０日は、高気圧に覆われて晴れとなるでしょう。  　１１日は、冬型の気圧配置となり、曇りで次第に晴れとなりますが、山沿いでは雨や雪の降る所がある見込みです。
宮崎地方気象台,2022-01-10T10:31:00+09:00,宮崎県,,　宮崎県は、高気圧に覆われて晴れとなっています。  　１０日は、高気圧に覆われて晴れとなるでしょう。  　１１日は、冬型の気圧配置となり、概ね曇りで山沿いでは雨や雪の降る所がありますが、次第に晴れとなる見込みです。
宮崎地方気象台,2022-01-10T16:31:00+09:00,宮崎県,,　宮崎県は、高気圧に覆われて晴れとなっています。  　１０日は、高気圧に覆われて概ね晴れとなるでしょう。  　１１日は、冬型の気圧配置となり、概ね曇りで雨や雪の降る所がありますが、次第に晴れとなる見込みです。
宮崎地方気象台,2022-01-11T04:36:00+09:00,宮崎県,,　宮崎県は、気圧の谷の影響により、曇りとなっています。  　１１日は、気圧の谷や寒気の影響により、はじめ雨や雪の所がありますが、次第に冬型の気圧配置となり、晴れとなるでしょう。  　１２日は、冬型の気圧配置が続き、概ね晴れとなりますが、山沿いでは夜は曇りとなる見込みです。
宮崎地方気象台,2022-01-11T10:35:00+09:00,宮崎県,,　宮崎県は、気圧の谷の影響により、概ね曇りで雨や雪が降っている所があります。  　１１日は、気圧の谷や寒気の影響により、はじめ曇りで山沿いでは雪か雨が降る所がありますが、次第に冬型の気圧配置となり、晴れとなるでしょう。  　１２日は、冬型の気圧配置となり概ね晴れますが、山沿いでは夜は曇りとなる見込みです。
宮崎地方気象台,2022-01-11T16:33:00+09:00,宮崎県,,　宮崎県は、寒気の影響により、概ね曇りで雨や雪が降っている所があります。  　１１日は、気圧の谷や寒気の影響により、はじめ曇りで山沿いでは雪か雨が降る所がありますが、次第に冬型の気圧配置となり、晴れとなるでしょう。  　１２日は、冬型の気圧配置となり概ね晴れる見込みです。
宮崎地方気象台,2022-01-12T04:36:00+09:00,宮崎県,,　宮崎県は、高気圧に覆われて、晴れています。  　１２日は、高気圧に覆われて、晴れとなるでしょう。  　１３日は、高気圧に覆われますが、寒気の影響により晴れや曇りで雪や雨が降る所がある見込みです。
宮崎地方気象台,2022-01-12T10:43:00+09:00,宮崎県,,　宮崎県は、高気圧に覆われて、晴れています。  　１２日は、高気圧に覆われて、晴れとなるでしょう。  　１３日は、高気圧に覆われますが、寒気の影響により晴れや曇りで雪や雨が降る所がある見込みです。
宮崎地方気象台,2022-01-12T16:32:00+09:00,宮崎県,,　宮崎県は、高気圧に覆われて、晴れています。  　１２日は、高気圧に覆われて、晴れとなるでしょう。  　１３日は、高気圧に覆われますが、寒気の影響により晴れや曇りで雪や雨が降る所がある見込みです。
宮崎地方気象台,2022-01-13T04:32:00+09:00,宮崎県,,　宮崎県は、寒気の影響により、曇りとなっています。  １３日は、冬型の気圧配置が強まり、曇りで、山沿いでは雪か雨が降る所がありますが、高気圧に覆われて次第に晴れるでしょう。  １４日は、高気圧に覆われて晴れる見込みです。
宮崎地方気象台,2022-01-13T10:35:00+09:00,宮崎県,,　宮崎県は、冬型の気圧配置となり、晴れや曇りで、山沿いでは雨か雪の降っている所があります。  　１３日は、冬型の気圧配置が強まり、晴れや曇りで、山沿いでは雪か雨が降る所があるでしょう。  　１４日は、高気圧に覆われて晴れとなる見込みです。
宮崎地方気象台,2022-01-13T16:32:00+09:00,宮崎県,,　宮崎県は、冬型の気圧配置となり、概ね曇りで、山沿いでは雪か雨の降っている所があります。  　１３日は、冬型の気圧配置となり、晴れや曇りで、山沿いでは雪か雨の降る所があるでしょう。  　１４日は、高気圧に覆われて晴れとなる見込みです。
宮崎地方気象台,2022-01-14T04:35:00+09:00,宮崎県,,　宮崎県は、高気圧に覆われて晴れとなっています。  　１４日は、高気圧に覆われて晴れとなるでしょう。  　１５日は、高気圧に覆われて概ね晴れとなりますが、気圧の谷や湿った空気の影響により曇りとなる所がある見込みです。
宮崎地方気象台,2022-01-14T10:31:00+09:00,宮崎県,,　宮崎県は、高気圧に覆われて晴れています。  　１４日は、高気圧に覆われて晴れとなるでしょう。  　１５日は、高気圧に覆われて概ね晴れとなりますが、気圧の谷や湿った空気の影響により曇りとなる所がある見込みです。
宮崎地方気象台,2022-01-14T16:32:00+09:00,宮崎県,,　宮崎県は、高気圧に覆われて晴れています。  　１４日は、高気圧に覆われて晴れとなるでしょう。  　１５日は、高気圧に覆われますが、気圧の谷や湿った空気の影響により、晴れや曇りとなる見込みです。
宮崎地方気象台,2022-01-15T04:50:00+09:00,宮崎県,,　宮崎県は、高気圧に覆われて、概ね晴れています。  　１５日は、高気圧に覆われますが、気圧の谷や湿った空気の影響により、晴れや曇りとなるでしょう。  　１６日は、高気圧に覆われますが、気圧の谷や湿った空気の影響により、晴れや曇りとなる見込みです。
宮崎地方気象台,2022-01-15T10:31:00+09:00,宮崎県,,　宮崎県は、気圧の谷の影響により、概ね曇りとなっています。  　１５日は、高気圧に覆われて晴れとなる所がありますが、気圧の谷や湿った空気の影響により、概ね曇りとなるでしょう。  　１６日は、高気圧に覆われますが、気圧の谷や湿った空気の影響により、晴れや曇りとなる見込みです。
宮崎地方気象台,2022-01-15T16:31:00+09:00,宮崎県,,　宮崎県は、高気圧に覆われて、概ね晴れとなっています。  　１５日は、高気圧に覆われますが、気圧の谷や湿った空気の影響により、晴れや曇りとなるでしょう。  　１６日は、高気圧に覆われますが、気圧の谷や湿った空気の影響により、晴れや曇りとなる見込みです。
宮崎地方気象台,2022-01-16T04:32:00+09:00,宮崎県,,　宮崎県は、高気圧に覆われて概ね晴れとなっています。  　１６日は、高気圧に覆われますが、気圧の谷や湿った空気の影響により、晴れや曇りとなるでしょう。  　１７日は、高気圧に覆われますが、気圧の谷の影響により、晴れや曇りとなる見込みです。
宮崎地方気象台,2022-01-16T10:32:00+09:00,宮崎県,,　宮崎県は、気圧の谷や湿った空気の影響により、概ね曇りとなっています。  　１６日は、気圧の谷や湿った空気の影響により、曇りで夜は晴れとなるでしょう。  　１７日は、高気圧に覆われますが、気圧の谷の影響により、晴れや曇りとなる見込みです。
宮崎地方気象台,2022-01-16T16:32:00+09:00,宮崎県,,　宮崎県は、高気圧に覆われていますが、湿った空気の影響により、曇りや晴れとなっています。  　１６日は、はじめ気圧の谷や湿った空気の影響により概ね曇りですが、高気圧に覆われて次第に晴れるでしょう。  　１７日は、高気圧に覆われますが、気圧の谷の影響により、晴れや曇りとなる見込みです。
宮崎地方気象台,2022-01-17T04:34:00+09:00,宮崎県,,　宮崎県は、高気圧に覆われていますが、気圧の谷の影響により、晴れや曇りとなっています。  　１７日は、高気圧に覆われますが、気圧の谷の影響により曇りや晴れとなるでしょう。  　１８日は、高気圧に覆われて、概ね晴れとなる見込みです。
宮崎地方気象台,2022-01-17T10:32:00+09:00,宮崎県,,　宮崎県は、気圧の谷の影響により、概ね曇りとなっています。  　１７日は、気圧の谷の影響により曇りますが、高気圧に覆われて次第に晴れとなる所があるでしょう。  　１８日は、高気圧に覆われて、概ね晴れとなる見込みです。
宮崎地方気象台,2022-01-17T16:32:00+09:00,宮崎県,,　宮崎県は、気圧の谷の影響により、概ね曇りとなっています。  　１７日は、気圧の谷や寒気の影響により曇りますが、高気圧に覆われて次第に晴れとなる所があるでしょう。  　１８日は、高気圧に覆われて、概ね晴れとなる見込みです。
宮崎地方気象台,2022-01-18T04:32:00+09:00,宮崎県,,　宮崎県は、高気圧に覆われて概ね晴れています。  　１８日は、高気圧に覆われて晴れとなるでしょう。  　１９日は、高気圧に覆われて晴れとなる見込みです。
宮崎地方気象台,2022-01-18T10:33:00+09:00,宮崎県,,　宮崎県は、高気圧に覆われていますが、気圧の谷の影響により、曇りや晴れとなっています。  　１８日は、気圧の谷の影響により、はじめ曇りとなる所がありますが、高気圧に覆われて次第に晴れとなるでしょう。  　１９日は、高気圧に覆われて晴れとなる見込みです。
宮崎地方気象台,2022-01-18T16:32:00+09:00,宮崎県,,　宮崎県は、高気圧に覆われて概ね晴れています。  　１８日は、高気圧に覆われて晴れとなるでしょう。  　１９日は、高気圧に覆われて晴れとなる見込みです。
宮崎地方気象台,2022-01-19T04:34:00+09:00,宮崎県,,　宮崎県は、高気圧に覆われて概ね晴れています。  　１９日は、高気圧に覆われて晴れとなるでしょう。  　２０日は、高気圧に覆われて晴れますが、寒気の影響により曇りとなる所がある見込みです。
宮崎地方気象台,2022-01-19T10:32:00+09:00,宮崎県,,　宮崎県は、高気圧に覆われて晴れています。  　１９日は、高気圧に覆われて晴れとなるでしょう。  　２０日は、高気圧に覆われて概ね晴れますが、気圧の谷や寒気の影響により、曇りとなる所がある見込みです。
宮崎地方気象台,2022-01-19T16:32:00+09:00,宮崎県,,　宮崎県は、高気圧に覆われて晴れています。  　１９日は、高気圧に覆われて晴れとなるでしょう。  　２０日は、高気圧に覆われて概ね晴れとなりますが、気圧の谷や寒気の影響により曇りで雪が降る所がある見込みです。
宮崎地方気象台,2022-01-20T04:45:00+09:00,宮崎県,,　宮崎県は、高気圧に覆われていますが、気圧の谷や寒気の影響により、曇りや晴れとなっています。  　２０日は、高気圧に覆われますが、気圧の谷や寒気の影響により、晴れや曇りで、山沿いでははじめ雪か雨の降る所があるでしょう。  　２１日は、高気圧に覆われて晴れとなる見込みです。
宮崎地方気象台,2022-01-20T10:31:00+09:00,宮崎県,,　宮崎県は、高気圧に覆われていますが、寒気の影響により、晴れや曇りとなっています。  　２０日は、高気圧に覆われますが、寒気の影響により、晴れや曇りとなるでしょう。  　２１日は、高気圧に覆われて晴れとなる見込みです。
宮崎地方気象台,2022-01-20T16:31:00+09:00,宮崎県,,　宮崎県は、高気圧に覆われて晴れています。  　２０日は、高気圧に覆われて晴れとなるでしょう。  　２１日は、高気圧に覆われて晴れとなる見込みです。
宮崎地方気象台,2022-01-21T04:33:00+09:00,宮崎県,,　宮崎県は、高気圧に覆われて晴れています。  　２１日は、高気圧に覆われて概ね晴れですが、気圧の谷の影響により夜は曇りとなるでしょう。  　２２日は、気圧の谷や湿った空気の影響により、概ね曇りで夜は雨となる見込みです。
宮崎地方気象台,2022-01-21T10:32:00+09:00,宮崎県,,　宮崎県は、高気圧に覆われて晴れています。  　２１日は、高気圧に覆われて概ね晴れとなりますが、気圧の谷の影響により夜は曇りとなるでしょう。  　２２日は、気圧の谷や湿った空気の影響により、概ね曇りで夜は雨となる見込みです。
宮崎地方気象台,2022-01-21T16:32:00+09:00,宮崎県,,　宮崎県は、高気圧に覆われて晴れとなっています。  　２１日は、高気圧に覆われて概ね晴れるでしょう。  　２２日は、高気圧に覆われてはじめ晴れとなりますが、気圧の谷や湿った空気の影響により、次第に曇りとなり夜は雨となる見込みです。
宮崎地方気象台,2022-01-22T04:36:00+09:00,宮崎県,,　宮崎県は、高気圧に覆われて概ね晴れとなっています。  　２２日は、高気圧に覆われてはじめ晴れとなりますが、気圧の谷や湿った空気の影響により、次第に曇りとなり夜は雨となるでしょう。  　２３日は、気圧の谷や湿った空気の影響により、雨となる見込みです。
宮崎地方気象台,2022-01-22T10:37:00+09:00,宮崎県,,　宮崎県は、高気圧に覆われていますが、気圧の谷や湿った空気の影響により、晴れや曇りとなっています。  　２２日は、高気圧に覆われてはじめ晴れとなる所がありますが、気圧の谷や湿った空気の影響により、次第に曇りとなり夜は雨となるでしょう。  　２３日は、気圧の谷や湿った空気の影響により、雨となる見込みです。  ＜天気変化等の留意点＞ 　北部平野部、北部山沿いでは、２２日１２時から２３日１２時までの降水量は、多い所で１時間に１０ミリ、２４時間に５０ミリの見込みです。
宮崎地方気象台,2022-01-22T16:32:00+09:00,宮崎県,,　宮崎県は、気圧の谷や湿った空気の影響により、概ね曇りで雨が降っている所があります。  　２２日は、気圧の谷や湿った空気の影響により、曇りで夜は雨となるでしょう。  　２３日は、気圧の谷や湿った空気の影響により、雨となる見込みです。  ＜天気変化等の留意点＞ 　北部平野部、北部山沿いでは、２２日１８時から２３日１８時までの降水量は、多い所で１時間に１５ミリ、２４時間に５０ミリの見込みです。
宮崎地方気象台,2022-01-23T04:33:00+09:00,宮崎県,,　宮崎県は、気圧の谷や前線の影響により、雨となっています。  　２３日は、気圧の谷や前線の影響により、雨となるでしょう。  　２４日は、湿った空気の影響により、はじめ曇りで雨が降る所がありますが、高気圧に覆われて次第に晴れとなる見込みです。  ＜天気変化等の留意点＞ 　北部平野部、北部山沿いでは、２３日０６時から２４日０６時までの降水量は、多い所で１時間に１５ミリ、２４時間に７０ミリの見込みです。
宮崎地方気象台,2022-01-23T10:35:00+09:00,宮崎県,,　宮崎県は、気圧の谷や前線の影響により、雨となっています。  　２３日は、気圧の谷や前線の影響により、雨となるでしょう。  　２４日は、湿った空気の影響により、はじめ曇りで雨が降る所がありますが、高気圧に覆われて次第に晴れとなる見込みです。  ＜天気変化等の留意点＞ 　北部平野部、北部山沿いでは、２３日１２時から２４日１２時までの降水量は、多い所で１時間に１５ミリ、２４時間に６０ミリの見込みです。
宮崎地方気象台,2022-01-23T16:33:00+09:00,宮崎県,,　宮崎県は、気圧の谷や前線の影響により、雨となっています。  　２３日は、気圧の谷や前線の影響により、雨となるでしょう。  　２４日は、前線や湿った空気の影響により、はじめ曇りで明け方まで雨の降る所がありますが、高気圧に覆われて次第に晴れとなる見込みです。  ＜天気変化等の留意点＞ 　北部平野部、北部山沿いでは、２３日１８時から２４日１８時までの降水量は、多い所で１時間に１０ミリ、２４時間に４０ミリの見込みです。
宮崎地方気象台,2022-01-24T04:37:00+09:00,宮崎県,,　宮崎県は、前線や湿った空気の影響により、曇りで雨が降っている所があります。  　２４日は、前線や湿った空気の影響により、曇りで雨が降る所がありますが、次第に高気圧に覆われて概ね晴れとなるでしょう。  　２５日は、高気圧に覆われますが湿った空気の影響により、晴れや曇りとなる見込みです。  ＜天気変化等の留意点＞ 　北部平野部、北部山沿いでは、２４日０６時から２５日０６時までの降水量は、多い所で１時間に３ミリ、２４時間に１０ミリの見込みです。
宮崎地方気象台,2022-01-24T13:47:00+09:00,宮崎県,,　宮崎県は、気圧の谷や湿った空気の影響により、雨や曇りとなっています。  　２４日は、気圧の谷や湿った空気の影響により、雨や曇りとなりますが、高気圧に覆われて晴れる所があるでしょう。  　２５日は、高気圧に覆われますが湿った空気の影響により、晴れや曇りとなる見込みです。  ＜天気変化等の留意点＞ 　特記事項はありません。
宮崎地方気象台,2022-01-24T16:33:00+09:00,宮崎県,,　宮崎県は、気圧の谷や湿った空気の影響により、概ね曇りで雨が降っている所があります。  　２４日は、高気圧に覆われて晴れる所がありますが、気圧の谷や湿った空気の影響により、概ね曇りで雨が降る所があるでしょう。  　２５日は、高気圧に覆われて概ね晴れますが、気圧の谷や湿った空気の影響により、曇りとなる所がある見込みです。  ＜天気変化等の留意点＞ 特記事項はありません。
宮崎地方気象台,2022-01-25T04:36:00+09:00,宮崎県,,　宮崎県は、気圧の谷や湿った空気の影響により、曇りとなっています。  　２５日は、気圧の谷や湿った空気の影響により曇りですが、高気圧に覆われて次第に晴れとなるでしょう。  　２６日は、高気圧に覆われますが、気圧の谷や湿った空気の影響により、晴れ時々曇りとなる見込みです。  ＜天気変化等の留意点＞ 特記事項はありません。
宮崎地方気象台,2022-01-25T10:31:00+09:00,宮崎県,,　宮崎県は、気圧の谷や湿った空気の影響により、曇りとなっています。  　２５日は、気圧の谷や湿った空気の影響により曇りですが、高気圧に覆われて次第に晴れとなるでしょう。  　２６日は、高気圧に覆われますが、気圧の谷や湿った空気の影響により、晴れや曇りとなる見込みです。  ＜天気変化等の留意点＞ 　特記事項はありません。
宮崎地方気象台,2022-01-25T16:32:00+09:00,宮崎県,,　宮崎県は、高気圧に覆われて概ね晴れていますが、湿った空気の影響により、曇りとなっている所があります。  　２５日は、高気圧に覆われて概ね晴れとなりますが、湿った空気の影響により、はじめ曇りとなる所があるでしょう。  　２６日は、高気圧に覆われて概ね晴れとなりますが、湿った空気の影響により、曇りとなる所がある見込みです。  ＜天気変化等の留意点＞ 　特記事項はありません。
宮崎地方気象台,2022-01-26T04:34:00+09:00,宮崎県,,　宮崎県は、高気圧に覆われて概ね晴れとなっています。  　２６日は、高気圧に覆われますが気圧の谷や湿った空気の影響により、晴れや曇りとなるでしょう。  　２７日は、気圧の谷や湿った空気の影響により概ね曇りですが、高気圧に覆われて晴れる所がある見込みです。  ＜天気変化等の留意点＞ 　特記事項はありません。
宮崎地方気象台,2022-01-26T10:32:00+09:00,宮崎県,,　宮崎県は、高気圧に覆われて概ね晴れていますが、湿った空気の影響により曇りとなっている所があります。  　２６日は、高気圧に覆われて概ね晴れですが、湿った空気の影響により、曇る所があるでしょう。  　２７日は、気圧の谷や湿った空気の影響により、概ね曇りですが、高気圧に覆われて晴れる所がある見込みです。  ＜天気変化等の留意点＞ 　特記事項はありません。
宮崎地方気象台,2022-01-26T16:32:00+09:00,宮崎県,,　宮崎県は、高気圧に覆われて晴れています。  　２６日は、高気圧に覆われて晴れますが、気圧の谷の影響により次第に曇りとなるでしょう。  　２７日は、気圧の谷や湿った空気の影響により、概ね曇りとなる見込みです。  ＜天気変化等の留意点＞ 　特記事項はありません。
宮崎地方気象台,2022-01-27T04:35:00+09:00,宮崎県,,　宮崎県は、気圧の谷の影響により、概ね曇りとなっています。  　２７日は、気圧の谷の影響により、概ね曇りで雨が降る所があるでしょう。  　２８日は、高気圧に覆われますが、気圧の谷や湿った空気の影響により、曇りや晴れとなる見込みです。  ＜天気変化等の留意点＞ 　特記事項はありません。
宮崎地方気象台,2022-01-27T10:33:00+09:00,宮崎県,,　宮崎県は、気圧の谷の影響により、曇りで雨が降っている所があります。  　２７日は、気圧の谷の影響により、曇りで雨が降る所があるでしょう。  　２８日は、高気圧に覆われますが、気圧の谷や湿った空気の影響により、曇りや晴れとなる見込みです。  ＜天気変化等の留意点＞ 　特記事項はありません。
宮崎地方気象台,2022-01-27T16:35:00+09:00,宮崎県,,　宮崎県は、気圧の谷の影響により、曇りで雨が降っている所があります。  　２７日は、気圧の谷の影響により、曇りで雨が降る所があるでしょう。  　２８日は、高気圧に覆われますが、気圧の谷や湿った空気の影響により、曇りや晴れとなる見込みです。  ＜天気変化等の留意点＞ 　２７日１８時から２８日１８時までの降水量は、北部平野部、北部山沿いの多い所で１時間に１ミリ、２４時間に２ミリの見込みです。
宮崎地方気象台,2022-01-28T04:32:00+09:00,宮崎県,,　宮崎県は、高気圧に覆われていますが、気圧の谷の影響により曇りとなっています。  　２８日は、高気圧に覆われますが、気圧の谷の影響により、曇りや晴れとなるでしょう。  　２９日は、気圧の谷の影響により曇りとなりますが、高気圧に覆われて次第に晴れとなる見込みです。  ＜天気変化等の留意点＞ 　特記事項はありません。
宮崎地方気象台,2022-01-28T10:36:00+09:00,宮崎県,,　宮崎県は、高気圧に覆われて概ね晴れています。  　２８日は、高気圧に覆われて晴れますが、気圧の谷の影響により次第に曇りとなるでしょう。  　２９日は、気圧の谷の影響により曇りですが、次第に高気圧に覆われて晴れとなる見込みです。  ＜天気変化等の留意点＞ 特記事項はありません。
宮崎地方気象台,2022-01-28T16:33:00+09:00,宮崎県,,　宮崎県は、高気圧に覆われて、概ね晴れています。  　２８日は、高気圧に覆われてはじめ晴れますが、気圧の谷の影響により、次第に曇りとなるでしょう。  　２９日は、高気圧に覆われますが、気圧の谷の影響により、曇りや晴れとなる見込みです。  ＜天気変化等の留意点＞ 特記事項はありません。
宮崎地方気象台,2022-01-29T04:41:00+09:00,宮崎県,,　宮崎県は、気圧の谷の影響により、曇りで雨が降っている所があります。  　２９日は、気圧の谷の影響により、概ね曇りで雨が降る所があるでしょう。  　３０日は、気圧の谷の影響により、概ね曇りとなる見込みです。  ＜天気変化等の留意点＞ 　２９日０６時から３０日０６時までの降水量は、北部平野部、北部山沿いの多い所で１時間に２ミリ、２４時間に５ミリの見込みです。
宮崎地方気象台,2022-01-29T10:33:00+09:00,宮崎県,,　宮崎県は、気圧の谷の影響により、曇りで雨が降っている所があります。  　２９日は、気圧の谷の影響により、曇りで雨が降る所があるでしょう。  　３０日は、気圧の谷の影響により曇りですが、高気圧に覆われて夜は晴れとなる見込みです。  ＜天気変化等の留意点＞　 　特記事項はありません。
宮崎地方気象台,2022-01-29T16:31:00+09:00,宮崎県,,　宮崎県は、気圧の谷の影響により、概ね曇りとなっています。  　２９日は、気圧の谷の影響により、概ね曇りとなるでしょう。  　３０日は、気圧の谷の影響により曇りですが、高気圧に覆われて次第に晴れとなる見込みです。  ＜天気変化等の留意点＞　 　特記事項はありません。
宮崎地方気象台,2022-01-30T04:45:00+09:00,宮崎県,,　宮崎県は、気圧の谷や湿った空気の影響により、曇りで雨が降っている所があります。  　３０日は、気圧の谷や湿った空気の影響により、曇りで雨が降る所があるでしょう。  　３１日は、高気圧に覆われて晴れとなる見込みです。  ＜天気変化等の留意点＞ 特記事項はありません。
宮崎地方気象台,2022-01-30T10:31:00+09:00,宮崎県,,　宮崎県は、気圧の谷や湿った空気の影響により、概ね曇りで雨が降っている所があります。  　３０日は、気圧の谷や湿った空気の影響により、概ね曇りで雨が降る所がありますが、高気圧に覆われて次第に晴れとなる所があるでしょう。  　３１日は、高気圧に覆われて晴れとなる見込みです。  ＜天気変化等の留意点＞ 　特記事項はありません。
宮崎地方気象台,2022-01-30T16:31:00+09:00,宮崎県,,　宮崎県は、気圧の谷の影響により、概ね曇りとなっています。  　３０日は、気圧の谷の影響により、概ね曇りとなりますが、高気圧に覆われて次第に晴れとなる所があるでしょう。  　３１日は、高気圧に覆われて概ね晴れとなりますが、はじめ寒気の影響で曇りとなる所がある見込みです。  ＜天気変化等の留意点＞ 　特記事項はありません。
宮崎地方気象台,2022-01-31T04:32:00+09:00,宮崎県,,　宮崎県は、高気圧に覆われて概ね晴れていますが、寒気の影響により曇りとなっている所があります。  　３１日は、高気圧に覆われて概ね晴れとなるでしょう。  　２月１日は、高気圧に覆われますが気圧の谷や寒気の影響により、晴れや曇りとなる見込みです。  ＜天気変化等の留意点＞　 　特記事項はありません。
宮崎地方気象台,2022-01-31T10:32:00+09:00,宮崎県,,　宮崎県は、高気圧に覆われて晴れています。  　３１日は、高気圧に覆われて晴れとなるでしょう。  　２月１日は、高気圧に覆われますが気圧の谷や寒気の影響により、晴れや曇りとなる見込みです。  ＜天気変化等の留意点＞　 　特記事項はありません。
宮崎地方気象台,2022-01-31T16:31:00+09:00,宮崎県,,　宮崎県は、高気圧に覆われて晴れています。  　３１日は、高気圧に覆われて晴れるでしょう。  　２月１日は、高気圧に覆われますが気圧の谷や寒気の影響により、晴れや曇りとなる見込みです。  ＜天気変化等の留意点＞　 　特記事項はありません。
