publishingOffice,reportDatetime,targetArea,headlineText,text
京都地方気象台,2022-01-01T04:34:00+09:00,京都府,,　京都府は、冬型の気圧配置の影響で、北部を中心に雪が降っています。  　１日の京都府は、冬型の気圧配置の影響でおおむね曇り、北部を中心に昼前にかけて雪が降るでしょう。  　２日の京都府は、北部では気圧の谷や寒気の影響で曇り、夕方から雨や雪が降る見込みです。南部では高気圧に覆われて晴れますが、昼過ぎからは曇り、雪や雨の降る所があるでしょう。昼過ぎから雷を伴う所がある見込みです。
京都地方気象台,2022-01-01T10:40:00+09:00,京都府,,　京都府は、冬型の気圧配置の影響でおおむね曇り、北部を中心に雪が降っています。  　１日の京都府は、冬型の気圧配置は次第に緩むでしょう。北部では昼前まで雪が降りますが、昼過ぎからは曇る見込みです。南部ではおおむね曇りで、夜のはじめ頃まで雪の降る所があるでしょう。  　２日の京都府は、北部では気圧の谷や寒気の影響で曇り、夕方から雨や雪が降る見込みです。南部では高気圧に覆われて晴れますが、昼過ぎからは曇り、雪や雨の降る所があるでしょう。昼過ぎから雷を伴う所がある見込みです。
京都地方気象台,2022-01-01T16:32:00+09:00,京都府,,　京都府は、寒気や湿った空気の影響で曇り、雪の降っている所があります。  　１日の京都府は、寒気や湿った空気の影響で曇り、北部を中心に雪の降る所があるでしょう。  　２日の京都府は、北部では気圧の谷や湿った空気の影響で曇り、夜は雨や雪が降る見込みです。南部では高気圧に覆われておおむね晴れますが、昼過ぎから雪や雨の降る所があるでしょう。昼過ぎから雷を伴う所がある見込みです。
京都地方気象台,2022-01-02T04:43:00+09:00,京都府,,　京都府は、北部では寒気や湿った空気の影響でおおむね曇っていますが、南部では高気圧に覆われておおむね晴れています。  　２日の京都府は、気圧の谷や湿った空気の影響でおおむね曇り、北部では夜は雨や雪が降る見込みです。南部では昼過ぎから雪や雨の降る所があるでしょう。昼過ぎから雷を伴う所がある見込みです。  　３日の京都府は、北部では気圧の谷や湿った空気の影響でおおむね曇り、雨や雪の降る所があるでしょう。南部では高気圧に覆われておおむね晴れる見込みです。
京都地方気象台,2022-01-02T10:34:00+09:00,京都府,,　京都府は、高気圧に覆われておおむね晴れています。  　２日の京都府は、高気圧に覆われておおむね晴れますが、気圧の谷や湿った空気の影響で昼過ぎから次第に曇り、北部では夜は雨や雪が降る見込みです。南部では昼過ぎから雪や雨の降る所があるでしょう。昼過ぎから雷を伴う所がある見込みです。  　３日の京都府は、北部では気圧の谷や寒気の影響でおおむね曇り、雨や雪の降る所があるでしょう。南部では高気圧に覆われておおむね晴れる見込みです。
京都地方気象台,2022-01-02T16:36:00+09:00,京都府,,　京都府は、北部では気圧の谷や湿った空気の影響でおおむね曇っていますが、南部では高気圧に覆われておおむね晴れています。  　２日の京都府は、気圧の谷や湿った空気の影響でおおむね曇り、北部では夜は雨や雪が降る見込みです。南部でも雪の降る所があるでしょう。雷を伴う所がある見込みです。  　３日の京都府は、北部では気圧の谷や寒気の影響でおおむね曇り、雨や雪の降る所があるでしょう。南部では高気圧に覆われておおむね晴れる見込みです。
京都地方気象台,2022-01-03T04:46:00+09:00,京都府,,　京都府は、北部では寒気や湿った空気の影響で曇り、雪や雨の降っている所があります。南部では高気圧に覆われておおむね晴れています。  　３日の京都府は、北部では寒気や湿った空気の影響でおおむね曇り、雨や雪の降る所があるでしょう。夜遅くは雷を伴う所がある見込みです。南部では高気圧に覆われておおむね晴れるでしょう。  　４日の京都府は、北部では気圧の谷や寒気の影響で曇り、雷を伴って断続的に雪や雨が降る見込みです。南部では高気圧に覆われておおむね晴れますが、気圧の谷の影響で昼前から次第に曇るでしょう。南部では明け方から雷を伴って雪や雨の降る所がある見込みです。
京都地方気象台,2022-01-03T10:34:00+09:00,京都府,,　京都府は、北部では寒気や湿った空気の影響で曇り、雨や雪の降っている所があります。南部では高気圧に覆われておおむね晴れています。  　３日の京都府は、北部では寒気や湿った空気の影響でおおむね曇り、雨や雪の降る所があるでしょう。夜遅くは雷を伴う所がある見込みです。南部では高気圧に覆われておおむね晴れるでしょう。  　４日の京都府は、気圧の谷や寒気の影響でおおむね曇り、北部を中心に雷を伴って断続的に雪や雨が降る見込みです。
京都地方気象台,2022-01-03T16:35:00+09:00,京都府,,　京都府は、北部では寒気や湿った空気の影響でおおむね曇り、南部では高気圧に覆われておおむね晴れています。  　３日の京都府は、北部では寒気や湿った空気の影響でおおむね曇り、雷を伴い雨や雪の降る所があるでしょう。南部では高気圧に覆われておおむね晴れる見込みです。  　４日の京都府は、寒気や湿った空気の影響でおおむね曇り、北部を中心に雷を伴って断続的に雪や雨が降るでしょう。
京都地方気象台,2022-01-04T04:42:00+09:00,京都府,,　京都府は、寒気や湿った空気の影響で曇り、雪や雨の降っている所があります。  　４日の京都府は、寒気や湿った空気の影響で曇り、北部では断続的に雪や雨が降るでしょう。南部でも雪や雨の降る所がある見込みです。夜のはじめ頃にかけて雷を伴う所があるでしょう。  　５日の京都府は、寒気や湿った空気の影響で曇り、北部では明け方まで雪が降る見込みです。南部でも夕方まで雪の降る所があるでしょう。
京都地方気象台,2022-01-04T10:36:00+09:00,京都府,,　京都府は、寒気や湿った空気の影響でおおむね曇り、北部を中心に雪や雨が降っています。  　４日の京都府は、寒気や湿った空気の影響で曇り、北部では断続的に雪や雨が降るでしょう。南部でも雪や雨の降る所がある見込みです。夜のはじめ頃にかけて雷を伴う所があるでしょう。  　５日の京都府は、寒気や湿った空気の影響で曇り、北部では明け方まで雪が降る見込みです。南部でも夕方まで雪の降る所があるでしょう。
京都地方気象台,2022-01-04T16:33:00+09:00,京都府,,　京都府は、寒気や湿った空気の影響で曇り、北部を中心に雪や雨が降っています。  　４日の京都府は、寒気や湿った空気の影響で曇り、北部を中心に雪や雨が降るでしょう。夜のはじめ頃にかけて雷を伴う所がある見込みです。  　５日の京都府は、寒気や湿った空気の影響で曇り、北部では明け方まで雪が降るでしょう。南部でも夕方まで雪の降る所がある見込みです。
京都地方気象台,2022-01-05T04:35:00+09:00,京都府,,　京都府は、寒気や湿った空気の影響でおおむね曇り、北部を中心に雪や雨が降っています。  　５日の京都府は、寒気や湿った空気の影響で曇り、北部では朝まで雪や雨が降る見込みです。南部でも夕方にかけて雪の降る所があるでしょう。  　６日の京都府は、低気圧や寒気の影響でおおむね曇り、南部では明け方から、北部では夜は雪や雨の降る所がある見込みです。
京都地方気象台,2022-01-05T10:34:00+09:00,京都府,,　京都府は、寒気や湿った空気の影響でおおむね曇り、北部を中心に雪や雨の降っている所があります。  　５日の京都府は、寒気や湿った空気の影響で曇り、雪の降る所があるでしょう。  　６日の京都府は、低気圧や寒気の影響でおおむね曇り、南部では明け方から雪の降る所がある見込みです。北部では夜は雪や雨の降る所があるでしょう。
京都地方気象台,2022-01-05T16:35:00+09:00,京都府,,　京都府は、寒気や湿った空気の影響で曇り、雪や雨の降っている所があります。  　５日の京都府は、寒気や湿った空気の影響で曇り、北部では雪の降る所があるでしょう。  　６日の京都府は、低気圧や寒気の影響でおおむね曇り、南部では朝晩は雪の降る所がある見込みです。北部では夜遅くは雪や雨が降るでしょう。
京都地方気象台,2022-01-06T04:43:00+09:00,京都府,,　京都府は、低気圧や湿った空気の影響で曇り、雪や雨の降っている所があります。  　６日の京都府は、低気圧や寒気の影響でおおむね曇り、北部では雷を伴い、夜遅くは雪や雨が降るでしょう。南部では朝晩は雪の降る所がある見込みです。  　７日の京都府は、寒気や湿った空気の影響でおおむね曇り、北部では明け方まで雪や雨が降り、雷を伴う所があるでしょう。南部では夕方まで雪の降る所がある見込みです。
京都地方気象台,2022-01-06T10:39:00+09:00,京都府,,　京都府は、低気圧や湿った空気の影響で曇り、南部では雪や雨の降っている所があります。  　６日の京都府は、低気圧や寒気の影響でおおむね曇り、北部を中心に夜遅くは雪や雨が降る見込みです。北部では、夜は雷を伴う所があるでしょう。  　７日の京都府は、寒気や湿った空気の影響でおおむね曇り、北部では明け方まで雪や雨が降り、雷を伴う所がある見込みです。南部では夕方まで雪の降る所があるでしょう。
京都地方気象台,2022-01-06T16:33:00+09:00,京都府,,　京都府は、四国の南にあった低気圧が東へ抜けおおむね晴れています。  　６日の京都府は、気圧の谷の接近や湿った空気の影響でおおむね曇り、北部を中心に夜遅くは雪や雨が降るでしょう。北部では、夜は雷を伴う所がある見込みです。  　７日の京都府は、寒気や湿った空気の影響でおおむね曇り、北部では明け方まで雪や雨が降り、雷を伴う所があるでしょう。南部では雪の降る所がある見込みです。
京都地方気象台,2022-01-07T04:38:00+09:00,京都府,,　京都府は、寒気や湿った空気の影響でおおむね曇り、北部を中心に雪や雨が降っています。  　７日の京都府は、寒気や湿った空気の影響でおおむね曇り、北部では昼前にかけて雪や雨が降るでしょう。南部でも雪の降る所がある見込みです。  　８日の京都府は、高気圧に覆われておおむね晴れるでしょう。
京都地方気象台,2022-01-07T10:32:00+09:00,京都府,,　京都府は、寒気や湿った空気の影響でおおむね曇り、北部を中心に雪や雨の降っている所があります。  　７日の京都府は、寒気や湿った空気の影響でおおむね曇り、雪や雨の降る所がある見込みです。  　８日の京都府は、高気圧に覆われておおむね晴れるでしょう。
京都地方気象台,2022-01-07T16:32:00+09:00,京都府,,　京都府は、寒気や湿った空気の影響でおおむね曇っています。  　７日の京都府は、寒気や湿った空気の影響でおおむね曇り、雪や雨の降る所がある見込みです。  　８日の京都府は、高気圧に覆われておおむね晴れるでしょう。
京都地方気象台,2022-01-08T04:34:00+09:00,京都府,,　京都府は、寒気や湿った空気の影響でおおむね曇っています。  　８日の京都府は、高気圧に覆われておおむね晴れるでしょう。  　９日の京都府は、高気圧に覆われて晴れますが、気圧の谷の影響で北部では昼前から、南部では夕方から曇る見込みです。
京都地方気象台,2022-01-08T10:33:00+09:00,京都府,,　京都府は、高気圧に覆われておおむね晴れています。  　８日の京都府は、高気圧に覆われておおむね晴れるでしょう。  　９日の京都府は、高気圧に覆われて晴れますが、気圧の谷の影響で北部では昼前から、南部では夕方から曇る見込みです。
京都地方気象台,2022-01-08T16:35:00+09:00,京都府,,　京都府は、高気圧に覆われて晴れています。  　８日の京都府は、高気圧に覆われておおむね晴れるでしょう。  　９日の京都府は、高気圧に覆われて晴れますが、気圧の谷や寒気の影響で北部では昼前から、南部では昼過ぎから曇る見込みです。北部では、夜遅くは雨の降る所があるでしょう。
京都地方気象台,2022-01-09T04:33:00+09:00,京都府,,　京都府は、高気圧に覆われておおむね晴れています。  　９日の京都府は、高気圧に覆われて晴れますが、気圧の谷や湿った空気の影響で昼前から次第に曇り、北部では夜遅くに雨の降る所がある見込みです。  　１０日の京都府は、北部では気圧の谷や湿った空気の影響でおおむね曇り、明け方まで雨の降る所があるでしょう。南部は高気圧に覆われておおむね晴れる見込みです。
京都地方気象台,2022-01-09T10:33:00+09:00,京都府,,　京都府は、南部では高気圧に覆われておおむね晴れていますが、北部では気圧の谷の影響で曇っています。  　９日の京都府は、南部では気圧の谷の接近で昼過ぎから次第に曇るでしょう。北部では湿った空気の影響で曇り、夜遅くに雨の降る所がある見込みです。  　１０日の京都府は、北部では気圧の谷や湿った空気の影響でおおむね曇り、明け方まで雨の降る所があるでしょう。南部では高気圧に覆われておおむね晴れる見込みです。
京都地方気象台,2022-01-09T16:32:00+09:00,京都府,,　京都府は、気圧の谷の影響でおおむね曇りとなっています。  　９日の京都府は、気圧の谷や湿った空気の影響で曇り、北部では夜遅くに雨の降る所があるでしょう。  　１０日の京都府は、北部では気圧の谷や湿った空気の影響でおおむね曇り、明け方まで雨の降る所がある見込みです。南部では高気圧に覆われておおむね晴れるでしょう。
京都地方気象台,2022-01-10T04:34:00+09:00,京都府,,　京都府は、気圧の谷や寒気の影響でおおむね曇り、北部を中心に雨の降っている所があります。  　１０日の京都府は、北部では寒気や湿った空気の影響でおおむね曇り、明け方は雨の降る所があるでしょう。南部では高気圧に覆われておおむね晴れる見込みです。  　１１日の京都府は、低気圧や前線の影響で曇り、断続的に雨や雪が降るでしょう。朝から雷を伴う所がある見込みです。
京都地方気象台,2022-01-10T10:35:00+09:00,京都府,,　京都府は、高気圧に覆われておおむね晴れています。  　１０日の京都府は、高気圧に覆われておおむね晴れる見込みです。  　１１日の京都府は、低気圧や前線の影響で曇り、断続的に雨や雪が降るでしょう。朝から雷を伴う所がある見込みです。
京都地方気象台,2022-01-10T16:34:00+09:00,京都府,,　京都府は、高気圧に覆われて晴れています。  　１０日の京都府は、高気圧に覆われて晴れる見込みです。  　１１日の京都府は、低気圧や前線の影響で断続的に雨や雪が降り、朝から雷を伴う所があるでしょう。
京都地方気象台,2022-01-11T04:34:00+09:00,京都府,,　京都府は、低気圧や前線の影響で曇っています。  　１１日の京都府は、低気圧や前線の影響で北部では断続的に雨や雪が降るでしょう。南部では曇り、朝から昼過ぎにかけて雨が降り、夜は雪の降る所がある見込みです。朝から雷を伴う所があるでしょう。  　１２日の京都府は、冬型の気圧配置が強まるため、北部では断続的に雪や雨が降る見込みです。南部では曇り、雪の降る所があるでしょう。昼前まで雷を伴う所がある見込みです。
京都地方気象台,2022-01-11T10:43:00+09:00,京都府,,　京都府は、低気圧や前線の影響で雨が降っています。  　１１日の京都府は、低気圧や前線の影響で昼過ぎまで雨が降り、北部では夜は雪が降る見込みです。南部では夕方から曇り、夜は雪の降る所があるでしょう。雷を伴う所がある見込みです。  　１２日の京都府は、冬型の気圧配置が強まるため、北部では断続的に雪や雨が降る見込みです。南部では曇り、雪の降る所があるでしょう。昼前まで雷を伴う所がある見込みです。
京都地方気象台,2022-01-11T16:32:00+09:00,京都府,,　京都府は、寒気や湿った空気の影響で曇り、雨の降っている所があります。  　１１日の京都府は、寒気や湿った空気の影響で曇り、夜は北部を中心に雪や雨が降るでしょう。雷を伴う所がある見込みです。  　１２日の京都府は、冬型の気圧配置が強まるため、北部では雪や雨が降るでしょう。南部ではおおむね曇り、朝は雪が降る見込みです。昼前まで雷を伴う所があるでしょう。
京都地方気象台,2022-01-12T04:39:00+09:00,京都府,,　京都府は、冬型の気圧配置が強まっている影響で雪が降っています。  　１２日の京都府は、冬型の気圧配置の影響で、北部では断続的に雪が降るでしょう。南部では昼前まで雪が降る見込みです。昼前まで雷を伴う所があるでしょう。  　１３日の京都府は、引き続き冬型の気圧配置の影響で、北部では断続的に雪が降るでしょう。南部では曇り、夜遅くは雪が降る見込みです。雷を伴う所があるでしょう。
京都地方気象台,2022-01-12T10:35:00+09:00,京都府,,　京都府は、冬型の気圧配置が強まっている影響で雪が降っています。  　１２日の京都府は、冬型の気圧配置の影響で、北部では断続的に雪が降るでしょう。南部では昼前まで雪が降る見込みです。  　１３日の京都府は、引き続き冬型の気圧配置の影響で、北部では断続的に雪が降るでしょう。南部では曇り、夜遅くは雪が降る見込みです。雷を伴う所があるでしょう。
京都地方気象台,2022-01-12T16:41:00+09:00,京都府,,　京都府は、冬型の気圧配置が強まっている影響で曇り、雪の降っている所があります。  　１２日の京都府は、冬型の気圧配置の影響で曇り、北部では夜雪が降るでしょう。南部でも雪の降る所がある見込みです。  　１３日の京都府は、引き続き冬型の気圧配置の影響で、北部では断続的に雪が降るでしょう。南部ではおおむね曇り、夜遅くは雪が降る見込みです。雷を伴う所があるでしょう。
京都地方気象台,2022-01-13T04:34:00+09:00,京都府,,　京都府は、冬型の気圧配置の影響でおおむね曇り、北部を中心に雪の降っている所があります。  　１３日の京都府は、冬型の気圧配置が次第に強まるため、おおむね曇り、北部では昼前から、南部では夜遅くは雪が降るでしょう。雷を伴う所がある見込みです。  　１４日の京都府は、強い冬型の気圧配置の影響で、北部を中心に断続的に雪が降るでしょう。昼前まで雷を伴う所がある見込みです。
京都地方気象台,2022-01-13T10:32:00+09:00,京都府,,　京都府は、冬型の気圧配置の影響でおおむね曇り、北部を中心に雷を伴い雪の降っている所があります。  　１３日の京都府は、強い冬型の気圧配置の影響で、北部を中心に雪が降るでしょう。雷を伴う所がある見込みです。  　１４日の京都府は、強い冬型の気圧配置の影響で曇り、北部を中心に断続的に雪が降るでしょう。昼前にかけて雷を伴う所がある見込みです。
京都地方気象台,2022-01-13T16:32:00+09:00,京都府,,　京都府は、強い冬型の気圧配置の影響でおおむね曇り、北部を中心に雷を伴い雪の降っている所があります。  　１３日の京都府は、強い冬型の気圧配置の影響で、北部を中心に雪が降るでしょう。雷を伴う所がある見込みです。  　１４日の京都府は、強い冬型の気圧配置の影響で曇り、北部を中心に断続的に雪が降るでしょう。昼前にかけて雷を伴う所がある見込みです。
京都地方気象台,2022-01-14T04:42:00+09:00,京都府,,　京都府は、強い冬型の気圧配置の影響で、雪が降っています。  　１４日の京都府は、強い冬型の気圧配置の影響で、北部を中心に断続的に雪が降るでしょう。昼前にかけて雷を伴う所がある見込みです。  　１５日の京都府は、北部では寒気や湿った空気の影響でおおむね曇り、午前中は雪の降る所があるでしょう。南部は高気圧に覆われておおむね晴れますが、明け方まで雪の降る所がある見込みです。
京都地方気象台,2022-01-14T10:38:00+09:00,京都府,,　京都府は、強い冬型の気圧配置の影響で、北部を中心に雪が降っています。  　１４日の京都府は、強い冬型の気圧配置の影響で、北部を中心に昼過ぎにかけて雪が降るでしょう。その後は曇る見込みです。  　１５日の京都府は、北部では寒気や湿った空気の影響でおおむね曇り、午前中は雪の降る所があるでしょう。南部では高気圧に覆われておおむね晴れますが、明け方まで雪の降る所がある見込みです。
京都地方気象台,2022-01-14T16:33:00+09:00,京都府,,　京都府は、冬型の気圧配置の影響で北部を中心に雪が降っています。  　１４日の京都府は、冬型の気圧配置の影響で、北部では夜のはじめ頃にかけて雪が降るでしょう。南部では曇り、雪の降る所がある見込みです。  　１５日の京都府は、北部では寒気や湿った空気の影響でおおむね曇り、朝まで雪の降る所があるでしょう。南部では高気圧に覆われておおむね晴れる見込みです。
京都地方気象台,2022-01-15T04:34:00+09:00,京都府,,　京都府は、気圧の谷や寒気の影響でおおむね曇り、北部を中心に雪の降っている所があります。  　１５日の京都府は、気圧の谷や寒気の影響でおおむね曇り、北部では朝まで雪の降る所があるでしょう。  　１６日の京都府は、前線や湿った空気の影響でおおむね曇り、北部では夕方を中心に雨や雪が降る見込みです。昼過ぎから夜のはじめ頃にかけて雷を伴う所があるでしょう。
京都地方気象台,2022-01-15T10:34:00+09:00,京都府,,　京都府は、気圧の谷や寒気の影響でおおむね曇っています。  　１５日の京都府は、気圧の谷や寒気の影響でおおむね曇るでしょう。  　１６日の京都府は、前線や湿った空気の影響でおおむね曇り、北部では夕方を中心に雨や雪が降る見込みです。昼過ぎから夜のはじめ頃にかけて雷を伴う所があるでしょう。
京都地方気象台,2022-01-15T16:35:00+09:00,京都府,,　京都府は、高気圧に覆われておおむね晴れています。  　１５日の京都府は、高気圧に覆われておおむね晴れるでしょう。  　１６日の京都府は、前線や湿った空気の影響でおおむね曇り、北部では夕方を中心に雨や雪が降る見込みです。昼前から夜のはじめ頃にかけて雷を伴う所があるでしょう。
京都地方気象台,2022-01-16T04:33:00+09:00,京都府,,　京都府は、高気圧に覆われておおむね晴れています。  　１６日の京都府は、北部では前線や湿った空気の影響でおおむね曇り、夕方は雨や雪が降るでしょう。昼前から夜のはじめ頃は雷を伴う所がある見込みです。南部では高気圧に覆われて晴れますが、昼過ぎからは曇るでしょう。  　１７日の京都府は、冬型の気圧配置となるため、北部では曇り、夜は雪や雨が降る見込みです。昼過ぎから雷を伴う所があるでしょう。南部ではおおむね曇り、夜は雷を伴い雪の降る所がある見込みです。
京都地方気象台,2022-01-16T10:33:00+09:00,京都府,,　京都府は、高気圧に覆われておおむね晴れています。  　１６日の京都府は、前線や湿った空気の影響でおおむね曇り、北部では夕方は雨や雪が降るでしょう。夜のはじめ頃まで雷を伴う所がある見込みです。  　１７日の京都府は、冬型の気圧配置となるため北部では曇り、夜は雪や雨が降るでしょう。南部ではおおむね曇りで、夜は雪の降る所がある見込みです。北部では昼過ぎから、南部では夜は雷を伴う所があるでしょう。
京都地方気象台,2022-01-16T16:33:00+09:00,京都府,,　京都府は、前線の接近や湿った空気の影響でおおむね曇り、雨の降っている所があります。  　１６日の京都府は、前線や湿った空気の影響で曇り、北部では雨や雪の降る所があるでしょう。北部では夜のはじめ頃まで雷を伴う所がある見込みです。  　１７日の京都府は、冬型の気圧配置となるため北部では曇りで、夜のはじめ頃から雪や雨が降るでしょう。南部ではおおむね曇りで、夜は雪の降る所がある見込みです。夜は雷を伴う所があるでしょう。
京都地方気象台,2022-01-17T04:37:00+09:00,京都府,,　京都府は、南部では高気圧に覆われておおむね晴れていますが、北部では寒気や湿った空気の影響でおおむね曇り、雨の降っている所があります。  　１７日の京都府は、次第に冬型の気圧配置となるため、北部では曇り、夜は雪や雨が降るでしょう。南部ではおおむね曇り、夜は雪の降る所がある見込みです。夜は雷を伴う所があるでしょう。  　１８日の京都府は、冬型の気圧配置が強まるため、北部では断続的に雪が降る見込みです。南部では曇り、昼前まで断続的に雪が降るでしょう。昼前まで雷を伴う所がある見込みです。
京都地方気象台,2022-01-17T10:32:00+09:00,京都府,,　京都府は、寒気や湿った空気の影響でおおむね曇り、北部では雨の降っている所があります。  　１７日の京都府は、次第に冬型の気圧配置となるため、北部では曇り、夜は雪や雨が降るでしょう。南部ではおおむね曇り、夜は雪の降る所がある見込みです。夜は雷を伴う所があるでしょう。  　１８日の京都府は、冬型の気圧配置が強まるため、北部では断続的に雪が降る見込みです。南部では曇り、昼前まで断続的に雪が降るでしょう。昼前まで雷を伴う所がある見込みです。
京都地方気象台,2022-01-17T16:35:00+09:00,京都府,,　京都府は、寒気や湿った空気の影響でおおむね曇り、北部では雨や雪の降っている所があります。  　１７日の京都府は、冬型の気圧配置となるため曇り、北部では夜遅くに雪や雨が降り、南部でも夜に雪の降る所がある見込みです。夜は雷を伴う所があるでしょう。  　１８日の京都府は、冬型の気圧配置が強まるため、北部では断続的に雪が降る見込みです。南部では曇り、昼前まで断続的に雪が降るでしょう。昼前まで雷を伴う所がある見込みです。
京都地方気象台,2022-01-18T04:40:00+09:00,京都府,,　京都府は、冬型の気圧配置の影響でおおむね曇り、北部を中心に雪が降っています。  　１８日の京都府は、冬型の気圧配置の影響で曇り、北部を中心に断続的に雪が降るでしょう。昼前にかけて雷を伴う所がある見込みです。  　１９日の京都府は、引き続き冬型の気圧配置の影響でおおむね曇り、北部では断続的に雪が降るでしょう。南部でも雪の降る所がある見込みです。北部では昼過ぎから、南部では夜は雷を伴う所があるでしょう。
京都地方気象台,2022-01-18T10:34:00+09:00,京都府,,　京都府は、冬型の気圧配置の影響で、北部を中心に雪が降っています。  　１８日の京都府は、冬型の気圧配置の影響で、北部を中心に断続的に雪が降るでしょう。  　１９日の京都府は、引き続き冬型の気圧配置の影響で、北部では断続的に雪が降る見込みです。南部ではおおむね曇り、雪の降る所があるでしょう。昼過ぎから雷を伴う所がある見込みです。
京都地方気象台,2022-01-18T16:36:00+09:00,京都府,,　京都府は、冬型の気圧配置の影響でおおむね曇り、北部を中心に雪が降っています。  　１８日の京都府は、冬型の気圧配置の影響で、北部では断続的に雪が降るでしょう。南部では曇り、雪の降る所がある見込みです。  　１９日の京都府は、引き続き冬型の気圧配置の影響で、北部では断続的に雪が降るでしょう。南部ではおおむね曇り、雪の降る所がある見込みです。昼過ぎから雷を伴う所があるでしょう。
京都地方気象台,2022-01-19T04:32:00+09:00,京都府,,　京都府は、冬型の気圧配置となっているためおおむね曇り、北部を中心に雪の降っている所があります。  　１９日の京都府は、冬型の気圧配置が続くため、北部では断続的に雪や雨が降るでしょう。南部でもおおむね曇り、雪の降る所がある見込みです。午後は雷を伴う所があるでしょう。  　２０日の京都府は、引き続き冬型の気圧配置となるため、断続的に雪が降り、夕方まで雷を伴う所がある見込みです。
京都地方気象台,2022-01-19T10:35:00+09:00,京都府,,　京都府は、冬型の気圧配置となっているためおおむね曇り、北部を中心に雪の降っている所があります。  　１９日の京都府は、冬型の気圧配置となっているため、北部では断続的に雪が降るでしょう。南部ではおおむね曇り、雪の降る所がある見込みです。午後は雷を伴う所があるでしょう。  　２０日の京都府は、引き続き冬型の気圧配置で、断続的に雪が降り、夕方まで雷を伴う所がある見込みです。
京都地方気象台,2022-01-19T16:36:00+09:00,京都府,,　京都府は、冬型の気圧配置の影響で曇り、雪や雨の降っている所があります。  　１９日の京都府は、冬型の気圧配置の影響で、北部を中心に雪が降り、雷を伴う所がある見込みです。  　２０日の京都府は、引き続き冬型の気圧配置の影響で、断続的に雪が降り、夕方まで雷を伴う所があるでしょう。
京都地方気象台,2022-01-20T04:34:00+09:00,京都府,,　京都府は、冬型の気圧配置の影響でおおむね曇り、北部では雷を伴い雪の降っている所があります。  　２０日の京都府は、冬型の気圧配置の影響で、断続的に雪が降る見込みです。雷を伴う所があるでしょう。  　２１日の京都府は、冬型の気圧配置の影響で北部では午前中は雪が降りますが、午後は冬型の気圧配置が緩むため曇る見込みです。南部では曇り、昼過ぎにかけて雪の降る所があるでしょう。
京都地方気象台,2022-01-20T10:34:00+09:00,京都府,,　京都府は、冬型の気圧配置の影響で、北部を中心に雪が降っています。  　２０日の京都府は、冬型の気圧配置の影響で、北部を中心に雪が降る見込みです。夜のはじめ頃にかけて雷を伴う所があるでしょう。  　２１日の京都府は、冬型の気圧配置の影響で北部では午前中は雪が降りますが、午後は冬型の気圧配置は緩むため、曇る見込みです。南部では曇り、昼過ぎにかけて雪の降る所があるでしょう。
京都地方気象台,2022-01-20T16:33:00+09:00,京都府,,　京都府は、冬型の気圧配置の影響で、北部を中心に雪が降っています。  　２０日の京都府は、冬型の気圧配置の影響で、北部を中心に雪が降る見込みです。夜のはじめ頃にかけて雷を伴う所があるでしょう。  　２１日の京都府は、冬型の気圧配置の影響で北部では昼過ぎまで雪が降りますが、その後は冬型の気圧配置は緩むため、曇る見込みです。南部では曇り、昼過ぎまで雪の降る所があるでしょう。
京都地方気象台,2022-01-21T04:37:00+09:00,京都府,,　京都府は、冬型の気圧配置の影響で雪が降っています。  　２１日の京都府は、冬型の気圧配置は次第に緩みますが、北部を中心に昼過ぎまで雪が降るでしょう。  　２２日の京都府は、北部では寒気の影響でおおむね曇るでしょう。南部では高気圧に覆われておおむね晴れる見込みです。
京都地方気象台,2022-01-21T10:32:00+09:00,京都府,,　京都府は、冬型の気圧配置の影響で雪が降っています。  　２１日の京都府は、冬型の気圧配置の影響で夕方まで雪が降るでしょう。  　２２日の京都府は、北部では寒気の影響でおおむね曇る見込みです。南部では高気圧に覆われておおむね晴れるでしょう。
京都地方気象台,2022-01-21T16:33:00+09:00,京都府,,　京都府は、冬型の気圧配置の影響で曇り、雪の降っている所があります。  　２１日の京都府は、冬型の気圧配置の影響で曇り、雪の降る所がある見込みです。  　２２日の京都府は、北部では寒気の影響でおおむね曇るでしょう。南部では高気圧に覆われておおむね晴れる見込みです。
京都地方気象台,2022-01-22T04:34:00+09:00,京都府,,　京都府は、寒気の影響で曇っています。  　２２日の京都府は、北部では寒気の影響でおおむね曇るでしょう。南部では高気圧に覆われて昼過ぎから次第に晴れる見込みです。  　２３日の京都府は、気圧の谷や湿った空気の影響で曇り、南部では夕方から雨の降る所があるでしょう。山地を中心に雪の混じる所がある見込みです。北部では夜は寒気の影響で雨の降る所があるでしょう。
京都地方気象台,2022-01-22T10:33:00+09:00,京都府,,　京都府は、寒気や湿った空気の影響で曇っています。  　２２日の京都府は、寒気や湿った空気の影響で曇りますが、高気圧に覆われてくるため、夕方から次第に晴れるでしょう。  　２３日の京都府は、気圧の谷や湿った空気の影響で曇り、南部では夕方から雨の降る所があるでしょう。山地を中心に雪の混じる所がある見込みです。北部では夜は寒気の影響で雨の降る所があるでしょう。
京都地方気象台,2022-01-22T16:33:00+09:00,京都府,,　京都府は、寒気や湿った空気の影響でおおむね曇っています。  　２２日の京都府は、寒気や湿った空気の影響で曇りますが、高気圧に覆われてくるため、夜は次第に晴れる見込みです。  　２３日の京都府は、気圧の谷や湿った空気の影響で曇り、南部を中心に夕方から夜のはじめ頃にかけて雨や雪が降るでしょう。
京都地方気象台,2022-01-23T04:39:00+09:00,京都府,,　京都府は、気圧の谷や湿った空気の影響でおおむね曇っています。  　２３日の京都府は、気圧の谷や湿った空気の影響で曇り、南部を中心に昼過ぎから雨が降るでしょう。  　２４日の京都府は、気圧の谷や湿った空気の影響でおおむね曇り、北部では未明は雨や雪が降る見込みです。南部でも朝まで雪や雨の降る所があるでしょう。
京都地方気象台,2022-01-23T10:32:00+09:00,京都府,,　京都府は、気圧の谷や湿った空気の影響で曇り、雨の降っている所があります。  　２３日の京都府は、気圧の谷や湿った空気の影響で、昼過ぎから雨が降るでしょう。  　２４日の京都府は、気圧の谷や湿った空気の影響でおおむね曇り、北部では未明は雨や雪が降る見込みです。南部でも朝まで雨や雪の降る所があるでしょう。
京都地方気象台,2022-01-23T16:36:00+09:00,京都府,,　京都府は、気圧の谷や湿った空気の影響で雨が降っています。  　２３日の京都府は、気圧の谷や湿った空気の影響で雨が降るでしょう。  　２４日の京都府は、寒気の影響でおおむね曇り、昼前まで雨や雪の降る所がある見込みです。
京都地方気象台,2022-01-24T04:34:00+09:00,京都府,,　京都府は、気圧の谷や寒気の影響で曇り、雨や雪の降っている所があります。  　２４日の京都府は、気圧の谷や寒気の影響でおおむね曇り、昼前まで雨や雪の降る所があるでしょう。  　２５日の京都府は、北部では寒気や湿った空気の影響でおおむね曇り、南部では高気圧に覆われておおむね晴れるでしょう。
京都地方気象台,2022-01-24T10:32:00+09:00,京都府,,　京都府は、気圧の谷や寒気の影響で曇り、雨や雪の降っている所があります。  　２４日の京都府は、気圧の谷や寒気の影響でおおむね曇り、昼前は雨や雪の降る所があるでしょう。  　２５日の京都府は、北部では寒気や湿った空気の影響でおおむね曇り、南部では高気圧に覆われておおむね晴れる見込みです。
京都地方気象台,2022-01-24T16:31:00+09:00,京都府,,　京都府は、北部では寒気の影響で曇り、南部では高気圧に覆われておおむね晴れています。  　２４日の京都府は、北部では寒気の影響で曇るでしょう。南部では高気圧に覆われておおむね晴れる見込みです。  　２５日の京都府は、北部では寒気の影響でおおむね曇るでしょう。南部では高気圧に覆われておおむね晴れる見込みです。
京都地方気象台,2022-01-25T04:32:00+09:00,京都府,,　京都府は、北部では寒気の影響で曇っていますが、南部では高気圧に覆われておおむね晴れています。  　２５日の京都府は、北部では気圧の谷や寒気の影響で曇るでしょう。南部では高気圧に覆われておおむね晴れる見込みです。  　２６日の京都府は、寒気や湿った空気の影響でおおむね曇り、北部では朝から雨や雪の降る所があるでしょう。南部では昼過ぎから雪や雨の降る所がある見込みです。
京都地方気象台,2022-01-25T10:34:00+09:00,京都府,,　京都府は、気圧の谷や湿った空気の影響で北部ではおおむね曇っていますが、南部では高気圧に覆われておおむね晴れています。  　２５日の京都府は、気圧の谷や湿った空気の影響でおおむね曇る見込みです。  　２６日の京都府は、寒気や湿った空気の影響でおおむね曇り、北部では朝から雨や雪の降る所があるでしょう。南部では昼過ぎから雪や雨の降る所がある見込みです。
京都地方気象台,2022-01-25T16:34:00+09:00,京都府,,　京都府は、気圧の谷や湿った空気の影響で曇りとなっています。  　２５日の京都府は、北部では、気圧の谷や湿った空気の影響で曇りますが、南部では、夜は高気圧に覆われてくるため次第に晴れる見込みです。  　２６日の京都府は、北部では、寒気や湿った空気の影響で曇り、朝から雨や雪の降る所があるでしょう。朝から夕方にかけて雷を伴う所もある見込みです。南部では、高気圧に覆われておおむね晴れますが、寒気や湿った空気の影響で昼過ぎから雪や雨の降る所もあるでしょう。
京都地方気象台,2022-01-26T04:32:00+09:00,京都府,,　京都府は、気圧の谷や湿った空気の影響でおおむね曇りとなっています。  　２６日の京都府は、気圧の谷や湿った空気の影響でおおむね曇り、朝から雨や雪の降る所があるでしょう。北部では朝から夕方は雷を伴う所がある見込みです。  　２７日の京都府は、寒気や湿った空気の影響でおおむね曇り、雨や雪の降る所があるでしょう。
京都地方気象台,2022-01-26T10:32:00+09:00,京都府,,　京都府は、気圧の谷や湿った空気の影響でおおむね曇り、北部では雨や雪の降っている所があります。  　２６日の京都府は、気圧の谷や湿った空気の影響でおおむね曇り、雨や雪の降る所がある見込みです。北部では夕方にかけて雷を伴う所があるでしょう。  　２７日の京都府は、寒気や湿った空気の影響でおおむね曇り、雨や雪の降る所がある見込みです。
京都地方気象台,2022-01-26T16:33:00+09:00,京都府,,　京都府は、気圧の谷や湿った空気の影響でおおむね曇り、雨や雪の降っている所があります。  　２６日の京都府は、寒気や湿った空気の影響でおおむね曇り、雨や雪の降る所があるでしょう。  　２７日の京都府は、気圧の谷や湿った空気の影響でおおむね曇り、雨や雪の降る所がある見込みです。
京都地方気象台,2022-01-27T04:36:00+09:00,京都府,,　京都府は、寒気や湿った空気の影響でおおむね曇っています。  　２７日の京都府は、寒気や湿った空気の影響でおおむね曇り、雨や雪の降る所がある見込みです。  　２８日の京都府は、寒気や気圧の谷の影響でおおむね曇り、北部では断続的に雨や雪が降るでしょう。南部でも雪や雨の降る所がある見込みです。
京都地方気象台,2022-01-27T10:34:00+09:00,京都府,,　京都府は、冬型の気圧配置となっているため、おおむね曇り、北部を中心に雨や雪の降っている所があります。  　２７日の京都府は、寒気や湿った空気の影響でおおむね曇り、雨や雪の降る所がある見込みです。  　２８日の京都府は、寒気や気圧の谷の影響でおおむね曇り、北部では断続的に雨や雪が降るでしょう。南部でも雪や雨の降る所がある見込みです。
京都地方気象台,2022-01-27T16:35:00+09:00,京都府,,　京都府は、寒気や湿った空気の影響でおおむね曇っています。  　２７日の京都府は、寒気や湿った空気の影響でおおむね曇り、雨や雪の降る所がある見込みです。  　２８日の京都府は、寒気や気圧の谷の影響でおおむね曇り、北部では断続的に雨や雪が降るでしょう。南部でも雪や雨の降る所がある見込みです。
京都地方気象台,2022-01-28T04:32:00+09:00,京都府,,　京都府は、気圧の谷や湿った空気の影響で北部では曇り、雨や雪の降っている所があります。南部では高気圧に覆われておおむね晴れています。  　２８日の京都府は、気圧の谷や湿った空気の影響でおおむね曇り、北部では朝から昼前にかけて雨や雪が降るでしょう。南部でも雪や雨の降る所がある見込みです。  　２９日の京都府は、気圧の谷や湿った空気の影響でおおむね曇り、北部では朝は雨や雪が降るでしょう。南部でも朝から昼前にかけて雪や雨の降る所がある見込みです。
京都地方気象台,2022-01-28T10:33:00+09:00,京都府,,　京都府は、気圧の谷や湿った空気の影響で北部では曇り、雨や雪の降っている所があります。南部では高気圧に覆われておおむね晴れています。  　２８日の京都府は、気圧の谷や湿った空気の影響でおおむね曇り、北部では雨や雪の降る所があるでしょう。南部でも、雪や雨の降る所がある見込みです。  　２９日の京都府は、気圧の谷や湿った空気の影響でおおむね曇り、北部では朝は雨や雪が降るでしょう。南部でも朝から昼前にかけて雪や雨の降る所がある見込みです。
京都地方気象台,2022-01-28T16:34:00+09:00,京都府,,　京都府は、気圧の谷や寒気の影響でおおむね曇り、北部では雨の降っている所があります。  　２８日の京都府は、気圧の谷や寒気の影響でおおむね曇り、北部を中心に雨や雪の降る所があるでしょう。  　２９日の京都府は、気圧の谷や寒気の影響でおおむね曇り、北部を中心に昼前まで雨や雪の降る所がある見込みです。
京都地方気象台,2022-01-29T04:34:00+09:00,京都府,,　京都府は、気圧の谷や寒気の影響でおおむね曇り、北部では雨や雪の降っている所があります。  　２９日の京都府は、気圧の谷や寒気の影響でおおむね曇り、北部を中心に昼前まで雨や雪の降る所があるでしょう。  　３０日の京都府は、気圧の谷や寒気の影響で曇り、北部では断続的に雨や雪が降る見込みです。南部でも雪や雨の降る所があるでしょう。
京都地方気象台,2022-01-29T10:32:00+09:00,京都府,,　京都府は、気圧の谷や寒気の影響で曇っています。  　２９日の京都府は、気圧の谷や寒気の影響で曇るでしょう。  　３０日の京都府は、気圧の谷や寒気の影響で、北部では断続的に雨や雪が降る見込みです。南部では曇り、雪や雨の降る所があるでしょう。
京都地方気象台,2022-01-29T16:31:00+09:00,京都府,,　京都府は、気圧の谷や寒気の影響でおおむね曇り、北部では雪や雨の降っている所があります。  　２９日の京都府は、気圧の谷や寒気の影響でおおむね曇り、北部では雪や雨の降る所があるでしょう。  　３０日の京都府は、気圧の谷や寒気の影響で、北部では断続的に雨や雪が降る見込みです。南部では曇り、雪や雨の降る所があるでしょう。
京都地方気象台,2022-01-30T04:34:00+09:00,京都府,,　京都府は、気圧の谷や寒気の影響で曇り、北部を中心に雨や雪の降っている所があります。  　３０日の京都府は、気圧の谷や寒気の影響で曇り、北部では断続的に雨や雪が降るでしょう。南部でも雪や雨の降る所がある見込みです。夜遅くから雷を伴う所があるでしょう。  　３１日の京都府は、気圧の谷や寒気の影響で曇り、北部では昼過ぎにかけて雪や雨が降る見込みです。南部でも雪の降る所があるでしょう。夕方にかけて雷を伴う所がある見込みです。
京都地方気象台,2022-01-30T10:33:00+09:00,京都府,,　京都府は、気圧の谷や寒気の影響で曇り、北部を中心に雨や雪の降っている所があります。  　３０日の京都府は、気圧の谷や寒気の影響で、北部では断続的に雨や雪が降るでしょう。南部では曇り、雪や雨の降る所がある見込みです。夜遅くから雷を伴う所があるでしょう。  　３１日の京都府は、気圧の谷や寒気の影響で、北部では昼過ぎにかけて雪や雨が降る見込みです。南部では曇り、雪の降る所があるでしょう。夕方にかけて雷を伴う所がある見込みです。
京都地方気象台,2022-01-30T16:32:00+09:00,京都府,,　京都府は、気圧の谷や寒気の影響で曇り、北部では雪や雨の降っている所があります。  　３０日の京都府は、気圧の谷や寒気の影響で、北部では雪や雨が降るでしょう。南部では曇り、雪の降る所がある見込みです。夜遅くは雷を伴う所があるでしょう。  　３１日の京都府は、気圧の谷や寒気の影響で、北部では昼過ぎにかけて雪が降る見込みです。南部では曇り、雪の降る所があるでしょう。夕方にかけて雷を伴う所がある見込みです。
京都地方気象台,2022-01-31T04:33:00+09:00,京都府,,　京都府は、気圧の谷や寒気の影響でおおむね曇り、北部を中心に雪や雨が降っています。  　３１日の京都府は、気圧の谷や寒気の影響で、北部では昼過ぎまで雪や雨が降るでしょう。南部では曇り、雪の降る所がある見込みです。夕方にかけて雷を伴う所があるでしょう。  　２月１日の京都府は、気圧の谷や寒気の影響でおおむね曇り、北部では昼過ぎから雨や雪が降る見込みです。昼過ぎから雷を伴う所があるでしょう。南部でも雪や雨の降る所がある見込みです。
京都地方気象台,2022-01-31T11:38:00+09:00,京都府,,　京都府は、気圧の谷や寒気の影響で曇り、雪や雨の降っている所があります。  　３１日の京都府は、気圧の谷や寒気の影響で、雪の降る所がある見込みです。夜遅くにかけて雷を伴う所があるでしょう。  　２月１日の京都府は、気圧の谷や寒気の影響でおおむね曇り、北部では昼過ぎから雨や雪が降り、雷を伴う所がある見込みです。南部でも雪や雨の降る所があるでしょう。
京都地方気象台,2022-01-31T16:34:00+09:00,京都府,,　京都府は、気圧の谷や寒気の影響でおおむね曇り、雨や雪の降っている所があります。  　３１日の京都府は、気圧の谷や寒気の影響で曇り、北部では断続的に雨や雪が降るでしょう。南部では雪の降る所がある見込みです。夜遅くにかけて雷を伴う所があるでしょう。  　２月１日の京都府は、気圧の谷や寒気の影響でおおむね曇り、北部では断続的に雪や雨が降る見込みです。南部でも雪や雨の降る所があるでしょう。昼過ぎから雷を伴う所がある見込みです。
