publishingOffice,reportDatetime,targetArea,headlineText,text
京都地方気象台,2022-03-01T04:32:00+09:00,京都府,,　京都府は、高気圧に覆われておおむね晴れています。  　１日の京都府は、前線や湿った空気の影響で曇り、昼過ぎから雨が降るでしょう。  　２日の京都府は、寒気や湿った空気の影響でおおむね曇り、北部では未明は雨が降る見込みです。南部でも明け方まで雨の降る所があるでしょう。
京都地方気象台,2022-03-01T10:33:00+09:00,京都府,,　京都府は、前線や湿った空気の影響で曇り、雨の降っている所があります。  　１日の京都府は、前線や湿った空気の影響で雨が降るでしょう。  　２日の京都府は、寒気や湿った空気の影響でおおむね曇り、北部では未明は雨が降る見込みです。南部でも明け方まで雨の降る所があるでしょう。
京都地方気象台,2022-03-01T16:34:00+09:00,京都府,,　京都府は、前線を伴った低気圧の影響で、雨が降っています。  　１日の京都府は、前線を伴った低気圧の影響で、夜のはじめ頃まで雨が降るでしょう。  　２日の京都府は、寒気や湿った空気の影響で曇り、夜のはじめ頃まで雨の降る所がある見込みです。
京都地方気象台,2022-03-02T04:36:00+09:00,京都府,,　京都府は、気圧の谷や湿った空気の影響で曇っています。  　２日の京都府は、気圧の谷や湿った空気の影響で曇り、夜のはじめ頃にかけて雨の降る所がある見込みです。  　３日の京都府は、高気圧に覆われて晴れますが、気圧の谷や寒気の影響で昼過ぎからおおむね曇り、北部では夜は雨や雪の降る所があるでしょう。
京都地方気象台,2022-03-02T10:33:00+09:00,京都府,,　京都府は、気圧の谷や湿った空気の影響で曇り、雨の降っている所があります。  　２日の京都府は、気圧の谷や湿った空気の影響で曇り、夜のはじめ頃にかけて雨の降る所がある見込みです。  　３日の京都府は、高気圧に覆われて晴れますが、気圧の谷や寒気の影響で昼過ぎからおおむね曇り、北部では夜は雨や雪の降る所があるでしょう。
京都地方気象台,2022-03-02T16:32:00+09:00,京都府,,　京都府は、気圧の谷や湿った空気の影響でおおむね曇り、雨の降っている所があります。  　２日の京都府は、気圧の谷や湿った空気の影響でおおむね曇り、夜のはじめ頃にかけて雨の降る所があるでしょう。  　３日の京都府は、高気圧に覆われてはじめ晴れますが、気圧の谷や寒気の影響で昼過ぎから次第に曇る見込みです。北部では夜は雨や雪の降る所があるでしょう。
京都地方気象台,2022-03-03T04:32:00+09:00,京都府,,　京都府は、高気圧に覆われておおむね晴れています。  　３日の京都府は、南部では、高気圧に覆われておおむね晴れる見込みです。北部では、午前中は晴れますが、午後は気圧の谷や寒気の影響で曇り、夜は雨や雪の降る所があるでしょう。  　４日の京都府は、午前中は高気圧に覆われておおむね晴れますが、午後は気圧の谷の影響でおおむね曇る見込みです。
京都地方気象台,2022-03-03T10:32:00+09:00,京都府,,　京都府は、南部では高気圧に覆われておおむね晴れていますが、北部では気圧の谷や寒気の影響でおおむね曇っています。  　３日の京都府は、南部では、高気圧に覆われておおむね晴れる見込みです。北部では、気圧の谷や寒気の影響で曇り、夜は雨や雪の降る所があるでしょう。  　４日の京都府は、午前中は高気圧に覆われておおむね晴れますが、午後は気圧の谷の影響でおおむね曇る見込みです。
京都地方気象台,2022-03-03T16:33:00+09:00,京都府,,　京都府は、寒気や湿った空気の影響でおおむね曇り、北部を中心に雨や雪の降っている所があります。  　３日の京都府は、寒気や湿った空気の影響でおおむね曇り、北部では雨や雪の降る所があるでしょう。  　４日の京都府は、午前中は高気圧に覆われておおむね晴れますが、午後は気圧の谷の影響でおおむね曇る見込みです。
京都地方気象台,2022-03-04T04:33:00+09:00,京都府,,　京都府は、高気圧に覆われて晴れています。  　４日の京都府は、高気圧に覆われて晴れますが、昼過ぎからは気圧の谷の影響でおおむね曇るでしょう。  　５日の京都府は、気圧の谷や寒気の影響でおおむね曇り、北部では朝から雨や雪となる所がある見込みです。朝から夕方にかけて雷を伴う所があるでしょう。
京都地方気象台,2022-03-04T10:33:00+09:00,京都府,,　京都府は、高気圧に覆われておおむね晴れています。  　４日の京都府は、気圧の谷の影響でおおむね曇るでしょう。  　５日の京都府は、気圧の谷や寒気の影響でおおむね曇り、北部では朝から雨や雪となる所がある見込みです。朝から夕方にかけて雷を伴う所があるでしょう。
京都地方気象台,2022-03-04T16:35:00+09:00,京都府,,　京都府は、気圧の谷の影響で曇っています。  　４日の京都府は、気圧の谷の影響で曇りますが、夜遅くは高気圧に覆われるため、晴れるでしょう。  　５日の京都府は、気圧の谷や寒気の影響で、おおむね曇る見込みです。北部では朝から雨や雪の降る所があり、雷を伴う所もあるでしょう。
京都地方気象台,2022-03-05T04:34:00+09:00,京都府,,　京都府は、高気圧に覆われておおむね晴れています。  　５日の京都府は、前線や寒気の影響で北部ではおおむね曇り、朝から雨や雪の降る所があり、雷を伴う所もあるでしょう。南部では高気圧に覆われておおむね晴れる見込みです。  　６日の京都府は、寒気や湿った空気の影響でおおむね曇り、北部では断続的に雨や雪が降るでしょう。南部でも明け方からは雪の降る所がある見込みです。
京都地方気象台,2022-03-05T10:33:00+09:00,京都府,,　京都府は、高気圧に覆われておおむね晴れていますが、前線が北部に接近しています。  　５日の京都府は、北部では前線や寒気の影響でおおむね曇り、雷を伴った雨や雪の降る所があるでしょう。南部では高気圧に覆われておおむね晴れる見込みです。  　６日の京都府は、寒気や湿った空気の影響で曇り、北部では断続的に雨や雪が降るでしょう。南部でも明け方から雪の降る所がある見込みです。
京都地方気象台,2022-03-05T16:34:00+09:00,京都府,,　京都府は、前線の影響でおおむね曇り、雨の降っている所があります。  　５日の京都府は、前線や寒気の影響でおおむね曇り、北部では雷を伴った雪や雨の降る所があるでしょう。南部でも夕方は雨の降る所がある見込みです。  　６日の京都府は、寒気や湿った空気の影響で曇り、北部では断続的に雪や雨が降り、夜のはじめ頃まで雷を伴う所があるでしょう。南部でも明け方から雪の降る所がある見込みです。
京都地方気象台,2022-03-06T04:33:00+09:00,京都府,,　京都府は、寒気や湿った空気の影響でおおむね曇り、北部を中心に雪や雨が降っています。  　６日の京都府は、寒気や湿った空気の影響で曇り、北部では断続的に雪や雨が降り、夜のはじめ頃まで雷を伴う所があるでしょう。南部でも雪の降る所がある見込みです。  　７日の京都府は、気圧の谷や寒気の影響で曇り、朝まで雪の降る所があるでしょう。夕方から次第に高気圧に覆われるため、晴れる見込みです。
京都地方気象台,2022-03-06T10:32:00+09:00,京都府,,　京都府は、寒気や湿った空気の影響でおおむね曇り、北部を中心に雪や雨が降っています。  　６日の京都府は、寒気や湿った空気の影響で、北部では断続的に雪や雨が降り、夜のはじめ頃まで雷を伴う所があるでしょう。南部では曇り、雪の降る所がある見込みです。  　７日の京都府は、気圧の谷や寒気の影響で曇り、朝まで雪の降る所があるでしょう。夕方から次第に高気圧に覆われるため、晴れる見込みです。
京都地方気象台,2022-03-06T16:32:00+09:00,京都府,,　京都府は、寒気や湿った空気の影響でおおむね曇り、北部を中心に雪や雨が降っています。  　６日の京都府は、寒気や湿った空気の影響で、北部では夜のはじめ頃まで雷を伴い雪や雨が降るでしょう。南部では曇り、雪の降る所がある見込みです。  　７日の京都府は、寒気や気圧の谷の影響で曇り、朝まで雪の降る所があるでしょう。昼過ぎから次第に高気圧に覆われるため、おおむね晴れる見込みです。
京都地方気象台,2022-03-07T04:35:00+09:00,京都府,,　京都府は、寒気や湿った空気の影響でおおむね曇り、北部を中心に雪の降っている所があります。  　７日の京都府は、寒気や気圧の谷の影響でおおむね曇り、朝まで雪の降る所があるでしょう。  　８日の京都府は、高気圧に覆われておおむね晴れる見込みです。
京都地方気象台,2022-03-07T10:32:00+09:00,京都府,,　京都府は、寒気や気圧の谷の影響でおおむね曇っています。  　７日の京都府は、寒気や気圧の谷の影響でおおむね曇るでしょう。  　８日の京都府は、高気圧に覆われておおむね晴れる見込みです。
京都地方気象台,2022-03-07T16:32:00+09:00,京都府,,　京都府は、寒気や気圧の谷の影響でおおむね曇っています。  　７日の京都府は、寒気や気圧の谷の影響で曇りますが、高気圧に覆われて夜遅くには晴れてくるでしょう。  　８日の京都府は、高気圧に覆われておおむね晴れる見込みです。
京都地方気象台,2022-03-08T04:35:00+09:00,京都府,,　京都府は、高気圧に覆われて晴れています。  　８日の京都府は、高気圧に覆われて晴れるでしょう。  　９日の京都府は、引き続き高気圧に覆われておおむね晴れる見込みです。
京都地方気象台,2022-03-08T10:32:00+09:00,京都府,,　京都府は、南部では高気圧に覆われておおむね晴れていますが、北部では寒気の影響でおおむね曇っています。  　８日の京都府は、高気圧に覆われておおむね晴れるでしょう。  　９日の京都府は、引き続き高気圧に覆われておおむね晴れる見込みです。
京都地方気象台,2022-03-08T16:35:00+09:00,京都府,,　京都府は、高気圧に覆われて晴れています。  　８日の京都府は、高気圧に覆われて晴れるでしょう。  　９日の京都府は、引き続き高気圧に覆われておおむね晴れる見込みです。
京都地方気象台,2022-03-09T04:33:00+09:00,京都府,,　京都府は、高気圧に覆われて晴れています。  　９日の京都府は、高気圧に覆われておおむね晴れるでしょう。  　１０日の京都府は、引き続き高気圧に覆われておおむね晴れる見込みです。
京都地方気象台,2022-03-09T10:32:00+09:00,京都府,,　京都府は、気圧の谷の影響でおおむね曇っています。  　９日の京都府は、気圧の谷の影響で昼過ぎにかけて曇りますが、夕方からは高気圧に覆われて晴れるでしょう。  　１０日の京都府は、引き続き、高気圧に覆われておおむね晴れる見込みです。
京都地方気象台,2022-03-09T16:34:00+09:00,京都府,,　京都府は、高気圧に覆われておおむね晴れています。  　９日の京都府は、高気圧に覆われて晴れるでしょう。  　１０日の京都府は、引き続き、高気圧に覆われておおむね晴れる見込みです。
京都地方気象台,2022-03-10T04:31:00+09:00,京都府,,　京都府は、高気圧に覆われて晴れています。  　１０日の京都府は、高気圧に覆われておおむね晴れるでしょう。  　１１日の京都府は、高気圧に覆われておおむね晴れる見込みです。
京都地方気象台,2022-03-10T10:32:00+09:00,京都府,,　京都府は、高気圧に覆われておおむね晴れています。  　１０日の京都府は、高気圧に覆われておおむね晴れるでしょう。  　１１日の京都府は、高気圧に覆われておおむね晴れる見込みです。
京都地方気象台,2022-03-10T16:32:00+09:00,京都府,,　京都府は、高気圧に覆われて晴れています。  　１０日の京都府は、高気圧に覆われて晴れるでしょう。  　１１日の京都府は、高気圧に覆われておおむね晴れる見込みです。
京都地方気象台,2022-03-11T04:32:00+09:00,京都府,,　京都府は、高気圧に覆われておおむね晴れています。  　１１日の京都府は、高気圧に覆われておおむね晴れるでしょう。  　１２日の京都府は、気圧の谷や湿った空気の影響でおおむね曇る見込みです。
京都地方気象台,2022-03-11T10:33:00+09:00,京都府,,　京都府は、高気圧に覆われておおむね晴れています。  　１１日の京都府は、高気圧に覆われておおむね晴れるでしょう。  　１２日の京都府は、気圧の谷や湿った空気の影響でおおむね曇る見込みです。
京都地方気象台,2022-03-11T16:33:00+09:00,京都府,,　京都府は、高気圧に覆われておおむね晴れています。  　１１日の京都府は、高気圧に覆われておおむね晴れるでしょう。  　１２日の京都府は、気圧の谷や湿った空気の影響でおおむね曇る見込みです。
京都地方気象台,2022-03-12T04:34:00+09:00,京都府,,　京都府は、湿った空気の影響で曇り、雨の降っている所があります。  　１２日の京都府は、湿った空気の影響でおおむね曇り、明け方は雨の降る所がある見込みです。  　１３日の京都府は、気圧の谷や湿った空気の影響でおおむね曇り、夜遅くは雨の降る所があるでしょう。
京都地方気象台,2022-03-12T10:32:00+09:00,京都府,,　京都府は、高気圧に覆われておおむね晴れています。  　１２日の京都府は、高気圧に覆われておおむね晴れるでしょう。  　１３日の京都府は、気圧の谷や湿った空気の影響でおおむね曇り、夜遅くは雨の降る所がある見込みです。
京都地方気象台,2022-03-12T16:36:00+09:00,京都府,,　京都府は、高気圧に覆われておおむね晴れています。  　１２日の京都府は、高気圧に覆われておおむね晴れるでしょう。  　１３日の京都府は、気圧の谷や湿った空気の影響でおおむね曇り、夜遅くは雨や雷雨となる所がある見込みです。
京都地方気象台,2022-03-13T04:35:00+09:00,京都府,,　京都府は、前線や湿った空気の影響でおおむね曇っています。  　１３日の京都府は、前線や湿った空気の影響でおおむね曇り、夜遅くは雨や雷雨となる見込みです。  　１４日の京都府は、前線や湿った空気の影響で曇り、明け方まで雨が降るでしょう。雷を伴う所がある見込みです。
京都地方気象台,2022-03-13T10:32:00+09:00,京都府,,　京都府は、前線や湿った空気の影響でおおむね曇っています。  　１３日の京都府は、前線や湿った空気の影響で曇り、夜遅くは雨や雷雨となる見込みです。  　１４日の京都府は、前線や湿った空気の影響で曇り、明け方まで雨が降るでしょう。雷を伴う所がある見込みです。
京都地方気象台,2022-03-13T16:32:00+09:00,京都府,,　京都府は、前線や湿った空気の影響で曇っています。  　１３日の京都府は、前線や湿った空気の影響で曇り、夜遅くは雨や雷雨となる見込みです。  　１４日の京都府は、前線や湿った空気の影響で曇り、明け方まで雨が降るでしょう。雷を伴う所がある見込みです。
京都地方気象台,2022-03-14T04:35:00+09:00,京都府,,　京都府は、前線や湿った空気の影響で曇り、南部を中心に雨の降っている所があります。  　１４日の京都府は、前線や湿った空気の影響で曇り、明け方は雨の降る所があるでしょう。  　１５日の京都府は、前線や湿った空気の影響で曇り、明け方まで雨で雷を伴う所がある見込みです。その後は高気圧に覆われて、次第に晴れるでしょう。
京都地方気象台,2022-03-14T10:32:00+09:00,京都府,,　京都府は、前線や湿った空気の影響で、おおむね曇っています。  　１４日の京都府は、前線や湿った空気の影響でおおむね曇り、夜遅くは雨や雷雨となる所がある見込みです。  　１５日の京都府は、午前中は前線や湿った空気の影響でおおむね曇り、明け方まで雨が降るでしょう。朝まで雷を伴う所がある見込みです。午後は高気圧に覆われて、次第に晴れるでしょう。
京都地方気象台,2022-03-14T16:33:00+09:00,京都府,,　京都府は、前線や湿った空気の影響でおおむね曇っています。  　１４日の京都府は、前線や湿った空気の影響でおおむね曇り、夜遅くは雨や雷雨となる所がある見込みです。  　１５日の京都府は、午前中は前線や湿った空気の影響でおおむね曇り、明け方まで雨が降るでしょう。朝まで雷を伴う所がある見込みです。午後は高気圧に覆われて、おおむね晴れるでしょう。
京都地方気象台,2022-03-15T07:15:00+09:00,京都府,,　京都府は、前線や湿った空気の影響でおおむね曇っています。  　１５日の京都府は、前線や湿った空気の影響で曇りますが、昼前からは高気圧に覆われて、次第に晴れる見込みです。  　１６日の京都府は、高気圧に覆われておおむね晴れるでしょう。
京都地方気象台,2022-03-15T10:33:00+09:00,京都府,,　京都府は、湿った空気の影響でおおむね曇っています。  　１５日の京都府は、湿った空気の影響で曇りますが、昼過ぎからは高気圧に覆われて、次第に晴れるでしょう。  　１６日の京都府は、高気圧に覆われておおむね晴れる見込みです。
京都地方気象台,2022-03-15T16:33:00+09:00,京都府,,　京都府は、高気圧に覆われておおむね晴れています。  　１５日の京都府は、高気圧に覆われて晴れるでしょう。  　１６日の京都府は、引き続き高気圧に覆われておおむね晴れる見込みです。
京都地方気象台,2022-03-16T04:40:00+09:00,京都府,,　京都府は、高気圧に覆われておおむね晴れています。  　１６日の京都府は、高気圧に覆われて晴れるでしょう。  　１７日の京都府は、高気圧に覆われて晴れますが、気圧の谷や湿った空気の影響で昼前から曇る見込みです。
京都地方気象台,2022-03-16T10:33:00+09:00,京都府,,　京都府は、高気圧に覆われて晴れています。  　１６日の京都府は、高気圧に覆われて晴れるでしょう。  　１７日の京都府は、高気圧に覆われて晴れますが、気圧の谷や湿った空気の影響で昼前から曇る見込みです。
京都地方気象台,2022-03-16T16:32:00+09:00,京都府,,　京都府は、高気圧に覆われて晴れています。  　１６日の京都府は、高気圧に覆われて晴れるでしょう。  　１７日の京都府は、高気圧に覆われて晴れますが、気圧の谷や湿った空気の影響で、昼前から次第に曇る見込みです。
京都地方気象台,2022-03-17T04:35:00+09:00,京都府,,　京都府は、南部では高気圧に覆われて晴れていますが、北部では気圧の谷の影響で曇っています。  　１７日の京都府は、南部では高気圧に覆われて晴れますが、気圧の谷の影響で昼前から曇る見込みです。北部では気圧の谷や湿った空気の影響で曇り、夕方から雨の降る所があるでしょう。  　１８日の京都府は、低気圧や前線の影響で曇り、昼前から雨が降る見込みです。
京都地方気象台,2022-03-17T10:33:00+09:00,京都府,,　京都府は、気圧の谷の影響でおおむね曇っています。  　１７日の京都府は、気圧の谷や湿った空気の影響で曇り、北部では夕方から雨の降る所があるでしょう。  　１８日の京都府は、低気圧や前線の影響で曇り、昼前から雨が降る見込みです。
京都地方気象台,2022-03-17T16:33:00+09:00,京都府,,　京都府は、気圧の谷や湿った空気の影響で曇っています。  　１７日の京都府は、気圧の谷や湿った空気の影響で曇り、北部では雨の降る所があるでしょう。  　１８日の京都府は、低気圧や前線の影響で朝から雨が降る見込みです。
京都地方気象台,2022-03-18T04:33:00+09:00,京都府,,　京都府は、低気圧や前線の影響で曇り、雨の降っている所があります。  　１８日の京都府は、低気圧や前線の影響で雨が降るでしょう。  　１９日の京都府は、寒気や湿った空気の影響で北部では断続的に雨が降る見込みです。南部では曇り、昼過ぎから夕方にかけて雨が降るでしょう。昼過ぎから雷を伴う所がある見込みです。
京都地方気象台,2022-03-18T10:32:00+09:00,京都府,,　京都府は、低気圧や前線の影響で雨が降っています。  　１８日の京都府は、低気圧や前線の影響で雨が降るでしょう。  　１９日の京都府は、寒気や湿った空気の影響で北部では断続的に雨が降る見込みです。南部では曇り、昼過ぎから夕方にかけて雨が降るでしょう。昼過ぎから雷を伴う所がある見込みです。
京都地方気象台,2022-03-18T16:36:00+09:00,京都府,,　京都府は、低気圧や前線の影響で雨が降っています。  　１８日の京都府は、低気圧や前線の影響で雨が降るでしょう。  　１９日の京都府は、寒気や湿った空気の影響で北部では断続的に雨が降る見込みです。南部では曇り、昼過ぎから夕方にかけて雨が降るでしょう。昼過ぎから雷を伴う所がある見込みです。
京都地方気象台,2022-03-19T04:40:00+09:00,京都府,,　京都府は、寒気や湿った空気の影響で、北部を中心に雨が降っています。  　１９日の京都府は、寒気や湿った空気の影響で北部では断続的に雨が降り、南部でも昼過ぎから夕方にかけて雨が降るでしょう。昼過ぎから雷を伴う所がある見込みです。  　２０日の京都府は、寒気や湿った空気の影響で北部では朝まで雨が降るでしょう。南部では曇り、昼過ぎまで雨や雪の降る所がある見込みです。
京都地方気象台,2022-03-19T10:34:00+09:00,京都府,,　京都府は、寒気や湿った空気の影響で曇り、雨の降っている所があります。  　１９日の京都府は、寒気や湿った空気の影響で北部では断続的に雨が降り、南部でも昼過ぎから夕方にかけて雨が降る見込みです。昼過ぎから雷を伴う所があるでしょう。  　２０日の京都府は、寒気や湿った空気の影響で北部では朝まで雨が降る見込みです。南部では曇り、昼過ぎまで雨や雪の降る所があるでしょう。
京都地方気象台,2022-03-19T16:34:00+09:00,京都府,,　京都府は、寒気や湿った空気の影響で雨が降っています。  　１９日の京都府は、寒気や湿った空気の影響で北部では雨が降り、南部でも夜のはじめ頃にかけて雨が降るでしょう。雷を伴う所がある見込みです。  　２０日の京都府は、寒気や湿った空気の影響で曇り、北部では昼前にかけて断続的に雨が降るでしょう。南部では、昼過ぎまで雨や雪の降る所がある見込みです。
京都地方気象台,2022-03-20T04:32:00+09:00,京都府,,　京都府は、寒気や湿った空気の影響でおおむね曇り、雨や雪の降っている所があります。  　２０日の京都府は、寒気や湿った空気の影響で曇り、北部では朝から昼前にかけて雨が降るでしょう。南部では、昼過ぎまで雨や雪の降る所がある見込みです。  　２１日の京都府は、高気圧に覆われておおむね晴れるでしょう。
京都地方気象台,2022-03-20T10:33:00+09:00,京都府,,　京都府は、寒気や湿った空気の影響でおおむね曇り、北部を中心に雨が降っています。  　２０日の京都府は、寒気や湿った空気の影響で曇り、北部では昼過ぎまで雨が降る見込みです。南部では昼過ぎまで雨の降る所があるでしょう。  　２１日の京都府は、高気圧に覆われておおむね晴れる見込みです。
京都地方気象台,2022-03-20T16:33:00+09:00,京都府,,　京都府は、寒気や湿った空気の影響でおおむね曇り、北部を中心に雨の降っている所があります。  　２０日の京都府は、寒気や湿った空気の影響で曇り、北部を中心に夜のはじめ頃まで雨の降る所があるでしょう。  　２１日の京都府は、南部では高気圧に覆われておおむね晴れますが、北部では気圧の谷や湿った空気の影響でおおむね曇る見込みです。
京都地方気象台,2022-03-21T04:32:00+09:00,京都府,,　京都府は、気圧の谷や湿った空気の影響で曇っています。  　２１日の京都府は、気圧の谷や湿った空気の影響でおおむね曇る見込みです。  　２２日の京都府は、気圧の谷や湿った空気の影響で昼過ぎにかけて雨や雪が降り、その後はおおむね曇るでしょう。
京都地方気象台,2022-03-21T10:32:00+09:00,京都府,,　京都府は、気圧の谷や湿った空気の影響で曇り、北部では雨の降っている所があります。  　２１日の京都府は、気圧の谷や湿った空気の影響でおおむね曇る見込みです。  　２２日の京都府は、気圧の谷や湿った空気の影響で昼過ぎにかけて雨や雪が降り、その後はおおむね曇るでしょう。
京都地方気象台,2022-03-21T16:33:00+09:00,京都府,,　京都府は、高気圧に覆われておおむね晴れています。  　２１日の京都府は、気圧の谷や湿った空気の影響で次第に曇る見込みです。  　２２日の京都府は、気圧の谷や湿った空気の影響で曇り、昼前にかけて雨や雪が降るでしょう。
京都地方気象台,2022-03-22T04:36:00+09:00,京都府,,　京都府は、低気圧や前線の影響で雨が降っています。山地では雪の降っている所があります。  　２２日の京都府は、低気圧や前線の影響で昼前にかけて雨が降るでしょう。南部では雪の降る所がある見込みです。高気圧に覆われてくるため夕方から次第に晴れるでしょう。  　２３日の京都府は、明け方まで高気圧に覆われて晴れますが、気圧の谷や湿った空気の影響で朝から曇り、夜は雨が降る見込みです。
京都地方気象台,2022-03-22T10:32:00+09:00,京都府,,　京都府は、低気圧や前線の影響で雨が降っています。  　２２日の京都府は、低気圧や前線の影響で北部では昼前は雨が降るでしょう。南部でも昼過ぎまで雨が降る見込みです。夕方からは高気圧に覆われてくるため晴れるでしょう。  　２３日の京都府は、明け方まで高気圧に覆われて晴れますが、気圧の谷や湿った空気の影響で朝から曇り、夜は雨が降る見込みです。
京都地方気象台,2022-03-22T16:35:00+09:00,京都府,,　京都府は、高気圧に覆われておおむね晴れています。  　２２日の京都府は、高気圧に覆われて晴れるでしょう。  　２３日の京都府は、明け方まで高気圧に覆われて晴れますが、気圧の谷や湿った空気の影響で朝から曇り、夜は雨が降る見込みです。
京都地方気象台,2022-03-23T04:35:00+09:00,京都府,,　京都府は、高気圧に覆われておおむね晴れています。  　２３日の京都府は、明け方まで高気圧に覆われて晴れますが、気圧の谷や湿った空気の影響で朝から曇り、夜は雨が降る見込みです。  　２４日の京都府は、気圧の谷や湿った空気の影響で北部では朝まで、南部では明け方まで曇り、未明は雨の降る所があるでしょう。その後は高気圧に覆われて晴れる見込みです。
京都地方気象台,2022-03-23T10:32:00+09:00,京都府,,　京都府は、気圧の谷や湿った空気の影響でおおむね曇っています。  　２３日の京都府は、気圧の谷や湿った空気の影響で曇り、夜は雨が降る見込みです。  　２４日の京都府は、気圧の谷や湿った空気の影響で北部では朝まで、南部では明け方まで曇り、未明は雨の降る所があるでしょう。その後は高気圧に覆われて晴れる見込みです。
京都地方気象台,2022-03-23T16:32:00+09:00,京都府,,　京都府は、気圧の谷や湿った空気の影響で曇り、雨の降っている所があります。  　２３日の京都府は、気圧の谷や湿った空気の影響で曇り、夜は雨が降る見込みです。  　２４日の京都府は、気圧の谷や湿った空気の影響で北部では朝まで、南部では明け方まで曇り、未明は雨の降る所があるでしょう。その後は高気圧に覆われて晴れる見込みです。
京都地方気象台,2022-03-24T04:32:00+09:00,京都府,,　京都府は、気圧の谷や湿った空気の影響でおおむね曇っています。  　２４日の京都府は、高気圧に覆われて晴れますが、気圧の谷や湿った空気の影響で北部では朝まで、南部では明け方は曇るでしょう。  　２５日の京都府は、高気圧に覆われて晴れる見込みです。
京都地方気象台,2022-03-24T10:32:00+09:00,京都府,,　京都府は、気圧の谷や湿った空気の影響でおおむね曇っています。  　２４日の京都府は、気圧の谷や湿った空気の影響で曇りますが、昼過ぎからは高気圧に覆われて晴れるでしょう。  　２５日の京都府は、高気圧に覆われて晴れる見込みです。
京都地方気象台,2022-03-24T16:33:00+09:00,京都府,,　京都府は、高気圧に覆われておおむね晴れています。  　２４日の京都府は、高気圧に覆われて晴れるでしょう。  　２５日の京都府は、高気圧に覆われて晴れる見込みです。
京都地方気象台,2022-03-25T04:33:00+09:00,京都府,,　京都府は、高気圧に覆われておおむね晴れています。  　２５日の京都府は、高気圧に覆われて晴れる見込みです。  　２６日の京都府は、前線や低気圧の影響で曇り、昼前から雨が降るでしょう。
京都地方気象台,2022-03-25T10:33:00+09:00,京都府,,　京都府は、高気圧に覆われておおむね晴れています。  　２５日の京都府は、高気圧に覆われて晴れる見込みです。  　２６日の京都府は、前線や低気圧の影響で曇り、昼前から雨が降るでしょう。
京都地方気象台,2022-03-25T16:33:00+09:00,京都府,,　京都府は、高気圧に覆われておおむね晴れています。  　２５日の京都府は、高気圧に覆われて晴れますが、夜遅くは気圧の谷の接近で曇る見込みです。  　２６日の京都府は、前線や低気圧の影響で曇り、昼前から雨が降るでしょう。
京都地方気象台,2022-03-26T04:32:00+09:00,京都府,,　京都府は、前線や低気圧の影響で曇り、雨の降っている所があります。  　２６日の京都府は、前線や低気圧の影響で北部では断続的に雨が降るでしょう。南部では昼前から雨が降る見込みです。  　２７日の京都府は、湿った空気の影響で午前中は曇りますが、午後は高気圧に覆われておおむね晴れるでしょう。
京都地方気象台,2022-03-26T10:36:00+09:00,京都府,,　京都府は、前線や低気圧の影響で雨が降っています。  　２６日の京都府は、前線や低気圧の影響で雨が降るでしょう。  　２７日の京都府は、前線や湿った空気の影響で午前中は曇りますが、午後は高気圧に覆われておおむね晴れる見込みです。
京都地方気象台,2022-03-26T16:33:00+09:00,京都府,,　京都府は、前線や低気圧の影響で雨が降っています。  　２６日の京都府は、前線や低気圧の影響で雨が降るでしょう。  　２７日の京都府は、前線や湿った空気の影響で午前中は曇り、未明は雨の降る所がある見込みです。午後は高気圧に覆われて晴れるでしょう。
京都地方気象台,2022-03-27T04:40:00+09:00,京都府,,　京都府は、気圧の谷や湿った空気の影響で曇り、雨の降っている所があります。  　２７日の京都府は、気圧の谷や湿った空気の影響でおおむね曇り、明け方は雨の降る所があるでしょう。  　２８日の京都府は、気圧の谷の影響でおおむね曇る見込みです。
京都地方気象台,2022-03-27T10:32:00+09:00,京都府,,　京都府は、気圧の谷や湿った空気の影響でおおむね曇っています。  　２７日の京都府は、高気圧に覆われてくるためおおむね晴れるでしょう。  　２８日の京都府は、気圧の谷の影響でおおむね曇る見込みです。
京都地方気象台,2022-03-27T16:32:00+09:00,京都府,,　京都府は、高気圧に覆われて晴れています。  　２７日の京都府は、高気圧に覆われて晴れるでしょう。  　２８日の京都府は、気圧の谷の影響でおおむね曇る見込みです。
京都地方気象台,2022-03-28T04:34:00+09:00,京都府,,　京都府は、気圧の谷や湿った空気の影響でおおむね曇っています。  　２８日の京都府は、気圧の谷や湿った空気の影響でおおむね曇るでしょう。  　２９日の京都府は、北部では高気圧に覆われておおむね晴れますが、南部では気圧の谷や湿った空気の影響でおおむね曇る見込みです。
京都地方気象台,2022-03-28T10:31:00+09:00,京都府,,　京都府は、気圧の谷や湿った空気の影響でおおむね曇っています。  　２８日の京都府は、気圧の谷や湿った空気の影響でおおむね曇るでしょう。  　２９日の京都府は、北部では高気圧に覆われておおむね晴れますが、南部では気圧の谷や湿った空気の影響でおおむね曇る見込みです。
京都地方気象台,2022-03-28T16:32:00+09:00,京都府,,　京都府は、気圧の谷や湿った空気の影響でおおむね曇っています。  　２８日の京都府は、気圧の谷や湿った空気の影響でおおむね曇るでしょう。  　２９日の京都府は、北部では高気圧に覆われておおむね晴れますが、南部では気圧の谷や湿った空気の影響でおおむね曇る見込みです。
京都地方気象台,2022-03-29T04:34:00+09:00,京都府,,　京都府は、気圧の谷や湿った空気の影響で曇っています。  　２９日の京都府は、気圧の谷や湿った空気の影響で昼前まで曇りますが、昼過ぎからは高気圧に覆われておおむね晴れる見込みです。  　３０日の京都府は、北部では高気圧に覆われておおむね晴れますが、南部では気圧の谷や湿った空気の影響でおおむね曇るでしょう。
京都地方気象台,2022-03-29T10:32:00+09:00,京都府,,　京都府は、気圧の谷や湿った空気の影響で曇っています。  　２９日の京都府は、気圧の谷や湿った空気の影響でおおむね曇る見込みです。  　３０日の京都府は、北部では高気圧に覆われておおむね晴れますが、南部では気圧の谷や湿った空気の影響でおおむね曇るでしょう。
京都地方気象台,2022-03-29T16:32:00+09:00,京都府,,　京都府は、気圧の谷や湿った空気の影響で曇っています。  　２９日の京都府は、気圧の谷や湿った空気の影響でおおむね曇る見込みです。  　３０日の京都府は、北部では高気圧に覆われておおむね晴れますが、南部では気圧の谷や湿った空気の影響でおおむね曇るでしょう。
京都地方気象台,2022-03-30T04:34:00+09:00,京都府,,　京都府は、高気圧に覆われておおむね晴れています。  　３０日の京都府は、北部では高気圧に覆われておおむね晴れますが、南部では気圧の谷や湿った空気の影響で、おおむね曇るでしょう。  　３１日の京都府は、前線や湿った空気の影響で曇り、断続的に雨が降る見込みです。
京都地方気象台,2022-03-30T10:34:00+09:00,京都府,,　京都府は、高気圧に覆われておおむね晴れています。  　３０日の京都府は、高気圧に覆われておおむね晴れますが、気圧の谷や湿った空気の影響で、夜は曇る見込みです。  　３１日の京都府は、前線や湿った空気の影響で曇り、断続的に雨が降るでしょう。
京都地方気象台,2022-03-30T16:34:00+09:00,京都府,,　京都府は、高気圧に覆われておおむね晴れています。  　３０日の京都府は、高気圧に覆われておおむね晴れますが、気圧の谷や湿った空気の影響で夜は曇るでしょう。  　３１日の京都府は、前線や湿った空気の影響で曇り、北部では明け方から昼前にかけて、南部では朝から昼過ぎにかけて雨が降る見込みです。
京都地方気象台,2022-03-31T04:35:00+09:00,京都府,,　京都府は、前線や湿った空気の影響で曇り、雨の降っている所があります。  　３１日の京都府は、前線や湿った空気の影響で曇り、断続的に雨が降るでしょう。  　４月１日の京都府は、北部では寒気や湿った空気の影響でおおむね曇り、明け方まで雨の降る所がある見込みです。南部では高気圧に覆われておおむね晴れますが、寒気や湿った空気の影響で明け方まで雨の降る所があるでしょう。
京都地方気象台,2022-03-31T10:34:00+09:00,京都府,,　京都府は、前線や湿った空気の影響で雨が降っています。  　３１日の京都府は、前線や湿った空気の影響で曇り、断続的に雨が降るでしょう。  　４月１日の京都府は、北部では寒気や湿った空気の影響でおおむね曇り、明け方まで雨の降る所がある見込みです。南部では高気圧に覆われておおむね晴れますが、寒気や湿った空気の影響で明け方まで雨の降る所があるでしょう。
京都地方気象台,2022-03-31T16:33:00+09:00,京都府,,　京都府は、前線や寒気の影響で曇り、雨の降っている所があります。  　３１日の京都府は、前線や寒気の影響で曇り、雨の降る所があるでしょう。  　４月１日の京都府は、北部では寒気や湿った空気の影響でおおむね曇り、未明は雨の降る所がある見込みです。南部では高気圧に覆われておおむね晴れますが、寒気や湿った空気の影響で未明は雨の降る所があるでしょう。
