publishingOffice,reportDatetime,targetArea,headlineText,text
長崎地方気象台,2022-08-01T04:49:00+09:00,長崎県,,　長崎県は、高気圧に覆われて晴れている所がありますが、湿った空気の影響により、概ね曇りとなっています。  　１日は、高気圧に覆われて晴れる所もありますが、台風や湿った空気の影響により、概ね曇りで雨や雷雨となる所があるでしょう。熱中症の危険性が極めて高い気象状況になることが予測されます。外出はなるべく避け、室内をエアコン等で涼しい環境にして過ごしてください。  　２日は、高気圧に覆われて概ね晴れる所もありますが、湿った空気の影響により曇りで、雨や雷雨となる所があるでしょう。
長崎地方気象台,2022-08-01T10:40:00+09:00,長崎県,,　長崎県は、高気圧に覆われて晴れている所がありますが、湿った空気の影響により、概ね曇りで雨が降っている所があります。  　１日は、高気圧に覆われて晴れる所もありますが、台風や湿った空気の影響により、概ね曇りで雨や雷雨となる所があるでしょう。熱中症の危険性が極めて高い気象状況になることが予測されます。外出はなるべく避け、室内をエアコン等で涼しい環境にして過ごしてください。  　２日は、高気圧に覆われて概ね晴れる所もありますが、湿った空気の影響により曇りで、雨や雷雨となる所があるでしょう。
長崎地方気象台,2022-08-01T16:38:00+09:00,長崎県,,　長崎県は、高気圧に覆われて概ね晴れていますが、湿った空気の影響により、曇りで雨が降っている所があります。  　１日は、高気圧に覆われて晴れる所もありますが、湿った空気の影響により、概ね曇りで雨や雷雨となる所があるでしょう。  　２日は、高気圧に覆われて晴れる所もありますが、湿った空気の影響により、概ね曇りで雨や雷雨となる所があるでしょう。熱中症の危険性が極めて高い気象状況になることが予測されます。外出はなるべく避け、室内をエアコン等で涼しい環境にして過ごしてください。
長崎地方気象台,2022-08-02T04:46:00+09:00,長崎県,,　長崎県は、暖かく湿った空気の影響により概ね曇りで雨が降っている所があります。  　２日は、高気圧に覆われて概ね晴れですが、暖かく湿った空気の影響により曇りで雨が降る所があるでしょう。熱中症の危険性が極めて高い気象状況になることが予測されます。外出はなるべく避け、室内をエアコン等で涼しい環境にして過ごしてください。  　３日は、高気圧に覆われて概ね晴れですが、日射や気圧の谷の影響により曇りで雨が降る所があるでしょう。
長崎地方気象台,2022-08-02T10:34:00+09:00,長崎県,,　長崎県は、高気圧に覆われて概ね晴れています。  　２日は、高気圧に覆われて概ね晴れですが、暖かく湿った空気の影響により曇りで雨が降る所があるでしょう。熱中症の危険性が極めて高い気象状況になることが予測されます。外出はなるべく避け、室内をエアコン等で涼しい環境にして過ごしてください。  　３日は、高気圧に覆われて概ね晴れですが、日射や気圧の谷の影響により曇りで雨が降る所があるでしょう。
長崎地方気象台,2022-08-02T16:34:00+09:00,長崎県,,　長崎県は、高気圧に覆われて概ね晴れています。  　２日は、高気圧に覆われて晴れでしょう。  　３日は、高気圧に覆われて概ね晴れですが、気圧の谷の影響により曇りで雨が降る所があるでしょう。熱中症の危険性が極めて高い気象状況になることが予測されます。外出はなるべく避け、室内をエアコン等で涼しい環境にして過ごしてください。
長崎地方気象台,2022-08-03T04:34:00+09:00,長崎県,,　長崎県は、高気圧に覆われて概ね晴れていますが、湿った空気の影響により曇りで、雨が降っている所があります。  　３日は、高気圧に覆われて概ね晴れですが、気圧の谷や湿った空気の影響により曇りで、雨が降る所があるでしょう。熱中症の危険性が極めて高い気象状況になることが予測されます。外出はなるべく避け、室内をエアコン等で涼しい環境にして過ごしてください。  　４日は、高気圧に覆われて概ね晴れですが、気圧の谷や湿った空気の影響により曇りで、雨が降る所があるでしょう。
長崎地方気象台,2022-08-03T10:34:00+09:00,長崎県,,　長崎県は、高気圧に覆われて概ね晴れていますが、湿った空気の影響により曇りとなっている所があります。  　３日は、高気圧に覆われて概ね晴れですが、気圧の谷や湿った空気の影響により曇りで、雨や雷雨となる所があるでしょう。熱中症の危険性が極めて高い気象状況になることが予測されます。外出はなるべく避け、室内をエアコン等で涼しい環境にして過ごしてください。  　４日は、高気圧に覆われて概ね晴れですが、気圧の谷や湿った空気の影響により曇りで、雨が降る所があるでしょう。
長崎地方気象台,2022-08-03T16:34:00+09:00,長崎県,,　長崎県は、高気圧に覆われて概ね晴れていますが、湿った空気の影響により曇りとなっている所があります。  　３日は、高気圧に覆われて概ね晴れですが、気圧の谷や湿った空気の影響により曇りで、雨が降る所があるでしょう。  　４日は、高気圧に覆われて概ね晴れですが、湿った空気や日射の影響により曇りで、雨が降る所があるでしょう。熱中症の危険性が極めて高い気象状況になることが予測されます。外出はなるべく避け、室内をエアコン等で涼しい環境にして過ごしてください。
長崎地方気象台,2022-08-04T04:43:00+09:00,長崎県,,　長崎県は、高気圧に覆われて概ね晴れていますが、湿った空気の影響により曇りで雨が降っている所があります。  　４日は、高気圧に覆われて概ね晴れますが、湿った空気の影響により曇りで、雨が降る所があるでしょう。熱中症の危険性が極めて高い気象状況になることが予測されます。外出はなるべく避け、室内をエアコン等で涼しい環境にして過ごしてください。  　５日は、湿った空気の影響により概ね曇りで雨が降る所がありますが、高気圧に覆われて次第に晴れるでしょう。
長崎地方気象台,2022-08-04T10:35:00+09:00,長崎県,,　長崎県は、高気圧に覆われて概ね晴れていますが、湿った空気の影響により曇りで雨が降っている所があります。  　４日は、高気圧に覆われて概ね晴れますが、湿った空気の影響により曇りで雨が降る所があるでしょう。熱中症の危険性が極めて高い気象状況になることが予測されます。外出はなるべく避け、室内をエアコン等で涼しい環境にして過ごしてください。  　５日は、湿った空気の影響により概ね曇りで雨が降る所がありますが、高気圧に覆われて次第に晴れるでしょう。
長崎地方気象台,2022-08-04T16:41:00+09:00,長崎県,,　長崎県は、高気圧に覆われて概ね晴れています。  　４日は、高気圧に覆われて概ね晴れますが、湿った空気の影響により雨や雷雨となる所があるでしょう。  　５日は、気圧の谷や湿った空気の影響により概ね曇りとなり、雨や雷雨となる所があるでしょう。熱中症の危険性が極めて高い気象状況になることが予測されます。外出はなるべく避け、室内をエアコン等で涼しい環境にして過ごしてください。
長崎地方気象台,2022-08-05T04:44:00+09:00,長崎県,,　長崎県は、気圧の谷や湿った空気の影響により概ね曇りとなっています。  　５日は、気圧の谷や湿った空気の影響により曇りで雨や雷雨となる所がありますが、高気圧に覆われて次第に晴れるでしょう。熱中症の危険性が極めて高い気象状況になることが予測されます。外出はなるべく避け、室内をエアコン等で涼しい環境にして過ごしてください。  　６日は、気圧の谷や湿った空気の影響により概ね曇りで雨や雷雨となる所があるでしょう。
長崎地方気象台,2022-08-05T10:40:00+09:00,長崎県,,　長崎県は、高気圧に覆われて概ね晴れていますが、日射や暖かく湿った空気の影響により曇りで雨が降っている所があります。  　５日は、高気圧に覆われて晴れる所もありますが、日射や暖かく湿った空気の影響により概ね曇りで、雨や雷雨となる所があるでしょう。熱中症の危険性が極めて高い気象状況になることが予測されます。外出はなるべく避け、室内をエアコン等で涼しい環境にして過ごしてください。  　６日は、気圧の谷や暖かく湿った空気の影響により概ね曇りで雨や雷雨となる所があるでしょう。
長崎地方気象台,2022-08-05T16:34:00+09:00,長崎県,,　長崎県は、高気圧に覆われて概ね晴れていますが、気圧の谷や日射の影響により曇りで雨が降っている所があります。  　５日は、高気圧に覆われて概ね晴れますが、気圧の谷や日射の影響により曇りで雨や雷雨となる所があるでしょう。  　６日は、気圧の谷や暖かく湿った空気の影響により曇りや雨となり、雷を伴い激しく降る所があるでしょう。熱中症の危険性が極めて高い気象状況になることが予測されます。外出はなるべく避け、室内をエアコン等で涼しい環境にして過ごしてください。
長崎地方気象台,2022-08-06T04:44:00+09:00,長崎県,,　長崎県は、気圧の谷や湿った空気の影響により曇りや雨となっています。  　６日は、気圧の谷や湿った空気の影響により曇りや雨となり、雷を伴い激しく降る所があるでしょう。熱中症の危険性が極めて高い気象状況になることが予測されます。外出はなるべく避け、室内をエアコン等で涼しい環境にして過ごしてください。  　７日は、湿った空気の影響により概ね曇りで雨や雷雨となる所がありますが、高気圧に覆われて次第に晴れるでしょう。
長崎地方気象台,2022-08-06T10:40:00+09:00,長崎県,,　長崎県は、気圧の谷や湿った空気の影響により曇りや雨で、雷を伴っている所があります。  　６日は、気圧の谷や湿った空気の影響により曇りや雨となり、雷を伴い激しく降る所があるでしょう。熱中症の危険性が極めて高い気象状況になることが予測されます。外出はなるべく避け、室内をエアコン等で涼しい環境にして過ごしてください。  　７日は、湿った空気の影響により概ね曇りで、雨や雷雨となる所がありますが、高気圧に覆われて次第に晴れるでしょう。
長崎地方気象台,2022-08-06T16:38:00+09:00,長崎県,,　長崎県は、高気圧に覆われて晴れている所もありますが、気圧の谷や湿った空気の影響により概ね曇りで、雨が降っている所があります。  　６日は、高気圧に覆われて晴れる所もありますが、気圧の谷や湿った空気の影響により概ね曇りで、雨や雷雨となる所があるでしょう。  　７日は、湿った空気の影響により概ね曇りで、雨や雷雨となる所がありますが、高気圧に覆われて次第に晴れるでしょう。熱中症の危険性が極めて高い気象状況になることが予測されます。外出はなるべく避け、室内をエアコン等で涼しい環境にして過ごしてください。
長崎地方気象台,2022-08-07T04:49:00+09:00,長崎県,,　長崎県は、気圧の谷や暖かく湿った空気の影響により概ね曇りで、雨や雷雨となっている所があります。  　７日は、気圧の谷や日射の影響により曇りや雨となり、雷を伴い雨が激しく降る所がありますが、高気圧に覆われて次第に晴れるでしょう。熱中症の危険性が極めて高い気象状況になることが予測されます。外出はなるべく避け、室内をエアコン等で涼しい環境にして過ごしてください。  　８日は、高気圧に覆われ概ね晴れですが、暖かく湿った空気や日射の影響により曇りで雨が降る所があるでしょう。
長崎地方気象台,2022-08-07T10:41:00+09:00,長崎県,,　長崎県は、気圧の谷や暖かく湿った空気の影響により曇りや雨で、雷を伴っている所があります。  　７日は、高気圧に覆われて晴れる所もありますが、気圧の谷や日射の影響により概ね曇りで、雨や雷雨となる所があるでしょう。熱中症の危険性が極めて高い気象状況になることが予測されます。外出はなるべく避け、室内をエアコン等で涼しい環境にして過ごしてください。  　８日は、高気圧に覆われ概ね晴れですが、暖かく湿った空気や日射の影響により曇りで雨が降る所があるでしょう。
長崎地方気象台,2022-08-07T16:35:00+09:00,長崎県,,　長崎県は、高気圧に覆われて概ね晴れていますが、暖かく湿った空気の影響により雨や雷雨となっている所があります。  　７日は、高気圧に覆われて概ね晴れますが、暖かく湿った空気の影響により、雨や雷雨となる所があるでしょう。  　８日は、暖かく湿った空気の影響により、曇りで雨や雷雨となる所がありますが、次第に高気圧に覆われて晴れるでしょう。熱中症の危険性が極めて高い気象状況になることが予測されます。外出はなるべく避け、室内をエアコン等で涼しい環境にして過ごしてください。
長崎地方気象台,2022-08-08T04:42:00+09:00,長崎県,,　長崎県は、高気圧に覆われて概ね晴れていますが、暖かく湿った空気の影響により曇りで雨の降っている所があります。  　８日は、高気圧に覆われて概ね晴れますが、暖かく湿った空気の影響により曇りで雨や雷雨となる所があるでしょう。熱中症の危険性が極めて高い気象状況になることが予測されます。外出はなるべく避け、室内をエアコン等で涼しい環境にして過ごしてください。  　９日は、高気圧に覆われて概ね晴れますが、暖かく湿った空気の影響により曇りで雨が降る所があるでしょう。
長崎地方気象台,2022-08-08T10:35:00+09:00,長崎県,,　長崎県は、高気圧に覆われて概ね晴れていますが、暖かく湿った空気の影響により曇りで雨の降っている所があります。  　８日は、高気圧に覆われて概ね晴れますが、暖かく湿った空気や日射の影響により曇りで雨や雷雨となる所があるでしょう。熱中症の危険性が極めて高い気象状況になることが予測されます。外出はなるべく避け、室内をエアコン等で涼しい環境にして過ごしてください。  　９日は、高気圧に覆われて概ね晴れますが、暖かく湿った空気の影響により曇りで雨の降る所があるでしょう。
長崎地方気象台,2022-08-08T16:34:00+09:00,長崎県,,　長崎県は、高気圧に覆われて概ね晴れています。  　８日は、高気圧に覆われて概ね晴れますが、暖かく湿った空気の影響により曇りで雨や雷雨となる所があるでしょう。  　９日は、高気圧に覆われて概ね晴れますが、暖かく湿った空気の影響により曇りで雨の降る所があるでしょう。熱中症の危険性が極めて高い気象状況になることが予測されます。外出はなるべく避け、室内をエアコン等で涼しい環境にして過ごしてください。
長崎地方気象台,2022-08-09T04:37:00+09:00,長崎県,,　長崎県は、高気圧に覆われて概ね晴れていますが、暖かく湿った空気の影響により曇りで雨が降っている所があります。  　９日は、高気圧に覆われて概ね晴れますが、暖かく湿った空気の影響により曇りで雨が降る所があるでしょう。熱中症の危険性が極めて高い気象状況になることが予測されます。外出はなるべく避け、室内をエアコン等で涼しい環境にして過ごしてください。  　１０日は、高気圧に覆われて概ね晴れますが、暖かく湿った空気の影響により曇りで雨が降る所があるでしょう。
長崎地方気象台,2022-08-09T10:32:00+09:00,長崎県,,　長崎県は、高気圧に覆われて概ね晴れていますが、湿った空気の影響により曇りで雨が降っている所があります。  　９日は、高気圧に覆われて概ね晴れますが、湿った空気の影響により曇りで雨が降る所があるでしょう。熱中症の危険性が極めて高い気象状況になることが予測されます。外出はなるべく避け、室内をエアコン等で涼しい環境にして過ごしてください。  　１０日は、高気圧に覆われて概ね晴れますが、湿った空気の影響により曇りで雨が降る所があるでしょう。
長崎地方気象台,2022-08-09T16:36:00+09:00,長崎県,,　長崎県は、高気圧に覆われて概ね晴れています。  　９日は、高気圧に覆われて概ね晴れますが、湿った空気の影響により曇りで雨が降る所があるでしょう。  　１０日は、高気圧に覆われて概ね晴れますが、気圧の谷や湿った空気の影響により曇りで雨が降る所があるでしょう。熱中症の危険性が極めて高い気象状況になることが予測されます。外出はなるべく避け、室内をエアコン等で涼しい環境にして過ごしてください。
長崎地方気象台,2022-08-10T04:43:00+09:00,長崎県,,　長崎県は、高気圧に覆われて概ね晴れていますが、気圧の谷や湿った空気の影響により曇りで雨が降っている所があります。  　１０日は、高気圧に覆われて概ね晴れますが、気圧の谷や湿った空気の影響により曇りで雨が降る所があるでしょう。熱中症の危険性が極めて高い気象状況になることが予測されます。外出はなるべく避け、室内をエアコン等で涼しい環境にして過ごしてください。  　１１日は、高気圧に覆われて概ね晴れますが、気圧の谷や湿った空気の影響により曇りで雨が降る所があるでしょう。
長崎地方気象台,2022-08-10T10:34:00+09:00,長崎県,,　長崎県は、高気圧に覆われて概ね晴れていますが、気圧の谷や暖かく湿った空気の影響により曇りや雨となっている所があります。  　１０日は、高気圧に覆われて概ね晴れますが、気圧の谷や湿った空気の影響により曇りで雨が降る所があるでしょう。熱中症の危険性が極めて高い気象状況になることが予測されます。外出はなるべく避け、室内をエアコン等で涼しい環境にして過ごしてください。  　１１日は、高気圧に覆われて概ね晴れますが、気圧の谷や湿った空気の影響により曇りで雨が降る所があるでしょう。
長崎地方気象台,2022-08-10T16:34:00+09:00,長崎県,,　長崎県は、高気圧に覆われて概ね晴れていますが、暖かく湿った空気の影響により曇りや雨となっている所があります。  　１０日は、高気圧に覆われて概ね晴れますが、暖かく湿った空気の影響により曇りや雨となる所があるでしょう。  　１１日は、高気圧に覆われて概ね晴れますが、気圧の谷や湿った空気の影響により曇りや雨となる所があるでしょう。熱中症の危険性が極めて高い気象状況になることが予測されます。外出はなるべく避け、室内をエアコン等で涼しい環境にして過ごしてください。
長崎地方気象台,2022-08-11T04:42:00+09:00,長崎県,,　長崎県は、高気圧に覆われて概ね晴れていますが、気圧の谷や湿った空気の影響により、曇りや雨となっている所があります。  　１１日は、気圧の谷や湿った空気の影響により概ね曇りとなり、朝にかけて雷を伴い激しく降る所があるでしょう。熱中症の危険性が極めて高い気象状況になることが予測されます。外出はなるべく避け、室内をエアコン等で涼しい環境にして過ごしてください。  　１２日は、気圧の谷や湿った空気の影響により曇りや雨となり、雷を伴う所があるでしょう。
長崎地方気象台,2022-08-11T11:54:00+09:00,長崎県,,　長崎県は、高気圧に覆われて概ね晴れていますが、気圧の谷や湿った空気の影響により曇りで、雨や雷雨となっている所があります。  　１１日は、気圧の谷や湿った空気の影響により曇りで、雨や雷雨となる所があるでしょう。熱中症の危険性が極めて高い気象状況になることが予測されます。外出はなるべく避け、室内をエアコン等で涼しい環境にして過ごしてください。  　１２日は、気圧の谷や湿った空気の影響により曇りや雨となり、雷を伴う所があるでしょう。
長崎地方気象台,2022-08-11T16:37:00+09:00,長崎県,,　長崎県は、気圧の谷や湿った空気の影響により概ね曇りで、雨が降っている所があります。  　１１日は、気圧の谷や湿った空気の影響により概ね曇りで、雨や雷雨となる所があるでしょう。  　１２日は、気圧の谷や湿った空気の影響により曇りや雨となり、雷を伴い激しく降る所があるでしょう。熱中症の危険性が極めて高い気象状況になることが予測されます。外出はなるべく避け、室内をエアコン等で涼しい環境にして過ごしてください。
長崎地方気象台,2022-08-12T05:55:00+09:00,長崎県,,　長崎県は、気圧の谷や暖かく湿った空気の影響により概ね曇りで、雨や雷雨となっている所があります。  　１２日は、気圧の谷や暖かく湿った空気の影響により曇りや雨となり、雷を伴い激しい雨や非常に激しい雨が降る所があるでしょう。熱中症の危険性が極めて高い気象状況になることが予測されます。外出はなるべく避け、室内をエアコン等で涼しい環境にして過ごしてください。  　１３日は、気圧の谷や暖かく湿った空気の影響により雨や曇りとなり、雷を伴い激しく降る所があるでしょう。
長崎地方気象台,2022-08-12T10:40:00+09:00,長崎県,,　長崎県は、気圧の谷や暖かく湿った空気の影響により雨や曇りで、雷を伴い激しく降っている所があります。  　１２日は、気圧の谷や暖かく湿った空気の影響により雨や曇りとなり、雷を伴い非常に激しく降る所があるでしょう。熱中症の危険性が極めて高い気象状況になることが予測されます。外出はなるべく避け、室内をエアコン等で涼しい環境にして過ごしてください。  　１３日は、気圧の谷や暖かく湿った空気の影響により雨や曇りとなり、雷を伴い激しく降る所があるでしょう。
長崎地方気象台,2022-08-12T16:36:00+09:00,長崎県,,　長崎県は、気圧の谷や暖かく湿った空気の影響により曇りや雨となっています。  　１２日は、気圧の谷や暖かく湿った空気の影響により、概ね曇りで雨や雷雨となる所があるでしょう。  　１３日は、気圧の谷や暖かく湿った空気の影響により雨や曇りとなり、雷を伴い激しく降る所があるでしょう。熱中症の危険性が極めて高い気象状況になることが予測されます。外出はなるべく避け、室内をエアコン等で涼しい環境にして過ごしてください。
長崎地方気象台,2022-08-13T04:48:00+09:00,長崎県,,　長崎県は、気圧の谷や暖かく湿った空気の影響により曇りや雨で、雷を伴っている所があります。  　１３日は、気圧の谷や暖かく湿った空気の影響により雨や曇りとなり、雷を伴い激しく降る所があるでしょう。熱中症の危険性が極めて高い気象状況になることが予測されます。外出はなるべく避け、室内をエアコン等で涼しい環境にして過ごしてください。  　１４日は、気圧の谷や暖かく湿った空気の影響により曇りや雨となり、雷を伴う所があるでしょう。
長崎地方気象台,2022-08-13T10:41:00+09:00,長崎県,,　長崎県は、気圧の谷や暖かく湿った空気の影響により曇りや雨で、雷を伴い激しく降っている所があります。  　１３日は、気圧の谷や暖かく湿った空気の影響により曇りや雨となり、雷を伴い激しく降る所があるでしょう。熱中症の危険性が極めて高い気象状況になることが予測されます。外出はなるべく避け、室内をエアコン等で涼しい環境にして過ごしてください。  　１４日は、気圧の谷や暖かく湿った空気の影響により曇りや雨となり、雷を伴う所があるでしょう。
長崎地方気象台,2022-08-13T16:38:00+09:00,長崎県,,　長崎県は、気圧の谷や暖かく湿った空気の影響により曇りで、雨が降っている所があります。  　１３日は、気圧の谷や暖かく湿った空気の影響により曇りとなり、雨や雷雨となり激しく降る所があるでしょう。  　１４日は、気圧の谷や暖かく湿った空気の影響により曇りや雨となり、雷を伴う所があるでしょう。熱中症の危険性が極めて高い気象状況になることが予測されます。外出はなるべく避け、室内をエアコン等で涼しい環境にして過ごしてください。
長崎地方気象台,2022-08-14T04:42:00+09:00,長崎県,,　長崎県は、気圧の谷や暖かく湿った空気の影響により曇りで、雨が降っている所があります。  　１４日は、高気圧に覆われて晴れる所もありますが、気圧の谷や暖かく湿った空気の影響により概ね曇りで、雨や雷雨となる所があるでしょう。熱中症の危険性が極めて高い気象状況になることが予測されます。外出はなるべく避け、室内をエアコン等で涼しい環境にして過ごしてください。  　１５日は、高気圧に覆われて晴れる所もありますが、気圧の谷や暖かく湿った空気の影響により概ね曇りで、雨の降る所があるでしょう。
長崎地方気象台,2022-08-14T10:35:00+09:00,長崎県,,　長崎県は、湿った空気の影響により概ね曇りで、雨が降っている所があります。  　１４日は、高気圧に覆われて晴れる所もありますが、湿った空気の影響により概ね曇りとなり、雨や雷雨となる所があるでしょう。熱中症の危険性が極めて高い気象状況になることが予測されます。外出はなるべく避け、室内をエアコン等で涼しい環境にして過ごしてください。  　１５日は、高気圧に覆われて晴れる所もありますが、湿った空気の影響により概ね曇りとなり、雨の降る所があるでしょう。
長崎地方気象台,2022-08-14T16:36:00+09:00,長崎県,,　長崎県は、高気圧に覆われて概ね晴れていますが、湿った空気の影響により曇りとなり、雨の降っている所があります。  　１４日は、高気圧に覆われて晴れる所もありますが、湿った空気の影響により概ね曇りとなり、雨の降る所があるでしょう。  　１５日は、湿った空気の影響により概ね曇りとなり、雨や雷雨となる所があるでしょう。熱中症の危険性が極めて高い気象状況になることが予測されます。外出はなるべく避け、室内をエアコン等で涼しい環境にして過ごしてください。
長崎地方気象台,2022-08-15T04:53:00+09:00,長崎県,,　長崎県は、湿った空気の影響により曇りで雨が降っている所があります。  　１５日は、湿った空気や日射の影響により概ね曇りで、雨や雷雨となる所があるでしょう。熱中症の危険性が極めて高い気象状況になることが予測されます。外出はなるべく避け、室内をエアコン等で涼しい環境にして過ごしてください。  　１６日は、湿った空気や前線の影響により概ね曇りで、雨や雷雨となり激しく降る所があるでしょう。
長崎地方気象台,2022-08-15T10:40:00+09:00,長崎県,,　長崎県は、高気圧に覆われて概ね晴れていますが、湿った空気の影響により曇りで雨が降っている所があります。  　１５日は、高気圧に覆われて晴れる所もありますが、湿った空気や日射の影響により概ね曇りとなり、雨や雷雨となる所があるでしょう。熱中症の危険性が極めて高い気象状況になることが予測されます。外出はなるべく避け、室内をエアコン等で涼しい環境にして過ごしてください。  　１６日は、湿った空気や前線の影響により概ね曇りで、雨や雷雨となり激しく降る所があるでしょう。
長崎地方気象台,2022-08-15T16:40:00+09:00,長崎県,,　長崎県は、湿った空気や日射の影響により概ね曇りで、雨が降っている所があります。  　１５日は、湿った空気や日射の影響により概ね曇りで、雨や雷雨となる所があるでしょう。  　１６日は、湿った空気や前線の影響により曇りや雨で、雷を伴い激しく降る所があるでしょう。熱中症の危険性が極めて高い気象状況になることが予測されます。外出はなるべく避け、室内をエアコン等で涼しい環境にして過ごしてください。
長崎地方気象台,2022-08-16T04:44:00+09:00,長崎県,,　長崎県は、湿った空気の影響により曇りや雨となっています。  　１６日は、湿った空気や前線の影響により曇りや雨となり、雷を伴い激しく降る所があるでしょう。熱中症の危険性が極めて高い気象状況になることが予測されます。外出はなるべく避け、室内をエアコン等で涼しい環境にして過ごしてください。  　１７日は、前線や湿った空気の影響により曇りや雨となり、雷を伴い非常に激しく降る所があるでしょう。
長崎地方気象台,2022-08-16T10:42:00+09:00,長崎県,,　長崎県は、湿った空気の影響により曇りで、雨や雷雨となっている所があります。  　１６日は、湿った空気や前線の影響により曇りや雨となり、雷を伴い激しく降る所があるでしょう。熱中症の危険性が極めて高い気象状況になることが予測されます。外出はなるべく避け、室内をエアコン等で涼しい環境にして過ごしてください。  　１７日は、前線や湿った空気の影響により雨や曇りとなり、雷を伴い非常に激しく降る所があるでしょう。
長崎地方気象台,2022-08-16T16:40:00+09:00,長崎県,,　長崎県は、湿った空気の影響により曇りで、雨や雷雨となっている所があります。  　１６日は、湿った空気や前線の影響により曇りや雨となり、雷を伴い激しく降る所があるでしょう。  　１７日は、前線や湿った空気の影響により曇り時々雨となり、雷を伴い非常に激しく降る所があるでしょう。
長崎地方気象台,2022-08-17T04:44:00+09:00,長崎県,,　長崎県は、暖かく湿った空気の影響により雨や曇りで、雷を伴い激しく降っている所があります。  　１７日は、前線や暖かく湿った空気の影響により雨や曇りとなり、雷を伴い非常に激しく降る所があるでしょう。  　１８日は、前線や暖かく湿った空気の影響により雨や曇りとなり、雷を伴い激しく降る所があるでしょう。
長崎地方気象台,2022-08-17T10:38:00+09:00,長崎県,,　長崎県は、前線や暖かく湿った空気の影響により雨や曇りで、雷を伴い非常に激しく降っている所があります。  　１７日は、前線や暖かく湿った空気の影響により雨や曇りとなり、雷を伴い非常に激しく降る所があるでしょう。  　１８日は、前線や暖かく湿った空気の影響により雨や曇りとなり、雷を伴い激しく降る所があるでしょう。
長崎地方気象台,2022-08-17T16:37:00+09:00,長崎県,,　長崎県は、前線や暖かく湿った空気の影響により概ね雨で、雷を伴い激しく降っている所があります。  　１７日は、前線や暖かく湿った空気の影響により概ね雨となり、雷を伴い非常に激しく降る所があるでしょう。  　１８日は、前線や暖かく湿った空気の影響により雨や曇りとなり、雷を伴い非常に激しく降る所があるでしょう。
長崎地方気象台,2022-08-18T04:49:00+09:00,長崎県,,　長崎県は、前線や暖かく湿った空気の影響により概ね雨で、雷を伴い激しく降っている所があります。  　１８日は、前線や暖かく湿った空気の影響により雨や曇りとなり、雷を伴い激しく降る所があるでしょう。  　１９日は、暖かく湿った空気の影響により概ね曇りとなり、雨が降る所があるでしょう。
長崎地方気象台,2022-08-18T10:39:00+09:00,長崎県,,　長崎県は、前線や暖かく湿った空気の影響により概ね曇りで、雨が降っている所があります。  　１８日は、前線や暖かく湿った空気の影響により概ね曇りとなり、雨が降る所があるでしょう。  　１９日は、暖かく湿った空気の影響により概ね曇りとなり、雨が降る所があるでしょう。
長崎地方気象台,2022-08-18T16:37:00+09:00,長崎県,,　長崎県は、前線や暖かく湿った空気の影響により概ね曇りで、雨が降っている所があります。  　１８日は、前線や暖かく湿った空気の影響により概ね曇りとなり、雨が降る所があるでしょう。  　１９日は、暖かく湿った空気の影響により概ね曇りとなり、雨が降る所があるでしょう。熱中症の危険性が極めて高い気象状況になることが予測されます。外出はなるべく避け、室内をエアコン等で涼しい環境にして過ごしてください。
長崎地方気象台,2022-08-19T04:42:00+09:00,長崎県,,　長崎県は、高気圧に覆われて晴れている所もありますが、暖かく湿った空気の影響により概ね曇りで、雨が降っている所があります。  　１９日は、高気圧に覆われて晴れる所もありますが、暖かく湿った空気の影響により概ね曇りで雨が降る所があるでしょう。熱中症の危険性が極めて高い気象状況になることが予測されます。外出はなるべく避け、室内をエアコン等で涼しい環境にして過ごしてください。  　２０日は、気圧の谷や暖かく湿った空気の影響により、概ね曇りで次第に雨となり、雷を伴い激しく降る所があるでしょう。
長崎地方気象台,2022-08-19T16:34:00+09:00,長崎県,,　長崎県は、高気圧に覆われて概ね晴れていますが、湿った空気の影響により曇りで雨が降っている所があります。  　１９日は、湿った空気の影響により概ね曇りで雨が降る所があるでしょう。  　２０日は、気圧の谷や暖かく湿った空気の影響により、概ね曇りで次第に雨となり、雷を伴い激しく降る所があるでしょう。熱中症の危険性が極めて高い気象状況になることが予測されます。外出はなるべく避け、室内をエアコン等で涼しい環境にして過ごしてください。
長崎地方気象台,2022-08-20T10:40:00+09:00,長崎県,,　長崎県は、気圧の谷や湿った空気の影響により、概ね曇りで雨が降っている所があります。  　２０日は、気圧の谷や暖かく湿った空気の影響により、曇りで次第に雨となり雷を伴い激しく降る所があるでしょう。熱中症の危険性が極めて高い気象状況になることが予測されます。外出はなるべく避け、室内をエアコン等で涼しい環境にして過ごしてください。  　２１日は、気圧の谷や暖かく湿った空気の影響により、曇りや雨で雷を伴い激しく降る所がありますが、高気圧に覆われて次第に晴れるでしょう。
長崎地方気象台,2022-08-20T16:40:00+09:00,長崎県,,　長崎県は、気圧の谷や湿った空気の影響により、概ね曇りで雨が降っている所があります。  　２０日は、気圧の谷や暖かく湿った空気の影響により、曇りで次第に雨となり雷を伴い激しく降る所があるでしょう。  　２１日は、気圧の谷や暖かく湿った空気の影響により、曇りや雨で雷を伴い激しく降る所がありますが、高気圧に覆われて次第に晴れるでしょう。熱中症の危険性が極めて高い気象状況になることが予測されます。外出はなるべく避け、室内をエアコン等で涼しい環境にして過ごしてください。
長崎地方気象台,2022-08-21T06:06:00+09:00,長崎県,,　長崎県は、気圧の谷や湿った空気の影響により、雨や曇りで雷雨となっている所があります。  　２１日は、気圧の谷や暖かく湿った空気の影響により、曇りや雨で雷雨となる所がありますが、高気圧に覆われて次第に晴れるでしょう。熱中症の危険性が極めて高い気象状況になることが予測されます。外出はなるべく避け、室内をエアコン等で涼しい環境にして過ごしてください。  　２２日は、高気圧に覆われて概ね晴れますが、気圧の谷や湿った空気の影響により曇りで雨の降る所があるでしょう。
長崎地方気象台,2022-08-21T10:40:00+09:00,長崎県,,　長崎県は、気圧の谷や湿った空気の影響により、概ね曇りで雨の降っている所があります。  　２１日は、気圧の谷や湿った空気の影響により、曇りで雨の降る所がありますが、高気圧に覆われて次第に晴れるでしょう。熱中症の危険性が極めて高い気象状況になることが予測されます。外出はなるべく避け、室内をエアコン等で涼しい環境にして過ごしてください。  　２２日は、高気圧に覆われて概ね晴れますが、気圧の谷や湿った空気の影響により、曇りで雨の降る所があるでしょう。
長崎地方気象台,2022-08-21T16:36:00+09:00,長崎県,,　長崎県は、高気圧に覆われて概ね晴れていますが、気圧の谷や湿った空気の影響により曇りで、雨が降っている所があります。  　２１日は、高気圧に覆われて概ね晴れますが、気圧の谷や湿った空気の影響により曇りで、雨が降る所があるでしょう。  　２２日は、高気圧に覆われて概ね晴れますが、気圧の谷や湿った空気の影響により、曇りの所があるでしょう。
長崎地方気象台,2022-08-22T04:43:00+09:00,長崎県,,　長崎県は、高気圧に覆われて概ね晴れています。  　２２日は、高気圧に覆われて概ね晴れますが、気圧の谷や暖かく湿った空気の影響により曇りとなる所があるでしょう。  　２３日は、高気圧に覆われて概ね晴れますが、気圧の谷や暖かく湿った空気の影響により、次第に曇りとなる所があるでしょう。
長崎地方気象台,2022-08-22T10:36:00+09:00,長崎県,,　長崎県は、高気圧に覆われて概ね晴れていますが、気圧の谷や暖かく湿った空気の影響により曇りとなっている所があります。  　２２日は、高気圧に覆われて概ね晴れますが、気圧の谷や暖かく湿った空気の影響により曇りとなる所があるでしょう。  　２３日は、高気圧に覆われて概ね晴れますが、気圧の谷や暖かく湿った空気の影響により、次第に曇りとなる所があるでしょう。
長崎地方気象台,2022-08-22T16:37:00+09:00,長崎県,,　長崎県は、高気圧に覆われて概ね晴れていますが、気圧の谷や暖かく湿った空気の影響により曇りとなっている所があります。  　２２日は、高気圧に覆われて概ね晴れるでしょう。  　２３日は、高気圧に覆われて概ね晴れますが、気圧の谷や暖かく湿った空気の影響により、曇りや雨となる所があるでしょう。熱中症の危険性が極めて高い気象状況になることが予測されます。外出はなるべく避け、室内をエアコン等で涼しい環境にして過ごしてください。
長崎地方気象台,2022-08-23T04:39:00+09:00,長崎県,,　長崎県は、気圧の谷や暖かく湿った空気の影響により、概ね曇りとなっています。  　２３日は、高気圧に覆われて晴れる所もありますが、気圧の谷や暖かく湿った空気の影響により、概ね曇りとなるでしょう。熱中症の危険性が極めて高い気象状況になることが予測されます。外出はなるべく避け、室内をエアコン等で涼しい環境にして過ごしてください。  　２４日は、低気圧や暖かく湿った空気の影響により、曇りや雨となり雷を伴う所があるでしょう。
長崎地方気象台,2022-08-23T10:33:00+09:00,長崎県,,　長崎県は、高気圧に覆われて概ね晴れとなっていますが、気圧の谷や湿った空気の影響により、曇りとなっている所があります。  　２３日は、高気圧に覆われて概ね晴れますが、気圧の谷や湿った空気の影響により、曇りとなる所もあるでしょう。熱中症の危険性が極めて高い気象状況になることが予測されます。外出はなるべく避け、室内をエアコン等で涼しい環境にして過ごしてください。  　２４日は、低気圧や暖かく湿った空気の影響により、曇りや雨となり雷を伴う所があるでしょう。
長崎地方気象台,2022-08-23T16:34:00+09:00,長崎県,,　長崎県は、気圧の谷や湿った空気の影響により、概ね曇りとなっています。  　２３日は、気圧の谷や湿った空気の影響により、曇りとなるでしょう。  　２４日は、低気圧や暖かく湿った空気の影響により曇りとなりますが、早い所では朝から雨で雷を伴う所があるでしょう。
長崎地方気象台,2022-08-24T04:50:00+09:00,長崎県,,　長崎県は、低気圧や暖かく湿った空気の影響により、概ね曇りで雷を伴い激しい雨となっている所があります。  　２４日は、低気圧や暖かく湿った空気の影響により、雨や曇りで雷を伴い非常に激しく降る所があるでしょう。  　２５日は、はじめ低気圧や暖かく湿った空気の影響により、雨で雷を伴う所がありますが、高気圧に覆われ次第に晴れるでしょう。
長崎地方気象台,2022-08-24T10:33:00+09:00,長崎県,,　長崎県は、低気圧や暖かく湿った空気の影響により、概ね雨で雷を伴い激しい雨となっている所があります。  　２４日は、低気圧や暖かく湿った空気の影響により、概ね雨となり、雷を伴い非常に激しく降る所があるでしょう。  　２５日は、はじめ低気圧や暖かく湿った空気の影響により、雨で雷を伴う所がありますが、高気圧に覆われ次第に晴れるでしょう。
長崎地方気象台,2022-08-24T17:13:00+09:00,長崎県,,　長崎県は、低気圧や暖かく湿った空気の影響により、概ね曇りで雨が降っている所があります。  　２４日は、低気圧や暖かく湿った空気の影響により、はじめ曇りや雨となり、雷を伴う所がありますが、次第に曇りとなるでしょう。  　２５日は、低気圧や暖かく湿った空気の影響により、はじめ曇りで雨が降る所がありますが、高気圧に覆われて概ね晴れるでしょう。
長崎地方気象台,2022-08-25T04:37:00+09:00,長崎県,,　長崎県は、高気圧に覆われて概ね晴れています。  　２５日は、高気圧に覆われて概ね晴れるでしょう。  　２６日は、気圧の谷や湿った空気の影響により、概ね曇りとなりますが、高気圧に覆われて朝晩は晴れるでしょう。
長崎地方気象台,2022-08-25T10:35:00+09:00,長崎県,,　長崎県は、高気圧に覆われて概ね晴れています。  　２５日は、高気圧に覆われて晴れるでしょう。  　２６日は、気圧の谷や湿った空気の影響により、概ね曇りとなりますが、高気圧に覆われて朝晩は晴れるでしょう。
長崎地方気象台,2022-08-25T16:35:00+09:00,長崎県,,　長崎県は、高気圧に覆われて概ね晴れています。  　２５日は、高気圧に覆われて概ね晴れるでしょう。  　２６日は、気圧の谷や湿った空気の影響により概ね曇りで雨が降る所がありますが、高気圧に覆われて朝晩を中心に晴れるでしょう。
長崎地方気象台,2022-08-26T04:36:00+09:00,長崎県,,　長崎県は、高気圧に覆われて概ね晴れていますが、気圧の谷の影響により曇りの所があります。  　２６日は、気圧の谷や湿った空気の影響により概ね曇りとなり、雨が降る所がありますが、朝晩は晴れるでしょう。  　２７日は、高気圧に覆われて概ね晴れますが、湿った空気や気圧の谷の影響により曇りとなる所があるでしょう。
長崎地方気象台,2022-08-26T10:36:00+09:00,長崎県,,　長崎県は、気圧の谷の影響により概ね曇りで、雨が降っている所があります。  　２６日は、高気圧に覆われて晴れる所もありますが、気圧の谷や湿った空気の影響により概ね曇りとなり、雨が降る所があるでしょう。  　２７日は、高気圧に覆われて概ね晴れますが、湿った空気や気圧の谷の影響により曇りとなる所があるでしょう。
長崎地方気象台,2022-08-26T16:35:00+09:00,長崎県,,　長崎県は、気圧の谷や湿った空気の影響により概ね曇りで、雨が降っている所があります。  　２６日は、高気圧に覆われて晴れる所もありますが、気圧の谷や湿った空気の影響により概ね曇りとなり、雨が降る所があるでしょう。  　２７日は、高気圧に覆われて概ね晴れますが、湿った空気や気圧の谷の影響により曇りとなる所があるでしょう。
長崎地方気象台,2022-08-27T04:44:00+09:00,長崎県,,　長崎県は、高気圧の影響で晴れている所もありますが、気圧の谷の影響により概ね曇りとなっています。  　２７日は、気圧の谷の影響により曇りとなる所がありますが、高気圧に覆われて概ね晴れるでしょう。  　２８日は、高気圧に覆われて概ね晴れるでしょう。
長崎地方気象台,2022-08-27T10:34:00+09:00,長崎県,,　長崎県は、高気圧に覆われて概ね晴れていますが、気圧の谷の影響により、曇りとなっている所があります。  　２７日は、高気圧に覆われて概ね晴れますが、気圧の谷の影響により、はじめ曇りで雨が降る所があるでしょう。  　２８日は、高気圧に覆われて概ね晴れるでしょう。
長崎地方気象台,2022-08-27T16:33:00+09:00,長崎県,,　長崎県は、高気圧に覆われて概ね晴れていますが、気圧の谷の影響により、曇りとなっている所があります。  　２７日は、高気圧に覆われて概ね晴れとなるでしょう。  　２８日は、高気圧に覆われて概ね晴れとなるでしょう。
長崎地方気象台,2022-08-28T04:40:00+09:00,長崎県,,　長崎県は、高気圧に覆われて概ね晴れています。  　２８日は、高気圧に覆われて概ね晴れとなるでしょう。  　２９日は、高気圧に覆われて概ね晴れますが、湿った空気の影響により、次第に曇りとなる所があるでしょう。
長崎地方気象台,2022-08-28T10:37:00+09:00,長崎県,,　長崎県は、高気圧に覆われて概ね晴れています。  　２８日は、高気圧に覆われて概ね晴れとなるでしょう。  　２９日は、高気圧に覆われて概ね晴れますが、湿った空気の影響により、次第に曇りとなる所があるでしょう。
長崎地方気象台,2022-08-28T16:38:00+09:00,長崎県,,　長崎県は、高気圧に覆われて概ね晴れています。  　２８日は、高気圧に覆われて概ね晴れますが、気圧の谷や湿った空気の影響により、曇りとなる所があるでしょう。  　２９日は、高気圧に覆われて概ね晴れますが、気圧の谷や湿った空気の影響により、曇りとなる所があるでしょう。
長崎地方気象台,2022-08-29T04:36:00+09:00,長崎県,,　長崎県は、高気圧に覆われて概ね晴れています。  　２９日は、高気圧に覆われて概ね晴れますが、気圧の谷や湿った空気の影響により次第に曇りとなり、雨が降る所があるでしょう。  　３０日は、高気圧に覆われて晴れる所もありますが、湿った空気や日射の影響により、概ね曇りで雨や雷雨となる所があるでしょう。
長崎地方気象台,2022-08-29T10:37:00+09:00,長崎県,,　長崎県は、高気圧に覆われて概ね晴れています。  　２９日は、高気圧に覆われて概ね晴れますが、気圧の谷や湿った空気の影響により曇りとなり、雨が降る所があるでしょう。  　３０日は、高気圧に覆われて晴れる所もありますが、湿った空気や日射の影響により、概ね曇りで雨や雷雨となる所があるでしょう。
長崎地方気象台,2022-08-29T16:40:00+09:00,長崎県,,　長崎県は、高気圧に覆われて概ね晴れていますが、気圧の谷や湿った空気の影響により曇りとなっている所があります。  　２９日は、高気圧に覆われて概ね晴れますが、気圧の谷や湿った空気の影響により曇りとなり、雨や雷雨となる所があるでしょう。  　３０日は、高気圧に覆われて概ね晴れますが、気圧の谷や日射の影響により、曇りとなり、雨や雷雨となる所があるでしょう。
長崎地方気象台,2022-08-30T04:48:00+09:00,長崎県,,　長崎県は、気圧の谷や湿った空気の影響により曇りとなっています。  　３０日は、気圧の谷や湿った空気の影響により概ね曇りで雨や雷雨となる所がありますが、高気圧に覆われて晴れる所もあるでしょう。  　３１日は、湿った空気や前線の影響により概ね曇りとなり、雨や雷雨となる所があるでしょう。
長崎地方気象台,2022-08-30T10:44:00+09:00,長崎県,,　長崎県は、高気圧に覆われて概ね晴れですが、気圧の谷や湿った空気の影響により曇りとなっている所があります。  　３０日は、高気圧に覆われて概ね晴れますが、気圧の谷や湿った空気の影響により曇りで雨や雷雨となる所があるでしょう。  　３１日は、湿った空気や前線の影響により概ね曇りで雨や雷雨となる所があるでしょう。
長崎地方気象台,2022-08-30T16:37:00+09:00,長崎県,,　長崎県は、高気圧に覆われて概ね晴れですが、気圧の谷や湿った空気の影響により曇りで雨や雷雨となっている所があります。  　３０日は、高気圧に覆われて概ね晴れますが、気圧の谷や湿った空気の影響により曇りで雨や雷雨となる所があるでしょう。  　３１日は、湿った空気や前線の影響により概ね曇りで雨や雷雨となる所があるでしょう。
長崎地方気象台,2022-08-31T04:37:00+09:00,長崎県,,　長崎県は、湿った空気の影響により概ね曇りで雨が降っている所があります。  　３１日は、はじめ高気圧に覆われて概ね晴れる所もありますが、湿った空気や前線の影響により概ね曇りで、雨や雷雨となる所があるでしょう。  　９月１日は、前線や湿った空気の影響により概ね雨で、雷雨となる所があるでしょう。
長崎地方気象台,2022-08-31T10:37:00+09:00,長崎県,,　長崎県は、湿った空気の影響により概ね曇りで雨が降っている所があります。  　３１日は、はじめ高気圧に覆われて晴れる所もありますが、湿った空気や前線の影響により概ね曇りで、雨や雷雨となる所があるでしょう。  　９月１日は、前線や湿った空気の影響により概ね雨で、雷雨となる所があるでしょう。
長崎地方気象台,2022-08-31T16:36:00+09:00,長崎県,,　長崎県は、高気圧に覆われて晴れている所もありますが、湿った空気の影響により概ね曇りで雨が降っている所があります。  　３１日は、はじめ高気圧に覆われて晴れる所もありますが、湿った空気や前線の影響により概ね曇りで、雨や雷雨となる所があるでしょう。  　９月１日は、前線や湿った空気の影響により概ね雨で、雷を伴い激しく降る所があるでしょう。
