publishingOffice,reportDatetime,targetArea,headlineText,text
秋田地方気象台,2022-08-01T04:35:00+09:00,秋田県,,本州付近は高気圧に覆われています。一方、前線が中国東北区から日本海北部へのびています。  秋田県は、曇りで雨の降っている所があります。  １日は、前線や湿った空気の影響により、曇りや雨で、朝から昼過ぎにかけて雷を伴う所があるでしょう。  ２日は、前線や湿った空気の影響により、曇りや雨で、昼前から雷を伴う所がある見込みです。
秋田地方気象台,2022-08-01T10:37:00+09:00,秋田県,,低気圧が千島の東にあって、前線が北日本へのびています。一方、高気圧が本州付近を覆っています。  秋田県は、曇りで、雨の降っている所があります。  １日は、前線や湿った空気の影響により、曇りで、夕方まで雨の降る所があるでしょう。  ２日は、前線や湿った空気の影響により、曇りや雨で、昼前から雷を伴う所がある見込みです。
秋田地方気象台,2022-08-01T16:35:00+09:00,秋田県,,低気圧が千島の東にあって、前線が北日本へのびています。一方、高気圧が本州付近を覆っています。  秋田県は、曇りで、雨の降っている所があります。  １日夜は、前線や湿った空気の影響により、曇りでしょう。  ２日は、前線や湿った空気の影響により、雨や曇りで、雷を伴って激しく降る所がある見込みです。
秋田地方気象台,2022-08-02T04:35:00+09:00,秋田県,,低気圧が日本海北部にあって、前線が北日本へのびています。  秋田県は、曇りで、雨の降っている所があります。  ２日は、前線や湿った空気の影響により、雨や曇りで、雷を伴って激しく降る所があるでしょう。  ３日は、低気圧や前線の影響により、雨で、雷を伴って非常に激しく降る所がある見込みです。
秋田地方気象台,2022-08-02T10:39:00+09:00,秋田県,,低気圧が日本海北部にあって、前線が北日本へのびています。一方、高気圧が日本の南にあって、本州付近を覆っています。  秋田県は、曇りや雨となっています。  ２日は、前線や湿った空気の影響により、雨や曇りで、雷を伴って激しく降る所があるでしょう。  ３日は、低気圧や前線の影響により、雨で、雷を伴って非常に激しく降る所がある見込みです。
秋田地方気象台,2022-08-02T16:36:00+09:00,秋田県,,低気圧が日本の東にあって、前線が日本海へのびています。一方、高気圧が日本の南にあって、ほとんど停滞しています。  秋田県は、曇りや雨となっています。  ２日夜は、前線や湿った空気の影響により、雨や曇りで、雷を伴う所があるでしょう。  ３日は、低気圧や前線の影響により、雨で、雷を伴って非常に激しく降る所がある見込みです。
秋田地方気象台,2022-08-03T04:37:00+09:00,秋田県,,前線が日本海から東北地方へのびています。一方、高気圧が日本の南にあって、ほとんど停滞しています。  秋田県は、雨で、雷を伴って激しく降っている所があります。  ３日は、低気圧や前線の影響により、雨や曇りで、雷を伴って非常に激しく降る所があるでしょう。  ４日は、前線や湿った空気の影響により、曇りで、明け方まで雨の降る所がある見込みです。
秋田地方気象台,2022-08-03T10:33:00+09:00,秋田県,,低気圧が日本海にあって南東へ進んでおり、前線が東北地方へのびています。  秋田県は、雨で、雷を伴って非常に激しく降っている所があります。  ３日は、低気圧や前線の影響により、雨や曇りで、雷を伴って非常に激しく降る所があるでしょう。  ４日は、前線や湿った空気の影響により、曇りで、明け方まで雨の降る所がある見込みです。
秋田地方気象台,2022-08-03T16:37:00+09:00,秋田県,,前線が日本海から東北地方を通って、日本の東へのびています。  秋田県は、曇りや晴れですが、雨の降っている所があります。  ３日夜は、前線や湿った空気の影響により、曇りや晴れで、雷を伴って雨の降る所があるでしょう。  ４日は、気圧の谷や湿った空気の影響により、曇りですが時々晴れる見込みです。
秋田地方気象台,2022-08-04T04:53:00+09:00,秋田県,,前線が日本海から北陸地方を通って日本の東にのびており、前線上の低気圧が三陸沖を南東に進んでいます。  秋田県は、曇りや晴れとなっています。  ４日は、前線や湿った空気の影響により、曇りや晴れでしょう。  ５日は、高気圧に覆われるため、晴れや曇りの見込みです。
秋田地方気象台,2022-08-04T10:35:00+09:00,秋田県,,前線が日本海から北陸地方を通って日本の東にのびており、前線上の低気圧が三陸沖を東に進んでいます。  秋田県は、曇りや晴れとなっています。  ４日は、前線や湿った空気の影響により、曇りや晴れでしょう。  ５日は、高気圧に覆われるため、晴れや曇りの見込みです。
秋田地方気象台,2022-08-04T16:34:00+09:00,秋田県,,前線が日本海から北陸地方を通って日本の東にのびています。  秋田県は、曇りや晴れとなっています。  ４日夜は、前線や湿った空気の影響により、曇りや晴れでしょう。  ５日は、高気圧に覆われるため、晴れや曇りの見込みです。
秋田地方気象台,2022-08-05T04:37:00+09:00,秋田県,,北日本は高気圧に覆われています。  秋田県は、晴れや曇りとなっています。  ５日は、高気圧に覆われるため、晴れや曇りでしょう。  ６日は、高気圧に覆われるため、晴れや曇りの見込みです。
秋田地方気象台,2022-08-05T10:32:00+09:00,秋田県,,千島の東に高気圧があって、北日本に張り出しています。  秋田県は、晴れや曇りとなっています。  ５日は、高気圧に覆われるため、晴れや曇りでしょう。  ６日は、高気圧に覆われるため、晴れや曇りの見込みです。
秋田地方気象台,2022-08-05T16:32:00+09:00,秋田県,,高気圧が北日本へ張り出しています。  秋田県は、晴れや曇りとなっています。  ５日夜は、高気圧に覆われるため、晴れるでしょう。  ６日は、高気圧に覆われるため、晴れや曇りの見込みです。
秋田地方気象台,2022-08-06T04:34:00+09:00,秋田県,,高気圧が北日本へ張り出しています。  秋田県は、曇りや晴れとなっています。  ６日は、高気圧に覆われて、晴れや曇りでしょう。  ７日は、気圧の谷や湿った空気の影響により、曇りや雨で、昼過ぎから夕方にかけて雷を伴い激しく降る所がある見込みです。
秋田地方気象台,2022-08-06T10:33:00+09:00,秋田県,,高気圧がオホーツク海にあって、北日本へ張り出しています。  秋田県は、晴れや曇りとなっています。  ６日は、高気圧に覆われるため、晴れや曇りでしょう。  ７日は、気圧の谷や湿った空気の影響により、曇りや雨で、午後は雷を伴って激しく降る所がある見込みです。
秋田地方気象台,2022-08-06T16:35:00+09:00,秋田県,,高気圧がオホーツク海にあって、北日本へ張り出しています。  秋田県は、晴れや曇りとなっています。  ６日夜は、湿った空気の影響により、曇りでしょう。  ７日は、上空に寒気を伴った気圧の谷や湿った空気の影響により、曇りや雨で、雷を伴って激しく降る所がある見込みです。
秋田地方気象台,2022-08-07T04:53:00+09:00,秋田県,,日本海は気圧の谷となっています。  秋田県は、曇りや雨で、雷を伴っている所があります。  ７日は、上空に寒気を伴った気圧の谷や湿った空気の影響により、大気の状態が非常に不安定となるため、曇りや雨で、雷を伴って激しく降る所がある見込みです。  ８日は、湿った空気の影響により、曇りや雨で、雷を伴って激しく降る所があるでしょう。
秋田地方気象台,2022-08-07T10:35:00+09:00,秋田県,,日本海は気圧の谷となっています。  秋田県は、曇りで、雨の降っている所があります。  ７日は、上空に寒気を伴った気圧の谷や湿った空気の影響により、大気の状態が非常に不安定となるため、曇りや雨で、雷を伴って激しく降る所があるでしょう。  ８日は、気圧の谷や湿った空気の影響により、曇りや雨で、雷を伴って激しく降る所がある見込みです。
秋田地方気象台,2022-08-07T16:36:00+09:00,秋田県,,日本海は気圧の谷となっています。  秋田県は、曇りや晴れで、雨の降っている所があります。  ７日夜は、上空に寒気を伴った気圧の谷や湿った空気の影響により、曇りや晴れで、雨の降る所があるでしょう。  ８日は、気圧の谷や湿った空気の影響により、曇りや雨で、雷を伴って激しく降る所がある見込みです。
秋田地方気象台,2022-08-08T04:33:00+09:00,秋田県,,前線が華北から日本海中部へのびています。一方、高気圧が日本の東にあってゆっくり南東へ移動しています。  秋田県は、曇りや晴れとなっています。  ８日は、気圧の谷や湿った空気の影響により、曇りや雨で、雷を伴って激しく降る所があるでしょう。  ９日は、前線や湿った空気の影響により、雨で、雷を伴って激しく降る所がある見込みです。
秋田地方気象台,2022-08-08T10:34:00+09:00,秋田県,,前線が華北から日本海へのびています。一方、高気圧が日本の東にあって、ゆっくり南東へ移動しています。  秋田県は、曇りとなっています。  ８日は、前線や湿った空気の影響により、曇りや雨で、雷を伴って激しく降る所があるでしょう。  ９日は、前線や湿った空気の影響により、雨で、雷を伴って激しく降る所がある見込みです。
秋田地方気象台,2022-08-08T16:35:00+09:00,秋田県,,前線が華北から日本海を通って北日本へのびています。一方、高気圧が日本のはるか東にあって、南東へ移動しています。  秋田県は、曇りや晴れですが、雨の降っている所があります。  ８日夜は、前線や湿った空気の影響により、雨で、雷を伴って激しく降る所があるでしょう。  ９日は、前線や湿った空気の影響により、雨で、雷を伴って非常に激しく降る所がある見込みです。
秋田地方気象台,2022-08-09T04:39:00+09:00,秋田県,,前線が華北から日本海を通って北日本へのびています。一方、高気圧が日本のはるか東にあって、南東へ移動しています。  秋田県は、曇りで、雨の降っている所があります。  ９日は、前線や湿った空気の影響により、雨で、雷を伴って非常に激しく降る所があるでしょう。  １０日は、前線や湿った空気の影響により、雨で、雷を伴って非常に激しく降る所がある見込みです。
秋田地方気象台,2022-08-09T10:35:00+09:00,秋田県,,前線が華北から日本海を通って北日本へのびています。一方、高気圧が日本のはるか東にあって、南東へ移動しています。  秋田県は、曇りや雨となっています。  ９日は、前線や湿った空気の影響により、曇りで昼過ぎから雨の降る所が多くなり、雷を伴って非常に激しく降る所があるでしょう。  １０日は、前線や湿った空気の影響により、雨で、雷を伴って非常に激しく降る所がある見込みです。
秋田地方気象台,2022-08-09T16:33:00+09:00,秋田県,,前線が華北から日本海を通って北日本へのびています。  秋田県は、雨や曇りとなっています。  ９日夜は、前線や湿った空気の影響により、雨で、雷を伴って非常に激しく降る所があるでしょう。  １０日は、前線や湿った空気の影響により、雨で、雷を伴って非常に激しく降る所がある見込みです。
秋田地方気象台,2022-08-10T04:37:00+09:00,秋田県,,前線が北日本に停滞しています。一方、高気圧が日本のはるか東にあって、本州付近を覆っています。  秋田県は、雨や曇りとなっています。  １０日は、前線や湿った空気の影響により、雨や曇りで、雷を伴って非常に激しく降る所があるでしょう。  １１日は、前線や湿った空気の影響により、雨で、雷を伴って非常に激しく降る所がある見込みです。
秋田地方気象台,2022-08-10T11:23:00+09:00,秋田県,,前線が北日本に停滞しています。  秋田県は、雨や曇りで、雷を伴い非常に激しく降っている所があります。  １０日は、前線や湿った空気の影響により、雨や曇りで、雷を伴って非常に激しく降る所があるでしょう。  １１日は、前線や湿った空気の影響により、雨で、雷を伴って非常に激しく降る所がある見込みです。
秋田地方気象台,2022-08-10T16:35:00+09:00,秋田県,,前線が東北北部に停滞しています。  秋田県は、曇りや雨となっています。  １０日夜は、前線や湿った空気の影響により、曇りや雨で、雷を伴って激しく降る所があるでしょう。  １１日は、前線や湿った空気の影響により、雨や曇りで、雷を伴って非常に激しく降る所がある見込みです。
秋田地方気象台,2022-08-11T04:35:00+09:00,秋田県,,前線が東北北部に停滞しています。  秋田県は、曇りや雨となっています。  １１日は、前線や湿った空気の影響により、雨で、雷を伴って激しく降る所があるでしょう。  １２日は、前線や湿った空気の影響により、雨で、雷を伴って非常に激しく降る所がある見込みです。
秋田地方気象台,2022-08-11T10:39:00+09:00,秋田県,,前線が東北北部に停滞しています。  秋田県は、曇りや雨となっています。  １１日は、前線や湿った空気の影響により、雨で、雷を伴って激しく降る所があるでしょう。  １２日は、前線や湿った空気の影響により、雨で、雷を伴って非常に激しく降る所がある見込みです。
秋田地方気象台,2022-08-11T16:41:00+09:00,秋田県,,前線が東北北部に停滞しています。  秋田県は、曇りや雨で、雷雨となっている所があります。  １１日夜は、前線や湿った空気の影響により、雨で、雷を伴って激しく降る所があるでしょう。  １２日は、前線や湿った空気の影響により、雨で、雷を伴って非常に激しく降る所がある見込みです。
秋田地方気象台,2022-08-12T04:48:00+09:00,秋田県,,前線が北日本に停滞しています。  秋田県は、雨や曇りで雷を伴っている所があります。  １２日は、前線や湿った空気の影響により、雨や曇りで、雷を伴って非常に激しく降る所があるでしょう。  １３日は、前線や湿った空気の影響により、雨や曇りで、雷を伴って激しく降る所がある見込みです。
秋田地方気象台,2022-08-12T10:37:00+09:00,秋田県,,前線が北日本に停滞しています。  秋田県は、雨や雷雨となっています。  １２日は、前線や湿った空気の影響により、雨や曇りで、雷を伴って非常に激しく降る所があるでしょう。  １３日は、前線や湿った空気の影響により、雨や曇りで、雷を伴って激しく降る所がある見込みです。
秋田地方気象台,2022-08-12T19:08:00+09:00,秋田県,,前線が北日本に停滞しています。  秋田県は、雨や曇りで、雷を伴っている所があります。  １２日夜は、前線や湿った空気の影響により、雨や曇りで、雷を伴って激しく降る所があるでしょう。  １３日は、前線や湿った空気の影響により、雨や曇りで、雷を伴って激しく降る所がある見込みです。  ＜天気変化等の留意点＞ １３日は、北秋鹿角地域では、土砂災害に厳重に警戒し、低い土地の浸水、河川の増水や氾濫に警戒してください。また、落雷や竜巻などの激しい突風、ひょう、急な強い雨に注意してください。
秋田地方気象台,2022-08-13T04:45:00+09:00,秋田県,,前線が北日本に停滞しています。また、台風第８号が日本の南を北上しています。  秋田県は、雨で、雷を伴っている所があります。  １３日は、前線や台風第８号の影響により、雨で、雷を伴って非常に激しく降る所があるでしょう。  １４日は、前線や台風第８号の影響により、曇りや晴れで、雨の降る所がある見込みです。  ＜天気変化等の留意点＞ １３日は、北秋鹿角地域では、土砂災害に厳重に警戒し、低い土地の浸水、河川の増水や氾濫に警戒してください。また、落雷や竜巻などの激しい突風、ひょう、急な強い雨に注意してください。
秋田地方気象台,2022-08-13T10:35:00+09:00,秋田県,,前線が北日本に停滞しています。また、台風第８号が日本の南を北北東へ進んでいます。  秋田県は、曇りや雨で、雷を伴っている所があります。  １３日は、前線や湿った空気の影響により、曇りや雨で、雷を伴って激しく降る所があるでしょう。  １４日は、前線や湿った空気の影響により、曇りや晴れで、雨の降る所がある見込みです。  ＜天気変化等の留意点＞ １３日は、北秋鹿角地域では、土砂災害に厳重に警戒し、河川の増水や氾濫に警戒してください。また、落雷や竜巻などの激しい突風、ひょう、急な強い雨に注意してください。
秋田地方気象台,2022-08-13T16:39:00+09:00,秋田県,,前線が北日本に停滞しています。また、台風第８号が御前崎付近にあって、北東へ進んでいます。一方、高気圧が、日本海にあって東へ移動しています。  秋田県は、曇りや晴れですが、雨や雷雨の所があります。  １３日夜は、前線や湿った空気の影響により、曇りや雨で、雷を伴う所があるでしょう。  １４日は、前線や湿った空気の影響により、曇りや晴れで、雷を伴って雨の降る所があるでしょう。  ＜天気変化等の留意点＞ １４日は、北秋鹿角地域、秋田中央地域では、土砂災害、河川の増水に注意してください。また、落雷や竜巻などの激しい突風、ひょう、急な強い雨に注意してください。
秋田地方気象台,2022-08-14T04:41:00+09:00,秋田県,,前線が北日本に停滞しています。また、台風第８号がいわき市の東にあって、北東へ進んでいます。  秋田県は、曇りで、雨の降っている所があります。  １４日は、前線や上空の寒気の影響により、曇りや晴れで、午後は雷を伴って激しい雨の降る所があるでしょう。  １５日は、低気圧や湿った空気の影響により、曇りや雨で、午後は雷を伴って非常に激しく降る所がある見込みです。  ＜天気変化等の留意点＞ １４日は、北秋鹿角地域、秋田中央地域では、土砂災害、低い土地の浸水、河川の増水に注意してください。また、落雷や竜巻などの激しい突風、ひょう、急な強い雨に注意してください。
秋田地方気象台,2022-08-14T10:39:00+09:00,秋田県,,前線が北日本から千島の東にのびています。また、台風第８号が三陸沖を北東へ進んでいます。  秋田県は、曇りや晴れとなっています。  １４日は、前線や上空の寒気の影響により、曇りや晴れで、雨や雷雨の所があるでしょう。  １５日は、低気圧や湿った空気の影響により、曇りや雨で、夜は雷を伴って非常に激しく降る所がある見込みです。  ＜天気変化等の留意点＞ １４日は、北秋鹿角地域、秋田中央地域では、土砂災害に注意してください。また、落雷や竜巻などの激しい突風、ひょう、急な強い雨に注意してください。
秋田地方気象台,2022-08-14T16:33:00+09:00,秋田県,,東北地方は気圧の谷となっています。  秋田県は、曇りや晴れとなっています。  １４日夜は、気圧の谷や湿った空気の影響により、曇りで、雨の降る所があるでしょう。  １５日は、前線や暖かく湿った空気の影響により、曇りや雨で、夜は雷を伴って非常に激しく降る所がある見込みです。  ＜天気変化等の留意点＞ １５日は、北秋鹿角地域、秋田中央地域では、土砂災害や低い土地の浸水、河川の増水や氾濫に警戒してください。また、落雷や突風、ひょうに注意してください。
秋田地方気象台,2022-08-15T04:34:00+09:00,秋田県,,低気圧が、中国東北区にあって東へ進んでおり、前線が日本海にのびています。一方、本州付近は高気圧に緩やかに覆われています。  秋田県は、曇りとなっています。  １５日は、前線や湿った空気の影響により、曇りで、昼過ぎからは雨の降る所が多いでしょう。夜は雷を伴って非常に激しく降る所がある見込みです。  １６日は、前線や湿った空気の影響により、雨で、雷を伴って非常に激しく降る所があるでしょう。  ＜天気変化等の留意点＞ １５日は、北秋鹿角地域、秋田中央地域では、土砂災害や低い土地の浸水、河川の増水や氾濫に警戒してください。また、竜巻などの激しい突風や落雷、急な強い雨、ひょうに注意してください。
秋田地方気象台,2022-08-15T10:35:00+09:00,秋田県,,低気圧が、中国東北区にあって南東へ進んでおり、前線が日本海にのびています。  秋田県は、曇りとなっています。  １５日は、前線や湿った空気の影響により、曇りで、昼過ぎからは雨の降る所が多いでしょう。夜は雷を伴って非常に激しく降る所がある見込みです。  １６日は、前線や湿った空気の影響により、雨で、雷を伴って非常に激しく降る所があるでしょう。  ＜天気変化等の留意点＞ １５日は、北秋鹿角地域、秋田中央地域では、土砂災害や低い土地の浸水、河川の増水や氾濫に警戒してください。また、落雷や竜巻などの激しい突風、ひょうに注意してください。
秋田地方気象台,2022-08-15T16:42:00+09:00,秋田県,,低気圧が、中国東北区にあって東へ進んでおり、前線が東北北部にのびています。  秋田県は、雨の降っている所が多くなっています。  １５日夜は、前線や湿った空気の影響により、雨の降る所が多いでしょう。雷を伴って非常に激しく降る所がある見込みです。  １６日は、前線や湿った空気の影響により、雨で、雷を伴って非常に激しく降る所があるでしょう。  ＜天気変化等の留意点＞ １６日は、北秋鹿角地域、秋田中央地域では、土砂災害や低い土地の浸水、河川の増水や氾濫に警戒してください。また、落雷や竜巻などの激しい突風、ひょうに注意してください。
秋田地方気象台,2022-08-16T04:34:00+09:00,秋田県,,低気圧が、日本海中部にあって東北東へ進んでおり、前線が北日本にのびています。  秋田県は、曇りや雨となっています。  １６日は、前線や湿った空気の影響により、雨で、昼過ぎにかけて雷を伴って非常に激しく降る所があるでしょう。  １７日は、前線が南下し、次第に高気圧に覆われてくるため、晴れや曇りで、未明に雨の降る所がある見込みです。  ＜天気変化等の留意点＞ １６日は、北秋鹿角地域、秋田中央地域では、土砂災害や低い土地の浸水、河川の増水や氾濫に警戒してください。また、落雷や竜巻などの激しい突風、急な強い雨、ひょうに注意してください。
秋田地方気象台,2022-08-16T10:40:00+09:00,秋田県,,低気圧が北海道の西にあって東北東へ進んでおり、前線が日本海へのびています。  秋田県は、雨や曇りで、雷を伴い激しく降っている所があります。  １６日は、前線や湿った空気の影響により、雨で、昼過ぎにかけて雷を伴って非常に激しく降る所があるでしょう。  １７日は、前線が南下し、次第に高気圧に覆われてくるため、晴れや曇りで、未明は雨の降る所がある見込みです。  ＜天気変化等の留意点＞ １６日は、北秋鹿角地域、秋田中央地域では、土砂災害や低い土地の浸水、河川の増水や氾濫に警戒してください。また、落雷や竜巻などの激しい突風、ひょうに注意してください。
秋田地方気象台,2022-08-16T16:34:00+09:00,秋田県,,低気圧が北海道にあって東北東へ進んでおり、前線が日本海へのびています。  秋田県は、雨や曇りで、激しく降っている所があります。  １６日夜は、前線や湿った空気の影響により、雨で、雷を伴う所があるでしょう。  １７日は、前線が南下し、次第に高気圧に覆われてくるため、晴れや曇りで、朝晩は雨の降る所がある見込みです。  ＜天気変化等の留意点＞ １７日は、北秋鹿角地域、秋田中央地域では、土砂災害に注意してください。
秋田地方気象台,2022-08-17T05:41:00+09:00,秋田県,,前線が華中から東日本を通って、日本の東へのびています。一方、高気圧が中国東北区にあって南東へ移動しています。  秋田県は、曇りや晴れで、雨の降っている所があります。  １７日は、高気圧に覆われますが、前線の影響を受けるため、晴れや曇りで、夜遅くは雨の降る所があるでしょう。  １８日は、前線上の低気圧が北日本を通過するため、雨や曇りで、雷を伴って激しく降る所がある見込みです。  ＜天気変化等の留意点＞ １７日は、北秋鹿角地域、秋田中央地域では、土砂災害に注意してください。
秋田地方気象台,2022-08-17T10:38:00+09:00,秋田県,,前線が、華中から日本海、東日本を通って、日本の東へのびています。一方、高気圧が中国東北区にあって南東へ移動しています。  秋田県は、晴れや曇りとなっています。  １７日は、高気圧に覆われるため、晴れや曇りで、夜遅くは雨の降る所があるでしょう。  １８日は、前線上の低気圧が、北日本を通過するため、雨や曇りで、雷を伴って激しく降る所がある見込みです。  ＜天気変化等の留意点＞ １７日は、北秋鹿角地域では、土砂災害に注意してください。
秋田地方気象台,2022-08-17T16:39:00+09:00,秋田県,,前線が、華中から日本海、東日本を通って、日本の東へのびています。一方、高気圧が日本海にあって南東へ移動しています。  秋田県は、晴れや曇りとなっています。  １７日夜は、前線や湿った空気の影響により、曇りで、夜遅く雨の降る所があるでしょう。  １８日は、前線上の低気圧が、北日本を通過するため、雨で、雷を伴って激しく降る所がある見込みです。  ＜天気変化等の留意点＞ １８日は、秋田中央地域、北秋鹿角地域では、土砂災害、低い土地の浸水、河川の増水や氾濫に警戒してください。また、落雷や竜巻などの激しい突風、ひょうに注意してください。
秋田地方気象台,2022-08-18T06:54:00+09:00,秋田県,,前線を伴った低気圧が日本海にあって、東北東へ進んでいます。  秋田県は、雨が降っています。  １８日は、低気圧が北日本を通過するため、雨の所が多くなり、雷を伴って非常に激しく降る所がある見込みです。  １９日は、高気圧に覆われるため、晴れや曇りでしょう。  ＜天気変化等の留意点＞ １８日は、秋田中央地域、北秋鹿角地域では、土砂災害、低い土地の浸水、河川の増水や氾濫に警戒してください。また、落雷や竜巻などの激しい突風、ひょうに注意してください。なお、秋田中央地域では、強風にも注意してください。
秋田地方気象台,2022-08-18T10:35:00+09:00,秋田県,,低気圧が秋田沖にあって、東北東へ進んでおり、前線が東北地方を通過しています。  秋田県は、雨が降っています。  １８日は、低気圧や前線が東北地方を通過するため、雨の所が多く、昼過ぎまでは雷を伴って非常に激しく降る所もあるでしょう。  １９日は、高気圧に覆われるため、晴れや曇りの見込みです。  ＜天気変化等の留意点＞ １８日は、秋田中央地域、北秋鹿角地域では、土砂災害、低い土地の浸水、河川の増水や氾濫に警戒してください。また、落雷や竜巻などの激しい突風、ひょうに注意してください。秋田中央地域では、強風にも注意してください。
秋田地方気象台,2022-08-18T16:34:00+09:00,秋田県,,低気圧が東北北部にあって、東北東へ進んでいます。一方、高気圧が、朝鮮半島付近にあって、東へ移動しています。  秋田県は、曇りで、雨の降っている所があります。  １８日夜は、低気圧や前線の影響により、曇りで、雨の降る所があるでしょう。  １９日は、高気圧に覆われるため、晴れや曇りの見込みです。  ＜天気変化等の留意点＞ １９日は、秋田中央地域、北秋鹿角地域では、土砂災害に注意してください。
秋田地方気象台,2022-08-19T04:33:00+09:00,秋田県,,東北地方は高気圧に緩やかに覆われています。  秋田県は、曇りや晴れとなっています。  １９日は、高気圧に覆われて、晴れや曇りでしょう。  ２０日は、気圧の谷や湿った空気の影響により、曇りや雨の見込みです。  ＜天気変化等の留意点＞ １９日は、北秋鹿角地域では、土砂災害に注意してください。
秋田地方気象台,2022-08-19T10:35:00+09:00,秋田県,,東北地方は高気圧に緩やかに覆われています。  秋田県は、晴れや曇りですが、雨の降っている所があります。  １９日は、高気圧に覆われて、晴れや曇りでしょう。  ２０日は、気圧の谷や湿った空気の影響により、曇りや雨の見込みです。  ＜天気変化等の留意点＞ １９日は、特にありません。
秋田地方気象台,2022-08-19T16:34:00+09:00,秋田県,,東北地方は高気圧に緩やかに覆われています。  秋田県は、晴れています。  １９日夜は、高気圧に覆われて晴れますが、夜遅くは曇る所が多いでしょう。  ２０日は、低気圧や前線の影響により、曇りや雨となる見込みです。  ＜天気変化等の留意点＞ ２０日は、秋田中央地域、北秋鹿角地域では、土砂災害に注意してください。
秋田地方気象台,2022-08-20T13:18:00+09:00,秋田県,,前線を伴った低気圧が日本海にあって、東北東へ進んでいます。  秋田県は、雨の降っている所が多くなっています。  ２０日は、低気圧や前線の影響により、雨で雷を伴う所があるでしょう。  ２１日は、高気圧に覆われるため、晴れる見込みです。  ＜天気変化等の留意点＞ ２０日は、秋田中央地域、北秋鹿角地域では、土砂災害に注意してください。
秋田地方気象台,2022-08-20T16:33:00+09:00,秋田県,,前線を伴った低気圧が日本海にあって、東へ進んでいます。  秋田県は、曇りで、雨の降っている所があります。  ２０日夜は、低気圧や前線の影響により、曇りで雨の降る所があるでしょう。  ２１日は、高気圧に覆われるため、概ね晴れる見込みです。  ＜天気変化等の留意点＞ ２１日は、特にありません。
秋田地方気象台,2022-08-21T04:33:00+09:00,秋田県,,高気圧が日本海から北日本に張り出しています。  秋田県は、曇りや晴れとなっています。  ２１日は、次第に高気圧に覆われるため、概ね晴れるでしょう。  ２２日は、高気圧に緩やかに覆われるため、晴れる見込みです。  ＜天気変化等の留意点＞ ２１日は、特にありません。
秋田地方気象台,2022-08-21T10:34:00+09:00,秋田県,,高気圧が日本海から北日本へ張り出しています。  秋田県は、晴れています。  ２１日は、高気圧に覆われるため、晴れるでしょう。  ２２日は、高気圧に緩やかに覆われるため、晴れる見込みです。  ＜天気変化等の留意点＞ ２１日は、特にありません。
秋田地方気象台,2022-08-21T16:33:00+09:00,秋田県,,高気圧が日本海にあって、ゆっくり東へ移動しています。  秋田県は、晴れています。  ２１日夜は、高気圧に覆われるため、晴れるでしょう。  ２２日は、高気圧に緩やかに覆われるため、晴れる見込みです。  ＜天気変化等の留意点＞ ２２日は、特にありません。
秋田地方気象台,2022-08-22T04:47:00+09:00,秋田県,,東北地方は、高気圧に緩やかに覆われています。  秋田県は、概ね晴れています。  ２２日は、高気圧に緩やかに覆われるため、晴れでしょう。  ２３日は、前線や湿った空気の影響により、曇りや雨で、雷を伴い激しく降る所がある見込みです。  ＜天気変化等の留意点＞ ２２日は、特にありません。
秋田地方気象台,2022-08-22T10:33:00+09:00,秋田県,,東北地方は、高気圧に緩やかに覆われています。  秋田県は、晴れています。  ２２日は、高気圧に緩やかに覆われるため、晴れるでしょう。  ２３日は、前線や湿った空気の影響により、曇りや雨で、雷を伴い激しく降る所がある見込みです。  ＜天気変化等の留意点＞ ２２日は、特にありません。
秋田地方気象台,2022-08-22T16:33:00+09:00,秋田県,,東北地方は、高気圧に緩やかに覆われています。  秋田県は、晴れています。  ２２日夜は、高気圧に緩やかに覆われるため、晴れるでしょう。  ２３日は、前線や湿った空気の影響により、曇りや雨で、雷を伴う所がある見込みです。  ＜天気変化等の留意点＞ ２３日は、秋田中央地域、北秋鹿角地域では土砂災害に注意してください。また、落雷や突風、ひょう、急な強い雨に注意してください。
秋田地方気象台,2022-08-23T04:43:00+09:00,秋田県,,東北地方は、気圧の谷となっています。  秋田県は、曇りで、雨の降っている所があります。  ２３日は、前線や湿った空気の影響により、雨や曇りで、雷を伴い激しく降る所があるでしょう。  ２４日は、高気圧に覆われるため、晴れる見込みです。  ＜天気変化等の留意点＞ ２３日は、秋田中央地域、北秋鹿角地域では土砂災害に注意してください。また、落雷や突風、ひょう、急な強い雨に注意してください。
秋田地方気象台,2022-08-23T10:33:00+09:00,秋田県,,低気圧が、アムール川下流付近にあって、寒冷前線が日本海にのびています。  秋田県は、曇りや雨となっています。  ２３日は、前線や湿った空気の影響により、曇りや雨で、昼前は雷を伴い激しく降る所があるでしょう。  ２４日は、高気圧に覆われるため、晴れる見込みです。  ＜天気変化等の留意点＞ ２３日は、秋田中央地域、北秋鹿角地域では、落雷や突風、ひょう、急な強い雨に注意してください。
秋田地方気象台,2022-08-23T16:32:00+09:00,秋田県,,寒冷前線が、北日本を通って日本海にのびています。  秋田県は、曇りや雨となっています。  ２３日夜は、前線や湿った空気の影響により、雨や曇りでしょう。  ２４日は、高気圧に覆われるため、概ね晴れる見込みです。  ＜天気変化等の留意点＞ ２４日は、特にありません。
秋田地方気象台,2022-08-24T04:36:00+09:00,秋田県,,寒冷前線が、東北地方を通過しています。一方、高気圧が大陸にあって南東へ移動しています。  秋田県は、曇りや晴れとなっています。  ２４日は、高気圧に覆われるため、晴れるでしょう。  ２５日は、高気圧に覆われるため、晴れや曇りですが、夜遅くは気圧の谷の影響により、雨の降る所がある見込みです。  ＜天気変化等の留意点＞ ２４日は、特にありません。
秋田地方気象台,2022-08-24T10:32:00+09:00,秋田県,,高気圧が中国東北区にあって、南東へ移動しています。  秋田県は、晴れや曇りとなっています。  ２４日は、高気圧に覆われるため、晴れるでしょう。  ２５日は、高気圧に緩やかに覆われるため、晴れや曇りですが、夜遅くは気圧の谷や湿った空気の影響により、雨の降る所がある見込みです。  ＜天気変化等の留意点＞ ２４日は、特にありません。
秋田地方気象台,2022-08-24T16:33:00+09:00,秋田県,,高気圧が日本海にあって、南東へ移動しています。  秋田県は、晴れや曇りとなっています。  ２４日夜は、高気圧に覆われて、晴れるでしょう。  ２５日は、高気圧に覆われるため晴れますが、気圧の谷や湿った空気の影響により、次第に曇りとなり、昼前から雨の降る所がある見込みです。  ＜天気変化等の留意点＞ ２５日は、特にありません。
秋田地方気象台,2022-08-25T04:33:00+09:00,秋田県,,西日本や東日本は気圧の谷となっています。一方、北海道付近は、高気圧に緩やかに覆われています。  秋田県は、晴れや曇りとなっています。  ２５日は、気圧の谷の影響により、曇りで、昼前から雨の降る所があるでしょう。  ２６日は、気圧の谷の影響により、曇りや晴れで、朝晩は雨の降る所がある見込みです。  ＜天気変化等の留意点＞ ２５日は、特にありません。
秋田地方気象台,2022-08-25T10:39:00+09:00,秋田県,,東北地方は気圧の谷となっています。  秋田県は、曇りや晴れですが、雨の降っている所があります。  ２５日は、気圧の谷の影響により、曇りで雨の降る所があるでしょう。  ２６日は、気圧の谷の影響により、曇りや晴れで、朝晩は雨の降る所がある見込みです。  ＜天気変化等の留意点＞ ２５日は、特にありません。
秋田地方気象台,2022-08-25T16:32:00+09:00,秋田県,,東北地方は気圧の谷となっています。  秋田県は、曇りで雨の降っている所があります。  ２５日夜は、気圧の谷の影響により、曇りや雨でしょう。  ２６日は、前線や湿った空気の影響により、曇りや晴れで、はじめ雨の降る所が多い見込みです。  ＜天気変化等の留意点＞ ２６日は、特にありません。
秋田地方気象台,2022-08-26T04:33:00+09:00,秋田県,,前線が東北地方に停滞しています。  秋田県は、曇りで雨の降っている所があります。  ２６日は、前線や湿った空気の影響により、曇りで、明け方まで雨の降る所があるでしょう。  ２７日は、前線や湿った空気の影響により、雨や曇りで、明け方から雷を伴う所がある見込みです。  ＜天気変化等の留意点＞ ２６日は、特にありません。
秋田地方気象台,2022-08-26T10:34:00+09:00,秋田県,,前線が東北地方に停滞しています。  秋田県は、曇りで雨の降っている所があります。  ２６日は、前線や湿った空気の影響により、曇りで、昼過ぎまで雨の降る所があるでしょう。  ２７日は、前線や湿った空気の影響により、雨や曇りで、明け方から雷を伴う所がある見込みです。  ＜天気変化等の留意点＞ ２６日は、特にありません。
秋田地方気象台,2022-08-26T16:34:00+09:00,秋田県,,前線が東北地方に停滞しています。  秋田県は、曇りや晴れとなっています。  ２６日夜は、前線や湿った空気の影響により、曇りでしょう。  ２７日は、前線や湿った空気の影響により、雨や曇りで、夜のはじめ頃は雷を伴って激しく降る所がある見込みです。  ＜天気変化等の留意点＞ ２７日は、秋田中央地域、北秋鹿角地域では、土砂災害に注意してください。また、落雷や突風、ひょう、急な強い雨に注意してください。
秋田地方気象台,2022-08-27T04:39:00+09:00,秋田県,,前線が東北地方に停滞しています。  秋田県は、曇りで、雨や雷雨となっている所があります。  ２７日は、前線や湿った空気の影響により、雨や曇りで、雷を伴って激しく降る所があるでしょう。  ２８日は、気圧の谷の影響により、はじめ雨ですが、その後は高気圧に覆われてくるため、次第に晴れる見込みです。  ＜天気変化等の留意点＞ ２７日は、秋田中央地域、北秋鹿角地域では、土砂災害に注意してください。また、落雷や突風、ひょう、急な強い雨に注意してください。
秋田地方気象台,2022-08-27T10:34:00+09:00,秋田県,,前線が東北地方に停滞しています。  秋田県は、曇りとなってます。  ２７日は、前線や湿った空気の影響により、曇りや雨で、雷を伴って激しく降る所があるでしょう。  ２８日は、気圧の谷の影響により、はじめ雨ですが、その後は高気圧に覆われてくるため、次第に晴れる見込みです。  ＜天気変化等の留意点＞ ２７日は、秋田中央地域、北秋鹿角地域では、土砂災害に注意してください。また、落雷や突風、ひょう、急な強い雨に注意してください。
秋田地方気象台,2022-08-27T16:33:00+09:00,秋田県,,本州付近は気圧の谷となっています。  秋田県は、曇りで雨の降っている所があります。  ２７日夜は、気圧の谷や湿った空気の影響により、雨で、雷を伴って激しく降る所があるでしょう。  ２８日は、気圧の谷や湿った空気の影響により、はじめ雨ですが、次第に高気圧に覆われてくるため、午後は晴れる見込みです。  ＜天気変化等の留意点＞ ２８日は、秋田中央地域、北秋鹿角地域では、土砂災害に注意してください。
秋田地方気象台,2022-08-28T04:40:00+09:00,秋田県,,本州付近は気圧の谷となっています。  秋田県は、曇りや雨となっています。  ２８日は、気圧の谷の影響により、雨や曇りですが、午後は高気圧に覆われてくるため、晴れるでしょう。  ２９日は、高気圧に覆われるため、晴れや曇りの見込みです。  ＜天気変化等の留意点＞ ２８日は、特にありません。
秋田地方気象台,2022-08-28T10:36:00+09:00,秋田県,,本州付近は気圧の谷となっています。一方、高気圧が中国東北区にあって東南東へ移動しています。  秋田県は、曇りで雨の降っている所があります。  ２８日は、気圧の谷の影響により、曇りで雨の降る所がありますが、高気圧に覆われてくるため、次第に晴れるでしょう。  ２９日は、高気圧に覆われるため、晴れや曇りの見込みです。  ＜天気変化等の留意点＞ ２８日は、特にありません。
秋田地方気象台,2022-08-28T16:32:00+09:00,秋田県,,高気圧が日本海にあって東南東へ移動しています。一方、前線が日本の東に停滞しています。  秋田県は、晴れや曇りとなっています。  ２８日夜は、高気圧に覆われるため、晴れるでしょう。  ２９日は、高気圧に覆われて晴れますが、気圧の谷の影響により、夕方からは次第に曇る見込みです。  ＜天気変化等の留意点＞ ２９日は、特にありません。
秋田地方気象台,2022-08-29T04:35:00+09:00,秋田県,,高気圧が東北地方を覆っています。  秋田県は、概ね晴れています。  ２９日は、高気圧に覆われて晴れますが、気圧の谷や湿った空気の影響により、午後は次第に曇りとなる見込みです。  ３０日は、気圧の谷や湿った空気の影響により、曇りで雨の降る所があるでしょう。  ＜天気変化等の留意点＞ ２９日は、特にありません。
秋田地方気象台,2022-08-29T10:32:00+09:00,秋田県,,高気圧が東北地方を覆っています。  秋田県は、晴れています。  ２９日は、高気圧に覆われて晴れますが、気圧の谷や湿った空気の影響により、午後は次第に曇りとなるでしょう。  ３０日は、気圧の谷や湿った空気の影響により、曇りで、雨の降る所がある見込みです。  ＜天気変化等の留意点＞ ２９日は、特にありません。
秋田地方気象台,2022-08-29T16:32:00+09:00,秋田県,,高気圧が三陸沖にあって、東へ移動しています。一方、日本海は気圧の谷となっています。  秋田県は、曇りや晴れとなっています。  ２９日夜は、気圧の谷や湿った空気の影響により、曇りとなるでしょう。  ３０日は、気圧の谷や湿った空気の影響により、曇りで雨の降る所がある見込みです。  ＜天気変化等の留意点＞ ３０日は、特にありません。
秋田地方気象台,2022-08-30T04:34:00+09:00,秋田県,,東北地方は気圧の谷となっています。また、前線が日本の東に停滞しています。  秋田県は、曇りや雨となっています。  ３０日は、気圧の谷や前線の影響により、曇りや雨でしょう。  ３１日は、低気圧や前線の影響により、雨で、雷を伴い激しく降る所がある見込みです。  ＜天気変化等の留意点＞ ３０日は、特にありません。
秋田地方気象台,2022-08-30T10:35:00+09:00,秋田県,,東北地方は気圧の谷となっています。また、前線が日本の東に停滞しています。  秋田県は、曇りで雨の降っている所があります。  ３０日は、気圧の谷や前線の影響により、曇りや雨でしょう。  ３１日は、低気圧や前線の影響により、雨で雷を伴い激しく降る所がある見込みです。  ＜天気変化等の留意点＞ ３０日は、特にありません。
秋田地方気象台,2022-08-30T16:32:00+09:00,秋田県,,東北地方は気圧の谷となっています。また、前線が日本の東に停滞しています。  秋田県は、曇りで雨の降っている所があります。  ３０日夜は、気圧の谷や前線の影響により、雨の降る所が多いでしょう。  ３１日は、前線や低気圧の影響により、雨で雷を伴い激しく降る所がある見込みです。  ＜天気変化等の留意点＞ ３１日は、秋田中央地域、北秋鹿角地域では、低い土地の浸水や河川の増水、土砂災害に注意してください。また、落雷や突風、ひょう、急な強い雨に注意してください
秋田地方気象台,2022-08-31T04:34:00+09:00,秋田県,,前線が華中から東北南部を通って日本の東へのびており、前線上の低気圧が日本海にあって、東北東へ進んでいます。  秋田県は、雨や曇りとなっています。  ３１日は、前線や低気圧の影響により、雨で、昼過ぎから雷を伴い激しく降る所があるでしょう。  ９月１日は、前線の影響により、雨で、昼前まで雷を伴い激しく降る所がある見込みです。  ＜天気変化等の留意点＞ ３１日は、秋田中央地域、北秋鹿角地域では、低い土地の浸水や河川の増水、土砂災害に注意してください。また、落雷や突風、ひょう、急な強い雨に注意してください。
秋田地方気象台,2022-08-31T10:33:00+09:00,秋田県,,前線が日本海から東北地方を通って日本の東へのびており、前線上の低気圧が日本海にあって、東北東へ進んでいます。  秋田県は、雨や曇りとなっています。  ３１日は、前線や低気圧の影響により、雨で、昼過ぎから雷を伴い激しく降る所があるでしょう。  ９月１日は、前線の影響により、雨で、昼前まで雷を伴い激しく降る所がある見込みです。  ＜天気変化等の留意点＞ ３１日は、秋田中央地域、北秋鹿角地域では、低い土地の浸水や河川の増水、土砂災害に注意してください。また、落雷や突風、ひょう、急な強い雨に注意してください
秋田地方気象台,2022-08-31T16:34:00+09:00,秋田県,,前線が日本海から東北地方を通って日本の東へのびており、前線上の低気圧が日本海を東北東へ進んでいます。  秋田県は、雨の降っている所が多くなっています。  ３１日夜は、前線や低気圧の影響により、雨の所が多く、雷を伴い激しく降る所もあるでしょう。  ９月１日は、前線の影響により、雨や曇りで、明け方まで雷を伴い激しく降る所がある見込みです。  ＜天気変化等の留意点＞ ９月１日は、秋田中央地域、北秋鹿角地域では、低い土地の浸水や河川の増水、土砂災害に注意してください。また、落雷や突風、ひょう、急な強い雨に注意してください
