publishingOffice,reportDatetime,targetArea,headlineText,text
高松地方気象台,2022-08-01T04:36:00+09:00,香川県,,　香川県は、高気圧に覆われて晴れています。  　１日は、高気圧に覆われて概ね晴れるでしょう。 　香川県では、１日は熱中症の危険性が極めて高い気象状況になることが予測されます。外出はなるべく避け、室内をエアコン等で涼しい環境にして過ごしてください。  　２日は、引き続き高気圧に覆われて晴れる見込みです。
高松地方気象台,2022-08-01T10:33:00+09:00,香川県,,　香川県は、高気圧に覆われて晴れています。  　１日は、高気圧に覆われて晴れるでしょう。 　香川県では、１日は熱中症の危険性が極めて高い気象状況になることが予測されます。外出はなるべく避け、室内をエアコン等で涼しい環境にして過ごしてください。  　２日は、引き続き高気圧に覆われて晴れる見込みです。
高松地方気象台,2022-08-01T16:33:00+09:00,香川県,,　香川県は、高気圧に覆われて晴れています。  　１日は、高気圧に覆われて晴れるでしょう。  　２日は、引き続き高気圧に覆われて晴れる見込みです。 　香川県では、２日は熱中症の危険性が極めて高い気象状況になることが予測されます。外出はなるべく避け、室内をエアコン等で涼しい環境にして過ごしてください。
高松地方気象台,2022-08-02T04:33:00+09:00,香川県,,　香川県は、高気圧に覆われて概ね晴れています。  　２日は、高気圧に覆われて晴れるでしょう。 　香川県では、２日は熱中症の危険性が極めて高い気象状況になることが予測されます。外出はなるべく避け、室内をエアコン等で涼しい環境にして過ごしてください。  　３日は、高気圧に覆われて概ね晴れる見込みです。
高松地方気象台,2022-08-02T10:33:00+09:00,香川県,,　香川県は、高気圧に覆われて概ね晴れています。  　２日は、高気圧に覆われて晴れるでしょう。 　香川県では、２日は熱中症の危険性が極めて高い気象状況になることが予測されます。外出はなるべく避け、室内をエアコン等で涼しい環境にして過ごしてください。  　３日は、高気圧に覆われて概ね晴れる見込みです。
高松地方気象台,2022-08-02T16:33:00+09:00,香川県,,　香川県は、高気圧に覆われて晴れています。  　２日は、高気圧に覆われて晴れるでしょう。  　３日は、引き続き高気圧に覆われて概ね晴れる見込みです。 　香川県では、３日は熱中症の危険性が極めて高い気象状況になることが予測されます。外出はなるべく避け、室内をエアコン等で涼しい環境にして過ごしてください。
高松地方気象台,2022-08-03T04:34:00+09:00,香川県,,　香川県は、高気圧に覆われて晴れています。  　３日は、高気圧に覆われて晴れますが、夜は湿った空気の影響で曇るでしょう。 　香川県では、３日は熱中症の危険性が極めて高い気象状況になることが予測されます。外出はなるべく避け、室内をエアコン等で涼しい環境にして過ごしてください。  　４日は、湿った空気の影響で概ね曇り、昼前からは雨や雷雨となる所がある見込みです。
高松地方気象台,2022-08-03T10:33:00+09:00,香川県,,　香川県は、高気圧に覆われて晴れています。  　３日は、高気圧に覆われて晴れますが、夜は湿った空気の影響で曇るでしょう。 　香川県では、３日は熱中症の危険性が極めて高い気象状況になることが予測されます。外出はなるべく避け、室内をエアコン等で涼しい環境にして過ごしてください。  　４日は、湿った空気の影響で概ね曇り、昼前からは雨や雷雨となる所がある見込みです。
高松地方気象台,2022-08-03T16:34:00+09:00,香川県,,　香川県は、高気圧に覆われて晴れています。  　３日は、高気圧に覆われて概ね晴れるでしょう。  　４日は、湿った空気の影響で概ね曇り、昼前からは雨や雷雨となる所がある見込みです。 　香川県では、４日は熱中症の危険性が極めて高い気象状況になることが予測されます。外出はなるべく避け、室内をエアコン等で涼しい環境にして過ごしてください。
高松地方気象台,2022-08-04T04:34:00+09:00,香川県,,　香川県は、高気圧に覆われて概ね晴れています。  　４日は、湿った空気の影響で概ね曇るでしょう。昼前から雨や雷雨となる所がある見込みです。 　香川県では、４日は熱中症の危険性が極めて高い気象状況になることが予測されます。外出はなるべく避け、室内をエアコン等で涼しい環境にして過ごしてください。  　５日は、湿った空気の影響で概ね曇り、雨や雷雨となる所があるでしょう。
高松地方気象台,2022-08-04T10:32:00+09:00,香川県,,　香川県は、湿った空気の影響で概ね曇り、雨の降っている所があります。  　４日は、湿った空気の影響で概ね曇り、雨や雷雨となる所がある見込みです。 　香川県では、４日は熱中症の危険性が極めて高い気象状況になることが予測されます。外出はなるべく避け、室内をエアコン等で涼しい環境にして過ごしてください。  　５日は、湿った空気の影響で概ね曇り、雨や雷雨となる所があるでしょう。
高松地方気象台,2022-08-04T16:34:00+09:00,香川県,,　香川県は、高気圧に覆われて概ね晴れています。  　４日は、高気圧に覆われて概ね晴れますが、大気の状態が不安定となるため、雨や雷雨となる所があるでしょう。  　５日は、気圧の谷や湿った空気の影響で概ね曇り、雨や雷雨となる所がある見込みです。明け方から朝にかけて、激しく降る所があるでしょう。 　香川県では、５日は熱中症の危険性が極めて高い気象状況になることが予測されます。外出はなるべく避け、室内をエアコン等で涼しい環境にして過ごしてください。
高松地方気象台,2022-08-05T04:34:00+09:00,香川県,,　香川県は、高気圧に覆われて概ね晴れています。  　５日は、気圧の谷や湿った空気の影響で概ね曇り、雨や雷雨となる所があるでしょう。 　香川県では、５日は熱中症の危険性が極めて高い気象状況になることが予測されます。外出はなるべく避け、室内をエアコン等で涼しい環境にして過ごしてください。  　６日は、湿った空気の影響で概ね曇り、昼前から雨や雷雨となる所がある見込みです。
高松地方気象台,2022-08-05T13:47:00+09:00,香川県,,　香川県は、湿った空気の影響で概ね曇り、雨や雷雨となっている所があります。  　５日は、湿った空気の影響で夕方まで雨となるでしょう。夜は概ね曇る見込みです。夕方にかけて激しい雨や雷雨となる所があるでしょう。 　香川県では、５日は熱中症の危険性が極めて高い気象状況になることが予測されます。外出はなるべく避け、室内をエアコン等で涼しい環境にして過ごしてください。  　６日は、湿った空気の影響で概ね曇り、昼前から雨や雷雨となる所がある見込みです。
高松地方気象台,2022-08-05T16:35:00+09:00,香川県,,　香川県は、高気圧に覆われて概ね晴れていますが、湿った空気の影響で雨の降っている所があります。  　５日は、湿った空気の影響で曇り、雨や雷雨となる所があるでしょう。  　６日は、湿った空気の影響で概ね曇り、雨や雷雨となる所がある見込みです。昼過ぎは激しく降る所があるでしょう。 　香川県では、６日は熱中症の危険性が極めて高い気象状況になることが予測されます。外出はなるべく避け、室内をエアコン等で涼しい環境にして過ごしてください。
高松地方気象台,2022-08-06T04:38:00+09:00,香川県,,　香川県は、湿った空気の影響で概ね曇り、雨の降っている所があります。  　６日は、湿った空気の影響で曇り、雨や雷雨の所があるでしょう。午後は激しい雨の降る所がある見込みです。 　香川県では、６日は熱中症の危険性が極めて高い気象状況になることが予測されます。外出はなるべく避け、室内をエアコン等で涼しい環境にして過ごしてください。  　７日は、湿った空気の影響で曇り、雨や雷雨の所があるでしょう。午後は激しい雨の降る所がある見込みです。
高松地方気象台,2022-08-06T10:35:00+09:00,香川県,,　香川県は、湿った空気の影響で概ね曇り、雨の降っている所があります。  　６日は、湿った空気の影響で曇り、雨や雷雨の所があるでしょう。午後は激しい雨の降る所がある見込みです。 　香川県では、６日は熱中症の危険性が極めて高い気象状況になることが予測されます。外出はなるべく避け、室内をエアコン等で涼しい環境にして過ごしてください。  　７日は、湿った空気の影響で曇り、雨や雷雨の所があるでしょう。午後は激しい雨の降る所がある見込みです。
高松地方気象台,2022-08-06T16:33:00+09:00,香川県,,　香川県は、高気圧に覆われて概ね晴れていますが、湿った空気の影響で雨や雷雨となっている所があります。  　６日は、湿った空気の影響で概ね曇り、雨や雷雨の所がある見込みです。  　７日は、湿った空気の影響で概ね曇り、雨や雷雨の所があるでしょう。午後は激しい雨の降る所がある見込みです。
高松地方気象台,2022-08-07T04:35:00+09:00,香川県,,　香川県は、湿った空気の影響で概ね曇り、雨となっている所があります。  　７日は、湿った空気の影響で概ね曇り、昼過ぎから夜のはじめ頃にかけて激しい雨や雷雨となる所があるでしょう。 　香川県では、７日は熱中症の危険性が極めて高い気象状況になることが予測されます。外出はなるべく避け、室内をエアコン等で涼しい環境にして過ごしてください。  　８日は、高気圧に覆われて概ね晴れますが、昼過ぎから夕方にかけて激しい雨や雷雨となる所がある見込みです。
高松地方気象台,2022-08-07T10:36:00+09:00,香川県,,　香川県は、湿った空気の影響で概ね曇り、激しい雨となっている所があります。  　７日は、湿った空気の影響で概ね曇り、雨や雷雨となる所がある見込みです。夕方にかけて非常に激しい雨の降る所があるでしょう。 　香川県では、７日は熱中症の危険性が極めて高い気象状況になることが予測されます。外出はなるべく避け、室内をエアコン等で涼しい環境にして過ごしてください。  　８日は、高気圧に覆われて概ね晴れますが、昼過ぎから夕方にかけて激しい雨や雷雨となる所がある見込みです。
高松地方気象台,2022-08-07T16:34:00+09:00,香川県,,　香川県は、高気圧に覆われて概ね晴れていますが、湿った空気の影響で雨や雷雨となっている所があります。  　７日は、湿った空気の影響で概ね曇り、雨や雷雨となる所がある見込みです。夜のはじめ頃にかけて激しい雨の降る所があるでしょう。  　８日は、高気圧に覆われて概ね晴れますが、昼過ぎから夕方を中心に激しい雨や雷雨となる所がある見込みです。 　香川県では、８日は熱中症の危険性が極めて高い気象状況になることが予測されます。外出はなるべく避け、室内をエアコン等で涼しい環境にして過ごしてください。
高松地方気象台,2022-08-08T04:34:00+09:00,香川県,,　香川県は、高気圧に覆われて晴れています。  　８日は、高気圧に覆われて概ね晴れますが、湿った空気の影響で午後は激しい雨や雷雨となる所があるでしょう。 　香川県では、８日は熱中症の危険性が極めて高い気象状況になることが予測されます。外出はなるべく避け、室内をエアコン等で涼しい環境にして過ごしてください。  　９日は、高気圧に覆われて概ね晴れますが、湿った空気の影響で午後は雨や雷雨となる所がある見込みです。
高松地方気象台,2022-08-08T10:33:00+09:00,香川県,,　香川県は、高気圧に覆われて晴れています。  　８日は、高気圧に覆われて概ね晴れますが、大気の状態が不安定となるため午後は激しい雨や雷雨となる所があるでしょう。 　香川県では、８日は熱中症の危険性が極めて高い気象状況になることが予測されます。外出はなるべく避け、室内をエアコン等で涼しい環境にして過ごしてください。  　９日は、高気圧に覆われて概ね晴れますが、大気の状態が不安定となるため午後は雨や雷雨となる所がある見込みです。
高松地方気象台,2022-08-08T20:05:00+09:00,香川県,,　香川県は、高気圧に覆われて概ね晴れています。  　８日は、高気圧に覆われて晴れるでしょう。  　９日は、引き続き高気圧に覆われて概ね晴れるでしょう。大気の状態が不安定となるため、午後は雨や雷雨となる所がある見込みです。 　香川県では、９日は熱中症の危険性が極めて高い気象状況になることが予測されます。外出はなるべく避け、室内をエアコン等で涼しい環境にして過ごしてください。
高松地方気象台,2022-08-09T04:33:00+09:00,香川県,,　香川県は、高気圧に覆われて概ね晴れています。  　９日は、高気圧に覆われて概ね晴れますが、湿った空気や日射の影響で午後は雨や雷雨となる所があるでしょう。昼過ぎから夕方にかけて激しい雨の降る所がある見込みです。 　香川県では、９日は熱中症の危険性が極めて高い気象状況になることが予測されます。外出はなるべく避け、室内をエアコン等で涼しい環境にして過ごしてください。  　１０日は、引き続き高気圧に覆われて概ね晴れますが、湿った空気や日射の影響で午後は雨や雷雨となる所があるでしょう。
高松地方気象台,2022-08-09T10:39:00+09:00,香川県,,　香川県は、高気圧に覆われて晴れています。  　９日は、高気圧に覆われて概ね晴れますが、湿った空気や日射の影響で午後は雨や雷雨となる所があるでしょう。昼過ぎから夕方にかけて激しい雨の降る所がある見込みです。 　香川県では、９日は熱中症の危険性が極めて高い気象状況になることが予測されます。外出はなるべく避け、室内をエアコン等で涼しい環境にして過ごしてください。  　１０日は、引き続き高気圧に覆われて概ね晴れますが、湿った空気や日射の影響で午後は雨や雷雨となる所があるでしょう。
高松地方気象台,2022-08-09T16:36:00+09:00,香川県,,　香川県は、高気圧に覆われて概ね晴れていますが、湿った空気や日射の影響で大気の状態が不安定となっているため、雨の降っている所があります。  　９日は、高気圧に覆われて概ね晴れますが、大気の状態が不安定となっているため雨や雷雨となる所があるでしょう。  　１０日は、引き続き高気圧に覆われて概ね晴れますが、午後は湿った空気や日射の影響で大気の状態が不安定となるため、雨や雷雨となる所がある見込みです。 　香川県では、１０日は熱中症の危険性が極めて高い気象状況になることが予測されます。外出はなるべく避け、室内をエアコン等で涼しい環境にして過ごしてください。
高松地方気象台,2022-08-10T04:34:00+09:00,香川県,,　香川県は、高気圧に覆われて晴れています。  　１０日は、高気圧に覆われて概ね晴れるでしょう。午後は湿った空気や日射の影響で大気の状態が不安定となるため、雨や雷雨となる所がある見込みです。 　香川県では、１０日は熱中症の危険性が極めて高い気象状況になることが予測されます。外出はなるべく避け、室内をエアコン等で涼しい環境にして過ごしてください。  　１１日は、引き続き、高気圧に覆われて概ね晴れるでしょう。午後は湿った空気や日射の影響で大気の状態が不安定となるため、雨や雷雨となる所がある見込みです。
高松地方気象台,2022-08-10T10:34:00+09:00,香川県,,　香川県は、湿った空気の影響で、概ね曇りとなっています。  　１０日は、湿った空気の影響で概ね曇りで、午後は雨や雷雨となる所があり、激しく降る所もあるでしょう。 　香川県では、１０日は熱中症の危険性が極めて高い気象状況になることが予測されます。外出はなるべく避け、室内をエアコン等で涼しい環境にして過ごしてください。  　１１日は、高気圧に覆われて概ね晴れますが、午後は雨や雷雨となる所がある見込みです。
高松地方気象台,2022-08-10T16:35:00+09:00,香川県,,　香川県は、高気圧に覆われて概ね晴れていますが、湿った空気の影響で雨の降っている所があります。  　１０日は、高気圧に覆われて概ね晴れますが、湿った空気の影響で雨や雷雨となる所があり、激しく降る所もある見込みです。  　１１日は、高気圧に覆われて概ね晴れますが、湿った空気の影響で午後は雨や雷雨となる所があり、激しく降る所もある見込みです。 　香川県では、１１日は熱中症の危険性が極めて高い気象状況になることが予測されます。外出はなるべく避け、室内をエアコン等で涼しい環境にして過ごしてください。
高松地方気象台,2022-08-11T04:36:00+09:00,香川県,,　香川県は、湿った空気の影響で概ね曇っています。  　１１日は、湿った空気の影響で概ね曇るでしょう。昼過ぎから夜のはじめ頃にかけては、雨や雷雨となる所があり、激しく降る所もある見込みです。 　香川県では、１１日は熱中症の危険性が極めて高い気象状況になることが予測されます。外出はなるべく避け、室内をエアコン等で涼しい環境にして過ごしてください。  　１２日は、湿った空気の影響で概ね曇り、夕方から夜のはじめ頃にかけては、雨や雷雨となる所があるでしょう。
高松地方気象台,2022-08-11T10:33:00+09:00,香川県,,　香川県は、高気圧に覆われて概ね晴れています。  　１１日は、湿った空気の影響で概ね曇るでしょう。昼過ぎから夜のはじめ頃にかけては、雨や雷雨となる所があり、激しく降る所もある見込みです。 　香川県では、１１日は熱中症の危険性が極めて高い気象状況になることが予測されます。外出はなるべく避け、室内をエアコン等で涼しい環境にして過ごしてください。  　１２日は、湿った空気の影響で概ね曇り、午後は雨や雷雨となる所があるでしょう。
高松地方気象台,2022-08-11T16:35:00+09:00,香川県,,　香川県は、湿った空気の影響で概ね曇り、雨の降っている所があります。  　１１日は、湿った空気の影響で概ね曇り、激しい雨や雷雨となる所がある見込みです。  　１２日は、湿った空気の影響で概ね曇り、午後は激しい雨や雷雨となる所があるでしょう。 　香川県では、１２日は熱中症の危険性が極めて高い気象状況になることが予測されます。外出はなるべく避け、室内をエアコン等で涼しい環境にして過ごしてください。
高松地方気象台,2022-08-12T04:33:00+09:00,香川県,,　香川県は、湿った空気の影響で曇り、雨の降っている所があります。  　１２日は、湿った空気の影響で概ね曇り、午後は雨や雷雨となる所があり、激しく降る所もある見込みです。 　香川県では、１２日は熱中症の危険性が極めて高い気象状況になることが予測されます。外出はなるべく避け、室内をエアコン等で涼しい環境にして過ごしてください。　  　１３日は、気圧の谷や湿った空気の影響で曇り、雨や雷雨となる所があり、午後は激しく降る所があるでしょう。
高松地方気象台,2022-08-12T10:35:00+09:00,香川県,,　香川県は、湿った空気の影響で曇りとなっています。  　１２日は、湿った空気の影響で概ね曇り、午後は雨や雷雨となる所があるでしょう。激しく降る所もある見込みです。 　香川県では、１２日は熱中症の危険性が極めて高い気象状況になることが予測されます。外出はなるべく避け、室内をエアコン等で涼しい環境にして過ごしてください。　  　１３日は、気圧の谷や湿った空気の影響で曇り、雨や雷雨となる所があり、午後は激しく降る所があるでしょう。
高松地方気象台,2022-08-12T16:34:00+09:00,香川県,,　香川県は、湿った空気の影響で概ね曇りとなっています。  　１２日は、湿った空気の影響で概ね曇り、雨や雷雨となる所があるでしょう。  　１３日は、気圧の谷や湿った空気の影響で概ね曇り、雨や雷雨となる所がある見込みです。 　香川県では、１３日は熱中症の危険性が極めて高い気象状況になることが予測されます。外出はなるべく避け、室内をエアコン等で涼しい環境にして過ごしてください。
高松地方気象台,2022-08-13T04:34:00+09:00,香川県,,　香川県は、湿った空気の影響で概ね曇り、雨の降っている所があります。  　１３日は、湿った空気の影響で概ね曇り、雨や雷雨となる所があるでしょう。 　香川県では、１３日は熱中症の危険性が極めて高い気象状況になることが予測されます。外出はなるべく避け、室内をエアコン等で涼しい環境にして過ごしてください。  　１４日は、湿った空気の影響で概ね曇り、雨や雷雨となる所がある見込みです。
高松地方気象台,2022-08-13T10:33:00+09:00,香川県,,　香川県は、高気圧に覆われて概ね晴れています。  　１３日は、湿った空気の影響で概ね曇り、夜のはじめ頃まで雨や雷雨となる所があるでしょう。 　香川県では、１３日は熱中症の危険性が極めて高い気象状況になることが予測されます。外出はなるべく避け、室内をエアコン等で涼しい環境にして過ごしてください。  　１４日は、引き続き湿った空気の影響で概ね曇り、雨や雷雨となる所がある見込みです。
高松地方気象台,2022-08-13T16:35:00+09:00,香川県,,　香川県は、高気圧に覆われて概ね晴れています。  　１３日は、湿った空気の影響で概ね曇り、雨や雷雨となる所がある見込みです。  　１４日は、引き続き湿った空気の影響で概ね曇り、雨や雷雨となる所があるでしょう。 　香川県では、１４日は熱中症の危険性が極めて高い気象状況になることが予測されます。外出はなるべく避け、室内をエアコン等で涼しい環境にして過ごしてください。
高松地方気象台,2022-08-14T04:35:00+09:00,香川県,,　香川県は、気圧の谷や湿った空気の影響で概ね曇りとなっています。  　１４日は、湿った空気の影響で概ね曇り、雨や雷雨となる所があるでしょう。 　香川県では、１４日は熱中症の危険性が極めて高い気象状況になることが予測されます。外出はなるべく避け、室内をエアコン等で涼しい環境にして過ごしてください。  　１５日は、高気圧に覆われて概ね晴れる見込みです。
高松地方気象台,2022-08-14T10:37:00+09:00,香川県,,　香川県は、湿った空気の影響で概ね曇りとなっています。  　１４日は、湿った空気の影響で概ね曇り、雨や雷雨となる所があるでしょう。 　香川県では、１４日は熱中症の危険性が極めて高い気象状況になることが予測されます。外出はなるべく避け、室内をエアコン等で涼しい環境にして過ごしてください。  　１５日は、高気圧に覆われて概ね晴れる見込みです。  ＜天気変化等の留意点＞ 　１４日は、湿った空気の影響で概ね曇り、雨や雷雨となる所があるでしょう。 　香川県では、１４日は熱中症の危険性が極めて高い気象状況になることが予測されます。 　１４日は、天気が急に変わることがありますので、雷や突風、急な強い雨に注意してください。
高松地方気象台,2022-08-14T20:03:00+09:00,香川県,,　香川県は、高気圧に覆われて晴れています。  　１４日は、高気圧に覆われて晴れるでしょう。  　１５日は、高気圧に覆われて概ね晴れますが、昼過ぎから夜のはじめ頃は、日射や湿った空気の影響で雷となる所がある見込みです。 　香川県では、１５日は熱中症の危険性が極めて高い気象状況になることが予測されます。外出はなるべく避け、室内をエアコン等で涼しい環境にして過ごしてください。  ＜天気変化等の留意点＞ 　香川県では、１５日は熱中症の危険性が極めて高い気象状況になることが予測されます。屋外作業等では留意してください。 　１５日昼過ぎから夜のはじめ頃は、天気が急に変わることがありますので、雷や突風、急な強い雨に注意してください。
高松地方気象台,2022-08-15T04:35:00+09:00,香川県,,　香川県は、高気圧に覆われて概ね晴れています。  　１５日は、高気圧に覆われて概ね晴れますが、昼過ぎから夜のはじめ頃にかけては、日射や湿った空気の影響で雨や雷雨となる所があるでしょう。 　香川県では、１５日は熱中症の危険性が極めて高い気象状況になることが予測されます。外出はなるべく避け、室内をエアコン等で涼しい環境にして過ごしてください。  　１６日は、湿った空気や前線の影響で概ね曇り、昼過ぎから夜のはじめ頃にかけては、雨や雷雨となる所がある見込みです。  ＜天気変化等の留意点＞ 　香川県では、１５日は熱中症の危険性が極めて高い気象状況になることが予測されます。屋外作業等では留意してください。 　１５日昼過ぎから夜のはじめ頃にかけては、天気が急に変わることがありますので、雷や突風、急な強い雨に注意してください。
高松地方気象台,2022-08-15T10:36:00+09:00,香川県,,　香川県は、高気圧に覆われて概ね晴れています。  　１５日は、高気圧に覆われて概ね晴れますが、午後は湿った空気の影響で雨や雷雨となる所があるでしょう。 　香川県では、１５日は熱中症の危険性が極めて高い気象状況になることが予測されます。外出はなるべく避け、室内をエアコン等で涼しい環境にして過ごしてください。  　１６日は、湿った空気の影響で概ね曇り、午後は雨や雷雨となる所がある見込みです。  ＜天気変化等の留意点＞ 　香川県では、１５日は熱中症の危険性が極めて高い気象状況になることが予測されます。屋外作業等では留意してください。 　１５日昼過ぎから夜のはじめ頃は、天気が急に変わることがありますので、雷や突風、急な強い雨に注意してください。
高松地方気象台,2022-08-15T16:36:00+09:00,香川県,,　香川県は、湿った空気の影響で概ね曇り、雨や雷雨となっている所があります。  　１５日は、湿った空気の影響で概ね曇り、雨や雷雨となる所があるでしょう。  　１６日は、引き続き湿った空気の影響で概ね曇り、午後は雨や雷雨となる所がある見込みです。 　香川県では、１６日は熱中症の危険性が極めて高い気象状況になることが予測されます。外出はなるべく避け、室内をエアコン等で涼しい環境にして過ごしてください。
高松地方気象台,2022-08-16T04:40:00+09:00,香川県,,　香川県は、湿った空気の影響で概ね曇り、雨の降っている所があります。  　１６日は、湿った空気の影響で概ね曇り、午後は雨や雷雨となる所があるでしょう。 　香川県では、１６日は熱中症の危険性が極めて高い気象状況になることが予測されます。外出はなるべく避け、室内をエアコン等で涼しい環境にして過ごしてください。  　１７日は、前線や湿った空気の影響で日中を中心に雨となり、雷を伴う所もある見込みです。
高松地方気象台,2022-08-16T10:33:00+09:00,香川県,,　香川県は、湿った空気の影響で概ね曇り、雨の降っている所があります。  　１６日は、湿った空気の影響で概ね曇り、雨や雷雨となる所があるでしょう。 　香川県では、１６日は熱中症の危険性が極めて高い気象状況になることが予測されます。外出はなるべく避け、室内をエアコン等で涼しい環境にして過ごしてください。  　１７日は、前線や湿った空気の影響で曇り、朝から夕方は雨や雷雨となる見込みです。
高松地方気象台,2022-08-16T16:37:00+09:00,香川県,,　香川県は、湿った空気の影響で曇り、雨の降っている所があります。  　１６日は、湿った空気の影響で曇り、夜遅くは雨や雷雨となるでしょう。  　１７日は、湿った空気や上空の寒気の影響で曇り、昼前から夕方は雨や雷雨となる見込みです。昼過ぎから夕方は激しく降る所があるでしょう。
高松地方気象台,2022-08-17T04:37:00+09:00,香川県,,　香川県は、湿った空気の影響で曇り、雨の降っている所があります。  　１７日は、湿った空気や上空の寒気の影響で断続的に雨が降り、雷を伴って激しく降る所があるでしょう。  　１８日は、前線や上空の寒気の影響で昼前まで雨が降り、雷を伴って激しく降る所がある見込みです。
高松地方気象台,2022-08-17T10:40:00+09:00,香川県,,　香川県は、湿った空気の影響で雨が降っています。  　１７日は、湿った空気や上空の寒気の影響で断続的に雨が降り、雷を伴って激しく降る所があるでしょう。  　１８日は、前線や上空の寒気の影響で昼前まで雨が降り、雷を伴って激しく降る所がある見込みです。
高松地方気象台,2022-08-17T16:38:00+09:00,香川県,,　香川県は、湿った空気の影響で曇り、雨や雷雨となっている所があります。  　１７日は、湿った空気の影響で曇り、夜遅くには雨が降るでしょう。雷を伴う所がある見込みです。  　１８日は、前線や湿った空気の影響で昼前にかけて雨が降り、朝まで雷を伴って激しく降る所があるでしょう。 　香川県では、１８日は熱中症の危険性が極めて高い気象状況になることが予測されます。外出はなるべく避け、室内をエアコン等で涼しい環境にして過ごしてください。
高松地方気象台,2022-08-18T04:35:00+09:00,香川県,,　香川県は、前線や湿った空気の影響で、雨や雷雨となっています。  　１８日は、前線や湿った空気の影響で朝まで雨が降り、激しく降る所があるでしょう。雷を伴う所がある見込みです。その後は、高気圧に覆われて次第に晴れるでしょう。 　香川県では、１８日は熱中症の危険性が極めて高い気象状況になることが予測されます。外出はなるべく避け、室内をエアコン等で涼しい環境にして過ごしてください。  　１９日は、湿った空気の影響で概ね曇る見込みです。
高松地方気象台,2022-08-18T10:33:00+09:00,香川県,,　香川県は、前線や湿った空気の影響で概ね曇りとなっています。  　１８日は、前線や湿った空気の影響で概ね曇り、夕方まで雷となる所があるでしょう。 　香川県では、１８日は熱中症の危険性が極めて高い気象状況になることが予測されます。外出はなるべく避け、室内をエアコン等で涼しい環境にして過ごしてください。  　１９日は、湿った空気の影響で概ね曇りとなる見込みです。
高松地方気象台,2022-08-18T16:33:00+09:00,香川県,,　香川県は、高気圧に覆われて概ね晴れています。  　１８日は、高気圧に覆われて概ね晴れるでしょう。  　１９日は、引き続き高気圧に覆われて概ね晴れる見込みです。
高松地方気象台,2022-08-19T04:42:00+09:00,香川県,,　香川県は、高気圧に覆われて概ね晴れています。  　１９日は、高気圧に覆われて晴れますが、夜は湿った空気の影響で曇るでしょう。  　２０日は、気圧の谷や湿った空気の影響で曇り、夜のはじめ頃は雨となる見込みです。午後は雷を伴う所があるでしょう。
高松地方気象台,2022-08-19T16:35:00+09:00,香川県,,　香川県は、高気圧に覆われて概ね晴れています。  　１９日は、高気圧に覆われて晴れますが、夜遅くは湿った空気の影響で曇る見込みです。  　２０日は、気圧の谷や湿った空気の影響で曇り、夜のはじめ頃は雨となるでしょう。昼前から雷を伴う所がある見込みです。 　香川県では、２０日は熱中症の危険性が極めて高い気象状況になることが予測されます。外出はなるべく避け、室内をエアコン等で涼しい環境にして過ごしてください。
高松地方気象台,2022-08-20T10:32:00+09:00,香川県,,　香川県は、湿った空気の影響で曇りとなっています。  　２０日は、湿った空気の影響で曇り、夜遅くには雨が降るでしょう。雷雨となる所がある見込みです。 　香川県では、２０日は熱中症の危険性が極めて高い気象状況になることが予測されます。外出はなるべく避け、室内をエアコン等で涼しい環境にして過ごしてください。  　２１日は、低気圧や湿った空気の影響で曇り、明け方まで雨が降るでしょう。夕方まで雷を伴う所がある見込みです。
高松地方気象台,2022-08-20T16:32:00+09:00,香川県,,　香川県は、湿った空気の影響で曇り、雨の降っている所があります。  　２０日は、湿った空気の影響で曇り、夜遅くは雨で雷を伴う所がある見込みです。  　２１日は、低気圧や湿った空気の影響で曇り、朝まで雨が降るでしょう。雷を伴う所がある見込みです。
高松地方気象台,2022-08-21T04:47:00+09:00,香川県,,　香川県は、気圧の谷や湿った空気の影響で、雨や雷雨となっています。  　２１日は、低気圧や湿った空気の影響で、朝まで雨となるでしょう。夜のはじめ頃にかけて雷を伴う所がある見込みです。  　２２日は、低気圧や湿った空気の影響で概ね曇り、午後は雨の降る所があるでしょう。
高松地方気象台,2022-08-21T10:33:00+09:00,香川県,,　香川県は、湿った空気の影響で曇り、雨の降っている所があります。  　２１日は、低気圧や湿った空気の影響で曇り、雨や雷雨となる所があるでしょう。  　２２日は、低気圧や湿った空気の影響で概ね曇り、午後は雨の降る所がある見込みです。
高松地方気象台,2022-08-21T16:33:00+09:00,香川県,,　香川県は、高気圧に覆われて晴れています。  　２１日は、低気圧や湿った空気の影響で概ね曇り、夜のはじめ頃にかけて雨や雷雨となる所があるでしょう。  　２２日は、低気圧や湿った空気の影響で概ね曇り、午後は雨や雷雨となる所がある見込みです。 　香川県では、２２日は熱中症の危険性が極めて高い気象状況になることが予測されます。外出はなるべく避け、室内をエアコン等で涼しい環境にして過ごしてください。
高松地方気象台,2022-08-22T04:33:00+09:00,香川県,,　香川県は、低気圧や湿った空気の影響で概ね曇っています。  　２２日は、低気圧や湿った空気の影響で概ね曇り、雨となる所があるでしょう。昼過ぎから夕方にかけて激しい雨の降る所がある見込みです。 　香川県では、２２日は熱中症の危険性が極めて高い気象状況になることが予測されます。外出はなるべく避け、室内をエアコン等で涼しい環境にして過ごしてください。  　２３日は、低気圧や湿った空気の影響で概ね曇るでしょう。
高松地方気象台,2022-08-22T10:35:00+09:00,香川県,,　香川県は、低気圧や湿った空気の影響で概ね曇りとなっています。  　２２日は、低気圧や湿った空気の影響で概ね曇り、雨となる所があるでしょう。昼過ぎから夕方は激しい雨の降る所がある見込みです。 　香川県では、２２日は熱中症の危険性が極めて高い気象状況になることが予測されます。外出はなるべく避け、室内をエアコン等で涼しい環境にして過ごしてください。  　２３日は、低気圧や湿った空気の影響で概ね曇りとなるでしょう。
高松地方気象台,2022-08-22T19:46:00+09:00,香川県,,　香川県は、高気圧に覆われて概ね晴れています。  　２２日は、高気圧に覆われて晴れる見込みです。  　２３日は、気圧の谷や湿った空気の影響で概ね曇りとなるでしょう。 　香川県では、２３日は熱中症の危険性が極めて高い気象状況になることが予測されます。外出はなるべく避け、室内をエアコン等で涼しい環境にして過ごしてください。
高松地方気象台,2022-08-23T04:34:00+09:00,香川県,,　香川県は、低気圧や湿った空気の影響で概ね曇りとなっています。  　２３日は、湿った空気の影響で概ね曇る見込みです。 　香川県では、２３日は熱中症の危険性が極めて高い気象状況になることが予測されます。外出はなるべく避け、室内をエアコン等で涼しい環境にして過ごしてください。  　２４日は、気圧の谷や湿った空気の影響で概ね曇り、夕方からは雨の降る所があるでしょう。
高松地方気象台,2022-08-23T10:34:00+09:00,香川県,,　香川県は、気圧の谷や湿った空気の影響で概ね曇り、雨の降っている所があります。  　２３日は、気圧の谷や湿った空気の影響で概ね曇り、午後は雨の降る所があるでしょう。 　香川県では、２３日は熱中症の危険性が極めて高い気象状況になることが予測されます。外出はなるべく避け、室内をエアコン等で涼しい環境にして過ごしてください。  　２４日は、気圧の谷や湿った空気の影響で概ね曇り、午後は雨の降る所がある見込みです。
高松地方気象台,2022-08-23T16:34:00+09:00,香川県,,　香川県は、高気圧に覆われて概ね晴れています。  　２３日は、高気圧に覆われて概ね晴れるでしょう。  　２４日は、気圧の谷や湿った空気の影響で概ね曇り、明け方から雨や雷雨となる所がある見込みです。
高松地方気象台,2022-08-24T04:36:00+09:00,香川県,,　香川県は、気圧の谷や湿った空気の影響で曇り、雨の降っている所があります。  　２４日は、気圧の谷や湿った空気の影響で曇り、雨や雷雨となる所があるでしょう。  　２５日は、気圧の谷や湿った空気の影響で概ね曇り、午前中を中心に雨が降るでしょう。雷を伴う所がある見込みです。
高松地方気象台,2022-08-24T10:38:00+09:00,香川県,,　香川県は、気圧の谷や湿った空気の影響で曇り、雨の降っている所があります。  　２４日は、気圧の谷や湿った空気の影響で曇り、雨や雷雨となる所があるでしょう。  　２５日は、気圧の谷や湿った空気の影響で概ね曇り、明け方から朝は雨が降る見込みです。夕方まで雷を伴う所があるでしょう。
高松地方気象台,2022-08-24T16:37:00+09:00,香川県,,　香川県は、気圧の谷や湿った空気の影響で曇り、雨の降っている所があります。  　２４日は、気圧の谷や湿った空気の影響で曇り、雨や雷雨となる所がある見込みです。  　２５日は、気圧の谷や湿った空気の影響で概ね曇り、明け方から朝は雨が降るでしょう。雷を伴った激しい雨の降る所がある見込みです。
高松地方気象台,2022-08-25T07:47:00+09:00,香川県,,　香川県は、気圧の谷や湿った空気の影響で概ね曇り、雨の降っている所があります。  　２５日は、気圧の谷や湿った空気の影響で概ね曇り、昼前まで雨や雷雨となる所があるでしょう。  　２６日は、気圧の谷や湿った空気の影響で概ね曇る見込みです。
高松地方気象台,2022-08-25T10:33:00+09:00,香川県,,　香川県は、湿った空気の影響で概ね曇っています。  　２５日は、湿った空気の影響で概ね曇る見込みです。  　２６日は、引き続き、湿った空気の影響で概ね曇るでしょう。
高松地方気象台,2022-08-25T16:32:00+09:00,香川県,,　香川県は、高気圧に覆われて概ね晴れています。  　２５日は、高気圧に覆われて概ね晴れる見込みです。  　２６日は、高気圧に覆われて晴れますが、昼過ぎからは気圧の谷や湿った空気の影響で曇るでしょう。
高松地方気象台,2022-08-26T04:34:00+09:00,香川県,,　香川県は、気圧の谷や湿った空気の影響で概ね曇っています。  　２６日は、気圧の谷や湿った空気の影響で概ね曇るでしょう。  　２７日は、引き続き、気圧の谷や湿った空気の影響で概ね曇る見込みです。
高松地方気象台,2022-08-26T10:32:00+09:00,香川県,,　香川県は、高気圧に覆われて概ね晴れています。  　２６日は、高気圧に覆われて晴れますが、気圧の谷や湿った空気の影響で昼過ぎから曇るでしょう。  　２７日は、気圧の谷や湿った空気の影響で概ね曇る見込みです。
高松地方気象台,2022-08-26T16:33:00+09:00,香川県,,　香川県は、高気圧に覆われて概ね晴れています。  　２６日は、高気圧に覆われて晴れますが、気圧の谷や湿った空気の影響で夜は曇るでしょう。  　２７日は、気圧の谷や湿った空気の影響で概ね曇る見込みです。
高松地方気象台,2022-08-27T04:33:00+09:00,香川県,,　香川県は、気圧の谷や湿った空気の影響で曇り、雨の降っている所があります。  　２７日は、気圧の谷や湿った空気の影響で概ね曇るでしょう。  　２８日は、高気圧に覆われて概ね晴れる見込みです。
高松地方気象台,2022-08-27T10:36:00+09:00,香川県,,　香川県は、湿った空気の影響で概ね曇りとなっています。  　２７日は、湿った空気の影響で概ね曇る見込みです。  　２８日は、高気圧に覆われて概ね晴れるでしょう。
高松地方気象台,2022-08-27T16:33:00+09:00,香川県,,　香川県は、高気圧に覆われて概ね晴れています。  　２７日は、高気圧に覆われて晴れますが、夜は湿った空気の影響で曇るでしょう。  　２８日は、高気圧に覆われて概ね晴れる見込みです。
高松地方気象台,2022-08-28T07:05:00+09:00,香川県,,　香川県は、気圧の谷や湿った空気の影響で曇っています。  　２８日は、気圧の谷や湿った空気の影響で曇りますが、午後は高気圧に覆われて晴れるでしょう。  　２９日は、引き続き高気圧に覆われて概ね晴れる見込みです。
高松地方気象台,2022-08-28T10:34:00+09:00,香川県,,　香川県は、気圧の谷や湿った空気の影響で曇りとなっています。  　２８日は、気圧の谷や湿った空気の影響で曇りますが、午後は高気圧に覆われて晴れるでしょう。  　２９日は、高気圧に覆われて概ね晴れる見込みです。
高松地方気象台,2022-08-28T16:33:00+09:00,香川県,,　香川県は、高気圧に覆われて概ね晴れています。  　２８日は、高気圧に覆われて概ね晴れるでしょう。  　２９日は、引き続き高気圧に覆われて概ね晴れる見込みです。
高松地方気象台,2022-08-29T04:38:00+09:00,香川県,,　香川県は、高気圧に覆われて晴れています。  　２９日は、高気圧に覆われて概ね晴れるでしょう。  　３０日は、湿った空気の影響で曇り、雨の降る所がある見込みです。
高松地方気象台,2022-08-29T10:33:00+09:00,香川県,,　香川県は、高気圧に覆われて晴れています。  　２９日は、高気圧に覆われて概ね晴れるでしょう。  　３０日は、湿った空気の影響で曇り、雨の降る所がある見込みです。
高松地方気象台,2022-08-29T16:33:00+09:00,香川県,,　香川県は、高気圧に覆われて概ね晴れています。  　２９日は、高気圧に覆われて概ね晴れるでしょう。  　３０日は、湿った空気の影響で概ね曇り、雨の降る所がある見込みです。
高松地方気象台,2022-08-30T04:41:00+09:00,香川県,,　香川県は、湿った空気の影響で概ね曇りとなっています。  　３０日は、湿った空気の影響で曇り、朝から夕方にかけて雨の降る所があるでしょう。  　３１日は、前線や湿った空気の影響で曇り、夜遅くには雨が降る見込みです。昼前から雷を伴う所があるでしょう。
高松地方気象台,2022-08-30T10:34:00+09:00,香川県,,　香川県は、湿った空気の影響で曇りとなっています。  　３０日は、湿った空気の影響で曇り、雨や雷雨となる所があるでしょう。  　３１日は、前線や湿った空気の影響で曇り、夜遅くには雨となる見込みです。雷を伴う所があるでしょう。
高松地方気象台,2022-08-30T16:33:00+09:00,香川県,,　香川県は、湿った空気の影響で概ね曇っています。  　３０日は、湿った空気の影響で概ね曇り、雨や雷雨となる所があるでしょう。  　３１日は、前線や湿った空気の影響で概ね曇り、雨や雷雨となる所がある見込みです。 　香川県では、３１日は熱中症の危険性が極めて高い気象状況になることが予測されます。外出はなるべく避け、室内をエアコン等で涼しい環境にして過ごしてください
高松地方気象台,2022-08-31T04:39:00+09:00,香川県,,　香川県は、高気圧に覆われて概ね晴れています。  　３１日は、高気圧に覆われて概ね晴れますが、湿った空気の影響で雨や雷雨となる所があるでしょう。 　香川県では、３１日は熱中症の危険性が極めて高い気象状況になることが予測されます。外出はなるべく避け、室内をエアコン等で涼しい環境にして過ごしてください。  　９月１日は、前線や湿った空気の影響で、雨や雷雨となる見込みです。
高松地方気象台,2022-08-31T10:32:00+09:00,香川県,,　香川県は、高気圧に覆われて概ね晴れています。  　３１日は、高気圧に覆われて概ね晴れますが、湿った空気の影響で雨や雷雨となる所があるでしょう。 　香川県では、３１日は熱中症の危険性が極めて高い気象状況になることが予測されます。外出はなるべく避け、室内をエアコン等で涼しい環境にして過ごしてください。  　９月１日は、前線や湿った空気の影響で、雨や雷雨となる見込みです。
高松地方気象台,2022-08-31T16:32:00+09:00,香川県,,　香川県は、高気圧に覆われて概ね晴れています。  　３１日は、高気圧に覆われて概ね晴れますが、湿った空気の影響で雨や雷雨となる所があるでしょう。  　９月１日は、前線や湿った空気の影響で、雨や雷雨となる見込みです。
