publishingOffice,reportDatetime,targetArea,headlineText,text
室蘭地方気象台,2022-06-01T04:38:00+09:00,胆振・日高地方,,　北海道付近は、２日にかけて低気圧を含む気圧の谷の中で、上空に寒気が流入するため、大気の状態が不安定となるでしょう。１日は気圧の傾きが大きい見込みです。  　胆振・日高地方の１日３時の天気は、雨となっています。  　１日は、気圧の谷の中のため、胆振地方では曇り時々晴れ、明け方まで雨、日高地方では雨のち曇りで、ともに雷を伴う所があるでしょう。  　２日は、曇り一時雨の見込みです。  　海の波の高さは、１日から２日にかけて、１メートルから２．５メートルとやや高いでしょう。  ＜天気変化等の留意点＞ 　胆振東部では、１日は気圧の谷の中のため、、曇り時々晴れ、明け方まで雨で雷を伴う所があるでしょう。１日６時から２日６時までの２４時間降水量は１０ミリの見込みです。
室蘭地方気象台,2022-06-01T10:36:00+09:00,胆振・日高地方,,　北海道付近は、２日にかけて低気圧を含む気圧の谷の中でしょう。また、２日は上空に寒気が流入するため大気の状態が不安定となる見込みです。  　胆振・日高地方の１日９時の天気は、曇りで雨の降っている所があります。  　１日は、気圧の谷の中のため、胆振地方では曇り時々晴れ、日高地方では曇りで、雨の降る所があるでしょう。  　２日は、曇り一時雨の見込みです。  　海の波の高さは、１日から２日にかけて、１メートルから２メートルとやや高いでしょう。  ＜天気変化等の留意点＞ 　胆振東部では、１日は気圧の谷の中のため、曇り時々晴れでしょう。１日１２時から２日１２時までの２４時間降水量は１０ミリの見込みです。
室蘭地方気象台,2022-06-01T16:35:00+09:00,胆振・日高地方,,　北海道付近は、２日にかけて低気圧を含む気圧の谷の中でしょう。また、２日は上空に寒気が流入するため大気の状態が不安定となる見込みです。  　胆振・日高地方の１日１５時の天気は、晴れまたは曇りとなっています。  　１日夜は、胆振地方は晴れのち曇り、日高地方では曇りでしょう。  　２日は、気圧の谷の中で大気の状態が不安定となるため、曇り一時雨で雷を伴う所がある見込みです。  　海の波の高さは、１日夜から２日にかけて、１メートルから１．５メートルとやや高いでしょう。  ＜天気変化等の留意点＞ 　胆振東部では、２日は気圧の谷の中で大気の状態が不安定となるため、曇り夕方まで雷を伴い雨の降る所があるでしょう。１日１８時から２日１８時までの２４時間降水量は２０ミリの見込みです。
室蘭地方気象台,2022-06-02T04:43:00+09:00,胆振・日高地方,,　北海道付近は、３日にかけて低気圧を含む気圧の谷の中となり、上空に寒気が流入するため大気の不安定な状態が続くでしょう。３日は気圧の傾きが大きくなる見込みです。  　胆振・日高地方の２日３時の天気は、曇りで雨の降っている所があります。  　２日は、気圧の谷の中となるため、曇りで雷を伴い雨の降る所があるでしょう。  　３日は、曇りで雷を伴い雨の降る所がある見込みです。  　海の波の高さは、２日から３日にかけて、１メートルから２メートルとやや高いでしょう。  ＜天気変化等の留意点＞ 　胆振東部では、２日は気圧の谷の中となるため、曇りで雷を伴い雨の降る所があるでしょう。２日６時から３日６時までの２４時間降水量は２０ミリの見込みです。
室蘭地方気象台,2022-06-02T10:38:00+09:00,胆振・日高地方,,　北海道付近は、３日にかけて低気圧を含む気圧の谷の中となり、上空に寒気が流入するため大気の不安定な状態が続くでしょう。３日は気圧の傾きが大きくなる見込みです。  　胆振・日高地方の２日９時の天気は、曇りで雨の降っている所があります。  　２日は、低気圧を含む気圧の谷の中となるため、曇りで雷を伴い雨の降る所があるでしょう。  　３日は、曇りで雷を伴い雨の降る所がある見込みです。  　海の波の高さは、２日から３日にかけて、１メートルから２メートルとやや高いでしょう。  ＜天気変化等の留意点＞ 　胆振東部では、２日は低気圧を含む気圧の谷の中となるため、曇りで雷を伴い雨の降る所があるでしょう。２日１２時から３日１２時までの２４時間降水量は３０ミリの見込みです。
室蘭地方気象台,2022-06-02T16:36:00+09:00,胆振・日高地方,,　北海道付近は、３日にかけて低気圧を含む気圧の谷の中となり、上空に寒気が流入するため大気の不安定な状態が続くでしょう。３日は気圧の傾きが大きくなる見込みです。  　胆振・日高地方の２日１５時の天気は、曇りで雨の降っている所があります。  　２日夜は、曇りで雷を伴い雨の降る所があるでしょう。  　３日は、低気圧を含む気圧の谷の中となるため、胆振地方では曇りで雨の降る所があり、日高地方では曇り一時雨で、ともに雷を伴う所がある見込みです。  　海の波の高さは、２日夜から３日にかけて、１メートルから２メートルとやや高いでしょう。  ＜天気変化等の留意点＞ 　胆振東部では、３日は低気圧を含む気圧の谷の中となるため、曇りで雷を伴い雨の降る所があるでしょう。２日１８時から３日１８時までの２４時間降水量は４０ミリの見込みです。
室蘭地方気象台,2022-06-03T04:34:00+09:00,胆振・日高地方,,　北海道付近は、４日にかけて低気圧を含む気圧の谷の中が続くでしょう。また、３日は上空に寒気が流入するため大気の状態が不安定となり、気圧の傾きが大きくなる見込みです。  　胆振・日高地方の３日３時の天気は、曇りで雨の降っている所があります。  　３日は、低気圧を含む気圧の谷の中となり大気の状態が不安定となるため、胆振地方は曇り時々雨、日高地方では曇りのち雨で、ともに雷を伴う所があるでしょう。  　４日は、胆振地方は曇り時々晴れ、日高地方では曇りで雨の降る所がある見込みです。  　海の波の高さは、３日から４日にかけて、１メートルから２メートルとやや高いでしょう。  ＜天気変化等の留意点＞ 　胆振東部では、３日は低気圧を含む気圧の谷の中となり大気の状態が不安定となるため、曇り時々雨で雷を伴う所があるでしょう。３日６時から４日６時までの２４時間降水量は３０ミリの見込みです。
室蘭地方気象台,2022-06-03T10:40:00+09:00,胆振・日高地方,,　北海道付近は、４日にかけて低気圧を含む気圧の谷の中で、気圧の傾きが大きい見込みです。また、３日は上空に寒気が流入するため大気の状態が不安定でしょう。  　胆振・日高地方の３日９時の天気は、曇りとなっています。  　３日は、低気圧を含む気圧の谷の中となり大気の状態が不安定となるため、曇り一時雨で雷を伴う所があるでしょう。  　４日は、胆振地方は曇り時々晴れ、日高地方では曇りで雨の降る所がある見込みです。  　海の波の高さは、３日から４日にかけて、１メートルから２メートルとやや高いでしょう。  ＜天気変化等の留意点＞ 　胆振東部では、３日は低気圧を含む気圧の谷の中となり大気の状態が不安定となるため、曇り一時雨で雷を伴う所があるでしょう。３日１２時から４日１２時までの２４時間降水量は３０ミリの見込みです。
室蘭地方気象台,2022-06-03T16:39:00+09:00,胆振・日高地方,,　北海道付近は、４日にかけて低気圧を含む気圧の谷の中で、気圧の傾きが大きい見込みです。また、３日夜は上空に寒気が流入するため大気の状態が不安定でしょう。  　胆振・日高地方の３日１５時の天気は、曇りで雨の降っている所があります。  　３日夜は、胆振地方では曇り所により雨、日高地方では曇り時々雨で、ともに雷を伴う所があるでしょう。  　４日は、低気圧を含む気圧の谷の中となるため、胆振地方では曇りのち時々晴れ、日高地方では曇りで雨の降る所がある見込みです。  　海の波の高さは、３日夜から４日にかけて、１メートルから１．５メートルとやや高いでしょう。  ＜天気変化等の留意点＞ 　胆振東部では、４日は低気圧を含む気圧の谷の中となるため、曇りのち時々晴れでしょう。３日１８時から４日１８時までの２４時間降水量は２５ミリの見込みです。
室蘭地方気象台,2022-06-04T04:37:00+09:00,胆振・日高地方,,　北海道付近は、５日にかけてオホーツク海から張り出す高気圧に覆われますが、千島近海に停滞する低気圧との間で気圧の傾きが大きいでしょう。  　胆振・日高地方の４日３時の天気は、曇りとなっています。  　４日は、気圧の谷の中で、胆振地方では曇り時々晴れ、日高地方では曇りで雨の降る所があるでしょう。  　５日は、胆振地方では曇り時々晴れ、日高地方では曇りの見込みです。  　海の波の高さは、４日から５日にかけて、１メートルから２メートルとやや高いでしょう。  ＜天気変化等の留意点＞ 　胆振東部では、４日は気圧の谷の中で、曇り時々晴れでしょう。
室蘭地方気象台,2022-06-04T10:37:00+09:00,胆振・日高地方,,　北海道付近は、５日にかけてオホーツク海から張り出す高気圧に覆われますが、千島近海に停滞する低気圧との間で気圧の傾きが大きいでしょう。  　胆振・日高地方の４日９時の天気は、曇りまたは晴れとなっています。  　４日は、気圧の谷の中で、曇り時々晴れ、日高地方では雨の降る所があるでしょう。  　５日は、胆振地方では曇り時々晴れ、日高地方では曇りの見込みです。  　海の波の高さは、４日から５日にかけて、１メートルから２メートルとやや高いでしょう。  ＜天気変化等の留意点＞ 　胆振東部では、４日は気圧の谷の中で、曇り時々晴れでしょう。
室蘭地方気象台,2022-06-04T16:38:00+09:00,胆振・日高地方,,　北海道付近は、５日にかけてオホーツク海から高気圧が張り出しますが、低気圧が千島近海から日本の東へ進むでしょう。このため気圧の傾きが大きい見込みです。  　胆振・日高地方の４日１５時の天気は、晴れまたは曇りとなっています。  　４日夜は、胆振地方では晴れ時々曇り、日高地方では曇りで雨の降る所があるでしょう。  　５日は、気圧の谷の中となるため、胆振地方では曇り時々晴れ、日高地方では曇りの見込みです。  　海の波の高さは、４日夜から５日にかけて、１メートルから２メートルとやや高いでしょう。  ＜天気変化等の留意点＞ 　胆振東部では、５日は気圧の谷の中となるため、曇り時々晴れでしょう。
室蘭地方気象台,2022-06-05T04:42:00+09:00,胆振・日高地方,,　北海道付近は、５日は千島近海の低気圧が日本の東へ進むでしょう。６日は本州方面から次第に気圧の谷が近づく見込みです。このため６日にかけて気圧の傾きが大きいでしょう。  　胆振・日高地方の５日３時の天気は、晴れまたは曇りで雨の降っている所があります。  　５日は、気圧の谷の中となるため、胆振地方では曇り時々晴れ、日高地方では曇りでしょう。  　６日は、胆振地方では曇り、日高地方では曇り時々晴れの見込みです。  　海の波の高さは、５日から６日にかけて、１メートルから２．５メートルとやや高いでしょう。  ＜天気変化等の留意点＞ 　胆振東部では、５日は気圧の谷の中となるため、曇り時々晴れでしょう。
室蘭地方気象台,2022-06-05T10:38:00+09:00,胆振・日高地方,,　北海道付近は、５日はオホーツク海から高気圧が張り出すでしょう。６日は本州方面から次第に気圧の谷が近づく見込みです。このため６日にかけて気圧の傾きが大きいでしょう。  　胆振・日高地方の５日９時の天気は、晴れまたは曇りとなっています。  　５日は、高気圧が張り出すため、胆振地方は晴れのち曇り、日高地方は曇りでしょう。  　６日は、胆振地方は曇り、日高地方は曇り時々晴れの見込みです。  　海の波の高さは、５日から６日にかけて、１メートルから２．５メートルとやや高いでしょう。  ＜天気変化等の留意点＞ 　胆振東部では、５日は高気圧が張り出すため、晴れのち曇りでしょう。
室蘭地方気象台,2022-06-05T16:37:00+09:00,胆振・日高地方,,　北海道付近は、５日夜はオホーツク海から高気圧が張り出すでしょう。６日は次第に本州方面から気圧の谷が近づくため、気圧の傾きが大きくなるでしょう。  　胆振・日高地方の５日１５時の天気は、晴れまたは曇りとなっています。  　５日夜は、胆振地方は晴れのち曇り、日高地方は曇りでしょう。  　６日は、気圧の谷が近づくため、胆振地方は曇り、日高地方は曇りのち時々晴れの見込みです。  　海の波の高さは、５日夜から６日にかけて、１メートルから２．５メートルとやや高いでしょう。  ＜天気変化等の留意点＞ 　胆振東部では、６日は気圧の谷が近づくため、曇りでしょう。
室蘭地方気象台,2022-06-06T04:39:00+09:00,胆振・日高地方,,　北海道付近は、７日にかけてオホーツク海から高気圧が張り出しますが、本州方面の低気圧が日本の東へ進むため、気圧の傾きが大きくなるでしょう。  　胆振・日高地方の６日３時の天気は、曇りとなっています。  　６日は、気圧の谷が近づくため、曇りでしょう。  　７日は、曇りのち時々晴れの見込みです。  　海の波の高さは、６日は、１．５メートルから２．５メートルとやや高いでしょう。７日は胆振地方は２メートルとやや高く、日高地方は３メートルと高い見込みです。  ＜天気変化等の留意点＞ 　胆振東部では、６日は気圧の谷が近づくため、曇りでしょう。
室蘭地方気象台,2022-06-06T10:34:00+09:00,胆振・日高地方,,　北海道付近は、７日にかけてオホーツク海から張り出す高気圧に緩やかに覆われるでしょう。また、７日にかけて低気圧が日本の東へ進むため、気圧の傾きが大きい見込みです。  　胆振・日高地方の６日９時の天気は、曇りまたは晴れとなっています。  　６日は、オホーツク海から高気圧が張り出しますが、本州方面の低気圧が日本の東へ進むため、曇り時々晴れでしょう。  　７日は、曇りのち時々晴れの見込みです。  　海の波の高さは、６日は、２メートルから２．５メートルとやや高いでしょう。７日は胆振地方は２メートルとやや高く、日高地方は３メートルと高い見込みです。  ＜天気変化等の留意点＞ 　胆振東部では、６日はオホーツク海から高気圧が張り出しますが、本州方面の低気圧が日本の東へ進むため、曇り時々晴れでしょう。
室蘭地方気象台,2022-06-06T16:35:00+09:00,胆振・日高地方,,　北海道付近は、７日にかけてオホーツク海から張り出す高気圧に緩やかに覆われるでしょう。また、７日にかけて紀伊半島付近にある低気圧が発達しながら日本の東へ進むため、気圧の傾きが大きい見込みです。  　胆振・日高地方の６日１５時の天気は、晴れまたは曇りとなっています。  　６日夜は、胆振地方は曇り時々晴れ、日高地方では晴れのち曇りでしょう。  　７日は、オホーツク海から高気圧が張り出しますが、本州方面の低気圧が日本の東へ進むため、曇りのち晴れの見込みです。  　海の波の高さは、６日夜は、２．５メートルとやや高いでしょう。７日は胆振地方は２．５メートルのち２メートルとやや高く、日高地方は３メートルと高い見込みです。  ＜天気変化等の留意点＞ 　胆振東部では、７日はオホーツク海から高気圧が張り出しますが、本州方面の低気圧が日本の東へ進むため、曇りのち晴れでしょう。
室蘭地方気象台,2022-06-07T04:41:00+09:00,胆振・日高地方,,　北海道付近は、８日にかけてオホーツク海の高気圧に緩やかに覆われるでしょう。７日は北陸地方の低気圧がゆっくり南東に進み、また、関東の東の低気圧が東北東に進むため、気圧の傾きが大きい見込みです。  　胆振・日高地方の７日３時の天気は、曇りとなっています。  　７日は、高気圧に覆われるため、曇りのち晴れでしょう。  　８日は、曇り時々晴れの見込みです。  　海の波の高さは、７日は、胆振地方では２．５メートルのち２メートルとやや高く、日高地方では３メートルと高いでしょう。８日は、胆振地方では２メートルのち１．５メートルとやや高く、日高地方では３メートルと高くのち２メートルの見込みです。  ＜天気変化等の留意点＞ 　胆振東部では、７日は高気圧に覆われるため、曇りのち晴れでしょう。
室蘭地方気象台,2022-06-07T10:39:00+09:00,胆振・日高地方,,　北海道付近は、８日にかけてオホーツク海の高気圧に緩やかに覆われるでしょう。７日は北陸地方の低気圧がゆっくり東に進み、また、日本の東の低気圧が発達しながら東北東に進むため、気圧の傾きが大きい見込みです。  　胆振・日高地方の７日９時の天気は、おおむね晴れとなっています。  　７日は、オホーツク海の高気圧に緩やかに覆われるため、胆振地方では晴れ、日高地方では晴れ時々曇りでしょう。  　８日は、曇り時々晴れの見込みです。  　海の波の高さは、７日は、胆振地方では２メートルとやや高く、日高地方では３メートルと高いでしょう。８日は、胆振地方では２メートルのち１．５メートルとやや高く、日高地方では３メートルと高くのち２メートルの見込みです。  ＜天気変化等の留意点＞ 　胆振東部では、７日はオホーツク海の高気圧に緩やかに覆われるため、晴れでしょう。
室蘭地方気象台,2022-06-07T16:38:00+09:00,胆振・日高地方,,　北海道付近は、８日にかけてオホーツク海の高気圧に緩やかに覆われるでしょう。  　胆振・日高地方の７日１５時の天気は、曇りまたは晴れとなっています。  　７日夜は、晴れのち曇りでしょう。  　８日は、オホーツク海の高気圧に緩やかに覆われるため、曇り時々晴れの見込みです。  　海の波の高さは、７日夜は、胆振地方では２メートルとやや高く、日高地方では３メートルと高いでしょう。８日は、胆振地方では２メートルのち１．５メートルとやや高く、日高地方では３メートルと高くのち１．５メートルの見込みです。  ＜天気変化等の留意点＞ 　胆振東部では、８日はオホーツク海の高気圧に緩やかに覆われるため、曇り時々晴れでしょう。
室蘭地方気象台,2022-06-08T04:34:00+09:00,胆振・日高地方,,　北海道付近は、９日にかけてオホーツク海から張り出す高気圧に緩やかに覆われるでしょう。  　胆振・日高地方の８日３時の天気は、曇りまたは晴れとなっています。  　８日は、オホーツク海から張り出す高気圧に緩やかに覆われるため、曇り時々晴れでしょう。  　９日は、曇り時々晴れの見込みです。  　海の波の高さは、８日は、１．５メートルから２．５メートルとやや高いでしょう。９日は、１メートルから１．５メートルとやや高い見込みです。  ＜天気変化等の留意点＞ 　胆振東部では、８日はオホーツク海から張り出す高気圧に緩やかに覆われるため、曇り時々晴れでしょう。
室蘭地方気象台,2022-06-08T10:39:00+09:00,胆振・日高地方,,　北海道付近は、９日にかけて高気圧に緩やかに覆われるでしょう。  　胆振・日高地方の８日９時の天気は、曇りまたは晴れとなっています。  　８日は、高気圧に緩やかに覆われるため、胆振地方では曇り時々晴れ、日高地方では曇りでしょう。  　９日は、曇り時々晴れの見込みです。  　海の波の高さは、８日から９日にかけて、１メートルから２．５メートルとやや高い見込みです。  ＜天気変化等の留意点＞ 　胆振東部では、８日は高気圧に緩やかに覆われるため、曇り時々晴れでしょう。
室蘭地方気象台,2022-06-08T16:38:00+09:00,胆振・日高地方,,　北海道付近は、９日にかけて高気圧に緩やかに覆われるでしょう。  　胆振・日高地方の８日１５時の天気は、曇りまたは晴れとなっています。  　８日夜は、曇りでしょう。  　９日は、高気圧に緩やかに覆われるため、曇り時々晴れの見込みです。  　海の波の高さは、８日夜から９日にかけて、１メートルから２メートルとやや高い見込みです。  ＜天気変化等の留意点＞ 　胆振東部では、９日は高気圧に緩やかに覆われるため、曇り時々晴れでしょう。
室蘭地方気象台,2022-06-09T04:36:00+09:00,胆振・日高地方,,　北海道付近は、９日は高気圧に緩やかに覆われるでしょう。１０日は日本海北部の低気圧を含む気圧の谷の中で大気の状態が不安定となる見込みです。  　胆振・日高地方の９日３時の天気は、曇りとなっています。  　９日は、高気圧に緩やかに覆われるため、曇り時々晴れでしょう。  　１０日は、曇りの見込みです。  　海の波の高さは、９日から１０日にかけて、１メートルから２メートルとやや高いでしょう。  ＜天気変化等の留意点＞ 　胆振東部では、９日は高気圧に緩やかに覆われるため、曇り時々晴れでしょう。
室蘭地方気象台,2022-06-09T10:37:00+09:00,胆振・日高地方,,　北海道付近は、９日は高気圧に緩やかに覆われるでしょう。１０日は日本海北部の低気圧を含む気圧の谷の中で大気の状態が不安定となる見込みです。  　胆振・日高地方の９日９時の天気は、曇りまたは晴れとなっています。  　９日は、高気圧に緩やかに覆われるため、胆振地方は曇り時々晴れ、日高地方は晴れ時々曇りでしょう。  　１０日は、曇りの見込みです。  　海の波の高さは、９日から１０日にかけて、１メートルから２メートルとやや高いでしょう。  ＜天気変化等の留意点＞ 　胆振東部では、９日は高気圧に緩やかに覆われるため、曇り時々晴れでしょう。
室蘭地方気象台,2022-06-09T16:49:00+09:00,胆振・日高地方,,　北海道付近は、９日夜は高気圧に緩やかに覆われるでしょう。１０日は低気圧が日本海北部から北海道付近へ進むため、大気の状態が不安定となる見込みです。  　胆振・日高地方の９日１５時の天気は、晴れまたは曇りとなっています。  　９日夜は、晴れのち曇りでしょう。  　１０日は、低気圧が北海道付近へ進むため、曇りの見込みです。  　海の波の高さは、９日夜から１０日にかけて、１メートルから１．５メートルとやや高いでしょう。  ＜天気変化等の留意点＞ 　胆振東部では、１０日は低気圧が北海道付近へ進むため、曇りでしょう。
室蘭地方気象台,2022-06-10T04:45:00+09:00,胆振・日高地方,,　北海道付近は、１０日は夜にかけて低気圧が近づき、１１日にかけて気圧の谷の中となるでしょう。また、上空には寒気が流入するため、大気の状態が不安定となる見込みです。  　胆振・日高地方の１０日３時の天気は、曇りとなっています。  　１０日は、気圧の谷の中となるため、胆振地方では曇り所により雨、日高地方では曇り時々晴れでしょう。  　１１日は、胆振地方では曇り所により雨、日高地方では曇りのち一時雨で、ともに雷を伴う所がある見込みです。  　海の波の高さは、１０日から１１日にかけて、１メートルから１．５メートルとやや高いでしょう。  ＜天気変化等の留意点＞ 　胆振東部では、１０日は気圧の谷の中となるため、曇り所により雨でしょう。１０日６時から１１日６時までの２４時間降水量は１０ミリの見込みです。
室蘭地方気象台,2022-06-10T10:38:00+09:00,胆振・日高地方,,　北海道付近は、１０日は日本海北部から低気圧が近づき、１１日にかけて気圧の谷の中となるでしょう。上空には寒気が流入するため、大気の状態が不安定となる見込みです。  　胆振・日高地方の１０日９時の天気は、曇りまたは晴れとなっています。  　１０日は、気圧の谷の中となるため、胆振地方では曇りで雨の降る所があり、日高地方では晴れのち曇りでしょう。  　１１日は、胆振地方では曇り所により雨、日高地方では曇りのち一時雨で、ともに雷を伴う所がある見込みです。  　海の波の高さは、１０日から１１日にかけて、１メートルから１．５メートルとやや高いでしょう。  ＜天気変化等の留意点＞ 　胆振東部では、１０日は気圧の谷の中となるため、曇りで雨の降る所があるでしょう。１０日１２時から１１日１２時までの２４時間降水量は１０ミリの見込みです。
室蘭地方気象台,2022-06-10T16:37:00+09:00,胆振・日高地方,,　北海道付近は、１１日にかけて、日本海北部から近づく低気圧を含む気圧の谷の中となるでしょう。上空には寒気が流入するため、大気の状態が不安定となる見込みです。  　胆振・日高地方の１０日１５時の天気は、曇りまたは晴れとなっています。  　１０日夜は、胆振地方は曇りで雨の降る所があり、日高地方は晴れのち曇りでしょう。  　１１日は、気圧の谷の中で大気の状態が不安定となるため、胆振地方では曇り所により雨、日高地方では曇り一時雨で、ともに雷を伴う所がある見込みです。  　海の波の高さは、１０日夜から１１日にかけて、１メートルから１．５メートルとやや高いでしょう。  ＜天気変化等の留意点＞ 　胆振東部では、１１日は気圧の谷の中で大気の状態が不安定となるため、曇りで雷を伴い雨の降る所があるでしょう。１０日１８時から１１日１８時までの２４時間降水量は２５ミリの見込みです。
室蘭地方気象台,2022-06-11T04:37:00+09:00,胆振・日高地方,,　北海道付近は、１２日にかけて低気圧を含む気圧の谷の中となるでしょう。上空には寒気が流入するため、大気の状態が不安定となる見込みです。  　胆振・日高地方の１１日３時の天気は、曇りで雨の降っている所があります。  　１１日は、気圧の谷の中で大気の状態が不安定となるため、曇り一時雨で、雷を伴う所があるでしょう。  　１２日は、胆振地方は曇り一時雨、日高地方は曇りのち時々雨で、ともに雷を伴う所がある見込みです。  　海の波の高さは、１１日から１２日にかけて、１メートルから１．５メートルとやや高いでしょう。  ＜天気変化等の留意点＞ 　胆振東部では、１１日は気圧の谷の中で大気の状態が不安定となるため、曇り一時雨で、雷を伴う所があるでしょう。１１日６時から１２日６時までの２４時間降水量は２５ミリの見込みです。
室蘭地方気象台,2022-06-11T10:37:00+09:00,胆振・日高地方,,　北海道付近は、１２日にかけて低気圧を含む気圧の谷の中となるでしょう。また、上空に寒気が流入するため、大気の状態が不安定となる見込みです。  　胆振・日高地方の１１日９時の天気は、曇りまたは雨となっています。  　１１日は、気圧の谷の中で大気の状態が不安定となるため、曇り時々雨で、雷を伴う所があるでしょう。  　１２日は、胆振地方は曇り一時雨、日高地方は曇りのち時々雨で、ともに雷を伴う所がある見込みです。  　海の波の高さは、１１日から１２日にかけて、１メートルから１．５メートルとやや高いでしょう。  ＜天気変化等の留意点＞ 　胆振東部では、１１日は気圧の谷の中で大気の状態が不安定となるため、曇り時々雨で、雷を伴う所があるでしょう。１１日１２時から１２日１２時までの２４時間降水量は２５ミリの見込みです。
室蘭地方気象台,2022-06-11T16:37:00+09:00,胆振・日高地方,,　北海道付近は、１２日にかけて低気圧を含む気圧の谷の中となるでしょう。また、上空に寒気が流入するため、大気の状態が不安定となる見込みです。  　胆振・日高地方の１１日１５時の天気は、曇りまたは雨となっています。  　１１日夜は、胆振地方は曇り所により雨、日高地方では雨のち曇りで、ともに雷を伴う所があるでしょう。  　１２日は、気圧の谷の中で大気の状態が不安定となるため、胆振地方は曇り所により雨、日高地方は曇りのち一時雨で、ともに雷を伴う所がある見込みです。  　海の波の高さは、１１日夜から１２日にかけて、１メートルから１．５メートルとやや高いでしょう。  ＜天気変化等の留意点＞ 　胆振東部では、１２日は気圧の谷の中で大気の状態が不安定となるため、曇り所により雨で雷を伴うでしょう。１１日１８時から１２日１８時までの２４時間降水量は２０ミリの見込みです。
室蘭地方気象台,2022-06-12T04:41:00+09:00,胆振・日高地方,,　北海道付近は、１２日は気圧の谷の中となり、上空に寒気が流入するため、大気の状態が不安定となる見込みです。１３日ははじめ気圧の谷の中ですが、次第にオホーツク海から高気圧が張り出すでしょう。  　胆振・日高地方の１２日３時の天気は、曇りで雨の降っている所があります。  　１２日は、気圧の谷の中で大気の状態が不安定となるため、胆振地方は曇り時々晴れ所により雨、日高地方は曇りのち一時雨で、ともに雷を伴う所があるでしょう。  　１３日は、胆振地方は曇りで雨の降る所があり、日高地方は曇り一時雨の見込みです。  　海の波の高さは、１２日は１メートルから１．５メートルとやや高いでしょう。１３日は、胆振地方では１メートルのち２メートルとやや高くなり、日高地方では２メートルのち３メートルと高くなり、ともにうねりを伴う見込みです。  ＜天気変化等の留意点＞ 　胆振東部では、１２日は気圧の谷の中で大気の状態が不安定となるため、曇り時々晴れで雷を伴い雨の降る所があるでしょう。１２日６時から１３日６時までの２４時間降水量は２０ミリの見込みです。
室蘭地方気象台,2022-06-12T10:39:00+09:00,胆振・日高地方,,　北海道付近は、１２日は気圧の谷の中で、上空に寒気が流入しているため、大気の状態が不安定でしょう。１３日ははじめ気圧の谷の中ですが、次第にオホーツク海から高気圧が張り出す見込みです。  　胆振・日高地方の１２日９時の天気は、晴れまたは曇りで雨の降っている所があります。  　１２日は、気圧の谷の中で大気の状態が不安定となるため、胆振地方は曇り時々晴れ所により雨、日高地方は曇りのち一時雨で、ともに雷を伴う所があるでしょう。  　１３日は、胆振地方は曇りで雨の降る所があり、日高地方は曇り一時雨の見込みです。  　海の波の高さは、１２日は１メートルから１．５メートルとやや高いでしょう。１３日は、胆振地方では１メートルのち２メートルとやや高くなり、日高地方では２メートルのち３メートルと高くなり、ともにうねりを伴う見込みです。  ＜天気変化等の留意点＞ 　胆振東部では、１２日は気圧の谷の中で大気の状態が不安定となるため、曇り時々晴れで雷を伴い雨の降る所があるでしょう。１２日１２時から１３日１２時までの２４時間降水量は２０ミリの見込みです。
室蘭地方気象台,2022-06-12T16:38:00+09:00,胆振・日高地方,,　北海道付近は、１２日夜は気圧の谷の中で、大気の状態が不安定でしょう。１３日ははじめ気圧の谷の中ですが、次第にオホーツク海から高気圧が張り出す見込みです。  　胆振・日高地方の１２日１５時の天気は、晴れまたは曇りで雨の降っている所があります。  　１２日夜は、胆振地方は晴れのち曇りで所により雨、日高地方は曇りのち雨で、ともに雷を伴う所があるでしょう。  　１３日は、気圧の谷の中ですが、次第に高気圧が張り出すため、胆振地方は曇りのち時々晴れで所により雨、日高地方は曇り一時雨の見込みです。  　海の波の高さは、１２日夜は１メートルから１．５メートルとやや高いでしょう。１３日は、胆振地方では１メートルのち２メートルとやや高くなり、日高地方では２メートルのち３メートルと高くなり、ともにうねりを伴う見込みです。  ＜天気変化等の留意点＞ 　胆振東部では、１３日は気圧の谷の中ですが、次第に高気圧が張り出すため、曇りのち時々晴れで雨の降る所があるでしょう。１２日１８時から１３日１８時までの２４時間降水量は２５ミリの見込みです。
室蘭地方気象台,2022-06-13T04:37:00+09:00,胆振・日高地方,,　北海道付近は、１３日ははじめ気圧の谷の中ですが、その後は夜にかけてオホーツク海から張り出す高気圧に覆われるでしょう。１４日はオホーツク海から三陸沖に中心を移す高気圧に覆われる見込みです。  　胆振・日高地方の１３日３時の天気は、曇りまたは雨となっています。  　１３日は、はじめ気圧の谷の中ですが、次第に高気圧に覆われるため、胆振地方は曇りのち時々晴れで所により雨、日高地方は曇り一時雨でしょう。  　１４日は、曇り時々晴れの見込みです。  　海の波の高さは、１３日は胆振地方は１メートルのち２メートルとやや高くなり、日高地方では２メートルのち３メートルと高くなり、ともにうねりを伴うでしょう。１４日は、胆振地方は２メートルのち１．５メートルとやや高く、日高地方では３メートルと高くのち２メートルで、ともにうねりを伴う見込みです。  ＜天気変化等の留意点＞ 　胆振東部では、１３日ははじめ気圧の谷の中ですが、次第に高気圧に覆われるため、曇りのち時々晴れで雨の降る所があるでしょう。１３日６時から１４日６時までの２４時間降水量は１５ミリの見込みです。
室蘭地方気象台,2022-06-13T10:39:00+09:00,胆振・日高地方,,　北海道付近は、１３日ははじめ気圧の谷の中ですが、その後は夜にかけてオホーツク海から張り出す高気圧に覆われるでしょう。１４日はオホーツク海から北海道の東海上へ中心を移す高気圧に覆われる見込みです。  　胆振・日高地方の１３日９時の天気は、曇りまたは晴れで雨の降っている所があります。  　１３日は、はじめ気圧の谷の中ですが、次第に高気圧に覆われるため、胆振地方は曇り時々晴れ、日高地方は曇りで、ともに雨の降る所があるでしょう。  　１４日は、曇り時々晴れの見込みです。  　海の波の高さは、１３日は、胆振地方は１メートルのち２メートルとやや高くなり、日高地方では２．５メートルのち３メートルと高くなり、ともにうねりを伴うでしょう。１４日は、胆振地方は２メートルのち１．５メートルとやや高く、日高地方では３メートルと高くのち２メートルで、ともにうねりを伴う見込みです。  ＜天気変化等の留意点＞ 　胆振東部では、１３日は、気圧の谷の中となるため、曇り時々晴れで夕方から雨の降る所があるでしょう。１３日１２時から１４日１２時までの２４時間降水量は１５ミリの見込みです。
室蘭地方気象台,2022-06-13T16:39:00+09:00,胆振・日高地方,,　北海道付近は、１３日夜から１４日にかけてオホーツク海から北海道の東海上へ中心を移す高気圧に覆われる見込みです。  　胆振・日高地方の１３日１５時の天気は、曇りとなっています。  　１３日夜は、胆振地方では晴れのち曇り、日高地方では曇りでしょう。  　１４日は、高気圧に覆われるため、晴れ時々曇りの見込みです。  　海の波の高さは、１３日夜は、胆振地方は２．５メートルとやや高く、日高地方は４メートルとしけ、ともにうねりを伴うでしょう。１４日は、胆振地方は２．５メートルのち１．５メートルとやや高く、日高地方は３メートルと高くのち２メートルで、ともにうねりを伴う見込みです。  ＜天気変化等の留意点＞ 　胆振東部では、１４日は高気圧に覆われるため、晴れ時々曇りでしょう。
室蘭地方気象台,2022-06-14T04:35:00+09:00,胆振・日高地方,,　北海道付近は、１４日はオホーツク海から日本の東に中心を移す高気圧に覆われるでしょう。１５日ははじめ高気圧に覆われますが夜には日本海から低気圧が近づく見込みです。  　胆振・日高地方の１４日３時の天気は、曇りとなっています。  　１４日は、高気圧に覆われるため、曇り時々晴れでしょう。  　１５日は、曇りのち一時雨の見込みです。  　海の波の高さは、１４日は、胆振地方は２．５メートルのち１．５メートルとやや高く、日高地方は３メートルと高くのち２メートルで、ともにうねりを伴うでしょう。１５日は、１．５メートルから２メートルとやや高く、日高地方ではうねりを伴う見込みです。  ＜天気変化等の留意点＞ 　胆振東部では、１４日は高気圧に覆われるため、曇り時々晴れでしょう。
室蘭地方気象台,2022-06-14T10:38:00+09:00,胆振・日高地方,,　北海道付近は、１４日はオホーツク海から日本の東に中心を移す高気圧に覆われるでしょう。１５日ははじめ高気圧に覆われますが、夜には日本海から低気圧が近づく見込みです。  　胆振・日高地方の１４日９時の天気は、曇りとなっています。  　１４日は、高気圧に覆われるため、曇り時々晴れでしょう。  　１５日は、曇りのち一時雨の見込みです。  　海の波の高さは、１４日は、胆振地方は２．５メートルのち１．５メートルとやや高く、日高地方は３メートルと高くのち２メートルで、ともにうねりを伴うでしょう。１５日は、１．５メートルから２メートルとやや高く、日高地方ではうねりを伴う見込みです。  ＜天気変化等の留意点＞ 　胆振東部では、１４日は高気圧に覆われるため、曇り時々晴れでしょう。
室蘭地方気象台,2022-06-14T16:38:00+09:00,胆振・日高地方,,　北海道付近は、１４日夜は日本の東の高気圧が張り出すでしょう。１５日ははじめ高気圧が張り出しますが、夜には日本海から低気圧が近づく見込みです。このため、１５日にかけて気圧の傾きが大きくなるでしょう。  　胆振・日高地方の１４日１５時の天気は、曇りまたは晴れとなっています。  　１４日夜は、曇りでしょう。  　１５日は、高気圧が張り出しますが、夜には日本海から低気圧が近づくため、胆振地方では曇りのち一時雨、日高地方では曇りで夜遅くに雨の降る所がある見込みです。  　海の波の高さは、１４日夜は、胆振地方は２メートルのち１．５メートルとやや高く、日高地方は３メートルと高く、ともにうねりを伴うでしょう。１５日は、１．５メートルから２メートルとやや高く、日高地方ではうねりを伴う見込みです。  ＜天気変化等の留意点＞ 　胆振東部では、１５日は高気圧が張り出しますが、夜には日本海から低気圧が近づくため、曇りのち一時雨でしょう。
室蘭地方気象台,2022-06-15T04:43:00+09:00,胆振・日高地方,,　北海道付近は、１５日は日本の東に中心をもつ高気圧が張り出しますが、夜には日本海から低気圧を含む気圧の谷が近づくでしょう。１６日は日本海から低気圧が次第に近づき、夜にかけて北海道を通過する見込みです。このため、気圧の傾きが大きく、１６日は大気の状態が不安定となるでしょう。  　胆振・日高地方の１５日３時の天気は、曇りとなっています。  　１５日は、低気圧を含む気圧の谷が近づくため、曇りのち一時雨でしょう。  　１６日は、雨時々曇りで雷を伴う所がある見込みです。  　海の波の高さは、１５日は、１．５メートルから２メートルとやや高く、日高地方ではうねりを伴うでしょう。１６日は、１．５メートルから２メートルとやや高い見込みです。  ＜天気変化等の留意点＞ 　胆振東部では、１５日は低気圧を含む気圧の谷が近づくため、曇りのち一時雨でしょう。１５日６時から１６日６時までの２４時間降水量は２０ミリの見込みです。
室蘭地方気象台,2022-06-15T10:39:00+09:00,胆振・日高地方,,　北海道付近は、１５日は日本の東に中心をもつ高気圧が張り出しますが、夜には日本海から低気圧が近づき、１６日にかけて北海道を通過する見込みです。このため、気圧の傾きが大きく、１６日は大気の状態が不安定となるでしょう。  　胆振・日高地方の１５日９時の天気は、曇りまたは晴れとなっています。  　１５日は、低気圧が近づくため、曇りのち一時雨でしょう。  　１６日は、雨時々曇りで雷を伴う所がある見込みです。  　海の波の高さは、１５日は、１．５メートルから２メートルとやや高く、日高地方ではうねりを伴うでしょう。１６日は、１．５メートルから２メートルとやや高い見込みです。  ＜天気変化等の留意点＞ 　胆振東部では、１５日は低気圧が近づくため、曇りのち一時雨でしょう。１５日１２時から１６日１２時までの２４時間降水量は３０ミリの見込みです。
室蘭地方気象台,2022-06-15T16:38:00+09:00,胆振・日高地方,,　北海道付近は、１５日夜には日本海から低気圧が近づき、１６日にかけて北海道を通過する見込みです。このため気圧の傾きが大きく、１６日は大気の状態が不安定となるでしょう。  　胆振・日高地方の１５日１５時の天気は、曇りで雨の降っている所があります。  　１５日夜は、曇りのち雨でしょう。  　１６日は、低気圧が通過するため、胆振地方は雨のち曇り、日高地方は雨時々曇りで、ともに雷を伴う所がある見込みです。  　海の波の高さは、１５日夜から１６日にかけて、１メートルから２メートルとやや高いでしょう。  ＜天気変化等の留意点＞ 　胆振東部では、１６日は低気圧が通過するため、雨のち曇りで雷を伴う所があるでしょう。１５日１８時から１６日１８時までの２４時間降水量は６０ミリの見込みです。
室蘭地方気象台,2022-06-16T04:45:00+09:00,胆振・日高地方,,　北海道付近は、１６日は日本海の低気圧が北東に進み、夜にかけて通過するでしょう。このため気圧の傾きが大きく、大気の状態が不安定となる見込みです。１７日は、オホーツク海へ進む低気圧を含む気圧の谷の中となるでしょう。  　胆振・日高地方の１６日３時の天気は、雨または曇りとなっています。  　１６日は、日本海の低気圧が北東に進み、夜にかけて通過するため、胆振地方では雨のち曇り、日高地方では雨時々曇りで、ともに夜のはじめ頃まで雷を伴う所があるでしょう。  　１７日は、曇りのち時々晴れで、未明は雨の降る所がある見込みです。  　海の波の高さは、１６日は胆振地方では１．５メートルとやや高くのち１メートルでしょう。日高地方では２メートルのち１．５メートルとやや高い見込みです。１７日は胆振地方では１メートルでしょう。日高地方では１．５メートルとやや高い見込みです。  ＜天気変化等の留意点＞ 　胆振東部では、１６日は日本海の低気圧が北東に進み、夜にかけて通過するため、雨のち曇りで夜のはじめ頃まで雷を伴う所があるでしょう。１６日６時から１７日６時までの２４時間降水量は５０ミリの見込みです。
室蘭地方気象台,2022-06-16T10:34:00+09:00,胆振・日高地方,,　北海道付近は、１６日は低気圧が夜にかけて通過するため、気圧の傾きが大きく、大気の状態が不安定でしょう。１７日は、オホーツク海へ進む低気圧を含む気圧の谷の中となる見込みです。  　胆振・日高地方の１６日９時の天気は、雨または曇りとなっています。  　１６日は、低気圧が通過するため胆振地方では雨のち曇り、日高地方では雨時々曇りで、ともに雷を伴う所があるでしょう。  　１７日は、曇りのち時々晴れで、日高地方では雨の降る所がある見込みです。  　海の波の高さは、１６日は１メートルから２メートルとやや高い見込みです。１７日は胆振地方では１メートルでしょう。日高地方では１．５メートルとやや高い見込みです。  ＜天気変化等の留意点＞ 　胆振東部では、１６日は低気圧が通過するため、雨のち曇りで雷を伴う所があるでしょう。１６日１２時から１７日１２時までの２４時間降水量は４０ミリの見込みです。
室蘭地方気象台,2022-06-16T16:35:00+09:00,胆振・日高地方,,　北海道付近は、１７日にかけてオホーツク海へ進む低気圧を含む気圧の谷の中で、大気の状態が不安定となるでしょう。  　胆振・日高地方の１６日１５時の天気は、曇りで雨の降っている所があります。  　１６日夜は、曇り所により雨で雷を伴うでしょう。  　１７日は、低気圧を含む気圧の谷の中となるため、曇りのち時々晴れで、日高地方では雨の降る所がある見込みです。  　海の波の高さは、１６日夜から１７日にかけて１メートルから２メートルとやや高い見込みです。  ＜天気変化等の留意点＞ 　胆振東部では、１７日は低気圧を含む気圧の谷の中となるため、曇りのち時々晴れでしょう。１６日１８時から１７日１８時までの２４時間降水量は１０ミリの見込みです。
室蘭地方気象台,2022-06-17T04:42:00+09:00,胆振・日高地方,,　北海道付近は、１８日にかけて気圧の谷の中で、上空には寒気が流入するため、大気の状態が不安定となるでしょう。  　胆振・日高地方の１７日３時の天気は、曇りで雨の降っている所があります。  　１７日は、気圧の谷の中となるため、胆振地方は曇りのち時々晴れで、日高地方は曇りで雨の降る所があるでしょう。  　１８日は、曇りで、胆振地方では雨の降る所がある見込みです。  　海の波の高さは、１７日から１８日にかけて１メートルから１．５メートルとやや高い見込みです。  ＜天気変化等の留意点＞ 　胆振東部では、１７日は気圧の谷の中となるため、曇りのち時々晴れでしょう。
室蘭地方気象台,2022-06-17T10:36:00+09:00,胆振・日高地方,,　北海道付近は、１８日にかけて気圧の谷の中で、上空には寒気が流入するため、大気の状態が不安定となるでしょう。  　胆振・日高地方の１７日９時の天気は、曇りとなっています。  　１７日は、気圧の谷の中となるため、曇り時々晴れでしょう。  　１８日は、曇りで、胆振地方では雨の降る所がある見込みです。  　海の波の高さは、１７日から１８日にかけて１メートルから１．５メートルとやや高い見込みです。  ＜天気変化等の留意点＞ 　胆振東部では、１７日は気圧の谷の中となるため、曇り時々晴れでしょう。
室蘭地方気象台,2022-06-17T16:38:00+09:00,胆振・日高地方,,　北海道付近は、１８日にかけて気圧の谷の中で、上空には寒気が流入するため、大気の状態が不安定となるでしょう。  　胆振・日高地方の１７日１５時の天気は、曇りまたは晴れとなっています。  　１７日夜は、曇り時々晴れでしょう。  　１８日は、気圧の谷の中となるため、曇りのち時々晴れで、胆振地方では夜遅く雨の降る所がある見込みです。  　海の波の高さは、１７日夜から１８日にかけて１メートルでしょう。  ＜天気変化等の留意点＞ 　胆振東部では、１８日は気圧の谷の中となるため、曇りのち時々晴れで、夜遅く雨の降る所があるでしょう。
室蘭地方気象台,2022-06-18T04:34:00+09:00,胆振・日高地方,,　北海道付近は、１９日にかけて気圧の谷の中で、上空には寒気が流入するため、大気の状態が不安定となるでしょう。  　胆振・日高地方の１８日３時の天気は、曇りまたは晴れとなっています。  　１８日は、気圧の谷の中となるため、曇り時々晴れで、胆振地方では夜遅く雨の降る所があるでしょう。  　１９日は、曇り所により雨で雷を伴う見込みです。  　海の波の高さは、１８日から１９日にかけて１メートルから１．５メートルとやや高いでしょう。  ＜天気変化等の留意点＞ 　胆振東部では、１８日は気圧の谷の中となるため、曇り時々晴れでしょう。１８日６時から１９日６時までの２４時間降水量は、１０ミリの見込みです。
室蘭地方気象台,2022-06-18T10:41:00+09:00,胆振・日高地方,,　北海道付近は、１９日にかけて気圧の谷の中で、上空に寒気が流入するため大気の状態が不安定でしょう。  　胆振・日高地方の１８日９時の天気は、曇りまたは晴れとなっています。  　１８日は、気圧の谷の中となるため、胆振地方では曇り時々晴れで、夜遅くに雨の降る所があるでしょう。日高地方では晴れのち曇りの見込みです。  　１９日は、曇りで、雷を伴い雨の降る所がある見込みです。  　海の波の高さは、１８日から１９日にかけて１メートルから１．５メートルとやや高いでしょう。  ＜天気変化等の留意点＞ 　胆振東部では、１８日は気圧の谷の中となるため、曇り時々晴れで、夜遅くに雨の降る所があるでしょう。１８日１２時から１９日１２時までの２４時間降水量は１０ミリの見込みです。
室蘭地方気象台,2022-06-18T16:38:00+09:00,胆振・日高地方,,　北海道付近は、１９日にかけて低気圧を含む気圧の谷の中で、上空に寒気が流入するため大気の状態が非常に不安定となるでしょう。  　胆振・日高地方の１８日１５時の天気は、曇りまたは晴れとなっています。  　１８日夜は、曇りでしょう。  　１９日は、気圧の谷の中で大気の状態が不安定となるため、曇り一時雨で、雷を伴う所がある見込みです。  　海の波の高さは、１８日夜から１９日にかけて１メートルでしょう。  ＜天気変化等の留意点＞ 　胆振東部では、１９日は気圧の谷の中で大気の状態が不安定となるため、曇り一時雨で、雷を伴う所があるでしょう。１８日１８時から１９日１８時までの２４時間降水量は３０ミリの見込みです。
室蘭地方気象台,2022-06-19T04:37:00+09:00,胆振・日高地方,,　北海道付近は、２０日にかけて、低気圧を含む気圧の谷の中で上空に寒気が流入するため、大気の状態が非常に不安定となるでしょう。  　胆振・日高地方の１９日３時の天気は、曇りまたは雨となっています。  　１９日は、低気圧を含む気圧の谷の中となるため、曇り時々雨で、雷を伴う所があるでしょう。  　２０日は、晴れ一時雨で、雷を伴う所がある見込みです。  　海の波の高さは、１９日から２０日にかけて、１メートルから１．５メートルとやや高いでしょう。  ＜天気変化等の留意点＞ 　胆振東部では、１９日は低気圧を含む気圧の谷の中となるため、曇り時々雨で、雷を伴う所があるでしょう。１９日６時から２０日６時までの２４時間降水量は４０ミリの見込みです。
室蘭地方気象台,2022-06-19T10:38:00+09:00,胆振・日高地方,,　北海道付近は、２０日にかけて、低気圧を含む気圧の谷の中で上空に寒気が流入するため、大気の状態が非常に不安定となるでしょう。  　胆振・日高地方の１９日９時の天気は、曇りまたは雨となっています。  　１９日は、気圧の谷の中で大気の状態が非常に不安定となるため、曇りのち一時雨で、雷を伴う所があるでしょう。  　２０日は、晴れ一時雨で、雷を伴う所がある見込みです。  　海の波の高さは、１９日から２０日にかけて、１メートルから１．５メートルとやや高いでしょう。  ＜天気変化等の留意点＞ 　胆振東部では、１９日は気圧の谷の中で大気の状態が非常に不安定となるため、曇りで、雷を伴い雨の降る所があるでしょう。１９日１２時から２０日１２時までの２４時間降水量は４０ミリの見込みです。
室蘭地方気象台,2022-06-19T16:37:00+09:00,胆振・日高地方,,　北海道付近は、２０日にかけて、低気圧を含む気圧の谷の中で上空に寒気が流入するため、大気の状態が非常に不安定でしょう。  　胆振・日高地方の１９日１５時の天気は、雨または曇りとなっています。  　１９日夜は、胆振地方では曇りのち雨、日高地方では雨で、ともに雷を伴う所があるでしょう。  　２０日は、気圧の谷の中で大気の状態が非常に不安定なため、胆振地方では曇り一時雨、日高地方では雨のち晴れで、ともに雷を伴う所がある見込みです。  　海の波の高さは、１９日夜から２０日にかけて、１メートルから１．５メートルとやや高いでしょう。  ＜天気変化等の留意点＞ 　胆振東部では、２０日は気圧の谷の中で大気の状態が非常に不安定なため、曇りのち晴れ、明け方まで雨で雷を伴う所があるでしょう。１９日１８時から２０日１８時までの２４時間降水量は６０ミリの見込みです。
室蘭地方気象台,2022-06-20T04:42:00+09:00,胆振・日高地方,,　北海道付近は、２０日は低気圧を含む気圧の谷の中で、気圧の傾きが大きくなり、上空に寒気が流入するため大気の状態が非常に不安定でしょう。２１日は低気圧は北海道から次第に遠ざかり、夜にかけて高気圧の張り出しの中に入る見込みです。  　胆振・日高地方の２０日３時の天気は、雨または曇りとなっています。  　２０日は、気圧の谷の中で大気の状態が非常に不安定なため、胆振地方では曇り時々晴れ、日高地方では曇りのち晴れで、ともに雷を伴い雨の降る所があるでしょう。  　２１日は、胆振地方では晴れのち曇り、日高地方では晴れのち時々曇りの見込みです。  　海の波の高さは、２０日から２１日にかけて、１メートルから１．５メートルとやや高いでしょう。  ＜天気変化等の留意点＞ 　胆振東部では、２０日は気圧の谷の中で大気の状態が非常に不安定なため、曇り時々晴れで雷を伴い雨の降る所があるでしょう。２０日６時から２１日６時までの２４時間降水量は１５ミリの見込みです。
室蘭地方気象台,2022-06-20T10:38:00+09:00,胆振・日高地方,,　北海道付近は、２０日は低気圧を含む気圧の谷の中で、気圧の傾きが大きく、上空に寒気が流入するため大気の状態が非常に不安定でしょう。２１日は低気圧は北海道から次第に遠ざかり、夜にかけて高気圧の張り出しの中となる見込みです。  　胆振・日高地方の２０日９時の天気は、晴れまたは曇りとなっています。  　２０日は、低気圧を含む気圧の谷の中となるため、晴れ時々曇りで雷を伴い雨の降る所があるでしょう。  　２１日は、胆振地方では晴れのち曇り、日高地方では晴れのち時々曇りの見込みです。  　海の波の高さは、２０日から２１日にかけて、１メートルから１．５メートルとやや高いでしょう。  ＜天気変化等の留意点＞ 　胆振東部では、２０日は低気圧を含む気圧の谷の中となるため、晴れ時々曇りで雷を伴い雨の降る所があるでしょう。２０日１２時から２１日１２時までの２４時間降水量は１５ミリの見込みです。
室蘭地方気象台,2022-06-20T16:37:00+09:00,胆振・日高地方,,　北海道付近は、２０日夜は低気圧を含む気圧の谷の中で、大気の状態が不安定でしょう。２１日は低気圧は北海道から次第に遠ざかり、夜にかけて高気圧の張り出しの中となる見込みです。２１日にかけて気圧の傾きが大きいでしょう。  　胆振・日高地方の２０日１５時の天気は、晴れまたは曇りで雨の降っている所があります。  　２０日夜は、晴れ時々曇りでしょう。  　２１日は、高気圧の張り出しの中となるため、晴れのち曇りの見込みです。  　海の波の高さは、２０日夜から２１日にかけて、１メートルから１．５メートルとやや高いでしょう。  ＜天気変化等の留意点＞ 　胆振東部では、２１日は高気圧の張り出しの中となるため、晴れのち曇りでしょう。
室蘭地方気象台,2022-06-21T04:39:00+09:00,胆振・日高地方,,　北海道付近は、２１日はオホーツク海から張り出す高気圧の中となる見込みです。２２日はオホーツク海から高気圧が張り出しますが、次第に日本海から気圧の谷がのびるでしょう。  　胆振・日高地方の２１日３時の天気は、晴れまたは曇りとなっています。  　２１日は、オホーツク海から張り出す高気圧の中となるため、晴れのち曇りでしょう。  　２２日は、曇りの見込みです。  　海の波の高さは、２１日から２２日にかけて、１メートルでしょう。  ＜天気変化等の留意点＞ 　胆振東部では、２１日はオホーツク海から張り出す高気圧の中となるため、晴れのち曇りでしょう。
室蘭地方気象台,2022-06-21T10:36:00+09:00,胆振・日高地方,,　北海道付近は、２２日にかけてオホーツク海から張り出す高気圧に緩やかに覆われますが、２２日夜は日本海から気圧の谷が近づくでしょう。  　胆振・日高地方の２１日９時の天気は、晴れとなっています。  　２１日は、高気圧に緩やかに覆われるため、晴れのち曇りでしょう。  　２２日は、曇りの見込みです。  　海の波の高さは、２１日から２２日にかけて、１メートルでしょう。  ＜天気変化等の留意点＞ 　胆振東部では、２１日は高気圧に緩やかに覆われるため、晴れのち曇りでしょう。
室蘭地方気象台,2022-06-21T16:34:00+09:00,胆振・日高地方,,　北海道付近は、２２日にかけてオホーツク海から張り出す高気圧に緩やかに覆われますが、２２日夜は日本海から気圧の谷が近づくでしょう。  　胆振・日高地方の２１日１５時の天気は、晴れまたは曇りとなっています。  　２１日夜は、晴れのち曇りでしょう。  　２２日は、気圧の谷の中となるため、曇りの見込みです。  　海の波の高さは、２１日夜から２２日にかけて、１メートルでしょう。  ＜天気変化等の留意点＞ 　胆振東部では、２２日は気圧の谷の中となるため、曇りでしょう。
室蘭地方気象台,2022-06-22T04:40:00+09:00,胆振・日高地方,,　北海道付近は、２２日はオホーツク海から高気圧が張り出すでしょう。２３日は日本海から気圧の谷が近づき、気圧の傾きが大きくなる見込みです。  　胆振・日高地方の２２日３時の天気は、曇りとなっています。  　２２日は、気圧の谷が近づくため、曇りでしょう。  　２３日は、曇りのち一時雨の見込みです。  　海の波の高さは、２２日から２３日にかけて、１メートルから１．５メートルとやや高いでしょう。  ＜天気変化等の留意点＞ 　胆振東部では、２２日は気圧の谷が近づくため、曇りでしょう。
室蘭地方気象台,2022-06-22T10:37:00+09:00,胆振・日高地方,,　北海道付近は、２２日はオホーツク海から高気圧が張り出すでしょう。２３日は日本海から気圧の谷が近づき、気圧の傾きが大きくなる見込みです。  　胆振・日高地方の２２日９時の天気は、曇りまたは晴れとなっています。  　２２日は、オホーツク海から高気圧が張り出すため、曇り時々晴れでしょう。  　２３日は、曇りのち一時雨の見込みです。  　海の波の高さは、２２日から２３日にかけて、１メートルから１．５メートルとやや高いでしょう。  ＜天気変化等の留意点＞ 　胆振東部では、２２日はオホーツク海から高気圧が張り出すため、曇り時々晴れでしょう。２２日１２時から２３日１２時までの２４時間降水量は５ミリの見込みです。
室蘭地方気象台,2022-06-22T16:39:00+09:00,胆振・日高地方,,　北海道付近は、２２日夜はオホーツク海から高気圧が張り出すでしょう。２３日は夜にかけて日本海から前線が近づき、気圧の傾きが大きくなる見込みです。  　胆振・日高地方の２２日１５時の天気は、晴れまたは曇りとなっています。  　２２日夜は、曇りでしょう。  　２３日は、前線が近づくため、曇りのち一時雨の見込みです。  　海の波の高さは、２２日夜から２３日にかけて、１メートルから１．５メートルとやや高いでしょう。  ＜天気変化等の留意点＞ 　胆振東部では、２３日は前線が近づくため、曇りのち一時雨でしょう。２２日１８時から２３日１８時までの２４時間降水量は１０ミリの見込みです。
室蘭地方気象台,2022-06-23T04:39:00+09:00,胆振・日高地方,,　北海道付近は、２３日夜にかけて、日本海を東北東へ進む低気圧が前線を伴い発達しながら近づくでしょう。２４日は、低気圧が間宮海峡付近に進み、夜にかけて前線が北海道を通過する見込みです。また、気圧の傾きが大きくなるでしょう。  　胆振・日高地方の２３日３時の天気は、曇りで雨の降っている所があります。  　２３日は、低気圧が前線を伴い発達しながら近づくため、胆振地方は曇り一時雨、日高地方では曇りのち一時雨でしょう。  　２４日は、雨で所により激しく降る見込みです。  　海の波の高さは、２３日は１．５メートルとやや高いでしょう。２４日は、胆振地方は２メートルのち２．５メートルとやや高く、日高地方では２メートルのち３メートルと高くなる見込みです。  ＜天気変化等の留意点＞ 　胆振東部では、２３日は低気圧が前線を伴い発達しながら近づくため、曇り一時雨でしょう。２３日６時から２４日６時までの２４時間降水量は２０ミリの見込みです。
室蘭地方気象台,2022-06-23T10:39:00+09:00,胆振・日高地方,,　北海道付近は、２３日夜にかけて、日本海を東北東へ進む低気圧が前線を伴い発達しながら近づくでしょう。２４日は、低気圧が間宮海峡付近に進み、夜にかけて前線が北海道を通過する見込みです。また、気圧の傾きが大きくなるでしょう。  　胆振・日高地方の２３日９時の天気は、雨または曇りとなっています。  　２３日は、低気圧が前線を伴い発達しながら近づくため、胆振地方は曇り時々雨、日高地方では曇り一時雨でしょう。  　２４日は、雨で所により激しく降る見込みです。  　海の波の高さは、２３日は１．５メートルとやや高いでしょう。２４日は、胆振地方は２メートルのち２．５メートルとやや高く、日高地方では２メートルのち３メートルと高くなる見込みです。  ＜天気変化等の留意点＞ 　胆振東部では、２３日は低気圧が前線を伴い発達しながら近づくため、曇り時々雨でしょう。２３日１２時から２４日１２時までの２４時間降水量は５０ミリの見込みです。
室蘭地方気象台,2022-06-23T16:44:00+09:00,胆振・日高地方,,　北海道付近は、２３日夜にかけて、日本海を北東へ進む低気圧が前線を伴い発達しながら近づくでしょう。２４日は、低気圧が間宮海峡付近に進み、夜には前線が北海道を通過する見込みです。このため、大気の状態が不安定となり、気圧の傾きが大きくなるでしょう。  　胆振・日高地方の２３日１５時の天気は、雨または曇りとなっています。  　２３日夜は、胆振地方は雨のち曇り、日高地方では曇り時々雨でしょう。  　２４日は、低気圧からのびる前線が通過するため、雨で雷を伴い激しく降る所がある見込みです。  　海の波の高さは、２３日夜は１．５メートルとやや高いでしょう。２４日は、２メートルのち３メートルと高くなる見込みです。  ＜天気変化等の留意点＞ 　胆振東部では、２４日は低気圧からのびる前線が通過するため、雨で雷を伴い激しく降る所があるでしょう。２３日１８時から２４日１８時までの２４時間降水量は１００ミリの見込みです。
室蘭地方気象台,2022-06-24T04:40:00+09:00,胆振・日高地方,,　北海道付近は、２５日にかけて、前線を伴った低気圧が発達しながら日本海を北東へ進み、前線が通過するでしょう。このため、２５日にかけて大気の状態が不安定となり、気圧の傾きが大きくなる見込みです。  　胆振・日高地方の２４日３時の天気は、曇りまたは雨となっています。  　２４日は、前線が通過するため、雨で雷を伴い非常に激しく降る所があるでしょう。  　２５日は、胆振地方では曇りのち時々晴れで雨の降る所があり、日高地方では曇り一時雨の見込みです。  　海の波の高さは、２４日は２．５メートルのち３メートルと高くなるでしょう。２５日は胆振地方では２メートルとやや高くのち１メートル、日高地方では３メートルとはじめ高くのち１．５メートルの見込みです。  ＜天気変化等の留意点＞ 　胆振東部では、２４日は前線が通過するため、雨で雷を伴い非常に激しく降る所があるでしょう。２４日６時から２５日６時までの２４時間降水量は１００ミリの見込みです。
室蘭地方気象台,2022-06-24T10:38:00+09:00,胆振・日高地方,,　北海道付近は、２５日にかけて低気圧が発達しながら日本海を北東へ進み、伴う前線が通過するでしょう。このため、２５日にかけて大気の状態が不安定となり、気圧の傾きが大きくなる見込みです。  　胆振・日高地方の２４日９時の天気は、雨または曇りとなっています。  　２４日は、前線が通過するため、雨で雷を伴い非常に激しく降る所があるでしょう。  　２５日は、胆振地方では曇りのち時々晴れで雨の降る所があり、日高地方では曇り一時雨の見込みです。  　海の波の高さは、２４日は胆振地方では３メートルと高くのち２．５メートル、日高地方では３メートルと高いでしょう。２５日は胆振地方では２メートルとやや高くのち１メートル、日高地方では３メートルとはじめ高くのち１．５メートルの見込みです。  ＜天気変化等の留意点＞ 　胆振東部では、２４日は前線が通過するため、雨で雷を伴い非常に激しく降る所があるでしょう。２４日１２時から２５日１２時までの２４時間降水量は１００ミリの見込みです。
室蘭地方気象台,2022-06-24T16:40:00+09:00,胆振・日高地方,,　北海道付近は、２５日にかけて低気圧が日本海を北東へ進み、伴う前線が通過するでしょう。このため、２５日にかけて大気の状態が不安定で、気圧の傾きが大きい見込みです。  　胆振・日高地方の２４日１５時の天気は、雨となっています。  　２４日夜は、胆振地方では曇り時々雨で雷を伴う所があるでしょう。日高地方では雨で雷を伴い激しく降る所がある見込みです。  　２５日は、気圧の谷の中となるため、胆振地方では曇りで雨の降る所があるでしょう。日高地方では曇り一時雨の見込みです。  　海の波の高さは、２４日夜は胆振地方では２．５メートルとやや高いでしょう。日高地方では４メートルとしける見込みです。２５日は胆振地方では２メートルとやや高くのち１メートルでしょう。日高地方では３メートルとはじめ高くのち１．５メートルの見込みです。  ＜天気変化等の留意点＞ 　胆振東部では、２５日は気圧の谷の中となるため、曇りで雨の降る所があるでしょう。２４日１８時から２５日１８時までの２４時間降水量は２０ミリの見込みです。
室蘭地方気象台,2022-06-25T04:44:00+09:00,胆振・日高地方,,　北海道付近は、２５日から２６日にかけて低気圧を含む気圧の谷の中で、気圧の傾きが大きく、大気の状態が不安定となるでしょう。  　胆振・日高地方の２５日３時の天気は、曇りで雨の降っている所があります。  　２５日は、気圧の谷の中となるため、曇りで、日高地方では雨の降る所があるでしょう。  　２６日は、胆振地方では曇り、日高地方では曇り時々晴れで、ともに雨の降る所がある見込みです。  　海の波の高さは、２５日から２６日にかけて、１メートルから２．５メートルとやや高い見込みです。  ＜天気変化等の留意点＞ 　胆振東部では、２５日は気圧の谷の中となるため、曇りでしょう。２５日６時から２６日６時までの２４時間降水量は５ミリの見込みです。
室蘭地方気象台,2022-06-25T10:37:00+09:00,胆振・日高地方,,　北海道付近は、２６日にかけて気圧の谷の中で、気圧の傾きが大きく、大気の状態が不安定となるでしょう。  　胆振・日高地方の２５日９時の天気は、晴れまたは曇りで雨の降っている所があります。  　２５日は、気圧の谷の中となるため、胆振地方は晴れのち曇り、日高地方は曇りで、ともに雨の降る所があるでしょう。  　２６日は、胆振地方は曇り、日高地方は曇り時々晴れで、ともに雨の降る所がある見込みです。  　海の波の高さは、２５日から２６日にかけて、１メートルから２メートルとやや高い見込みです。  ＜天気変化等の留意点＞ 　胆振東部では、２５日は気圧の谷の中となるため、晴れのち曇りで雨の降る所があるでしょう。２５日１２時から２６日１２時までの２４時間降水量は５ミリの見込みです。
室蘭地方気象台,2022-06-25T16:38:00+09:00,胆振・日高地方,,　北海道付近は、２６日にかけて気圧の谷の中で、気圧の傾きが大きく、大気の状態が不安定となるでしょう。  　胆振・日高地方の２５日１５時の天気は、晴れまたは曇りで雨の降っている所があります。  　２５日夜は、曇り時々晴れで雨の降る所があるでしょう。  　２６日は、気圧の谷の中となるため、曇りのち一時雨で雷を伴う所がある見込みです。  　海の波の高さは、２５日夜から２６日にかけて、１メートルから１．５メートルとやや高い見込みです。  ＜天気変化等の留意点＞ 　胆振東部では、２６日は気圧の谷の中となるため、曇りのち一時雨で雷を伴う所があるでしょう。２５日１８時から２６日１８時までの２４時間降水量は１０ミリの見込みです。
室蘭地方気象台,2022-06-26T04:39:00+09:00,胆振・日高地方,,　北海道付近は、２６日から２７日にかけて低気圧を含む気圧の谷の中で、大気の状態が不安定となるでしょう。また、２６日は気圧の傾きが大きい見込みです。  　胆振・日高地方の２６日３時の天気は、曇りまたは晴れとなっています。  　２６日は、低気圧を含む気圧の谷の中となるため、曇りのち一時雨で雷を伴う所があるでしょう。  　２７日は、雨のち晴れで、雷を伴う所がある見込みです。  　海の波の高さは、２６日から２７日にかけて、胆振地方では１メートルでしょう。日高地方では１．５メートルとやや高い見込みです。  ＜天気変化等の留意点＞ 　胆振東部では、２６日は低気圧を含む気圧の谷の中となるため、曇りのち一時雨で雷を伴う所があるでしょう。２６日６時から２７日６時までの２４時間降水量は４０ミリの見込みです。
室蘭地方気象台,2022-06-26T10:34:00+09:00,胆振・日高地方,,　北海道付近は、２６日から２７日にかけて低気圧を含む気圧の谷の中で、大気の状態が不安定となるでしょう。また、２６日は気圧の傾きが大きい見込みです。  　胆振・日高地方の２６日９時の天気は、曇りまたは晴れとなっています。  　２６日は、低気圧を含む気圧の谷の中となるため、曇りのち一時雨で雷を伴う所があるでしょう。  　２７日は、雨のち晴れで、雷を伴う所がある見込みです。  　海の波の高さは、２６日から２７日にかけて、胆振地方では１メートル、日高地方では１．５メートルとやや高い見込みです。  ＜天気変化等の留意点＞ 　胆振東部では、２６日は低気圧を含む気圧の谷の中となるため、曇りのち一時雨で雷を伴う所があるでしょう。２６日１２時から２７日１２時までの２４時間降水量は４０ミリの見込みです。
室蘭地方気象台,2022-06-26T16:40:00+09:00,胆振・日高地方,,　北海道付近は、２６日夜から２７日にかけて低気圧を含む気圧の谷の中で、大気の状態が非常に不安定となるでしょう。  　胆振・日高地方の２６日１５時の天気は、曇りとなっています。  　２６日夜は、曇りのち雨で雷を伴う所があるでしょう。  　２７日は、低気圧を含む気圧の谷の中となるため、雨のち晴れで、雷を伴い日高地方では激しく降る所がある見込みです。  　海の波の高さは、２６日夜から２７日にかけて、胆振地方では１メートル、日高地方では１．５メートルとやや高い見込みです。  ＜天気変化等の留意点＞ 　胆振東部では、２７日は低気圧を含む気圧の谷の中となるため、雨のち晴れで、雷を伴う所があるでしょう。２６日１８時から２７日１８時までの２４時間降水量は５０ミリの見込みです。
室蘭地方気象台,2022-06-27T04:42:00+09:00,胆振・日高地方,,　北海道付近は、２７日は低気圧を含む気圧の谷の中で、大気の状態が非常に不安定でしょう。２８日は前線を伴った低気圧が夜にかけて近づくため、再び大気の状態が不安定となる見込みです。  　胆振・日高地方の２７日３時の天気は、曇りで雨の降っている所があります。  　２７日は、気圧の谷の中となるため、雨のち晴れで雷を伴う所があるでしょう。  　２８日は、晴れのち雨で雷を伴い激しく降る所がある見込みです。  　海の波の高さは、２７日から２８日にかけて、１メートルから１．５メートルとやや高いでしょう。  ＜天気変化等の留意点＞ 　胆振東部では、２７日は気圧の谷の中となるため、雨のち晴れで雷を伴う所があるでしょう。２７日６時から２８日６時までの２４時間降水量は５０ミリの見込みです。
室蘭地方気象台,2022-06-27T10:38:00+09:00,胆振・日高地方,,　北海道付近は、２７日は低気圧を含む気圧の谷の中で、大気の状態が非常に不安定でしょう。２８日は前線を伴った低気圧が夜にかけて近づくため、気圧の傾きが大きくなり、再び大気の状態が不安定となる見込みです。  　胆振・日高地方の２７日９時の天気は、曇りで雨の降っている所があります。  　２７日は、気圧の谷の中となるため、曇りのち晴れ、夕方まで雷を伴い雨の降る所があるでしょう。  　２８日は、晴れのち雨で雷を伴い激しく降る所がある見込みです。  　海の波の高さは、２７日から２８日にかけて、１メートルから１．５メートルとやや高いでしょう。  ＜天気変化等の留意点＞ 　胆振東部では、２７日は気圧の谷の中となるため、曇りのち晴れ、夕方まで雷を伴い雨の降る所があるでしょう。２７日１２時から２８日１２時までの２４時間降水量は１０ミリの見込みです。
室蘭地方気象台,2022-06-27T16:37:00+09:00,胆振・日高地方,,　北海道付近は、２７日夜は低気圧を含む気圧の谷の中で、大気の状態が非常に不安定でしょう。２８日は前線を伴った低気圧が夜にかけて近づくため、気圧の傾きが大きくなり、再び大気の状態が不安定となる見込みです。  　胆振・日高地方の２７日１５時の天気は、曇りまたは晴れとなっています。  　２７日夜は、胆振地方は晴れ時々曇り、日高地方は曇りのち晴れでしょう。  　２８日は、前線を伴った低気圧が近づくため、曇りのち雨で雷を伴い激しく降る所がある見込みです。  　海の波の高さは、２７日夜から２８日にかけて、１メートルから１．５メートルとやや高いでしょう。  ＜天気変化等の留意点＞ 　胆振東部では、２８日は前線を伴った低気圧が近づくため、曇りのち雨で雷を伴い激しく降る所があるでしょう。２７日１８時から２８日１８時までの２４時間降水量は３０ミリの見込みです。
室蘭地方気象台,2022-06-28T04:37:00+09:00,胆振・日高地方,,　北海道付近は、２８日から２９日にかけて前線を伴った低気圧が通過する見込みです。また、気圧の傾きが大きくなり、大気の状態が不安定となるでしょう。  　胆振・日高地方の２８日３時の天気は、曇りまたは晴れとなっています。  　２８日は、前線を伴った低気圧が近づくため、曇りのち雨で雷を伴い激しく降る所があるでしょう。  　２９日は、雨で雷を伴い激しく降る所がある見込みです。  　海の波の高さは、２８日は１メートルから１．５メートルとやや高いでしょう。２９日は、胆振地方は１．５メートルとやや高く、日高地方では１．５メートルのち３メートルと高くなる見込みです。  ＜天気変化等の留意点＞ 　胆振東部では、２８日は前線を伴った低気圧が近づくため、曇りのち雨で雷を伴い激しく降る所があるでしょう。２８日６時から２９日６時までの２４時間降水量は１００ミリの見込みです。
室蘭地方気象台,2022-06-28T10:42:00+09:00,胆振・日高地方,,　北海道付近は、２８日から２９日にかけて前線を伴った低気圧が通過する見込みです。また、気圧の傾きが大きくなり、大気の状態が不安定でしょう。  　胆振・日高地方の２８日９時の天気は、曇りで雨の降っている所があります。  　２８日は、前線を伴った低気圧が通過するため、胆振地方では雨、日高地方では曇りのち雨で、ともに雷を伴い激しく降る所があるでしょう。  　２９日は、雨で雷を伴い激しく降る所がある見込みです。  　海の波の高さは、２８日は１メートルから１．５メートルとやや高いでしょう。２９日は、胆振地方は１．５メートルとやや高く、日高地方では１．５メートルのち３メートルと高くなる見込みです。  ＜天気変化等の留意点＞ 　胆振東部では、２８日は前線を伴った低気圧が通過するため、雨で雷を伴い激しく降る所があるでしょう。２８日１２時から２９日１２時までの２４時間降水量は１５０ミリの見込みです。
室蘭地方気象台,2022-06-28T16:39:00+09:00,胆振・日高地方,,　北海道付近は、２８日夜は日本海から前線を伴った低気圧が近づき、２９日にかけて通過する見込みです。このため、気圧の傾きが大きく、大気の状態が不安定でしょう。  　胆振・日高地方の２８日１５時の天気は、雨となっています。  　２８日夜は、雨で雷を伴い激しく降る所があるでしょう。  　２９日は、前線を伴った低気圧が通過するため、雨で雷を伴い激しく降る所がある見込みです。  　海の波の高さは、２８日夜は１メートルから１．５メートルとやや高いでしょう。２９日は、胆振地方は１．５メートルとやや高く、日高地方では１．５メートルのち３メートルと高くなる見込みです。  ＜天気変化等の留意点＞ 　胆振東部では、２９日は前線を伴った低気圧が通過するため、雨で雷を伴い激しく降る所があるでしょう。２８日１８時から２９日１８時までの２４時間降水量は１８０ミリの見込みです。
室蘭地方気象台,2022-06-29T04:38:00+09:00,胆振・日高地方,,　北海道付近は、２９日は前線を伴った低気圧が通過するため、気圧の傾きが大きいでしょう。３０日は北海道の南に前線が停滞する見込みで、３０日にかけて大気の状態が不安定となる見込みです。  　胆振・日高地方の２９日３時の天気は、雨となっています。  　２９日は、前線を伴った低気圧が通過するため、胆振地方は雨時々曇り、日高地方は雨で、ともに雷を伴い激しく降る所があるでしょう。  　３０日は、雨のち曇りで、雷を伴う所がある見込みです。  　海の波の高さは、２９日は胆振地方は１．５メートルとやや高く、日高地方は３メートルと高く、のち１．５メートルでしょう。３０日は１メートルから１．５メートルとやや高い見込みです。  ＜天気変化等の留意点＞ 　胆振東部では、２９日は前線を伴った低気圧が通過するため、雨時々曇りで、雷を伴い激しく降る所があるでしょう。２９日６時から３０日６時までの２４時間降水量は８０ミリの見込みです。
室蘭地方気象台,2022-06-29T10:36:00+09:00,胆振・日高地方,,　北海道付近は、３０日にかけて前線が停滞し、前線上の低気圧が２９日夜から３０日朝にかけて通過するでしょう。このため、２９日は気圧の傾きが大きく、３０日にかけて大気の状態が不安定となる見込みです。  　胆振・日高地方の２９日９時の天気は、雨となっています。  　２９日は、前線上の低気圧が通過するため、胆振地方は雨時々曇り、日高地方は雨で、ともに雷を伴い激しく降る所があるでしょう。  　３０日は、雨のち曇りで、雷を伴う所がある見込みです。  　海の波の高さは、２９日は胆振地方は１．５メートルとやや高く、日高地方は３メートルと高く、のち１．５メートルでしょう。３０日は１メートルから１．５メートルとやや高い見込みです。  ＜天気変化等の留意点＞ 　胆振東部では、２９日は前線上の低気圧が通過するため、雨時々曇りで、雷を伴い激しく降る所があるでしょう。２９日１２時から３０日１２時までの２４時間降水量は５０ミリの見込みです。
室蘭地方気象台,2022-06-29T16:38:00+09:00,胆振・日高地方,,　北海道付近は、３０日にかけて前線が停滞し、前線上の低気圧が３０日朝にかけて通過するでしょう。このため、３０日にかけて大気の状態が不安定となる見込みです。  　胆振・日高地方の２９日１５時の天気は、雨となっています。  　２９日夜は、雨で雷を伴う所があるでしょう。  　３０日は、前線上の低気圧が通過するため、胆振地方では曇りで雨の降る所があり雷を伴うでしょう。日高地方では曇り一時雨で雷を伴う所がある見込みです。  　海の波の高さは、２９日夜は胆振地方は１メートル、日高地方は２．５メートルのち１．５メートルとやや高いでしょう。３０日は１メートルの見込みです。  ＜天気変化等の留意点＞ 　胆振東部では、３０日は前線上の低気圧が通過するため、曇りで雨の降る所があり雷を伴うでしょう。２９日１８時から３０日１８時までの２４時間降水量は３０ミリの見込みです。
室蘭地方気象台,2022-06-30T04:45:00+09:00,胆振・日高地方,,　北海道付近は、３０日は前線がゆっくりと東北地方まで南下し、夜にはオホーツク海から高気圧が張り出すでしょう。７月１日はオホーツク海から夜にかけて日本の東へ中心を移す高気圧の張り出しの中に入る見込みです。  　胆振・日高地方の３０日３時の天気は、雨または曇りとなっています。  　３０日は、気圧の谷の中となるため、曇りで、日高地方では雨の降る所があるでしょう。  　７月１日は、曇りの見込みです。  　海の波の高さは、３０日から７月１日にかけて１メートルでしょう。  ＜天気変化等の留意点＞ 　胆振東部では、３０日は気圧の谷の中となるため、曇りでしょう。３０日６時から７月１日６時までの２４時間降水量は３ミリの見込みです。
室蘭地方気象台,2022-06-30T10:37:00+09:00,胆振・日高地方,,　北海道付近は、３０日は前線がゆっくりと東北地方まで南下し、夜にはオホーツク海から高気圧が張り出すでしょう。７月１日はオホーツク海から夜にかけて日本の東へ中心を移す高気圧の張り出しの中となる見込みです。  　胆振・日高地方の３０日９時の天気は、曇りで雨の降っている所があります。  　３０日は、気圧の谷の中となるため、曇りで、日高地方では雨の降る所があるでしょう。  　７月１日は、曇りの見込みです。  　海の波の高さは、３０日から７月１日にかけて１メートルでしょう。  ＜天気変化等の留意点＞ 　胆振東部では、３０日は気圧の谷の中となるため、曇りでしょう。３０日１２時から７月１日１２時までの２４時間降水量は３ミリの見込みです。
室蘭地方気象台,2022-06-30T16:33:00+09:00,胆振・日高地方,,　北海道付近は、３０日夜には前線が東北北部まで南下し、７月１日はオホーツク海から夜にかけて日本の東へ中心を移す高気圧の張り出しの中となる見込みです。  　胆振・日高地方の３０日１５時の天気は、曇りとなっています。  　３０日夜は、曇りでしょう。  　７月１日は、高気圧の張り出しの中となるため、曇りの見込みです。  　海の波の高さは、３０日夜から７月１日にかけて、１メートルでしょう。  ＜天気変化等の留意点＞ 　胆振東部では、７月１日は高気圧の張り出しの中となるため、曇りでしょう。
