publishingOffice,reportDatetime,targetArea,headlineText,text
福岡管区気象台,2022-04-01T04:39:00+09:00,福岡県,,　福岡県は、湿った空気の影響により、概ね曇りとなっています。  　１日は、高気圧に覆われて概ね晴れとなるでしょう。  　２日は、高気圧に覆われて晴れとなるでしょう。
福岡管区気象台,2022-04-01T10:35:00+09:00,福岡県,,　福岡県は、高気圧に覆われて晴れています。  　１日は、高気圧に覆われて晴れとなるでしょう。  　２日は、高気圧に覆われて晴れとなるでしょう。
福岡管区気象台,2022-04-01T16:34:00+09:00,福岡県,,　福岡県は、高気圧に覆われて晴れています。  　１日は、高気圧に覆われて晴れとなるでしょう。  　２日は、高気圧に覆われて晴れとなるでしょう。
福岡管区気象台,2022-04-02T04:32:00+09:00,福岡県,,　福岡県は、高気圧に覆われ、概ね晴れとなっています。  　２日は、高気圧に覆われて概ね晴れでしょう。  　３日は、高気圧に覆われて概ね晴れでしょう。
福岡管区気象台,2022-04-02T10:39:00+09:00,福岡県,,　福岡県は、高気圧に覆われて概ね晴れとなっています。  　２日は、高気圧に覆われて概ね晴れでしょう。  　３日は、高気圧に覆われて概ね晴れでしょう。
福岡管区気象台,2022-04-02T16:34:00+09:00,福岡県,,　福岡県は、高気圧に覆われて晴れています。  　２日は、高気圧に覆われて晴れでしょう。  　３日は、高気圧に覆われて晴れでしょう。
福岡管区気象台,2022-04-03T04:37:00+09:00,福岡県,,　福岡県は、高気圧に覆われて晴れています。  　３日は、高気圧に覆われて晴れとなるでしょう。  　４日は、高気圧に覆われて晴れとなるでしょう。
福岡管区気象台,2022-04-03T10:35:00+09:00,福岡県,,　福岡県は、高気圧に覆われて晴れとなっています。  　３日は、高気圧に覆われて晴れとなるでしょう。  　４日は、高気圧に覆われて晴れとなるでしょう。
福岡管区気象台,2022-04-03T16:33:00+09:00,福岡県,,　福岡県は、高気圧に覆われて晴れとなっています。  　３日は、高気圧に覆われて晴れとなるでしょう。  　４日は、高気圧に覆われて晴れとなるでしょう。
福岡管区気象台,2022-04-04T04:32:00+09:00,福岡県,,　福岡県は、高気圧に覆われて晴れとなっています。  　４日は、高気圧に覆われて晴れとなるでしょう。  　５日は、高気圧に覆われて晴れますが、気圧の谷の影響により夜は曇りとなるでしょう。
福岡管区気象台,2022-04-04T10:32:00+09:00,福岡県,,　福岡県は、高気圧に覆われて晴れとなっています。  　４日は、高気圧に覆われて晴れとなるでしょう。  　５日は、高気圧に覆われて晴れますが、気圧の谷の影響により夜は曇りとなるでしょう。
福岡管区気象台,2022-04-04T16:32:00+09:00,福岡県,,　福岡県は、高気圧に覆われて晴れとなっています。  　４日は、高気圧に覆われて晴れとなるでしょう。  　５日は、高気圧に覆われて晴れますが、気圧の谷の影響により夜は曇りとなるでしょう。
福岡管区気象台,2022-04-05T04:37:00+09:00,福岡県,,　福岡県は、高気圧に覆われて晴れています。  　５日は、高気圧に覆われて晴れますが、気圧の谷の影響により夜は曇りとなるでしょう。  　６日は、高気圧に覆われて概ね晴れとなるでしょう。
福岡管区気象台,2022-04-05T10:33:00+09:00,福岡県,,　福岡県は、高気圧に覆われて晴れています。  　５日は、高気圧に覆われて晴れますが、気圧の谷の影響により夜は曇りとなるでしょう。  　６日は、高気圧に覆われて概ね晴れとなるでしょう。
福岡管区気象台,2022-04-05T16:33:00+09:00,福岡県,,　福岡県は、気圧の谷の影響により概ね曇りとなっています。  　５日は、気圧の谷の影響により概ね曇りとなるでしょう。  　６日は、高気圧に覆われて概ね晴れとなるでしょう。
福岡管区気象台,2022-04-06T04:34:00+09:00,福岡県,,　福岡県は、気圧の谷の影響により概ね曇りとなっています。  　６日は、気圧の谷の影響によりはじめ曇りとなる所がありますが、高気圧に覆われて次第に晴れとなるでしょう。  　７日は、気圧の谷の影響により曇りとなる所がありますが、高気圧に覆われて概ね晴れとなるでしょう。
福岡管区気象台,2022-04-06T10:38:00+09:00,福岡県,,　福岡県は、高気圧に覆われて、晴れとなっています。  　６日は、高気圧に覆われて、晴れとなるでしょう。  　７日は、高気圧に覆われて概ね晴れますが、午後は気圧の谷の影響により曇りとなるでしょう。
福岡管区気象台,2022-04-06T16:33:00+09:00,福岡県,,　福岡県は、高気圧に覆われて、晴れとなっています。  　６日は、高気圧に覆われて、晴れとなるでしょう。  　７日は、高気圧に覆われて概ね晴れますが、午後は気圧の谷の影響により曇りとなる所があるでしょう。
福岡管区気象台,2022-04-07T04:38:00+09:00,福岡県,,　福岡県は、高気圧に覆われて概ね晴れています。  　７日は、高気圧に覆われて概ね晴れとなるでしょう。  　８日は、高気圧に覆われて晴れとなるでしょう。
福岡管区気象台,2022-04-07T10:34:00+09:00,福岡県,,　福岡県は、高気圧に覆われて晴れています。  　７日は、高気圧に覆われて概ね晴れとなるでしょう。  　８日は、高気圧に覆われて晴れとなるでしょう。
福岡管区気象台,2022-04-07T16:32:00+09:00,福岡県,,　福岡県は、高気圧に覆われて晴れとなっています。  　７日は、高気圧に覆われて晴れとなるでしょう。  　８日は、高気圧に覆われて晴れとなるでしょう。
福岡管区気象台,2022-04-08T04:36:00+09:00,福岡県,,　福岡県は、高気圧に覆われて晴れとなっています。  　８日は、高気圧に覆われて晴れでしょう。  　９日は、高気圧に覆われて晴れでしょう。
福岡管区気象台,2022-04-08T10:32:00+09:00,福岡県,,　福岡県は、高気圧に覆われて晴れとなっています。  　８日は、高気圧に覆われて晴れでしょう。  　９日は、高気圧に覆われて晴れでしょう。
福岡管区気象台,2022-04-08T16:32:00+09:00,福岡県,,　福岡県は、高気圧に覆われて晴れとなっています。  　８日は、高気圧に覆われて晴れでしょう。  　９日は、高気圧に覆われて晴れでしょう。
福岡管区気象台,2022-04-09T04:38:00+09:00,福岡県,,　福岡県は、高気圧に覆われて晴れとなっています。  　９日は、高気圧に覆われて晴れとなるでしょう。  　１０日は、高気圧に覆われて概ね晴れとなるでしょう。
福岡管区気象台,2022-04-09T10:31:00+09:00,福岡県,,　福岡県は、高気圧に覆われて晴れています。  　９日は、高気圧に覆われて晴れとなるでしょう。  　１０日は、高気圧に覆われて概ね晴れとなるでしょう。
福岡管区気象台,2022-04-09T16:33:00+09:00,福岡県,,　福岡県は、高気圧に覆われて晴れています。  　９日は、高気圧に覆われて晴れとなるでしょう。  　１０日は、高気圧に覆われて概ね晴れとなるでしょう。
福岡管区気象台,2022-04-10T04:38:00+09:00,福岡県,,　福岡県は、高気圧に覆われて晴れています。  　１０日は、高気圧に覆われて概ね晴れとなるでしょう。  　１１日は、気圧の谷や湿った空気の影響によりはじめ曇りですが、次第に雨や雷雨となるでしょう
福岡管区気象台,2022-04-10T10:32:00+09:00,福岡県,,　福岡県は、高気圧に覆われて晴れています。  　１０日は、高気圧に覆われて概ね晴れとなるでしょう。  　１１日は、気圧の谷や湿った空気の影響によりはじめ曇りですが、次第に雨や雷雨となるでしょう。
福岡管区気象台,2022-04-10T16:42:00+09:00,福岡県,,　福岡県は、高気圧に覆われて晴れています。  　１０日は、高気圧に覆われて概ね晴れとなるでしょう。  　１１日は、気圧の谷や湿った空気の影響により曇りですが、次第に雨や雷雨となる所があるでしょう。
福岡管区気象台,2022-04-11T04:43:00+09:00,福岡県,,　福岡県は、気圧の谷や湿った空気の影響により概ね曇りとなっています。  　１１日は、気圧の谷や湿った空気の影響により曇りで、雨が降る所があるでしょう。  　１２日は、湿った空気の影響により概ね曇りとなりますが、高気圧に覆われて時々晴れとなるでしょう。
福岡管区気象台,2022-04-11T10:42:00+09:00,福岡県,,　福岡県は、気圧の谷や湿った空気の影響により、概ね曇りで雨が降っている所があります。  　１１日は、気圧の谷や湿った空気の影響により概ね雨となりますが、次第に曇りとなるでしょう。  　１２日は、高気圧に覆われて晴れる所もありますが、湿った空気の影響により概ね曇りとなるでしょう。
福岡管区気象台,2022-04-11T16:35:00+09:00,福岡県,,　福岡県は、気圧の谷や湿った空気の影響により、概ね曇りとなっています。  　１１日は、気圧の谷や湿った空気の影響により、概ね曇りで雨の降る所があるでしょう。  　１２日は、高気圧に覆われて晴れる所もありますが、湿った空気の影響により概ね曇りとなるでしょう。
福岡管区気象台,2022-04-12T04:32:00+09:00,福岡県,,　福岡県は、気圧の谷や暖かく湿った空気の影響により、概ね曇りで雨が降っている所があります。  　１２日は、気圧の谷や暖かく湿った空気の影響により、曇りで雨が降る所がありますが、高気圧に覆われて次第に晴れるでしょう。  　１３日は、高気圧に覆われて晴れますが、気圧の谷や湿った空気の影響により夜は曇りとなり、雨が降る所があるでしょう。
福岡管区気象台,2022-04-12T10:41:00+09:00,福岡県,,　福岡県は、湿った空気の影響により、概ね曇りとなっています。  　１２日は、湿った空気の影響により、概ね曇りとなりますが、高気圧に覆われて次第に晴れるでしょう。  　１３日は、高気圧に覆われて晴れますが、気圧の谷や湿った空気の影響により夜は曇りとなり、雨が降る所があるでしょう。
福岡管区気象台,2022-04-12T16:38:00+09:00,福岡県,,　福岡県は、高気圧に覆われて、晴れとなっています。  　１２日は、高気圧に覆われて、概ね晴れとなるでしょう。  　１３日は、高気圧に覆われて晴れますが、気圧の谷や湿った空気の影響により次第に曇りとなり、夜は雨が降る所があるでしょう。
福岡管区気象台,2022-04-13T04:43:00+09:00,福岡県,,　福岡県は、高気圧に覆われて晴れている所もありますが、湿った空気の影響により概ね曇りとなっています。  　１３日は、高気圧に覆われて晴れる所もありますが、気圧の谷や湿った空気の影響により概ね曇りとなり、夜遅くには雨となるでしょう。  　１４日は、前線の影響により概ね雨となりますが、次第に曇りとなるでしょう。
福岡管区気象台,2022-04-13T10:43:00+09:00,福岡県,,　福岡県は、気圧の谷や湿った空気の影響により曇りの所もありますが、高気圧に覆われて概ね晴れています。  　１３日は、高気圧に覆われて晴れとなりますが、気圧の谷や湿った空気の影響により次第に曇りとなり、夜遅くは雨となるでしょう。  　１４日は、前線の影響により概ね雨となりますが、次第に曇りとなるでしょう。
福岡管区気象台,2022-04-13T16:37:00+09:00,福岡県,,　福岡県は、気圧の谷や湿った空気の影響により概ね曇りとなっています。  　１３日は、気圧の谷や湿った空気の影響により概ね曇りで、夜遅くは雨となるでしょう。  　１４日は、前線の影響により概ね雨で、はじめ雷を伴い激しく降る所があるでしょう。
福岡管区気象台,2022-04-14T04:44:00+09:00,福岡県,,　福岡県は、気圧の谷や前線の影響により雨となっています。  　１４日は、気圧の谷や前線の影響により雨で雷を伴い激しく降る所がありますが、次第に曇りとなるでしょう。  　１５日は、湿った空気の影響により曇りで雨が降る所がありますが、高気圧に覆われて次第に晴れとなるでしょう。
福岡管区気象台,2022-04-14T10:33:00+09:00,福岡県,,　福岡県は、気圧の谷や前線の影響により概ね雨となっています。  　１４日は、気圧の谷や前線の影響により雨で雷を伴う所がありますが、次第に曇りとなるでしょう。  　１５日は、湿った空気の影響により曇りではじめ雨が降る所がありますが、高気圧に覆われて次第に晴れとなるでしょう。
福岡管区気象台,2022-04-14T16:32:00+09:00,福岡県,,　福岡県は、前線や湿った空気の影響により概ね雨となっています。  　１４日は、気圧の谷や前線の影響により雨となりますが、次第に曇りとなるでしょう。  　１５日は、湿った空気の影響により曇りではじめ雨が降る所がありますが、高気圧に覆われて次第に晴れとなるでしょう。
福岡管区気象台,2022-04-15T04:43:00+09:00,福岡県,,　福岡県は、湿った空気の影響により曇りで、雨が降っている所があります。  　１５日は、湿った空気の影響により曇りで雨が降る所がありますが、高気圧に覆われて次第に晴れとなるでしょう。  　１６日は、湿った空気の影響により昼前まで時々曇りとなりますが、高気圧に覆われて次第に晴れとなるでしょう。
福岡管区気象台,2022-04-15T10:43:00+09:00,福岡県,,　福岡県は、湿った空気の影響により曇りで雨が降っている所があります。  　１５日は、湿った空気の影響により曇りで昼過ぎまで雨が降る所がありますが、高気圧に覆われて夕方から次第に晴れるでしょう。  　１６日は、高気圧に覆われて概ね晴れますが、湿った空気の影響で昼前まで曇りとなる所があるでしょう。
福岡管区気象台,2022-04-15T16:36:00+09:00,福岡県,,　福岡県は、湿った空気の影響により概ね曇りとなっています。  　１５日は、湿った空気の影響により概ね曇りとなりますが、高気圧に覆われて夜遅くは晴れるでしょう。  　１６日は、高気圧に覆われて概ね晴れますが、湿った空気の影響で昼前まで曇りとなる所があるでしょう。
福岡管区気象台,2022-04-16T04:34:00+09:00,福岡県,,　福岡県は、高気圧に覆われて概ね晴れています。  　１６日は、高気圧に覆われて概ね晴れとなるでしょう。  　１７日は、高気圧に覆われて晴れとなるでしょう。
福岡管区気象台,2022-04-16T10:33:00+09:00,福岡県,,　福岡県は、高気圧に覆われて概ね晴れています。  　１６日は、高気圧に覆われて晴れとなるでしょう。  　１７日は、高気圧に覆われて晴れとなるでしょう。
福岡管区気象台,2022-04-16T16:33:00+09:00,福岡県,,　福岡県は、高気圧に覆われて晴れています。  　１６日は、高気圧に覆われて晴れとなるでしょう。  　１７日は、高気圧に覆われて晴れとなるでしょう。
福岡管区気象台,2022-04-17T04:39:00+09:00,福岡県,,　福岡県は、高気圧に覆われて概ね晴れています。  　１７日は、高気圧に覆われて晴れるでしょう。  　１８日は、気圧の谷の影響により概ね曇りとなりますが、高気圧に覆われて昼過ぎまで晴れる所があるでしょう。
福岡管区気象台,2022-04-17T10:31:00+09:00,福岡県,,　福岡県は、高気圧に覆われて晴れています。  　１７日は、高気圧に覆われて晴れとなるでしょう。  　１８日は、気圧の谷の影響により概ね曇りとなりますが、高気圧に覆われて昼頃まで晴れる所があるでしょう。
福岡管区気象台,2022-04-17T16:34:00+09:00,福岡県,,　福岡県は、高気圧に覆われて晴れています。  　１７日は、高気圧に覆われて晴れとなるでしょう。  　１８日は、高気圧に覆われて概ね晴れとなりますが、気圧の谷の影響により時々曇りとなるでしょう。
福岡管区気象台,2022-04-18T04:37:00+09:00,福岡県,,　福岡県は、高気圧に覆われて概ね晴れていますが、気圧の谷の影響で曇りとなっている所があります。  　１８日は、高気圧に覆われて朝晩は晴れますが、気圧の谷の影響により概ね曇りでしょう。  　１９日は、高気圧に覆われて概ね晴れでしょう。
福岡管区気象台,2022-04-18T10:35:00+09:00,福岡県,,　福岡県は、気圧の谷の影響で概ね曇りとなっています。  　１８日は、気圧の谷の影響により概ね曇りでしょう。  　１９日は、高気圧に覆われて概ね晴れでしょう。
福岡管区気象台,2022-04-18T16:34:00+09:00,福岡県,,　福岡県は、気圧の谷の影響で概ね曇りとなっています。  　１８日は、気圧の谷の影響により概ね曇りですが、次第に晴れとなるでしょう。  　１９日は、高気圧に覆われて概ね晴れるでしょう。
福岡管区気象台,2022-04-19T04:41:00+09:00,福岡県,,　福岡県は、高気圧に覆われて晴れています。  　１９日は、高気圧に覆われて晴れとなるでしょう。  　２０日は、高気圧に覆われて晴れとなるでしょう。
福岡管区気象台,2022-04-19T10:34:00+09:00,福岡県,,　福岡県は、高気圧に覆われて晴れています。  　１９日は、高気圧に覆われて晴れとなるでしょう。  　２０日は、高気圧に覆われて晴れとなるでしょう。
福岡管区気象台,2022-04-19T16:34:00+09:00,福岡県,,　福岡県は、高気圧に覆われて概ね晴れています。  　１９日は、高気圧に覆われて晴れとなるでしょう。  　２０日は、高気圧に覆われて晴れとなるでしょう。
福岡管区気象台,2022-04-20T04:38:00+09:00,福岡県,,　福岡県は、高気圧に覆われて晴れています。  　２０日は、高気圧に覆われて概ね晴れとなるでしょう。  　２１日は、前線や湿った空気の影響により、曇りや雨となるでしょう。
福岡管区気象台,2022-04-20T10:33:00+09:00,福岡県,,　福岡県は、高気圧に覆われて晴れています。  　２０日は、高気圧に覆われて晴れとなるでしょう。  　２１日は、前線や湿った空気の影響により、曇りや雨となるでしょう。
福岡管区気象台,2022-04-20T16:32:00+09:00,福岡県,,　福岡県は、高気圧に覆われて晴れています。  　２０日は、高気圧に覆われて晴れとなるでしょう。  　２１日は、前線や湿った空気の影響により曇りとなり、昼過ぎから夕方は雨となるでしょう。
福岡管区気象台,2022-04-21T04:38:00+09:00,福岡県,,　福岡県は、気圧の谷の影響により、概ね曇りとなっています。  　２１日は、前線や湿った空気の影響により曇りや雨となるでしょう。  　２２日は、高気圧に覆われて概ね晴れますが、湿った空気の影響により明け方まで曇りとなるでしょう。
福岡管区気象台,2022-04-21T10:35:00+09:00,福岡県,,　福岡県は、前線や気圧の谷の影響により雨や曇りとなっています。  　２１日は、前線や気圧の谷の影響により雨となりますが、次第に曇りとなるでしょう。  　２２日は、湿った空気の影響により明け方まで曇りとなりますが、高気圧に覆われて概ね晴れとなるでしょう。
福岡管区気象台,2022-04-21T16:35:00+09:00,福岡県,,　福岡県は、前線や気圧の谷の影響により概ね雨となっています。  　２１日は、前線や気圧の谷の影響によりはじめ雨となりますが、夜は曇りとなるでしょう。  　２２日は、高気圧に覆われて概ね晴れとなるでしょう。
福岡管区気象台,2022-04-22T04:43:00+09:00,福岡県,,　福岡県は、低気圧や前線の影響により、概ね曇りとなっています。  　２２日は、はじめは低気圧や前線の影響により概ね曇りですが、昼前から高気圧に覆われて晴れるでしょう。  　２３日は、気圧の谷や湿った空気の影響により、概ね曇りとなるでしょう。
福岡管区気象台,2022-04-22T10:34:00+09:00,福岡県,,　福岡県は、高気圧に覆われて晴れとなっています。  　２２日は、高気圧に覆われて晴れるでしょう。  　２３日は、気圧の谷や湿った空気の影響により、概ね曇りとなるでしょう。
福岡管区気象台,2022-04-22T16:34:00+09:00,福岡県,,　福岡県は、高気圧に覆われて晴れとなっています。  　２２日は、高気圧に覆われて晴れるでしょう。  　２３日は、気圧の谷や湿った空気の影響により、曇りで昼前から雨となる所があるでしょう。
福岡管区気象台,2022-04-23T04:44:00+09:00,福岡県,,　福岡県は、気圧の谷の影響により曇りとなっています。  　２３日は、前線や湿った空気の影響により、曇りや雨となるでしょう。  　２４日は、低気圧の影響により、雨や曇りとなりますが、高気圧に覆われて次第に晴れとなるでしょう。
福岡管区気象台,2022-04-23T10:37:00+09:00,福岡県,,　福岡県は、前線や湿った空気の影響により概ね曇りで、雨の降っている所があります。  　２３日は、前線や湿った空気の影響により曇りや雨となるでしょう。  　２４日は、低気圧の影響により雨や曇りとなりますが、高気圧に覆われて次第に晴れとなるでしょう。
福岡管区気象台,2022-04-23T16:36:00+09:00,福岡県,,　福岡県は、前線や湿った空気の影響により曇りで、雨の降っている所があります。  　２３日は、前線や湿った空気の影響により曇りで、雨の降る所があるでしょう。  　２４日は、低気圧の影響により雨となりますが、高気圧に覆われて次第に晴れとなるでしょう。
福岡管区気象台,2022-04-24T04:44:00+09:00,福岡県,,　福岡県は、低気圧や前線の影響により概ね雨となっています。  　２４日は、低気圧や前線の影響により雨となりますが、高気圧に覆われて次第に晴れとなるでしょう。  　２５日は、高気圧に覆われて概ね晴れとなるでしょう。
福岡管区気象台,2022-04-24T10:36:00+09:00,福岡県,,　福岡県は、湿った空気の影響により曇りで雨が降っている所があります。  　２４日は、湿った空気の影響によりはじめ曇りで雨が降る所がありますが、高気圧に覆われて次第に晴れるでしょう。  　２５日は、高気圧に覆われて晴れるでしょう。
福岡管区気象台,2022-04-24T16:34:00+09:00,福岡県,,　福岡県は、高気圧に覆われて概ね晴れていますが、湿った空気の影響により曇りとなっている所があります。  　２４日は、高気圧に覆われて晴れますが、湿った空気の影響によりはじめ曇りとなる所があるでしょう。  　２５日は、高気圧に覆われて晴れるでしょう。
福岡管区気象台,2022-04-25T04:36:00+09:00,福岡県,,　福岡県は、高気圧に覆われて晴れています。  　２５日は、高気圧に覆われて概ね晴れますが、湿った空気の影響により夜遅くは曇りとなるでしょう。  　２６日は、低気圧や前線の影響で雨となり、雷を伴い激しく降る所があるでしょう。
福岡管区気象台,2022-04-25T10:43:00+09:00,福岡県,,　福岡県は、高気圧に覆われて晴れています。  　２５日は、高気圧に覆われて概ね晴れますが、湿った空気の影響により夜遅くは曇りとなるでしょう。  　２６日は、低気圧や前線の影響で雨となり、雷を伴い非常に激しく降る所があるでしょう。
福岡管区気象台,2022-04-25T16:40:00+09:00,福岡県,,　福岡県は、高気圧に覆われて晴れています。  　２５日は、高気圧に覆われて概ね晴れますが、湿った空気の影響により夜遅くは曇りとなるでしょう。  　２６日は、低気圧や前線の影響で雨となり、雷を伴い非常に激しく降る所があるでしょう。
福岡管区気象台,2022-04-26T04:47:00+09:00,福岡県,,　福岡県は、前線の影響により曇りや雨となっています。  　２６日は、低気圧や前線の影響により雨となり、雷を伴い非常に激しく降る所があるでしょう。  　２７日は、前線の影響によりはじめ雨や曇りとなりますが、次第に高気圧に覆われて晴れるでしょう。
福岡管区気象台,2022-04-26T10:39:00+09:00,福岡県,,　福岡県は、前線の影響により概ね雨となっています。  　２６日は、低気圧や前線の影響により雨となり、雷を伴い非常に激しく降る所があるでしょう。  　２７日は、前線の影響によりはじめ雨や曇りとなりますが、次第に高気圧に覆われて晴れるでしょう。
福岡管区気象台,2022-04-26T20:12:00+09:00,福岡県,,　福岡県は、前線の影響により概ね雨となっています。  　２６日は、低気圧や前線の影響により、雨や雷雨となる所があるでしょう。  　２７日は、前線の影響によりはじめ雨となりますが、次第に高気圧に覆われて晴れとなるでしょう。
福岡管区気象台,2022-04-27T04:41:00+09:00,福岡県,,　福岡県は、前線や湿った空気の影響により概ね曇りで、雨が降っている所があります。  　２７日は、はじめ前線や湿った空気の影響により、概ね曇りで雨が降る所がありますが、高気圧に覆われて次第に晴れるでしょう。  　２８日は、高気圧に覆われて概ね晴れですが、夜は気圧の谷や湿った空気の影響により曇りとなるでしょう。
福岡管区気象台,2022-04-27T10:42:00+09:00,福岡県,,　福岡県は、前線や湿った空気の影響により概ね曇りとなっています。  　２７日は、はじめ前線や湿った空気の影響により、概ね曇りとなりますが、高気圧に覆われて次第に晴れるでしょう。  　２８日は、高気圧に覆われて晴れですが、夜は気圧の谷や湿った空気の影響により曇りとなるでしょう。
福岡管区気象台,2022-04-27T16:37:00+09:00,福岡県,,　福岡県は、高気圧に覆われて概ね晴れとなっています。福岡県では黄砂を観測しています。  　２７日は、高気圧に覆われて晴れるでしょう。  　２８日は、高気圧に覆われて晴れますが、夜は気圧の谷や湿った空気の影響により曇りとなり雨が降る所があるでしょう。
福岡管区気象台,2022-04-28T04:43:00+09:00,福岡県,,　福岡県は、高気圧に覆われて晴れています。  　２８日は、高気圧に覆われて晴れとなるでしょう。  　２９日は、低気圧や前線の影響により雨となり、雷を伴い激しく降る所がありますが、次第に曇りとなるでしょう。
福岡管区気象台,2022-04-28T10:34:00+09:00,福岡県,,　福岡県は、高気圧に覆われて晴れています。  　２８日は、高気圧に覆われて概ね晴れとなるでしょう。  　２９日は、低気圧や前線の影響により、雨で雷を伴い激しく降る所がありますが、次第に曇りとなるでしょう。
福岡管区気象台,2022-04-28T16:34:00+09:00,福岡県,,　福岡県は、高気圧に覆われて概ね晴れています。  　２８日は、高気圧に覆われて概ね晴れとなるでしょう。  　２９日は、低気圧や前線の影響により、雨で雷を伴い激しく降る所がありますが、次第に曇りとなるでしょう。
福岡管区気象台,2022-04-29T04:50:00+09:00,福岡県,,　福岡県は、低気圧や前線の影響により曇りや雨となっています。  　２９日は、低気圧や前線の影響により雨で雷を伴い非常に激しく降る所がありますが、次第に曇りとなるでしょう。  　３０日は、湿った空気の影響ではじめ曇る所がありますが、次第に高気圧に覆われて晴れとなるでしょう。
福岡管区気象台,2022-04-29T10:47:00+09:00,福岡県,,　福岡県は、低気圧や前線の影響により概ね雨となっています。  　２９日は、低気圧や前線の影響により雨となりますが、次第に曇りとなるでしょう。  　３０日は、高気圧に覆われて概ね晴れとなるでしょう。
福岡管区気象台,2022-04-29T16:33:00+09:00,福岡県,,　福岡県は、湿った空気の影響により曇りで雨が降っている所があります。  　２９日は、湿った空気の影響により曇りで雨が降る所があるでしょう。  　３０日は、高気圧に覆われて概ね晴れとなるでしょう。
福岡管区気象台,2022-04-30T04:36:00+09:00,福岡県,,　福岡県は、湿った空気の影響により曇りとなっています。  　３０日は、湿った空気の影響によりはじめ曇りとなりますが、高気圧に覆われて次第に晴れとなるでしょう。  　５月１日は、気圧の谷や湿った空気の影響により曇りとなりますが、高気圧に覆われて次第に晴れとなるでしょう。
福岡管区気象台,2022-04-30T10:35:00+09:00,福岡県,,　福岡県は、高気圧に覆われ概ね晴れていますが、気圧の谷の影響により曇りとなっている所があります。  　３０日は、気圧の谷の影響によりはじめ曇りの所がありますが、高気圧に覆われて次第に晴れとなるでしょう。  　５月１日は、気圧の谷や湿った空気の影響により曇りとなりますが、高気圧に覆われて次第に晴れとなるでしょう。
福岡管区気象台,2022-04-30T16:34:00+09:00,福岡県,,　福岡県は、高気圧に覆われて概ね晴れています。  　３０日は、高気圧に覆われて概ね晴れとなるでしょう。  　５月１日は、気圧の谷や湿った空気の影響により曇りとなりますが、高気圧に覆われて次第に晴れとなるでしょう。
